language,glottocode,author,title,year,kind,location_as_stated,bib_page,in_glottolog
Abipones,abip1241,,"Formerly of the Province of Chaco, now of Paraguay, east of the Parana river ; were divided into three tribes, the Naguegt- gaguehee, the Rucahee, and the Jaconaiga.",,printed,,,unclear
Abipones,abip1241,Hebvas,"HEBVAS, Origine, Tab. L et seq. HEEVAS, Vocabolario Poliglotto, p. 161 et seq. HEEVAS, Saggio, pp. 105, 106 ; and Toba Abipona, p. 105. BALBI, Atlas Ethnographique. Tab. XLI, No. 450.",,printed,,,no
Abipones,abip1241,Maetin,"MAETIN DOBBIZHOFFEE, Presbyter et per XVIII annos Paraguarise mission- arius, Historia de Abiponibus, equestri, bellicosaque Paraguariee natione, locupletata copiosis barbarum gentium, urbium, fluminum, ferarum, amphibiorum, insectorum, serpentium prsecipuorum, piscium, avium, arborum, plantarum, al",1784,printed,,,no
Abipones,abip1241,Dobbizhoffeb,"M. DOBBIZHOFFEB, Greschichte der Abiponen (by Professor Kreil). Wien, 1784, 3 vols. 8vo.",1784,printed,,,no
Abipones,abip1241,Maetin,"An Account of the Abipones, an Equestrian People of Paraguay. From the Latin of MAETIN DOBEIZHOFFEE, eighteen years a missionary in that country (by Miss Coleridge). London, Murray, 1822, 3 vols. 8vo.",1822,printed,,,no
Abipones,abip1241,,"The vocabulary and grammar to be found in Vol. II, p. 161 et seq. of the Latin edition.",,printed,,,unclear
Abipones,abip1241,,"Mithridates, Vol. Ill, pp. 478, 497, 505, 506.",,printed,,,unclear
Abipones,abip1241,Dobeizhoffee,"M. DOBEIZHOFFEE, 1. c., Vol. II, p. 161 et seq.",,printed,,,no
Abipones,abip1241,,"Mithridates, Vol. Ill, pp. 498—501.",,printed,,,unclear
Abipones,abip1241,D'Oebigny,"A. D'OEBIGNY, L'Homme Americahi, Vol. II, p. 117.",,printed,,,no
Accaway,,,"Indian Tribe of Guyana, on the banks of the Demerara, belongs to the Caribi-Tarnanakan stock.",,printed,,,unclear
Ach  A.Guas Aglegmutes,,Will,"Vocabulary of Eighty-two Nouns and Numerals (1 — 10) in the four Indian Languages of British G-uyana, Accaway. By WILL. HILLHOTJSE, in the : Journal of the Eoyal Geographical Society of London. London, 1832, Vol. II, pp. 247, 248. Reprinted, pp. 155, 156, of Vol. V of : R. Montgomery Martin's Britis",1832,printed,,,unclear
Ach  A.Guas Aglegmutes,,Hettvel,"Vocabulary of Five Indian Nations in Guyana, Ackoway, in appendix No. V, pp. 164, 165 of : F. A. VAN HETTVEL, El Dorado. New York, J. Winchester, 1844, 8vo.",1844,printed,,,unclear
Ach  A.Guas Aglegmutes,,Robert,"Sin ROBERT H. SCHOMBTTRGK, Vocabulary of Eighteen Words, compared with Eighteen other Guyana Languages and the Lingoa geral, pp. 97, 98 of the : Swansea Meeting Report of the British Association in 1848. London, Murray, 1849, 8vo.",1848,printed,,,unclear
Ach  A.Guas Aglegmutes,,Brett,"Vocabulary of Eighteen Words (eight not in Schomburgk), compared with Arawak, Caribisi, and Warau, pp. 297, 298 of: W. H. BRETT, the Indian Tribes of Guyana. New York, Rob. Carter and Brothers, 1852, 12mo.",1852,printed,,,unclear
Achaguas,acha1250,,"Wandering Tribe, on the banks of the Middle Orinoco and the Casanare.",,printed,,,unclear
Achaguas,acha1250,Hervas,"HERVAS, Origine, Tabb. XII, LI et seq. Mithridates, Vol. Ill, p. 631.",,printed,,,no
Adaize,adai1235,,"On the Red River, near Natchitoches. Only forty men in 1805.",1805,printed,,,unclear
Adaize,adai1235,Xiii,"No. XIII, 18 of the Comparative Vocabulary of Fifty-three Nations, pp. 305— 367 of the Synopsis of the Indian Tribes within the United States, East of the Rocky Mountains, etc., by ALBERT GALLATIN, in Vol. II of the : Archseologia Americana. Cambridge University Press, 1836, 8vo ; and No. D, XIII, p",1836,printed,,,no
Adaize,adai1235,Sibley,The Adaize words given after MS. notices of SIBLEY.,,manuscript,,,yes
Adaize,adai1235,,"Mithridates, Vol. Ill, part 3, p. 278.",,printed,,,unclear
"Aglegmutes,  Agolegmutes",,Balbi,"In Russian America, at the mouth of the rivers Nuschagak and Naknek. They belong to the Esquimaux. (Tchouktchi Ameri- cans of BALBI.)",,printed,,,unclear
"Aglegmutes,  Agolegmutes",,Ckromtschenko'S,"CKROMTSCHENKO'S Voyage along the Coast of the Russian Possessions in Ame- rica— in the : Northern Archives for History, Statistics, and Travels. (In the Rus- sian language.) St. Petersburg, 1824, Nos. 11—18.",1824,printed,,,unclear
"Aglegmutes,  Agolegmutes",,,"Translated into German in the : Hertha of 1825, Vol. II, pp. 218—221.",1825,printed,,,unclear
"Aglegmutes,  Agolegmutes",,Balbi,"BALBI, Atlas Ethnographique. Tab. XLI, No. 859. (Tchouktchi or Agle- mutes propre, de 1'ile de Nurriwok et de 1'ile de St. Laurent.)",,printed,,,unclear
Aleutans,,,"In Russian America, on the islands between Alyaska and Kamschatka. The inhabitants of these islands speak different dialects.",,printed,,,unclear
Aleutans,,Billings,"J. BILLINGS, Voyages (Russian edition). St. Petersburg, 1811, 4to, pp. 121—129.",1811,printed,,,unclear
Aleutans,,Martin,"MARTIN SATTEE, An Account of a Geographical and Astronomical Expedition to the Northern Parts of Russia by Commodore Joseph Billings. London, T. Cadell and W. Davies, 1802, 4to, pp. 9 — 14 of the appendix. (Appendix No. II, Vocabu- lary of the Languages of Kamschatka, the Aleutan Islands, and of Kad",1802,printed,,,unclear
Aleutans,,,"Vol. II, pp. 296 —303, of the French translation by F. Castera. Paris, 1802, 2 vols. 8vo. Pp. 399 — 406 of the German translation. Berlin, 1802, 8vo.",1802,printed,,,unclear
Aleutans,,,"Mithridates, Vol. Ill, pp. 340, 341 ; Vol. IV, pp. 251—255.",,printed,,,unclear
Aleutans,,Balbi,"BALBI, Atlas Ethnographique. Tab. XLI, No. 858.",,printed,,,unclear
Aleutans,,,"Aleutian Abeeedarium, s. 1. e. a. St. Petersburg, 1839 or 1840. 8vo.",1839,printed,,,unclear
Aleutans,,Veniaminov,"I. VENIAMINOV. Aleutian Vocabulary (Russian). St. Petersburg, 1848.",1848,printed,,,unclear
Aleutans,,,"Aleutan Vocabulary (noted ""not in America""), under X 2, p. 130 of the Voca- bularies in Vol. II of the : Transactions of the American Ethnological Society.",,printed,,,unclear
Aleutans,,Samuel,"Some (18) Aleutian and Kamskadale words compared in SAMUEL G. DRAKE, the Book of the Indians. 9th edition. Boston, Benjamin B. Mussey, 1845, 8vo, Part I, p. 16.",1845,printed,,,unclear
Aleutans,,,"Twenty-one Esquimaux words compared with Aleutian, pp. 110 — 113 of the Esquimaux Vocabulary, published by the British Admiralty.",,printed,,,unclear
Aleutans,,Veniaminoy,"I. VENIAMINOY, Opyt Grammatiki Aleutsko lisjevskago jasiku. St. Peters- burg, 1846-8.",1846,printed,,,unclear
Aleutans,,Erman,"Ueber die Sprachen des Russischen Amerika's, nach Veniaminov. Pp. 126—143 of Vol. VII of: A. ERMAN, Archiv fur wissenschaftiche Kuude von Russland. Berlin, Reimer, 18 i9, 8vo.",,printed,,,unclear
Algonquin,algo1255,,"The Algonquins, as a tribe of the great Algonquin stock, were once powerful on the northern shores of the lakes and the St. Lawrence river.",,printed,,,unclear
Algonquin,algo1255,,New Voyages to North America To which is added a Dictionary of the,,printed,,,unclear
Algonquin,algo1255,Babon,"Algonkine Language, which is generally spoken in North America. ... By BABON LAHONTAN, Lord-Lieutenant of the French colony at Placentia, in Newfoundland. Done into English — a great part of which never printed in the original. London^ 1703, 2 vols. 8vo. Keprinted, London, 1735, 2 vols. 8vo.",1703,printed,,,no
Algonquin,algo1255,Habon,"Translated, under the inspection of the author, from the French original, published in the same year under the title : Nouveaux Voyages de M. LE HABON DE LAHONTAN dans 1'Amerique septentrionale. A. la Haye, 1703, 8vo ; second edition, ibid., 1?05, 8vo. The second volume bears the title : Memoires de",1703,printed,,,no
Algonquin,algo1255,Hade,"la Haye, 1704, 8vo ; second edition, ibid., 1705, 8vo. Both volumes under one title : Nouveaux Voyages, etc. A la Haye. Freres Honore, 1709, 2 vols. 12mo. The : Petit Dictionnaire de la Langue des Sauvages Algonkins, s. 1. e. a., 8vo, in the : Bibliotheca Heberiana, Vol. VI, p. 72, No. 163, is appar",1704,printed,,,no
Algonquin,algo1255,,"The work of Lahontan has been translated also into German and into Dutch. (Eeisen naar America, van Baron Lahontan. Haag, 1739, 8vo.)",1739,printed,,,unclear
Algonquin,algo1255,Heevas,"HEEVAS, Vooabolario Poliglotto, p. 161 et seq. HEEVAS, Aritmetica, p. 114.",,printed,,,no
Algonquin,algo1255,Heevas,"HEEVAS, Origine, p. 37, Tabb. XL VIII, L, LI et seq. HEEVAS, Saggio, p. 233.",,printed,,,no
Algonquin,algo1255,Long,"J. LONG, Voyages and Travels of an Indian Interpreter and Trader .... to which is added .... a Table, showing the Analogy between the Algonkin and Chippeway Languages. London, printed for the author, sold by Kobson, Debrett, & Co., 1791, 4to. Algonkin Vocabulary, pp. 185—211. LONG'S Voyages have bee",1791,printed,,,no
Algonquin,algo1255,,"a. German, by E. A. W. Zimmermann. Hamburg, 1791, 8vo.",1791,printed,,,unclear
Algonquin,algo1255,,"b. French, by Billecocq. Paris, an II (1793), 8vo.",1793,printed,,,unclear
Algonquin,algo1255,Alex,"Examples of the Knisteneaux and Algonquin Tongues, pp. cvii — cxvi of: ALEX- ANDEE MACKENZIE, Esq., Voyages from Montreal on the River St. Lawrence, through the Continent of North America to the Frozen and Pacific Oceans, in the years 1789 and 1793. London, T. Cadell, jun., and W. Daves, <tc., 1801,",1789,printed,,,no
Algonquin,algo1255,,"a. German. Hamburg, 1802, 8vo.",1802,printed,,,unclear
Algonquin,algo1255,,"b. French, by F. Castera. Paris, Dentu, 1802, 3 rols. 8vo.",1802,printed,,,unclear
Algonquin,algo1255,,The Vocabulary is also printed on pp. 261 — 274 of : Tableau Historique et,,printed,,,unclear
Algonquin,algo1255,,Politique du Commerce de Pelleteries dans le Canada avec un Vocabu-,,printed,,,unclear
Algonquin,algo1255,,"laire par F. Castera. Paris, Dentu, 1807-8.",1807,printed,,,unclear
Algonquin,algo1255,Smith,"SMITH BAETON, New Views — Comparative Vocabularies.",,printed,,,yes
Algonquin,algo1255,,"Mithridates, Vol. Ill, part 3, pp. 343, 346, 416, 417 (from Lahontan, Smith Barton, Long, and Mackenzie).",,printed,,,unclear
Algonquin,algo1255,Geobge,"Vocabulary of the Algonquin Langue, pp. 579 — 602 of: Travels through the Canadas, etc. By GEOBGE HEEIOT, Esq. London, R. Phillips, 1807, 1 vol. 4to, pp. xi and 602.",1807,printed,,,no
Algonquin,algo1255,Balbi,"BALBI, Atlas Ethnographique. Tab. XLI, No. 818.",,printed,,,no
Algonquin,algo1255,Edwaeds,"J. EDWAEDS, Observations on the Language of the Muhhekanew Indians. A new edition, by J. Pickering. Boston, 1823, 8vo.",1823,printed,,,no
Algonquin,algo1255,,"Reprinted from : Collections of the Massachusetts Historical Society, Vol. X of the second series. Boston, printed by Phelps and Farnham, 1823, 8vo, pp. 81—160.",1823,printed,,,unclear
Algonquin,algo1255,Peofessoe,"Algonkin words in the Comparative Vocabulary of various Dialects of the Lenape stock, communicated by PEOFESSOE SAT, pp. 135 — 145.",,printed,,,no
Algonquin,algo1255,Gallatin'S,", No. 10 and IV £ of the Comparative Vocabulary of Fifty -three Nations, pp. 305—367, and No. IV £, p. 368, of the Comparative Vocabulary of Sixteen Tribes, pp. 368 — 372 of A. GALLATIN'S Synopsis, in Vol. II of the : Archseo- logia Americana.",,printed,,,no
Algonquin,algo1255,,"The "" Old Algonquin,"" after Lahontan ; the "" Modern Algonquin,"" after Mackenzie. The former partly reprinted under No. IV (2), p. 106 of the Vocabularies in Vol. II of the : Transactions of the American Ethnological Society.",,printed,,,unclear
Algonquin,algo1255,,"Affinities of the Satsika or Blackfeet Language with those of the Algonkins, pp. cxiii, cxiv ; and",,printed,,,unclear
Algonquin,algo1255,,"Affinities of the Shyenne with Languages of the Algonkin Family, pp. cxiv., cxv of: Transactions of the American Ethnological Society, Vol. II.",,printed,,,unclear
Algonquin,algo1255,Heckeweldee,"Rev. M. HECKEWELDEE, A Comparative Vocabulary of the Lenni-Lenape and Algonquin. MS. in the Library of the American Philosophical Society at Phila- delphia.",,manuscript,in the Library of the American Philosophical Society at Phila- delphia,,no
Algonquin,algo1255,Feed,"Rev. FEED. BABAGA, Dictionary, etc. (see Chippewa).",,printed,,,no
Algonquin,algo1255,,"A MS. Vocabulary of the Algonquin, in French, written at Michimilimac, in 1740 to 1748, by a Jesuit Missionary (1 vol. folio, pp. 582), is in the possession of Hugh Ramsay, Esq., of Montreal.",1740,manuscript,"in the possession of Hugh Ramsay, Esq",,unclear
Algonquin,algo1255,School,"Comparison of the Language of the Ancient Pampticos of North Carolina with the Algonquin Language (Chippewa, Natic), pp. 556, 557 of Vol. V of: SCHOOL- CEAFT'S Indian Tribes of the United States.",,printed,,,yes
Allentiac Andaquies,,,"Mithridates, Vol. Ill, part 3, pp. 412, 413.",,printed,,,unclear
Allentiac Andaquies,,Fioeillo,"Note of D. FIOEILLO to two Algonquin Songs, given by John Dunne, in his Notices relative to some of the Native Tribes of North America. Transactions of the Eoyal Irish Academy. Tom. IX, p. 130.",,printed,,,unclear
Allentiac Andaquies,,Duponceau,"P. E. DUPONCEAU, Memoire sur le Systeme Grammatical des Langues de quelques Nations Indiennes de 1'Amerique du Nord. Paris, 1838, 8vo.",1838,printed,,,unclear
Allentiac Andaquies,,Schoolckaft,"H. E. SCHOOLCKAFT, An Essay on the Grammatical Structure of the Algon- quin Language, pp. 351—442 of Vol. II of the : Indian Tribes of the United States.",,printed,,,unclear
Allentiac Andaquies,,Schoolcbaft,"H. E. SCHOOLCBAFT, Observations on the Manner of Compounding Words in the Indian (principally with Algonquin examples), pp. 371—381 of Vol. IV of the : Indian Tribes of the United States.",,printed,,,unclear
Allentiac,alle1238,,"A Chilian language, spoken by the Guarpos Indians of the pro- vince of Cuio.",,printed,,,unclear
Allentiac,alle1238,Luys,"LUYS DE VALDIYIA, Arte G-rammatica, Vocabulario, Catecismo y Confes- sionario en Lengua Chilena y en las dos Lenguas Allentiac y Milcocayac, que son las mas generales de la Provincia de Cuio en el reyno de Chili, y que hablan los Indios Gruarpes y otros. Lima, 1607, 8vo.",1607,printed,,,no
Allentiac,alle1238,Bbttnet,"BBTTNET, IV, p. 547 — who mentions the same author's : Arte de la Lengua de Chile, published 1606 at Lima — gives a similar title as the above after Antonio, II, 67, but dated Lima, 1608, 8vo.",1606,printed,,,no
Allentiac,alle1238,Luys,"LUYS DE VALDIVIA, see under Vocabularies.",,printed,,,no
Andaquies,,,"Indians of Nueva Granada, territory of Mocoa (formerly depart- mento del Assuai), between the rivers Caqueta and Putumayo.",,printed,,,unclear
Andaquies,,Manuel,"Andaqui and Spanish Vocabulary, taken in 1854 by the Presbytero MANUEL MAEIA ALBIS. Pp. 27 — 29 of: Los Indios del Andaqui. Memorias de un viajero publicadas por Jose Maria Vergara i Vergara i Evaristo Delgado. Popayan, imprenta de la Matricaria, 1855, 16mo, pp. 29.",1854,printed,,,unclear
Antis,akoo1249,,Brazilian Indians on the eastern slope of the Andes.,,printed,,,unclear
Antis,akoo1249,Castelnau,"Langue des Antis, du Eevers Oriental des Andes (Echoratos), Yocabulaire, No. XVI, pp. 290, 291 of CASTELNAU, Yol. V, Appendice.",,printed,,,no
Apaches,jica1244,,"The great Apache nation roams over the triangular space included between the puellos of New Mexico, the river Colarado, and the Gila ; they extend, also, into the State of Chihuahua, and even farther south. They are related to the- great Atna- pascan family. The Navajos and Tinalenos belong to them.",,printed,,,unclear
Apaches,jica1244,John,"A Vocabulary — of the Copper Mine Apaches — has been taken by JOHN B. BABTLETT, the United States' Boundary Commissioner.",,printed,,,no
Apaches,jica1244,Chables,"Vocabularies of the Apache and Micmac Languages. The Apache by Dr. CHABLES C. HENEY. New Mexico, 1853. Pp. 578—589 of Vol. V of: Schoolcraft's Indian Tribes of the United States.",1853,printed,,,no
Apaches,jica1244,Peof,"PEOF. W. W. TUBNEB, Comparative Vocabulary of Twenty-five Words of Apache (from Bartlett's MS. Vocabulary), Hudson's Bay, Chepewyan, Dogrib, Tacally, Umkwa, Hoopah, and Navajo, pp. 84, 85 of the Report upon the Indians, added to Lieutenant A. W. Whipple's Report on the Route near the 35th Parallel, ",1855,manuscript,,,no
Apiacas,,,Brazilian Indians on the banks of the River Arinas.,,printed,,,unclear
Apiacas,,Viii,"Langue des Apiacas. Vocabulaire, No. VIII, pp. 276—278 of CASTELNAU, Vol. V, Appendice.",,printed,,,unclear
Apinages,apin1244,Martius,"Brazilian Indians on the banks of the Tocantins River. MARTIUS (Catalogue of Indian Tribes, No. 80, b) calls them Apinages, and mentions them as a tribe of the Ges or Gez nation, of which he names nine tribes.",,printed,,,yes
Apinages,apin1244,Castelnatj,"Langue des Apinages (Eio Tocantins). 1. Par tie donne""e par le Commandant du Fort S. Joao das duas Barras, pp. 270, 271. 2. Partie recueillie dans les Aldeas du Tocantins, pp. 271—273. Yocabulaire, No. Y, pp. 270—273 of CASTELNATJ, Yol. Y, Appendice.",,printed,,,no
Araucans,arau1255,,"The aborigines of Chili, who call themselves Auca, Moluches, or Chilidugu. They are divided into Pikunche, or Puelche ; Pehuenche, to which the Auca or Moluches proper belong, and Huilliche. D'OiiuiGNY distinguishes the sedentary (Araucanian) and roving (Auca) tribes.",,printed,,,unclear
Araucans,arau1255,Casp,"Yocabula Linguae Chilise, in : CASP. BARLAEI, rerum per octennium in Brasilia et alibi nuper gestarum sub prsefectura comitis J. Mauritii Nassovise Historia. Amstelodami, Jean Blaev, 1647, folio. Edit, secunda. Clivis, 1660, 8vo. (Yocabula Chilensia, pp. 479—491.)",1647,printed,,,no
Araucans,arau1255,,"German Translation— Barlaei Brasilianische Geschichte, etc. Cleve, 1659; 8vo.",1659,printed,,,unclear
Araucans,arau1255,John,"A Yiew of the Chilesian Language (Yocabulary), pp. 635-639 of: JOHN OGILBY, America, being the latest and most accurate Description of the New World, &c. London, printed by the author, 1671, folio.",1671,printed,,,no
Araucans,arau1255,Elias,"Yocabulary, after ELIAS HERKMANX, p. 629, in : Dr. O. D. (Dapper) Die un- bekannte neue ""Welt oder Beschreibung des Welttheils America. Amsterdam, 1673, folio. From this vocabulary the words given by : J. 11. FORSTER, in his Observations made during a Yoyage Round the ""World (London, Eobinson, 1778,",1673,printed,,,no
Araucans,arau1255,,"De Chilensium lingua et Yocabularium dictionum Chilensium, in : Geo. Marc-",,printed,,,unclear
Araucans,arau1255,,gravii Tractatus Brasilia .... quibus additi sunt illius et aliorum com-,,printed,,,unclear
Araucans,arau1255,,"mentarii dc Brasiliensium et Chilensium indole et lingua; pp. 288 — 290 of: His- toria Naturalis Brasilia (Lugduni Batavorum et Amsteloclami, Fr. Hackius, 1648, folio), which contains the works of Guil. Piso and Geo. Marcgravius, on the Natural and Medical History of Brazil, published by Johannes de",1648,printed,,,unclear
Araucans,arau1255,Yiii,"Langue du Chili, pp. 535, 536 of Yol. YIII of: COURT DE GEBELIN, Monde Primitif. Paris, 1773, 4to.",1773,printed,,,no
Araucans,arau1255,Heryas,"HERYAS, Origine, pp. 37, 164, 165, and Tabb. LI, LII et seq. (Chilena, Tab. XLIX.)",,printed,,,no
Araucans,arau1255,Heevas,"HEEVAS, Aritmetica, p. 95.",,printed,,,no
Araucans,arau1255,Heevas,"HEEVAS, Vocabulario, p. 161 et seq., 220 (Araucana 6 Chilena).",,printed,,,no
Araucans,arau1255,Smith,"SMITH BAETON, New Views — Comparative Vocabularies.",,printed,,,no
Araucans,arau1255,,"Mithridates, Vol. Ill, pp. 402 (Comparison of the Araucaniau, Greek, and Latin Languages), 422, 423.",,printed,,,unclear
Araucans,arau1255,Balbi,"BALBI, Atlas Ethnographique. Tab. XLI, No. 439.",,printed,,,no
Araucans,arau1255,Maesden,"WM. MAESDEN, Miscellaneous Works. London, 1834, 4to, p. 104.",1834,printed,,,no
Araucans,arau1255,D'Oebigny,"Vocabulary of Twenty-three Words. Pp. 162—164 of Vol. I of : A. D'OEBIGNY, L'Homme Americain.",,printed,,,no
Araucans,arau1255,Hoeatio,"Vocabulary Araucano and Chileno, pp. 652, 653, of: HOEATIO HALE, Ethnogra- phy and Philology, United States Exploring Expedition. Philadelphia, Lea and Blan chard, 1846, 4to.",1846,printed,,,no
Araucans,arau1255,Andb,"Diccionario Chileno y Hispano, compuesto por el E. P. Mis. ANDB. FEBBES, &c. Enriquecido de voces i mejorado por el E. P. Fr. Hernandez F. Calzada. Edicion hecha para el service de las misiones .... bajo la inspeccion del R. P. Misionero Fr. Miguel Anjel Astraldi. Santiago, imprenta de los Tribunale",1846,printed,,,no
Araucans,arau1255,Andees,"The Spanish part under the title — Diccionario Hispano Chileno, compuesto por el P. ANDEES FEBEES. Enriquecido por el P. Hernandez F. Calzada. Edicion hecha bajo la inspeccion del P. Fr. Miguel A. Astraldi. Santiago, imprenta del Progreso, 1846, 8vo, pp. 112.",1846,printed,,,no
Araucans,arau1255,Febees,"Breve Diccionario de algunas palabras mas usuales (Spanish and Chileno). Appendix of 29 pp. to : A. FEBEES, Gramatica de la Lengua Chilena, edition by Calzada and Astraldi. Santiago, 1846, 8vo.",1846,printed,,,no
Araucans,arau1255,Cetjz,"A vocabulary, or specimens of the language of the Pehuenche, may be found in : Descripcion de la Naturaleza de los Terrenos que se comprenden en los Andes posei- dos por los Peguenches .... por P. Luis DE LA CETJZ, Alcala Mayor Provincial del ilustre Cabildo de la Concepcion de Chile. Primera edicio",1835,printed,,,no
Araucans,arau1255,Febees,"See also the works and grammars of FEBEES, VALDIYIA, FALKNEB, GILII,",,printed,,,no
"Molina,  Havestadt,  Vidauee",,Valdivia,"Luis DE VALDIVIA, Arte y Gramatica general de la Lengua que corre en todo el Eeyno de Chile, con un Vocabulario en la Lengua de Chile. Lima, Fr. Canto, 1606, 8vo.",1606,printed,,,unclear
"Molina,  Havestadt,  Vidauee",,Andees,"P. ANDEES FEBEES, e. S. J. Arte de la Lengua general del Eeyno de Chile"", con un Dialogo Chileno Hispano ; y un Vocabulario a que se ailada la Doctrina Christiana y por fin un Vocabulario Hispano Chileno. Lima, 1765, 4to, pp. 682. Eeprinted : Adicionada i correjida por el R. P. Fr.Ant. Hernandez Cal",1765,printed,,,unclear
Araucans,arau1255,,"Francisco. Edicion hecha para el servicio de las misiones por orden del Supremo Gobierno i bajo la inspection del R. P. Fr. Miguel Anjel Astraldi. Santiago, imprenta de los Tribunales, 1846, 8vo, pp. 330.",1846,printed,,11,unclear
Araucans,arau1255,,"Extracts given by A. Gallatin, pp. 258—264, 277, of Vol. II of the: Ar- chseologia Americana.",,printed,,11,unclear
Araucans,arau1255,Thomas,"THOMAS FALKNEE, A Description of Patagonia and the Adjoining Parts of South America, containing .... an Account of the Language of the Moluches, with a",,printed,,11,no
Araucans,arau1255,,"Grammar and short Vocabulary Hereford, 1774, 4to, maps, pp. 144. The",1774,printed,,11,unclear
Araucans,arau1255,,"grammar and vocabulary, pp. 132—144.",,printed,,11,unclear
Araucans,arau1255,,Translated (extracts only ?) into —,,printed,,11,unclear
Araucans,arau1255,,"a. German, by Schack Hermann Ewald. GotTta, Ettinger, 1775, 8vo. (Grammar and Vocabularies, pp. 163 — 181.)",1775,printed,,11,unclear
Araucans,arau1255,,"b. French, par M. B Geneve. Paris, Dufort, 1787, 2 vols. 24mo,",1787,printed,,11,unclear
Araucans,arau1255,,"pp. 160, 135. Eeprinted at Paris, 1788.",1788,printed,,11,unclear
Araucans,arau1255,Falknee,"c. Spanish. T. FALKNEE, Descripcion de la Patagonia. Primera edition Espanola. Buenos Ayres, imprenta del estado, 1835, folio, pp. vii, 63. Forms part of Vol. I of the: Collection de Obras y Documentos relatives k la Historia antigua y moderna de las provincias del Kio de la Plata, por Pedro de Ange",1835,printed,,11,no
Araucans,arau1255,,"The extract "" of the Patagonians,"" made by Thos. Pennant, and printed for him privately at George Allan's Darlington Press (1788, 4to) — which is also reprinted in the appendix of the : Literary Life of the late Thos. Pen- nant, by himself, London, 1793, 4to — seems not to contain the above gram- ma",1788,printed,,11,unclear
Araucans,arau1255,Abbe,"(ABBE VIDATTEE ?) Compendio della Storia Geografica Naturale e Civile del Keyno de Chile. Bologna, 1776, 8vo.",1776,printed,,11,no
Araucans,arau1255,,"German translation — Kurzgefaszte Geschichte des Konigreichs von Chile. Von C. F. F. Hamburg, 1782, 8vo, pp. 115—119.",1782,printed,,11,unclear
Araucans,arau1255,Beenaedi,"BEENAEDI HAVESTADT, e. S. J. Chilidugu sive res Chilenses vel descriptio status turn naturalis turn civilis turn moralis regni populique Chilensis, inserta suis locis perfecta ad Chilensem linguam nianuductione. Monasterii Westphalice, 1777, 2 vols. 8vo, pp. 952, map, and two plates of music.",1777,printed,,11,no
Araucans,arau1255,,"Divided into seven parts, of which the first is a very ample grammar of the Chilian tongue, the fourth an ample vocabulary of the same language, with which the fifth — a Latin vocabulary — corresponds. The author was for twenty years a Jesuit missionary in Chili.",,printed,,11,unclear
Araucans,arau1255,Filippo,"In Vol. Ill of : Saggio di Storia Americana 6 sia storia naturale civile e sacra de' regni e delle provincie Spagnuole di terra firma nell' America meridionale. Descritta dall' Abate FILIPPO SALVADOEE GILII (Roma, Perego, Erede Salvioni, 1780-84, 4 vols. 8vo), which, under the title of: Dalla Keligi",1780,printed,,11,no
Araucans,arau1255,Gioy,"GIOY. lew. MOLINA, Saggio sulla Storia naturale del Chili. Bologna, 1782, 8vo. Grammar and Vocabulary, pp. 334 — 367. Molina has used two MS. grammars of GABEIEL VEGA and PIETEO GAEEETA.",1782,manuscript,,11,no
Araucans,arau1255,,"The work of Molina, followed in 1787 by : Saggio della Storia civile del Chili (Bologna, 8vo), was translated into —",1787,printed,,11,unclear
Araucans,arau1255,,"a. Spanish, by D. Domingo Jos. de Arquellada Mendoza. Madrid, 1788, 2 Tols. small 4to.",1788,printed,,11,unclear
Araucans,arau1255,,"b. French, by M. Grraval, M.D. Paris, Nee de la Kochelle, 1787 (OP 1789), 8vo.",1787,printed,,11,unclear
Araucans,arau1255,,"c. ""English, with notes and appendix, by an American gentleman. Mid- dletown, Connecticut, 1808, 2 vols. 8vo. (By Will. Shaler or Eich. Alsop ?). Reprinted with notes and appendices, etc. London, Longman, 1809, 2 vols. 8vo.",1808,printed,,11,unclear
Araucans,arau1255,,"The second edition of the original appeared under the title : Saggio della Storia del Chili. Seconda edizione accresciuta. Bologna, 1810, 4to. Portrait and maps.",1810,printed,,11,unclear
Araucans,arau1255,,"Mithridates, Yol. Ill, p. 397—416.",,printed,,11,unclear
Araucans,arau1255,D'Orbigny,"A. D'ORBIGNY, L'Homme Americain, Yol. I, p. 399.",,printed,,11,no
Akda,,,"According to Aleedo, the Ardas are a tribe of Indians living between the Rivers Napo and Maranon, in the province of Quijos, not far from Quito.",,printed,,11,unclear
Akda,,,"Doctrina Christiana, y explicacion de sus misterios en nuestro Idioma Espanol y en Lengua Arda. Madrid, 1658, 12mo, pp. 28.",1658,printed,,11,unclear
Akda,,,The Lord's Prayer in the Arda Language : —,,printed,,11,unclear
Akda,,,"Daygue, mito, etepi, evota, agai, sanetificado, soro, oii vgua, mito me, a. lortome guanuque, oririque, numo, aysague, enumo, agai, oju, mito, vepa, ve, toe, naueie, ayale, gui, matedo, numo, miu, ayale, a joti misit erique, mayaibo, nurebo, vreminoe, oig, vodutinau, vrrenui. Amen.",,printed,,11,unclear
Aerapahoes,,,Indians on the Kanzas River.,,printed,,11,unclear
Aerapahoes,,,"No. E, YII, pp. 96, 98 of the Yocabularies in : Transactions of the American Ethnological Society, Yol. II.",,printed,,11,unclear
Aerapahoes,,John,"JOHN S. SMITH, Yocabulary, pp. 446 — 459 of : Schoolcraft's Indian Tribes of the United States, Yol. II.",,printed,,11,unclear
Aerapahoes,,,"Yocabulary, headed Ahnenin, in possession of Gallatin ; collated by Dr. Prichard and Dr. E,. Gr. Latham. Notice of Arrapaho in Yol. II of: Transactions of -American Ethnological Society, apparently made whilst this Yocabulary was out of the pos- sessor's hand, as the language is there called Atsina.",,manuscript,possession of Gallatin ,11,unclear
Aerawaks,,Fabric,"Indians of Guyana, on the banks of the Berbice and Surinam Rivers. (See J. E. FABRIC Geographisches Magazin. Dessau and Leipzig, 1785, 8vo, Vol. IV, pp. 33—47.)",1785,printed,,13,unclear
Aerawaks,,Joan,"Words compared with Yaio and Shebay, pp. 642, 643, of: JOAN. DE LAET, Novus Orbis seu Descriptions Indies Occidentals, libri XYIII. Lugduni Batavoriim, Elzevir, 1633, folio.",1633,printed,,13,unclear
Aerawaks,,,"French translation, ibid., 1640, folio.",1640,printed,,13,unclear
Aerawaks,,Theophilus,"Deutsch Arawakisches Woerterbuch, zusaramengestellt durch THEOPHILUS SCHUMANN (between 1748 and 1755). MS. in possession of the Moravian com- munity at Paramaribo.",1748,manuscript,possession of the Moravian com- munity at Paramaribo,13,unclear
Aerawaks,,Smith,"SMITH BAETON, New Yiews— Comparative Yocabularies.",,printed,,13,unclear
Aerawaks,,,"Mithridates, Vol. Ill, pp. 697, 698.",,printed,,13,unclear
Aerawaks,,Balbi,"BALBI, Atlas Ethnographique. Tab. XLT, No. 585.",,printed,,13,unclear
Aerawaks,,William,"Journal of the Roval Geographical Society of London. London, 1832, 8vo. Yol. II, pp. 247, 248 : Vocabulary of Eighty-two Nouns and Numerals (1—10) in the four Indian Languages of British Guyana, Arawaak, etc., by WILLIAM HILL- HOUSE, Esq., Surveyor. Keprinted in Vol. V of: R. Montgomery Martin's Bri",1832,printed,,13,unclear
Aerawaks,,Heuvel'S,"Table comparing Twelve Words of the Arrowack, Atovay, Maypure, Moxos, and Quichua. Appendix VI, p. 166, of : J. A. VAN HEUVEL'S El Dorado. New York, J. Winchester, 1844, 8vo.",1844,printed,,13,unclear
Aerawaks,,Beenan'S,"Arrawak Numerals, p. 30 of : BEENAN'S Missionary Labours in British Guyana. London, 1847, 8vo.",1847,printed,,13,unclear
Aerawaks,,Theodor,"A Dictionary, Arrowack and German — Arrowakisch Deutsches Worterbuch. Vermehrt, 1803, durch THEODOR SCHULTZ, in 1 vol. of 622 pp., 4to — is de- posited in the Library of the American Philosophical Society at Philadelphia.",1803,manuscript,in the Library of the American Philosophical Society at Philadelphia,13,unclear
Aerawaks,,Eobeet,"SIE EOBEET H. SCHOMBUEGK, Comparative Vocabulary of Eighteen Arawaak Words, in his Vocabularies of the Indians of Guyana, pp. 97, 98 of the : Report of the British Association. Swansea, 1848, 8ro.",1848,printed,,13,unclear
Aerawaks,,Beett'S,"Vocabulary of Eighteen Words compared with Warau, Caribisi, and Accaway, pp. 297, 298 of: W. H. BEETT'S Indian Tribes of Guyana. New York, 1852, 12mo.",1852,printed,,13,unclear
Aerawaks,,Quandt,"C. QUANDT, Moravian Missionary among the Arrawacks, from 1769 to 1780, Nachricht von Surinaine imd seiuen Eimvolmeru, sonderlich den Arawaken,",1769,printed,,13,unclear
Aerawaks,,,"Warauen uud Karaiben und von der Sprache der Arawaken, von der",,printed,,13,unclear
Aerawaks,,,"Gewaehsen und Thieren des Landes, und Geschaften der dortigen Missionaries Goerlitz, s. a. (1807), 8vo. With map and two plates.",1807,printed,,13,unclear
Aerawaks,,,"Mithridates, Vol. Ill, pp. 666—674.",,printed,,14,unclear
Aerawaks,,Focke,"H. C. FOCKE, Jets over de Arrowakken en liunne taal, pp. 42 — 53 of: West-Indie j Bijdragen tot de Bevordering van het Kennis der Nederlandsch West-Indische Kolonien. Yol. I. Haarlem, 1855, 8vo.",1855,printed,,14,unclear
Aerawaks,,Theophilus,"Deutsche Arawakkische Sprachlehre, zusammengestellt durch THEOPHILUS SCHUMANN, Missionair zu Klosterbergen (between 1748 and 1755). MS. in possession of the Moravian community at Paramaribo.",1748,manuscript,possession of the Moravian community at Paramaribo,14,unclear
Aerawaks,,Theodoe,"G-rammatikalische Satze von der Arawakischen Sprache von THEODOE SCHULTZ. MS. in 12mo, pp. 173.",,manuscript,,14,unclear
Aerawaks,,,Deposited by the author in the Library of the American Philosophical Society at Philadelphia.,,manuscript,in the Library of the American Philosophical Society at Philadelphia,14,unclear
"Athapasca,  Athabasca,  Tinne,  Dtinne",,,"This great family of nations, to which the Kenaize are nearly related, occupies the whole of the northern limits of North America, together with the Eskimos. The principal nations belonging to the Athapasca family are the Chepewyans, Tahkals, Kutchin, Sussee, Dogrib, Tlatshanas, and Umpquas. The Nav",,printed,,14,unclear
"Athapasca,  Athabasca,  Tinne,  Dtinne",,Ponceau'S,"Phrases and Grammatical Forms (Chippewyan from Du PONCEAU'S collection), pp. 215, 216, of Vol. II of the : Archseologia Americana.",,printed,,14,unclear
"Athapasca,  Athabasca,  Tinne,  Dtinne",,,"Vocabulary (Tacullies, Cheppeyans, Sussees), ibid., pp. 305—367.",,printed,,14,unclear
"Athapasca,  Athabasca,  Tinne,  Dtinne",,Buschmann,"J. 0. E. BUSCHMANN, Uber die Verwandschaft der Kinai-idiome mit dem grossen Athapaskischen Sprachstanime (mit Worttafel) , pp. 231 — 236 of the : Monatsbe- richte der Berliner Akademie der Wissenschaften, 1854.",1854,printed,,14,unclear
"Athapasca,  Athabasca,  Tinne,  Dtinne",,Buschmann,"J. C. E. BUSCHMANN, Der Athapaskische Sprachstamm. Berlin, E. Diimmler, 1856, 4to, pp. 149 — 319. (From : Abhandlungen der Philosophisch-Historischen Klasse der Konigliclien Akademie der Wissenschaften, 1855.) Contains: Wort- verzeichiiiss der athapaskischen Sprachen, pp. 174 — 222 ; and : Grosses W",1856,printed,,14,unclear
Atna'S,,,"On the Atna, or Copper River^ in Russian America.",,printed,,14,unclear
Atna'S,,Helmeksen,". Some (] 1) Words compared with Ugalenze and Kolosch, p. 99 of Yol. I of : K E. VON BAR, and GE. VON HELMEKSEN, Beitrage zur Kenntniss des Kussischen Reichs",,printed,,14,unclear
Atnah Attakapas,,,"und der angraenzenden Laender Asiens. 1839, 8vo.",1839,printed,,15,unclear
Atnah Attakapas,,,"St. Petersburg, Press of the Academy,",,printed,,15,unclear
"Atnah,  Or  Kinn  Indians",,,"Chin Indians ( Shoushwap, Flat-head). On the Caledonia River, west of the Rocky Mountains.",,printed,,15,unclear
"Atnah,  Or  Kinn  Indians",,Alexander,"Pp. 257, 258 of: ALEXANDER MACKENZIE'S Voyages from Montreal to the Pacific Ocean, &c. London, 1801, 4to.",1801,printed,,15,unclear
"Atnah,  Or  Kinn  Indians",,Xxiii,"And p. 418 of the German translation of the same. Published at Hamburg, 1802, 8vo. Reprinted in A. Grallatin's Synopsis, Yol. II of the : Archseologia Americana, p. 378, tinder XXIII (58). Also Yol. II of the : Transactions of the American Ethnological Society, Yocabularies I, XXIII, p. 118. And par",1802,printed,,15,unclear
"Atnah,  Or  Kinn  Indians",,Latham'S,"Atnah and Noosdalum Words compared, p. 157 of E. G-. LATHAM'S Languages of the Oregon Territory. Pp. 154—166 of Yol. I of the : Journal of the Ethno- logical Society of London. Edinburgh, 1848, 8vo.",1848,printed,,15,unclear
"Atnah,  Or  Kinn  Indians",,Howse'S,"Atna, or Shoushwap Yocabulary in J. HOWSE'S Yocabularies of certain North American Indian Languages — Kutani, Flathead, Okanagan, Atna, pp. 199 — 206 of: Proceedings of Philological Society, Yol. IY. London, 1850.",1850,printed,,15,unclear
"Atnah,  Or  Kinn  Indians",,,"Flathead (as dialect of Atnah) Yocabulary, ibid. Okanagan (as dialect of Atiiah) Yocabulary, ibid.",,printed,,15,unclear
"Atnah,  Or  Kinn  Indians",,Buschmann'S,"Comparative Yocabulary ©f the Athapaskan and Kinai (among them the Atnah) Languages, pp. 269 — 318 of: BUSCHMANN'S Athapaskischer Sprachstamm. Berlin, 1856, 4to.",1856,printed,,15,unclear
"Attakapas,  Otakapa",,Oallatin'S,"No. XY, 50 of: Comparative Yocabulary of Fifty -three Nations, pp. 305 — 367 of A. OALLATIN'S Synopsis in Yol. II of the : .Archseologia Americana ; and in D, XY, pp. 95, 97 of Yol. II of the : Transactions of the American Ethnological Society.",,printed,,15,unclear
"Attakapas,  Otakapa",,Yatee,"J. S. YATEE, Analekten der Sprachenkuude. Leipzig, 1821, £vo, No. 2, pp. 63—72. BALBI, Atlas Ethnographique, Tab. XLI, No. 758.",1821,printed,,15,unclear
"Attakapas,  Otakapa",,Martin,"Yocabulary of the Atacapas, by MARTIN DURALDE. MS. in the Library of the American Philosophical Society at Philadelphia.",,manuscript,in the Library of the American Philosophical Society at Philadelphia,15,unclear
"Attakapas,  Otakapa",,John,"An Attakapa Yocabulary has been collected by JOHN E. BABTLETT, United States Boundary Commissioner.",,printed,,15,unclear
Atuke,,,"Indians of Venezuela, speaking the Saliva language; now nearly extinguished.",,printed,,15,unclear
Atuke,,,"T. S. Grim, Saggio di Storia Americana. Roma, 1780—1784, Vol. Ill, 8vo.",1780,printed,,15,unclear
Aymaua,,,"Indians of Bolivia, the north-westerly provinces of the Argentine Republic, and of Southern Peru. The Aymara language bears a close resemblance to the Quichua ; many words are the same in both languages, and their grammatical construction is likewise very similar. Of the various dialects of the Ayma",,printed,,15,unclear
Aymaua,,Ltjdovico,"P. LTJDOVICO BERTONIO, Vocabulario en la Lengua Aymara. Impresso en la casa de la Compania de Jesus en Juli Pueblo, en la Provincia de Chucuito, por Francisco del Canto, 1612, 4to.",1612,printed,,15,unclear
Aymaua,,Wolfgang,"WOLFGANG BAYER, Oratio Aymara cum versione Latiua (et continuatione). In : G-. Or. von Murr, Journal fur Kunst und Litteratur. Nurnberg (1775 — 1789, 17 vols. 8vo), Vol. I, pp. 112-121; Vol. II, pp. 277—334; and Vol. Ill, pp. 55 — 104. Wolfgang Bayer was a Jesuit missionary among the Aymaras of sout",1775,printed,,15,unclear
Aymaua,,Hervas,"HERVAS, Origine, pp. 37, 177, and Tabb. XLIX, L, LI et seq.",,printed,,15,unclear
Aymaua,,Hervas,"HERVAS, Aritrnetica, pp. 101, 102.",,printed,,15,unclear
Aymaua,,Hervas,"HERVAS, Saggio, pp. 89, 90.",,printed,,15,unclear
Aymaua,,Hervas,"HERVAS, Vocabulario, pp. 161 et seq.",,printed,,15,unclear
Aymaua,,,"Mithridates, Vol. Ill, part 2, pp. 537, 538, 547.",,printed,,15,unclear
Aymaua,,Balbi,"BALBI, Atlas Ethnograpliique. Tab. XLI, No. 460.",,printed,,15,unclear
Aymaua,,D'Orbignt,"Vocabulary of Twenty-three Words, pp. 162, 164 of Vol. I of : A. D'ORBIGNT,",,printed,,15,unclear
Aymaua,,Lttdovico,"P. LTTDOVICO BERTONIO, Arte y G-rammatica copiosa de la Lengua Aymara. Roma, Zannetti, 1608, 8vo. New edition, enlarged (by D. de Gualdo ?).",1608,printed,,15,unclear
Aymaua,,Bertonio,"LUD. BERTONIO, Arte de la Lengua Aymara, con una sylva de phrases de la misma lengua, y su declaracion en romance. Impressa en la casa de la",,printed,,15,unclear
Aymaua,,,"Compania de Jesus en Juli Pueblo, en la Provincia de Chueuyio, por Fran- cisco del Canto, 1612, 4to, pp. X, 1618.",1612,printed,,17,unclear
Aymaua,,Beunet,"BEUNET, Vol. I, p. 305, mentions : Libro de la vida y milagros de nuestro Seiior Jesu Cbristo, en la Lengua Aymara y romance. Itnpressa en la casa de la Compania de Jesus, etc., 1612, 4to.",1612,printed,,17,unclear
Aymaua,,Ludoyico,"P. LUDOYICO BEETONIO, Arte Breve de la Lengua Aymara, para introduction del arte grande de la misma lengua. Roma, 1603, 8vo.",1603,printed,,17,unclear
Aymaua,,Diego,"P. DIEGO DE TOEEES EUBIO, Arte de la Lengua Aymara. Lima, 1616, 8vo.",1616,printed,,17,unclear
Aymaua,,,"Mithridates, Vol. Ill, part 2, pp. 535—546.",,printed,,17,unclear
Aymaua,,Bbigny,"A. D'C-BBIGNY, L'Homme Americain, Vol. I, pp. 320—323.",,printed,,17,unclear
Baniwa,bani1255,Martius,"Indians on the Amazon and the Rio Negro. Wallace names Baniwas, of the Rio Isauna, of Tomo-Maroa, and of Javita : of whom the first two speak kindred languages ; the third, however, a language totally different from the others. MARTIUS (VII, 233) calls them Manilas, Banibas, and Manivas.",,printed,,17,yes
Baniwa,bani1255,Alfeed,"Vocabulary (of ninety-eight ""words), pp. 521 — 541 of: ALFEED E. WALLACE, A Narrative of Travels on the Amazon and Eio Negro. London, Keeve & Co., 1853, 8vo.",1853,printed,,17,no
Bahke,,,"Indians on the Amazon. They speak a language similar to that of the Baniwas of Isanno and Tomo-Maroa, and also of the Uainambuas and Tariana.",,printed,,17,unclear
Bahke,,Alfeed,"Vocabulary (of ninety-eight words), pp. 521—541 of: ALFEED E. WALLACE, A Narrative of Travels on the Amazon and Eio Negro. London, Eeeve & Co., 1853, 8vo.",1853,printed,,17,unclear
Batem-Da-Kai-Ee,kato1244,,"Indians of the north-western part of California, on the head of Eel River. The name above given is that of the valley in which this and other bands reside.",,printed,,17,unclear
Batem-Da-Kai-Ee,kato1244,Gteoege,"Vocabulary, by GTEOEGE GIBBS, in : Schoolcraft's Indian Tribes, Vol. Ill, pp. 434—440.",,printed,,17,no
Bayano,baya1263,,"Indians of the Isthmus of Panama, about the River Chepo.",,printed,,17,unclear
Bayano,baya1263,Berthold,"BERTHOLD SEEMANN, Vocabulary in his article on the Aborigines of the Isthmus of Panama. Transactions of the American Ethnological Society, Vol. Ill, part 1, pp. 179—181.",,printed,,17,no
Beaver  Indians,,,In the Hudson's Bay territory.,,printed,,17,unclear
Beaver  Indians,,John,"Vocabulary, pp. 323—328 of Vol. II of: JOHN M'LEAN'S Notes of Twenty-five Years' Service in the Hudson's Bay Territory. London, Bentley, 1849. 2 vols. 12mo.",1849,printed,,17,unclear
Beaver  Indians,,Howse'S,"Duplicate Vocabulary in J. HOWSE'S Vocabularies of certain North American Indian Languages — Beaver, I and II ; Chipewyan, I and II ; Sikanni dialect of New Caledonia, pp. 192 — 198 of Proceedings of : Philological Society, Vol. IV. London, 1850.",1850,printed,,17,unclear
Bethuck,beam1240,,"Language of an extinct tribe of Indians of the Algonkin stock. Dr. R. G. Latham had a vocabulary lent to him by Dr. King, Secretary of the Ethnological Society, but without an account of its origin. From internal evidence he satisfied himself that it was Bethuck, i. e., aboriginal — not Eskimo, nor ",,printed,,17,unclear
Betoi,beto1236,,"On the River Cassanare, in New Granada, of the same stock as the Ele and Yaruro Indians. The Situga and Airiko speak dialects of the Betoi.",,printed,,17,unclear
Betoi,beto1236,Hebvas,"HEBVAS, Vocabulario poliglotto, pp. 161 et seq. HERVAS, Saggio, p. 109. HEEVAS, Origine, Tab. XLIX.",,printed,,17,no
Betoi,beto1236,Heevas,"HEEVAS, Aritmetica, p. 106.",,printed,,17,no
Betoi,beto1236,,"Mithridates, Vol. Ill, part 2, pp. 645, 650.",,printed,,17,unclear
Betoi,beto1236,Balbi,"BALBI, Atlas Ethnographique. Tab. XLI. No. 647.",,printed,,17,no
Betoi,beto1236,Joseph,"P. JOSEPH GUMILLA gave his grammatical notes on the Betoya language to his successor, P. Jos. Padilla. Hervas prevailed upon Padilla, when retired from his missionary labours, to write down what he knew of the grammatical structure of this language. Adelung has used the letter of Padilla to Hervas.",,printed,,17,no
Betoi,beto1236,,"Mithridates, Yol. III., part 2, pp. 640—647.",,printed,,17,unclear
"Blackfeet,  Satsikaa",,,"Pieds noirs ; Blood or Paegan Indians of the Algonkin stock ; the most powerful tribe of the north-western prairies on the sources of the Missouri and the Rocky Mountains. They are divided into — 1. Satsikaa, or Blackfeet proper. 2. Kahna, or Blood Indians, "" Indiens du Sang."" 3. Piekans, Paegans, P",,printed,,17,unclear
"Blackfeet,  Satsikaa",,Umfeeville,"EDW. UMFEEVILLE, The Present State of Hudson's Bay. Containing .... a specimen of five Indian languages. London, Walker, 1790, 8vo. Table to p. 202. German translation — Mit Erauterungen, von E. A. W. Zimmermann. Helmstedt, Fleckeisen, 1791, 8vo.",1790,printed,,17,unclear
"Blackfeet,  Satsikaa",,Umfeeville,"Mithridates, Vol. Ill, part 3, p. 254 (from UMFEEVILLE).",,printed,,17,unclear
"Blackfeet,  Satsikaa",,Balbi,"BALBI, Atlas Ethnographique. Tab. XLI, No. 770. Paegan ; Pied noir.",,printed,,17,unclear
"Blackfeet,  Satsikaa",,Allatin'S,"No. XXI, 56 (p. 373) of the Vocabulary to A. G-ALLATIN'S Synopsis, etc., in Vol. II of the : Archseologia Americana (from UMFEEVILLE) .",,printed,,17,unclear
"Blackfeet,  Satsikaa",,Peinzen,"Eeise des PEINZEN MAXIMILIAN zu WIED. Coblentz, 1839—1841, 2 vols. 4to. Vol. I, pp. 584 et seq. ; Vol. II, pp. 480—486.",1839,printed,,17,unclear
"Blackfeet,  Satsikaa",,Catlin,"Blackfeet Vocabulary, Appendix, pp. 262—265 to Volf II of: QEO. CATLIN, Letters and Notes on the Manners, Customs, and Condition of the North American Indians. London, 1841, 2 vols. 8vo.",1841,printed,,17,unclear
"Blackfeet,  Satsikaa",,Fatheb,"Blackfeet Vocabulary (and Lord's Prayer), on the last two pages of the last two leaves of: Oregon Missions and Travels over the Rocky Mountains, 1845-6, by FATHEB P. J. DE SMET, e. S, J. New York, Edw. Duuigan, 1847, 12mo. pp. 408, 4to.",1845,printed,,17,unclear
"Blackfeet,  Satsikaa",,Hoeatio,"Vocabularies of Languages of North-western America, No. 13, Z. Satsikaa (Blackfeet), pp. 569—629 of: HOEATIO HALE, Ethnography and Philology, United States Exploring Expedition. Philadelphia, Lea and Blanchard, 1846, folio, and",1846,printed,,17,unclear
"Blackfeet,  Satsikaa",,,"C. IV, pp. 88, 90, 92, 94, of the Vocabularies in Vol. II of: Transactions of the American Ethnological Society.",,printed,,17,unclear
"Blackfeet,  Satsikaa",,Cxiii,"Affinities of the Satsika or Blackfeet Language with those of the Algonldns, pp. CXIII, CXIV of Vol. II of: Transactions of the American Ethnological Society.",,printed,,17,unclear
"Blackfeet,  Satsikaa",,Monceovie,"Satsika, or Blackfeet Vocabulary (Upper Missouri), by J. B. MONCEOVIE, on pp. 494—505 of Vol. II of: Schoolcraft, Indian Tribes of the United States. Miscellaneous vocabularies.",,printed,,17,unclear
"Blackfeet,  Satsikaa",,Howse,"J. HOWSE, Vocabularies of certain North -American Indian Languages — Black- foot I and II — Nipissing, Shawnee, Brunswick. Pp. 102 — 113 of: Proceedings of the Philological Society, Vol. IV. London^ 1850. Duplicate Vocabulary of Blackfoot. The words of forms of speech were collected partly by Howse ",1850,printed,,17,unclear
Bodega,bode1246,,"Indians of California, who call themselves Olamentke.",,printed,,17,unclear
Bodega,bode1246,Kostbomitonov,"KOSTBOMITONOV, Woerter aus zwei Sprachen Keucaliforniens (Bodega and Sever- novzi),pp. 234 — 254 of Vol. I of: K. v. BAR und GB. v. HELMEESEN, Beitrage Zur Kenntniss des russischen Reichs und der angranzenden Lander Asiens. St. Petersburg, 1839, 8vo. (Russian, German, and Bodega. Printed in Russian ",1839,printed,,17,no
"Brazilians,",,Martius,"Or rather, Tupis. The different tribes of the Tupis are named, and a map of the wanderings and extension of this once numerous and mighty people given, in : DR. C. F. PH. VON MARTIUS, Abhandlung von dem Rechtszustaiide unter den Ur- einwohnern Brasiliens. Miinchen, F. Fleischer, 1832, 4to, map, pp. ",1832,printed,,17,unclear
"Brazilians,",,Cabral,"province of Pernambuco. 5. Tapininquins (the people first met with by CABRAL), in the interior and on the coast of the province of Espiritu Sancto, at Porto Seguro and Ilheos.",,printed,,17,unclear
"Brazilians,",,,"6. Tapigu<&, on the sea-coast from St. Paolo to Pernambuco.",,printed,,17,unclear
"Brazilians,",,,"7. Tummimioi and Tamoice, near Pdo Janeiro. 8. Tapinambas, the largest of the tribes, in the provinces of Maranhao and Gran Para, speaking the most generally diffused dialect.",,printed,,17,unclear
"Brazilians,",,Martius,"MARTIUS divides the Tupis into north, south, west, east, and central Tupis, and names, besides this people, 245 different larger or smaller tribes living within the Brazilian empire.",,printed,,17,unclear
"Brazilians,",,Adelung,"ADELUNG calls the Tupis the North Guarany, and considers their language as a part of the Guarany language.",,printed,,17,unclear
"Brazilians,",,Pigafetta'S,"""Aucuns Mots des Peuples de 1'Isle de Brezil."" On four pages at the end of Ant. Fabre's Extract of the MS. of PIGAFETTA'S Voyage, in the Ainbrosian Library of Milan. This extract bears the title : Le Voyage et Navigation, faict par les Espaignoles es isles de Mollucques, des isles quilz out trouve a",,manuscript,in the Ainbrosian Library of Milan,17,unclear
"Brazilians,",,Antonio,"The manuscript of Pigafetta was published in 1800, by Dr. Charles Amoretti : Primo Viaggio intorno al globo terracqueo, ossia ragguaglio della navigazione alle Indie orientali per la via d'occidente, fatta sulla squadra del Capitano Maggalianes negli anni 1519— 1522, del Cavaliero ANTONIO PIGA- FETT",1800,manuscript,,17,unclear
"Brazilians,",,,"French translation — Premier Voyage autour du Monde par le Chevalier Pigafetta, sur 1'escadre de Magellan, pendant les annees 1519 — 1522 ; suivi de 1'extrait du traite de navigation du meme auteur et d'une notice sur le Chevalier Martin Behaim, avec la description de son globe terrestre. Paris, Jan",1519,printed,,17,unclear
"Brazilians,",,Brtjnet,"The extract of Fabre has been translated into Italian, and published in the rare collection — II Viaggio fatto dagli Spagniuoli atomo al mondo, s. 1. 1536, 4to (BRTJNET, Vol. IV, p. 603— before: Venezia, 1534, 4to?), wherein it is printed on the last leaf. It is also reprinted in the first volume of",1536,printed,,17,unclear
"Brazilians,",,Jean,"Brazilian words and a conversation in Brazilian are given by: JEAN DE LERY, Histoire d'un Voyage fait en la Terre du Bresil, dite Amerique ; contenant .... les mosurs et fa9ons de vivre etranges des sauvages Ameriquatns, avec un colloque de leurlangue, s. 1. (a laRochelle). Printed by Anthony Chuppi",1578,printed,,17,unclear
"Brazilians,",,,The Brazilian words and conversation are reprinted in the : Allgemeino,,printed,,17,unclear
"Brazilians,",,,"Historie der Reisen zu Wasser und zu Lande. Amsterdam, 1747 — 1774. 21 vols. 4to, maps, plates, in Vol. XVI, pp. 263 et seq.",1747,printed,,17,unclear
"Brazilians,",,Joan,"Words from Lery and from Dutch notices, page 599, of: JOAN DE LAET, Novus orbis seu descriptionis Indies occidentalis, Libri XVIII. Lugduni Batavorum, Elzevir, 1633, folio.",1633,printed,,17,unclear
"Brazilians,",,,"Translated into French (Lei/den, Elzevir, 1640, fol.), and Dutch (Leyden, Elzevir, 1644, folio).",1640,printed,,17,unclear
"Brazilians,",,Emanttel,"Dictionariolum nominum et verborum linguae Brasiliensis maxime comunis (collected by EMANTTEL DE MOEAES), cap. XI of: 1. Georgii Marggravii de Leibstad, Tractatus topographicus et meteorologicus Brasilia, cum eclipsi solari, quibus additi suiit illius et aliorum commentarii de Brasiliensium et Chile",1648,printed,,17,unclear
"Brazilians,",,Eckaet,"Brazilian words are given by ANS. ECKAET, in his Additions to : Pedro Cudenas, Description of Brazil, in: Christoph Gottlieb von Murr, Reisen einiger Mis- sionarien der Gesellschaft Jesu in America. Nurnberg, Zeh, 1785, 8vo, pp. 614, map and plates, pp. 419 et seq.",1785,printed,,17,unclear
"Brazilians,",,Heevas,"HEEVAS, Origine, Tab. XLIX et seq.",,printed,,17,unclear
"Brazilians,",,Heevas,"HEEVAS, Vocabulario poliglotto, pp. 161 et seq. (Tupi and Brasile volgare.)",,printed,,17,unclear
"Brazilians,",,Heevas,"HEEVAS, Saggio, p. 98. (Tupi.)",,printed,,17,unclear
"Brazilians,",,Smith,"SMITH BAETON, New Views— Comparative Vocabularies.",,printed,,17,unclear
"Brazilians,",,,"Mithridates, Vol. Ill, part 2, pp. 450, 451, 458, 460, 603 (from Hervas, Laet, Moraes, and Eckart).",,printed,,17,unclear
"Brazilians,",,Balbi,"BALBI, Atlas Ethnographique, Tab. XLI, No. 492. Brazilien, Lingoa geral, Tupinamba, Tupi.",,printed,,17,unclear
"Brazilians,",,,"Diccionario Portuguez e Brasiliano ; Obra necessaria aos ministros do altar que emprehenderem a conversao de tantos rnilhares de almas que ainda se achao dis- spersas pelos vastos certoes do Brazil, sem o lume da Ee, e Baptismo, etc. Por * * * Primeira parte. Lisboa, 1795, small 4to, pp. 79.",1795,printed,,17,unclear
"Brazilians,",,,"Some Brazilian songs are given in : Relacion de la Real Tragi-comedia con que lo.s padres de la Compania de Jesus de Lisboa recibieron a Eelipe II de Portugal. Lisboa, 1620, 4to.",1620,printed,,17,unclear
"Brazilians,",,John,"A Glossary of Tupi Words, pp. 629 — 639 of: JOHN LtrccocK, Notes on Rio de Janeiro and the southern parts of Brazil, taken during a residence of ten years in that country, from 1808 to 1818. London, printed for Sam. Leigh, 1820, 4to (some copies have the date altered into 1822), plates, pp. 639-",1808,printed,,17,unclear
"Brazilians,",,,"The author announces at the end of his book, that he is about to publish a",,printed,,17,unclear
"Brazilians,",,,""" Grammar and Dictionary of the Tupi Language."" These works were never published. The MSS. are deposited in the Library of the Geographical and Historical Institute at Rio de Janeiro.",,manuscript,in the Library of the Geographical and Historical Institute at Rio de Janeiro,17,unclear
"Brazilians,",,Robert,"SIR ROBERT H. SCHOMBTJRGK, Comparative Vocabulary of Eighteen Words of the Lingua geral, in his Vocabularies of the Indians of Guyana, pp. 97, 98 of the : Report of the British Association, Swansea Meeting, 1848. London, 1849, 8vo.",1848,printed,,17,unclear
"Brazilians,",,Francis,"A Vocabulary of the : Langue de Nouros, Idiome de la Lengua geral, given in : FRANCIS DE CASTELNATJ, Expedition dans les Parties Centrales de 1'Amerique du Sud. Paris, A. Bertrand, 1850, 1851, 6 vols. 8vo. Vol. V, Appendix Vo- cabulary, No. 13, pp. 285, 286.",1850,printed,,17,unclear
"Brazilians,",,Latham,"Vocabulary of the Lingoa geral. Tableau and Remarks on the Vocabularies, by R. G. LATHAM. Appendix, pp. 529 — 534 (534 — 536, Comparison of the Lingua geral with the Tupi, Tupinamba, Mundrucu, Omagua, Guararri, and pp. 539 — 541, with Languages of Guyana), of : ALFRED R. WALLACE, A Narrative of Trav",1853,printed,,17,unclear
"Brazilians,",,,"Lista de Voces de la Lengua general del Brasil. Appendix to the MS. Zeona Dictionary, in the possession of Colonel Joaquin Acosta, of Nueva Granada.",,manuscript,"in the possession of Colonel Joaquin Acosta, of Nueva Granada",17,unclear
"Brazilians,",,Marcos,"A MS. "" Vocabulario das Linguas Brasilica e Portugueza,"" on 200 pp., together with a "" Doutrina e perguntas dos Mysteries principaes de nossa santa Fe na Lingua Brazila,"" in Portuguese and Brazilian dialogues, stated to be written by the Rev. P. MARCOS ANTONIO about 1750, is in the British Museum, c",1750,manuscript,"in the British Museum, collection of King George IV, No",17,unclear
"Brazilians,",,,"Vocabulario Brazileiro para servir de Complemento dos Diccionarios da Lingua Portugueza, por Braz da Costa Rubim. Rio de Janeiro, 1853, 1 vol. 8vo.",1853,printed,,17,unclear
"Brazilians,",,,"Vocabulario Portuguez e Brazileiro, por Sr. Leonardo da Silveira das Dores Castello Branco. MS. in the Library of the Historical and Geographical Institute of Rio de Janeiro.",,manuscript,in the Library of the Historical and Geographical Institute of Rio de Janeiro,17,unclear
"Brazilians,",,Antonio,"Vocabulario da Lingua geral, usada hoje em dia no Altos Amazonas. Por SR. DR. ANTONIO GONCALVES DIAS. Pp. 553 — 576 of: Revista Trimensal do Rio de Janeiro, Tom. XVII.",,printed,,17,unclear
"Brazilians,",,Padre,"Words in : Informacao dos Casamentos dos Indies do Brazil, pelo PADRE JOSE DE ANCHIETA, pp. 254 — 263 of: Revista Trimensal do Rio de Janeiro. Second series, Tom. I, No. 2.",,printed,,17,unclear
"Brazilians,",,,"Forty-three Words of the Language spoken by the Indians das Brenhas de Mu- cury, pp. 451, 452 of : Revista Trimensal do Rio de Janeiro. Second series, Tom. I, No. 4.",,printed,,17,unclear
"Brazilians,",,Bacharel,"Paraviana Words, pp. 252 — 256 of: Rela^ao Geographica-Historica do Rio Branco da America Portugueza. Composta pelo BACHAREL FRANCISCO XATTER RIBEIRO DE SAMPAIA, in : Revista Trimensal do Rio de Janeiro. Second series, Tom. VI, No. 18.",,printed,,17,unclear
"Brazilians,",,Joao,"Diccionario da Lingua geral dos Indios do Brazil; reimpresso e augmentado con diversos Vocabularios e offerecido a S. M. Imperial, por JOAO JOAQUIM DA SILVA GUIMARES. Bahia, 1854, pp. 106, 8vo.",1854,printed,,17,unclear
"Brazilians,",,Barao,"Diccionario Portuguez e Brazileiro, contendo o Vocabulario dos Indigenas Cayuas. Por Sr. BARAO DE ANTONINA. MS. in the Library of the Historical and Geographical Institute of Rio de Janeiro.",,manuscript,in the Library of the Historical and Geographical Institute of Rio de Janeiro,17,unclear
"Brazilians,",,Jose,"JOSE DE ANCHIETA, Arte de Grammatica da Lingoa mais usada na Costa do Brasil. Coimbra, 1595, small 8vo., pp. 120.",1595,printed,,17,unclear
"Brazilians,",,,"Extracts therefrom are given in Chapter X of the : Tractatus Brasilia of Marggravius, in : De Lingua Brasiliensium e Grammatica P. Jos. de Anchieta, e. 8. J., and in Relandus, in their above-mentioned works.",,printed,,17,unclear
"Brazilians,",,Emanuel,"A Brazilian Grammar, Vocabulary, and Catechism, by EMANUEL VEGA, a Mis- sionary, is mentioned by Adelung, in his Mithridates, Vol. Ill, part 2, p. 442, as written but not printed.",,printed,,17,unclear
"Brazilians,",,Figueira,"P. Luiz FIGUEIRA, Natural de Almodovar, Arte da Grammatica da Lingua do Brasil. Lisboa, 1681, 8vo. Reprinted by Miguel Deslandes. Lisboa, 1687, 8vo, and .... 4th edition. Lisboa, 1795, small 4to.",1681,printed,,17,unclear
"Brazilians,",,,"Mithridates, Vol. Ill, part 2, pp. 422—446, 452—457.",,printed,,17,unclear
"Brazilians,",,Xvii,"Langue Bresilienne, Monumens de la Linguistique du Brasil composes au XVII Siecle. Note 6, pp. 355—359, to : Une Fete Bresilienne celebre""e & Rouen, 1550 (Article de FERDINAND DENIS), in the : Bulletin du Bibliophile, 9me serie, Nos. 10, 11, 12. Paris, Techener, 1849, 8vo, pp. 355—359.",1550,printed,,17,unclear
"Brazilians,",,,"See also the 9th note to the same article : La Chanson de Montaigne, Poesie des Tupinambas. Drames des Missionaires, vers Tupiques composes par eux, pp. 364—379. Also printed separately. Paris, 1850. And : Parecer da Commissao da Historia sobre o opusculo : Une Fete Brezilienne, etc., pp. 443—449, V",1850,printed,,17,unclear
"Brazilians,",,Padre,"Grammatica da Lingua geral dos Indios do Brazil, pelo PADRE Luiz FIGUEIRA, reimpressa por Joao Joaquim da Silva Guimares. Bahia, 1851, 1 vol. 8vo.",1851,printed,,17,unclear
"Brazilians,",,Francisco,Memoria sobre a necesidade do Estudo e Ensino das Lenguas Indigenas do Brazil. Por FRANCISCO ADOLPHO DE VARNHAGEN. MS. in the Library of the Historical and Geographical Institute of Rio de Janeiro.,,manuscript,in the Library of the Historical and Geographical Institute of Rio de Janeiro,17,unclear
"Brazilians,",,Francisco,"Remarks on the Language of the Tupis, in Section IX of : Historia geral do Brazil, por FRANCISCO ADOLPHO DE VARNHAGEN. Vol. I. Rio de Janeiro, Laemmert, 1856, 8vo.",1856,printed,,17,unclear
"Brazilians,",,Viii,"Remarks on the Lingua geral and on Tupinamba, in Section VIII of: Historia geral do Brazil, por FRANCISCO ADOLPHO DE VARNHAGEN. Vol.1. Rio de Janeiro, Laemmert, 1856, 8vo.",1856,printed,,17,unclear
"Brazilians,",,Varnhagen,"Ethnographia Indigena, Linguas, Emigracoes, e Archseologia. Por Sr. F. A. DE VARNHAGEN. Pp. 366—376 of: Revista Trimensal do Rio de Janeiro. Second series, Tom. V, No. 15.",,printed,,17,unclear
"Brazilians,",,Feancisco,"Collecgao de Etymologias Brazilicas, por FE. FEANCISCO DOS PEAZEEES MABANHAO. Pp. 69 — 80 of : Revista Trimensal do Rio de Janeiro. Second series, Tom. I,No. 1.",,printed,,17,unclear
Bugre,kain1272,Balbi,"Brazilian Indians. BALBI, who calls them Bougres, says that they are cannibals.",,printed,,17,no
Bugre,kain1272,,"Vocabulario da Lingoa Bugre (in Portuguese and Bugre), pp. 60—77 of Vol. XV of: Eevista do Institute Historico e Geographico do Brazil. Rio de Janeiro, typ. Laemmert, 1852, 8vo.",1852,printed,,17,unclear
Cabahos,,,Brazilian Indians of the Aldeas on the River Tocantins.,,printed,,17,unclear
Cabahos,,Castelnatt,"Langue des Cabaros (Aldeas du Tocantins). Vocabulaire, No. VI, pp. 273, 274 of: CASTELNATT, Vol. V j Appendice.",,printed,,17,unclear
Caddoes.     Cadodaquious,,,"Indians on one of the branches of Red River. Their language is spoken by the Nandakoes, Nabadaches, and Inies or Tachies.",,printed,,17,unclear
Caddoes.     Cadodaquious,,,"Mithridates, Vol. Ill, part 3, p. 277.",,printed,,17,unclear
Caddoes.     Cadodaquious,,,"No. 51, XVI, of the Comparative Vocabulary of Fifty-three Nations, pp. 305—",,printed,,17,unclear
Caddoes.     Cadodaquious,,,"367, and Supplementary Vocabulary of Caddo (six languages),",,printed,,17,unclear
Caddoes.     Cadodaquious,,Geoege,"pp. 381—397, by GEOEGE GEAT. Also, ""Conjunctions,"" p. 2?2, and ""Select Sentences,"" in Caddo, pp. 409, 411, 413 of A. GALLATIN'S Synopsis, in Vol. II of the : Archseologia Americana.",,printed,,17,unclear
Caddoes.     Cadodaquious,,,"Part of XVI, 51, reprinted under E, XVI, pp. 96—98 of the Vocabularies in Vol. II of the : Transactions of the American Ethnological Society.",,printed,,17,unclear
Caddoes.     Cadodaquious,,Captain,"CAPTAIN R. B. MAECY, U.S.A. Specimen of the Caddo and Witchita Languages, pp. 709—712 of Vol. V of: Schoolcraft's Indian Tribes of the United States.",,printed,,17,unclear
Caddoes.     Cadodaquious,,Lieutenant,"Caddo Vocabulary of Twenty Words, taken by LIEUTENANT A. W. WHIPPLE, p. 70 of the Report upon the Indian Tribes, added to his Report on the Route near the 35th Parallel, in Vol. II of the : Pacific Railroad Reports. Washington, 1855, 4to.",1855,printed,,17,unclear
Caddoes.     Cadodaquious,,Cahita,26 CAHITA— CALIFORNIANS.,,printed,,17,unclear
Cahita,mayo1264,,In the northern parts of Mexico.,,printed,,17,unclear
Cahita,mayo1264,,"Nouvelles Annales des Voyages. Paris, 1841, 8vo. Vol. IV, pp. 262—287.",1841,printed,,17,unclear
Cahita,mayo1264,,"Arte de la Lengua Cahita. Mexico, 1737, 12mo.",1737,printed,,17,unclear
Cahuillos.     Ca-Wi-Os,,,"Californian Indians residing near the Pacific, bet-ween the sources of the San Gabriel and Santa Anna.",,printed,,17,unclear
Cahuillos.     Ca-Wi-Os,,Lieutenant,"Cahuillo Vocabulary, taken by LIEUTENANT A. W. WHIPPLE, pp. 71 — 76 of the Report upon the Indian Tribes, by Lieutenant Whipple, Thomas Ewbank, and Professor W. W. Turner, added to Lieutenant Whipple's Eeport on the route near the 35th parallel, in Vol. II of the : Pacific Eailroad Keports. Wash- in",1855,printed,,17,unclear
Cahuillos.     Ca-Wi-Os,,,"Twenty-eight Cahuillo Words compared with Kechi, Netela, and Zizh. Ibid., p. 77.",,printed,,17,unclear
Calieornians,,Latham,"E. Q-. LATHAM on the Languages of New California, pp. 72 — 86 of Vol. VI of : Proceedings of the Philological Society, London, 1850 ; G-. GIBBS' Observations on some of the Indian Dialects of Northern California, pp. 420—423 of Vol. Ill of : Schoolcraft's Indian Tribes of the United States. See also",1850,printed,,17,unclear
Calieornians,,John,"The United States Boundary Commissioner, JOHN E. BA.BTLETT, has taken the following vocabularies in California : —",,printed,,17,unclear
Calieornians,,,"Deguino or Comeya, at San Diego.",,printed,,17,unclear
Calieornians,,,~Kechi. Mission of San Luis Eey.,,printed,,17,unclear
Calieornians,,,San Luis Olispo. Mission of same name.,,printed,,17,unclear
Calieornians,,,Coluz Lin the Country watered by the Sacramento Eiver.,,printed,,17,unclear
Calieornians,,,Diggers of Napa Valley.,,printed,,17,unclear
Calieornians,,,Makaiv of Upper California.,,printed,,17,unclear
Calieornians,,,"In a letter, lie says : "" The name of Diggers is applied to all the California Indians by the people (whites) generally, and it is difficult to get the real names of the tribes. Half the time the natives will give one the name of their chief or captain.""",,printed,,17,unclear
Calieornians,,Adam,"Languages of California, by ADAM JOHNSON. Pp. 406—415 of Vol. IV of: Schoolcraft's Indian Tribes of the United States, gives vocabularies and words of the following tribes : — Tuolumne tribes, pp. 407 — 412. Co-co-noons on Mercedes River, p. 413. Indians at King's Eiver and about Tulare Lake, pp. 41",,printed,,17,unclear
Camacans,,Martius,"Camacaes Mongoyoz, or Monxocos Indians of the Capitania de Bahia, Brazil (MARTIUS, No. 11).",,printed,,17,unclear
Camacans,,Peinzen,"Reise des PEINZEN MAXIMILIAN zu Wied Neuwied nach Brasilien. Frankfurt am Main, 1820, 1821, 2 vols. 4to, Vol. II, p. 327—330.",1820,printed,,17,unclear
Camacans,,Balbi,"BALBI, Atlas Ethnographique, Tab. XLI, Nos. 505, 50? (Camacans, Spix- Martius).",,printed,,17,unclear
Canada,nort3354,,Early travellers give words of the Indian tribes inhabiting Canada under the name of Kanadians.,,printed,,17,unclear
Canada,nort3354,Samuel,"SAMUEL DE CHAMPLAIN, Les Voyages de la Nouvelle France occidentale, dite",,printed,,17,no
Canada,nort3354,,"Canada, faites par De Champlain et toutes les decouvertes qu'il a faites",,printed,,17,unclear
Canada,nort3354,,"en ce pays depuis 1603 jusqu'au 1629, ensemble la relation de tout ce qui s'est passe & la Nouvelle France en 1631. Paris, S. Lemure, Collet, 1632, 4to.",1603,printed,,17,unclear
Canada,nort3354,Ladesme'S,"Contains the translations of: P. LADESME'S Doctrine Chretienne, in Canadian, by Breboeuf; and of Prayers, by MASSE. Breboeuf's translation had been printed at Rouen, 1610, 8vo.",1610,printed,,17,no
Canada,nort3354,,"Vater states that the edition — Paris, Collet, 1627, 8vo — contains the same linguistic pieces.",1627,printed,,17,unclear
Canada,nort3354,Heryas,"HERYAS, Vocabulario Poliglotto, pp. 239, 240 (numerals). SMITH BARTON, New Views, &c. — Comparative Vocabularies.",,printed,,17,no
Canada,nort3354,Viii,"Langues du Canada, pp. 499—504 of Vol. VIII of: COURT DE GEBELIN, Monde Primitif. Paris, 1772, 4to. Vocabularies taken from Sagard, Lahontan, Lafiteau, and Louis Vincent. Reprinted, pp. 313 — 319 of: J. B. Scherer's Re- cherches Historiques et Geographiques sur le Nouveau Monde. Paris, Brunet, 1777,",1772,printed,,17,no
Canischana,,,"Warlike tribe of the Moxos stock, on the rivers Mamore and Machupo, in Bolivia.",,printed,,17,unclear
Canischana,,D'Orbigny,"A. D'ORBIGNY, L'Homme Ame""ricain, Vol. I, p. 164; II, p. 208.",,printed,,17,unclear
Canischana,,D'Oebigny,"A. D'OEBIGNY, L'Somme Ame'ricain, Vol. II, pp. 245, 246.",,printed,,17,unclear
Cabajas,,Martius,"Brazilian Indians on the banks of the Araguay (Carayas of MARTIUS, No, 78).",,printed,,17,unclear
Cabajas,,Telnaf,"Langue des Carajas (Rio Araguay), Vocabulaire, No. 4, pp. 268 — 270 of: CAS- TELNAF, Vol. V, Appendice.",,printed,,17,unclear
Caribs,gali1262,,"Originally inhabiting the lesser Antilles, they settled, after their expulsion, on both sides of the Orinoco, particularly in the Sierra Paryme. There are — -1. Caribs proper, who call them- selves Karma, Kalina, or Kalinago ; the Galibis of French Guyana are the principal tribe ; the Tuapoka and Ku",,printed,,17,unclear
Caribs,gali1262,,"Veritable Relation de tout ce que s'est fait et passe au Voyage que Mons. de Bretigiiy fit a 1'Amerique occidentale. Avec une description des Mceiira et des Provinces de tous les Sauvages de cette grande partie du Cap de Word ; un Die- tionnaire de la Langue, et un avis tres necessaire a tous ceux q",,printed,,17,unclear
Caribs,gali1262,Paul,"faire habiter ce Pays-la., ou qui desirent d'y etablir des Colonies. Le tcut fait sur ces lieux par PAUL BOYEK, Escuyer, Sieur de Petit Puy, Paris, 1654, small 8vo. The "" Dictionnaire,"" pp. 193 et seq.",1654,printed,,29,no
Caribs,gali1262,Pieeee,"P. PIEEEE PELLEPBAT, Eelation des Missions des E. P. de la Compagnie de Jesus dans les Isles et dans la Terre ferme de I'Amerique meridionale. Avec une introduction k la Langue des Galibis, sauvages de la Terre ferme de 1'Amerique meridionale. Paris, Cramoisy, 1655, 12mo.",1655,printed,,29,no
Caribs,gali1262,,"Brunet (Vol. Ill, p. 664) says that the ""Introduction is sometimes found separate from the Relation.""",,printed,,29,unclear
Caribs,gali1262,Antoine,"Voyage de la France equinoxiale enl'isle de Cayenne, entrepris par les Francois en 1'annee 1652. Divisee en trois livres. Le premier contient 1'etablissement de la Colonie, son embarquement et sa route jusqu'es a sonarrivee enl'islede Cayenne. Le second, ce qui s'est passe pendant quinze mois que 1'",1652,printed,,29,no
Caribs,gali1262,,"Adelung, in his Mithridates (III, 684), says that the vocabulary of Biet is, with a few exceptions, the same as the one given by Boyer.",,printed,,29,unclear
Caribs,gali1262,,"Histoire naturelle et morale des Isles Antilles de 1'Amerique; enrichie de plu- sieurs belles figures de raretez le plus considerables que y sont ecrites ; avec un Vocabulaire Cara'ibe. Rotterdam, A . Leers, J 658, 4to.",,printed,,29,unclear
Caribs,gali1262,Eochefoet'S,"This book, which has been several times reprinted and translated, is known as : M. DE EOCHEFOET'S History of the Antilles. Brunet (II, p. 585) names Louis DE POINCY and CESAR DE EOCHEFOET as the authors. Du Tertre, who, at the same time prepared a history of the Antilles (published afterwards at Par",1667,printed,,29,no
Caribs,gali1262,Eochefoet,"Seconde edition : revue et augmentee. Rotterdam, 1665, 4to. Histoire Naturelle des lies Antilles, par M. DE EOCHEFOET. Lyon, 1667, 2 vols. 12mo.",1665,printed,,29,no
Caribs,gali1262,,"Dernier edition : augmentee par 1'autheur d'un Eecit sur .... la Yirginie, le Marie Land et la Caroline. Rotterdam, 1681, 4to.",1681,printed,,29,unclear
Caribs,gali1262,,"Is the edition of 1665, with but a new title and the "" Eecit "" annexed on p. 44.",1665,printed,,29,unclear
Caribs,gali1262,,Translations — a. English:,,printed,,29,unclear
Caribs,gali1262,,"The History of the Caribby Islands, with a Caribbian Yocabulary. Een- dered into English by John Davis, of Kid welly. London, printed for Thomas Dring and John Starkey, 1666, folio, pp. 8, 351, 10, 5,",1666,printed,,29,unclear
Caribs,gali1262,,"Scarce, because a great proportion of the copies was consumed in the great conflagration of London. The vocabulary, on teii not-numbered pages, after p. 351.",,printed,,29,unclear
Caribs,gali1262,,"FranTcfurt-on-tfie-Main, 1668, 2 vols. 12mo. Ibid., 1688, 2 vols. 12mo.",1668,printed,,29,unclear
Caribs,gali1262,,"c. Dutch : Rotterdam, 1662, 4to.",1662,printed,,29,unclear
Caribs,gali1262,Raymond,"Dictiormaire Cara'ibe-Francois et Francois-Caraibe, mesle de quantite de remarques historiques pour 1'eclaircissement de la langue, par le P. RAYMOND BRETON, de 1'Ordre des Freres Precheurs, Missionnaire. Auxerre, Q-illes Bouquet, 1663, 1664, 1665, 3 tomes in 2 vols. 8vo.",1663,printed,,29,yes
Caribs,gali1262,,"(Annexed is — forming the volume of 1664 — the same author's : Petit Catechisme, ou Sommaire des trois premieres parties de la doctrine chre- tienne, traduit du Francois en la Langue des Caraibes Insulaires. Auxerre, Gilles Bouquet, 1664, 8vo.)",1664,printed,,29,unclear
Caribs,gali1262,,"New titles. Hid., 1665, 1666, 2 vols. 8vo.",1665,printed,,29,unclear
Caribs,gali1262,Pere,"N.B. Ternaux Compans, in his : Bibliotheque Ame'ricaine (Paris, A. Bertrand, 1837-8), No. 830, p. 143, names a : Dictionnaire Caraibe-Fransais, par le PERE LECLEECQ— Rennes, 1665— which must be a mistake.",1837,printed,,29,yes
Caribs,gali1262,Sauvage,"Dictionnaire Galibi, pre""sente sous deux formes — I. CommenQant par le mot Francis ; II. Commei^ant par le mot Galibi ; precede d'un Essai de Grammaire par M. D. L. S. (DE LA SAUVAGE). Paris, Banche, 1763, 8vo.",1763,printed,,29,no
Caribs,gali1262,Peefontaine,"Good compilation from the above dictionaries. Makes part of: M. DE PEEFONTAINE, Maison rustique, a 1'usage des habitants de la partie de la France equinoxiale connue sous le nom de Cayenne.",,printed,,29,no
Caribs,gali1262,Viii,"Langues des Caribes et des Galibis, pp. 505— 514 of Vol. VIII of : COURT DE GEBELIN, Monde Primitif. Paris, 1772, 4to. From Rochefort and P. Breton. Reprint, pp. 319—327 of: J. B. SC&EREE, Recherches Historiques et Geogra- phiques surleNouveau Monde. Paris, Brunet, 1777, 12mo.",1772,printed,,29,yes
Caribs,gali1262,,"Vocabulaire Francais et Galibi, a 1'usage de ceux qui voyagent dans les contrees de la Guyane et a Cayenne, pp. 371 — 400 of: Voyage a la Guyane et a Cayenne, fait en 1789 et dans les annees suivantes, par L. M. B., Armateur. Paris, Tom. VI (1798), 8vo, pp. 400.",1789,printed,,29,unclear
Caribs,gali1262,,"No actual voyage, but a mere superficial compilation made by Louis Prud- homme, from other writers.",,printed,,29,unclear
Caribs,gali1262,Heryas,"HERYAS, Vocabulario poliglotto, pp. 237, 241 (numerals).",,printed,,29,no
Caribs,gali1262,Heevas,"HEEVAS, Saggio, p. 112.",,printed,,29,no
Caribs,gali1262,Hervas,"HERVAS, Origine, Ttxbb. L et seq.",,printed,,29,no
Caribs,gali1262,Smith,"SMITH BARTON, New Views, etc. — Comparative Vocabularies. (Galibi, Caraibes.)",,printed,,29,no
Caribs,gali1262,Will,"WILL. HILLHOUSE, Vocabulary of Eighty-two Nouns and Numerals (1 — 10) in the four Indian Languages of British Guyana. Caribisce, pp. 247, 248 of Vol. II of the : Journal of the Royal Geographical Society of London. London, 1832, 8vo. Reprinted in Vol. V of : Montgomery Martin's British Colonial Libr",1832,printed,,29,yes
Caribs,gali1262,Colonel,"COLONEL GALINDO, Carib Vocabulary (of Central America), seventeen words",,printed,,29,no
Caribs,gali1262,,"and numerals, 1 — 10, p. 291 of Vol. Ill of the : Journal of the Eoyal Geographical Society of London. London, 1833, 8vo.",1833,printed,,29,unclear
Caribs,gali1262,Alclde,"ALCLDE D'OEBIGNY, L'Homme Americain. Paris, 1839, 2 vols. 8vo, Yol. II, pp. 276—399.",1839,printed,,29,no
Caribs,gali1262,,"Mithridates, Vol. Ill, pp. 655, 681, 696, 698.",,printed,,29,unclear
Caribs,gali1262,,"(From Boyer, Pelleprat, Breton, and Biet, with comparison of the Taoi from Laet, and the ArowacJc from Laet and Quandt.)",,printed,,29,unclear
Caribs,gali1262,Balbi,"BALBI, Atlas Ethnographique. Tab. XLI, No. 576 (Caribe pres du Cap Nord — Guyane Frar^aise — He Dominique — He Guadeloupe).",,printed,,29,no
Caribs,gali1262,Gustave,"GUSTAVE DE EICHTHAL, Eapport des Langues Caribe et Polynesienne (pp. 253 —269), and : Eapport des Langues Caribe et Ouolofe (pp. 990—304), of Yol. II of the : Me'moires de la Societe Ethnologique. Paris, Yeuve, Dondey-Dupre, 1845, 8vo ; with comparative vocabularies, viz., Caribe and Guarani, p. 256",1845,printed,,29,no
Caribs,gali1262,Ezekiel,"Some Charibbee Words compared with Mohegan and Hebrew. Pp. xxviii — xxx of: EZEKIEL SANFOBD, A History of the United States before the Revolution, with some account of the Aborigines. Philadelphia, Anthony Finley, 1819, 8vo.",1819,printed,,29,no
Caribs,gali1262,Elias,"Same, compared with Mohegan, Greek, and Hebrew. Pp. 102, 103 of : ELIAS BOTJDINOT, A Star in the West, etc. Trenton, N. J., 1816, 8vo.",1816,printed,,29,no
Caribs,gali1262,D'Oebigny,"A. D'OEBIGNY, L'Homme Americain. Yol. I, p. 162 (Galibi, Kitemoca, Yaois), Yol. II, p. 274 (Caribs), and Tab. to p. 276 (Galibi and Caribs of the Antilles).",,printed,,29,no
Caribs,gali1262,Joan,"A short Yaoi Yocabulary, compared with Shebay and Arrowac. Pp. 642, 643 of : JOAN. DE LAET, Novus orbis. Lugduni Batavorum, 1633, folio.",1633,printed,,29,yes
Caribs,gali1262,Eobeet,"SIE EOBEET H. SCHOMBTJEGK, Comparative Yocabulary of Eighteen Words of Twelve Dialects of the Caribi-Tamanakan stock, viz., Caribisi, Accaway, Macusie, Arecuna, Soerikong, Waiyamara, Guinau, Maiongkong, Woyawai, Mawakwa, Pianoghotto, and Tiverighotto. Pp. 97, 98 of his Vocabularies of Eighteen Lan- ",1848,printed,,29,no
Caribs,gali1262,Eobeet,"SIE EOBEET SCHOMBUEGK, A Yocabulary of the Maiongkong Language. Pp. 217—223 of Yol. IY of the : Proceedings of the Philological Society. London, 1850, 8vo.",1850,printed,,29,no
Caribs,gali1262,Eobeet,"SIE EOBEET SCHOMBTTEGK, Guinau Yocabulary, and affinity of words in the Guinau with other languages and dialects in America, in his "" Contributions to the Philological Ethnography of South America."" Pp. 208—237 of Yol. Ill of the : Proceedings of the Philological Society. London, 1848, 8vo.",1848,printed,,29,no
Caribs,gali1262,Beett,"Yocabulary of Eighteen Words compared with Arawak, Accaway, and Warau. Pp. 297, 298 of: W. H. BEETT, Indian Tribes of Guyana. New York, 1852, 12mo.",1852,printed,,29,no
Caribs,gali1262,Pieeee,P. PIEEEE PELLEPEAT. See Vocabularies above.,,printed,,29,no
Caribs,gali1262,Kaymond,"P. KAYMOND BRETON, G-rammaire Caraibe. Auxerre, Gilles Bouquet, 1668, 8vo.",1668,printed,,32,no
Caribs,gali1262,,"D. L. S., Essai de G-rammaire G-alibi's. See Vocabularies above. Mithridates, Yol. TIT, pp. 685— G96.",,printed,,32,unclear
Caribs,gali1262,Feen,(From the extracts made by P. Sebast. Garcia from the MS. Grammar of P. FEEN. XIMENEZ.),,manuscript,,32,no
Caribs,gali1262,Chrestoph,"On the Carib language as spoken by females, see : CHRESTOPH MEINEES Ges- chichte des weiblichen Geschlechts. Hanover, Helwing, 1788—1800, 4 vols. 8vo, Vol. I, pp. 47—",1788,printed,,32,no
Caribs,gali1262,,Indians of Tennessee and South Carolina.,,printed,,32,unclear
Caribs,gali1262,Smith,"SMITH BAETON, New Views, etc.— Comparative Vocabularies. Mithridates, Vol. Ill, part 3, p. 308 (from Smith Barton). BALBI, Atlas Ethnograpbique. Tab. XLI, No. 794.",,printed,,32,no
Caribs,gali1262,,"No. VII, 41, of the Comparative Vocabulary, pp. 305 — 367 to: A. Gallatin's Synopsis (Archseologia Americana, Vol. II).",,printed,,32,unclear
Caribs,gali1262,Smith,(From SMITH BAETON and MS. authority of J. L. MILLEE.),,manuscript,,32,no
Caribs,gali1262,Viit,"And No. D, VIIT. pp. 94—96 of the vocabularies in Vol. II of the : Transactions of the American Ethnological Society.",,printed,,32,no
Caribs,gali1262,Schoolceait'S,"Comparison of the Languages of the ancient Waccoa of North Carolina, and the Catawba of South Carolina. Pp. £57, 558 of Vol. V of : SCHOOLCEAIT'S Indian Tribes of the United States.",,printed,,32,no
Cathlascons,,,"On the Columbia River, Oregon. Nearly related to the Chinooks and Haeltzucks.",,printed,,32,unclear
Cathlascons,,John,"Vocabulary by JOHN SCOTJLEE, M.D. Pp. 243, 245, 247 of Vol. XI of the : Journal of the Eoyal Geographical Society of London. London^ 1841, 8vo.",1841,printed,,32,unclear
Cayapos,kaya1330,,"Indian tribe of the Aldeia S. Jose de Messamedes, in the Bra- zilian province of Goyaz.",,printed,,32,unclear
Cayapos,kaya1330,Pohl,"J. E. POHL, Reise im Innern von Brasilien. Weimar^ 1832, 2 vols . 4to. Vol. I, p. 447.",1832,printed,,32,no
Cayubabas,cayu1262,,"Indians of "" los Moxos/' in north-eastern Bolivia, on the Rivers Mamore and Yacuma, Mission Exaltacion.",,printed,,32,unclear
Cayubabas,cayu1262,Heevas,"HEEVAS, Origine, Tabb. L et seq.",,printed,,32,no
Cayubabas,cayu1262,Heryas,"HERYAS, Yocabulario poliglotto, pp. 161 et seq.",,printed,,32,no
Cayubabas,cayu1262,Hervas,"HERVAS, Saggio, pp. 63, 64.",,printed,,32,yes
Cayubabas,cayu1262,Hervas,"HERVAS, Aritmetica, pp. 102, 103.",,printed,,32,yes
Cayubabas,cayu1262,,"Mithridates, Yol. Ill, pp. 571, 576.",,printed,,32,unclear
Cayubabas,cayu1262,Balbi,"BALBI, Atlas Ethnographique, Tab. XLI, No. 466.",,printed,,32,no
Cayubabas,cayu1262,,"A. D'C-RBiaNY, L'Homme Americain, Yol. I, pp. 162, 164 ; VoL II, p. 208.",,printed,,32,unclear
Cayubabas,cayu1262,D'Orbigny,"A. D'ORBIGNY, L'Homme Americain. Yol. II, pp. 255, 256.",,printed,,32,no
"Cayuga,  Gogoyans,  Queugues",,,"Tribe of the Iroquois, and one of the original five nations.",,printed,,32,unclear
"Cayuga,  Gogoyans,  Queugues",,Hervas,"HERVAS, Yocabulario Poliglotto, p. 239 (numerals;.",,printed,,32,unclear
"Cayuga,  Gogoyans,  Queugues",,Smith,"SMITH BARTON, New Yiews — Comparative Yocabularies, and p. 20 of the Appendix to the edition of 1798.",1798,printed,,32,unclear
"Cayuga,  Gogoyans,  Queugues",,,"And from him, No. V, e} of the : Yocabularies to A. Gallatin's Synopsis (Archseologia Americana, Yol. II, p. 376).",,printed,,32,unclear
"Cayuga,  Gogoyans,  Queugues",,Barton,"Mithridates, Yol. Ill, Part 3, pp. 318, 334, 335 (from BARTON and DEAN). BALBI, Atlas Ethnographique, Tab. XLI, No. 799.",,printed,,32,unclear
"Cayuga,  Gogoyans,  Queugues",,Adam,"Cayuga Vocabulary, by Kev. ADAM ELLIOT, of Tuscarora. Appendix L, pp. 271 — 277, to : Henry R. Schoolcraft's Notes on the Iroquois. New York, Bartlett and Welford, 1846, 8vo.",1846,printed,,32,unclear
"Cayuga,  Gogoyans,  Queugues",,Schoolcraft'S,"Also : New York State Documents, No. 24, in Senate, January 22, 1846 ; and pp. 393 — 400 (Comparative Vocabulary of the Iroquois) of the same work, edited as a book : Albany, Pease and Co., 1847, 8vo. And pp. 482 — 493 of Yol. II of : SCHOOLCRAFT'S Indian Tribes of the United States.",1846,printed,,32,unclear
"Cayuga,  Gogoyans,  Queugues",,,"An extract from this Vocabulary is given under R. Y. 4, p. 115, of the Yocabularies in Yol. II of: American Ethnological Society's Transactions.",,printed,,32,unclear
Ceris,nyac1238,,"Indians of Sonora, occupying the Island of Tiburou, in the Gulf of California.",,printed,,32,unclear
Ceris,nyac1238,John,"A Vocabulary has been taken by JOHN E. BAETLETT, United States Boundary Commissioner (see : Personal Narrative, Yol. I, pp. 463 — 466).",,printed,,32,no
"Chapacuba,  Hitachi",,,"Indians of Bolivia, near the Mission Carmen, on the Rio Blanco. The Quitemoca tribe speak a different dialect.",,printed,,32,unclear
"Chapacuba,  Hitachi",,D'Orbigny,"A. D'ORBIGNY, L'Homme Americain, Vol. II, p. 208.",,printed,,32,unclear
"Chapacuba,  Hitachi",,D'Obbigny,"A. D'OBBIGNY, L'Homme Americain, Yol. II, pp. 220, 221.",,printed,,32,unclear
Chayma,chai1253,,"Indian nation of Venezuela, department of the Orinoco, on the rivers Guarapiche, Areo, and Caripe, province of Cumana ; once powerful, now nearly extinct. Their language is closely related to the Tamanaca.",,printed,,32,unclear
Chayma,chai1253,Francisco,"P. FRANCISCO DE TATTSTE, Arte y Yocabulario de la Lengua de los Indies Chaymas, Cumanagotos, Cores, Parias y otros diversos de la provincia de Cumana 6 neuva Andalusia : con un tratado a lo ultimo de la doctrina Christiana y catecismo de los misterios de nuestra Santa Fe ; traducido del Castellano e",1680,printed,,32,yes
Chayma,chai1253,Hcmboldt,"A. VON HCMBOLDT and A. BONPLAND, Voyage aux Regions Equinoxiales du Nouveau Continent. Paris, Scholl and Dufour, 1799-1840, 4 vols. 4to j and Atlas in folio. Edition in 8vo, ibid, 1816-1831, 13 vols.",1799,printed,,32,no
Chayma,chai1253,Humboldt,"A. VON HUMBOLDT and A. BONPLAND, E-eise in die Aequinoctial Gegenden des Neuen Continents. Stuttgart and Tubingen, 1818, 8vo, pp. 213—229, 258—261.",1818,printed,,32,yes
Chayma,chai1253,D'Obbigny,"A. D'OBBIGNY, L'Homme Americaii), Yol. II, p. 136.",,printed,,32,no
Chayma,chai1253,Chemehnevis,CHEMEHNEVIS CHEPEWYAN. 35,,printed,,32,no
Chayma,chai1253,Francisco,"P. FRANCISCO DE TATJSTE, see Yocabularies. HUMBOLDT and BONPLAND, see Vocabularies.",,printed,,32,yes
Chemehkevis,,,"A band of Pah-utalis (Utahs of the River), belonging to the great Shohonee family.",,printed,,32,unclear
Chemehkevis,,Lieut,"Chemehnevi Vocabulary , taken by LIEUT. A. W. WHIFFLE, pp. 71—76 of the Report upon the Indian Tribes, added to his : Report on the Route near the 35th Parallel (Yol. II of the: Pacific Railroad Reports. Washington, 1855, 4to).",1855,printed,,32,unclear
Chepewyan,,Vater,"VATER calls this language the foundation of all the North American dialects — a kind of court tongue spoke a by the chiefs of the different nations. The first attempt at a grammar is said to have been made at Cazenovia, by a chief of the name of Sahgah-jewagah-Bahweh. GALLATIN ranks theChepewyan amo",,printed,,32,unclear
Chepewyan,,Arthttb,"Vocabulary of the Indians on the north-west part of the Hudson's Bay, p. 206 — 211 of: ARTHTTB DOBBS, An Account of the Countries adjoining to Hudson's Bay in the north-west part of America ; containing, etc. etc. — to which are added",,printed,,32,unclear
Chepewyan,,,Y Vocabularies of the languages of several Indian nations adjoining to,,printed,,32,unclear
Chepewyan,,,"Hudson's Bay. London, 1744, 4to, map, pp. 211. Reprint, pp. 181, 182, 183 of: Buschmann's Athapaskischer Sprachstamm. Berlin, 1856, 4to.",1744,printed,,32,unclear
Chepewyan,,Alex,"Example of the Chepewyan Tongue, pp cxxix — cxxxii of : ALEX. MACKENZIE,",,printed,,32,unclear
Chepewyan,,,Voyages from Montreal through the Continent of North America,,printed,,32,unclear
Chepewyan,,,"London, Cadell, jun., and Davis, 1801, 4to, maps, pp. viii, cxxxii, 412, 2. Reprint, pp. 180, 181 — 183 of: Buschmann's Athapaskischer Sprachstamm. Berlin, 1856, 4to.",1801,printed,,32,unclear
Chepewyan,,,"P. 145 of the German translation printed at Hamburgh, 1802, 8vo. Pp. 304 — 310 of the French translation, by Castera. Paris, Dentu, 1807, 8vo.",1802,printed,,32,unclear
Chepewyan,,,"Mithridates, Vol. Ill, part 3, p. 424 (from Mackenzie).",,printed,,32,unclear
Chepewyan,,Balbi,"BALBI, Atlas Ethnographique, Tab. XLI, No. 821.",,printed,,32,unclear
Chepewyan,,Mackenzie,"Vocabulary after MACKENZIE, No. 6 (III) of the Comparative Vocabulary of",,printed,,32,unclear
Chepewyan,,,"Fifty-three Nations, in A. Grallatin's Synopsis, etc., pp. 305—367 of Vol. II of: Archseologia Americana. Reprinted under M. Ill, 1, p. 105 of the Vocabularies, in : Transactions of the American Ethnological Society, Vol. II.",,printed,,32,unclear
Chepewyan,,Professor,"PROFESSOR W. W. TURNER (from Mackenzie), Comparative Vocabulary of Twenty-five Words of Chepewyan, Hudson's Bay, Dogrib, Umkwa, Hoopah, Tacully, Navajo, and Apache, pp. 84, 85 of the : Report upon the Indian Tribes, added to Lieutenant A. W. Whipple's Report (Vol. II of the : Pacific Railroad Report",1855,printed,,32,unclear
Chepewyan,,Johht,"Vocabulary of the principal Indian Dialects in use among the Tribes in the Hudson's Bay Territory— Chippewayan, pp. 323—328 of Vol. II of: JOHHT M'1/EAN, Notes of a Twenty-five Years' Service in the Hudson's Bay Territory. London, R. Bentley, 1849, 3 vols. 8vo, pp. 308 and 328.",1849,printed,,32,unclear
Chepewyan,,Howse,"J. HOWSE, Vocabularies of certain North American Indian Languages — Chepe- wyan, I and II ; Beaver, I and II ; Sikanni Dialect of New Caledonia (pp. 191 — 198 of: Proceedings of Philological Society, Vol. IV. London, 1854).",1854,printed,,32,unclear
Chepewyan,,,"Sir John Richardson, Arctic Exploring Expedition (London, 1851, 2 vols. 8vo), contains in Vol. II the/ollowing Vocabularies : —",1851,printed,,32,unclear
Chepewyan,,M'Pherson,"Vocabulary of the Chepewyan Tongue (by MRS. M'PHERSON), with Cree and English Translations, pp. 387—395.",,printed,,32,unclear
Chepewyan,,,"Kutchin and Chepewyan Vocabulary, pp. 382 — 385.",,printed,,32,unclear
Chepewyan,,Lefrot,"J. H. LEFROT, a Vocabulary of Chepewyan and Dogrib Words, pp. 400, 401.",,printed,,32,unclear
Chepewyan,,M'Pherson'S,"MRS. M'PHERSON'S Vocabulary reprinted, pp. 174—177, 182, 183 of: Busch- mann, Athapaskischer Sprachstamm. Berlin, 1856. 4to.",1856,printed,,32,unclear
Chepewyan,,Btjschmann,"Chepewyan, compared with Tahcully, Kutchin, Dogrib, Sussee, Tlatikanai, and Umpqua (pp. 174 — 222) ; and, compared with the same, the Kinai languages, Koloschian, Navajo, and Ticorilla, pp. 269—318 of: BTJSCHMANN, Athapaskischer Sprachstamm. Berlin, 1856, 4to.",1856,printed,,32,unclear
Chepewyan,,Gallatin,"Grammatical Notices on the Cbippewyan Language, as Athapasca, are given by A. GALLATIN, pp. 215, 216, 269 (Cheppeyan) of Vol. II of: Archaologia Americana.",,printed,,32,unclear
"Cherentes,  Chavantes",,Martius,"Brazilian Indians on the banks of the River Tocantins (and the Araguay) — MARTIUS, No. 75, 76, Xavantes, Xerentes. They are total savages, and hostile to the other tribes of Brazilian Indians.",,printed,,32,unclear
"Cherentes,  Chavantes",,Castelnatt,"Langue des Cherentes ou Xerentes de la Riviere de Tocantins, province de G-oyaz (Chavantes). Vocabulaire II, pp. 262—264 of: CASTELNATT, Vol. V, Appendice, and :",,printed,,32,unclear
"Cherentes,  Chavantes",,,"Langue des Chavantes du Rio Tocantins (dialecte de celles des Cherentes), pro- vince de Goyaz. Vocabulaire III, pp. 261—268. Ibid.",,printed,,32,unclear
"Cherokee,   Chilake",,,"The Cherokees, at tlie beginning of this century, still lived south of the Ohio, in sixty-four towns or villages, divided into Ottare (Mountain Cherokees) and Ayrate (Cherokees of the Valley). They are now west of Arkansas.",,printed,,32,unclear
"Cherokee,   Chilake",,,"J. AD AIR, History of the American Indians. London, 1775, 4to, pp. 43, etc. German translation — Breslau, 1782, 8vo.",1775,printed,,32,unclear
"Cherokee,   Chilake",,Smith,"SMITH BARTON, New Yiews, etc. — Comparative Uocabularies.",,printed,,32,unclear
"Cherokee,   Chilake",,,"T. SAT, Vocabularies of Indian Languages, pp. Ixx — Ixxxviii of : Astronomical and Meteorological Records and Vocabularies of Indian Languages, taken on the Expedition for Exploring the Mississippi and its Western Waters, under the command of Major S. II. Long. Philadelphia, 1822, 8vo.",1822,printed,,32,unclear
"Cherokee,   Chilake",,Ltjigi,"LTJIGI CASTIGLIONI, Yiaggio negli Stati Uniti dell' America Settentrionale, fatto negli anui 1785, 1786, e 1787. Milano, 1790, 2 vols. 8vo. Yol. I, pp. 259—266. German translation, by A. M. Petersen. Memmingen, 1793, 2 vols. 8vo ; Yol. I, pp. 322—328.",1785,printed,,32,unclear
"Cherokee,   Chilake",,,"Annual Report on the Civilization of the Indian Tribes. Neivhaven, 1824, 8vo, pp. 58—62.",1824,printed,,32,unclear
"Cherokee,   Chilake",,Viii,"No. VIII, 42, o'f the Comparative Vocabulary of fifty- three nations, pp. 307 — 367 of Yol. II of: Archseologia Americana (by BOTJDINOT and WORCESTER).",,printed,,32,unclear
"Cherokee,   Chilake",,,"Reprinted under B, IX, pp. 82, 84, 86, 88 of the vocabularies in Vol. II of: Transactions of the American Ethnological Society.",,printed,,32,unclear
"Cherokee,   Chilake",,Worcester,"Pp. 398—404 Supplementary Vocabulary in Cherokee (393 Words, by Rev. S. A. WORCESTER) ; and pp. 914 - 420, Select Sentences, ibid.",,printed,,32,unclear
"Cherokee,   Chilake",,Balbi,"Mithridates, Yol. Ill, part 3, pp. 292, 304, 305. BALBI, Atlas Ethnographique, Tab. XLI, No. 791.",,printed,,32,unclear
"Cherokee,   Chilake",,Judge,"The Library of the American Philosophical Society at Philadelphia possesses the following MSS., presented to it by Thomas Jefferson : — Vocabulary of the Cherokee, by JUDGE CAMPBELL.",,manuscript,Library of the American Philosophical Society at Philadelphia possesses the following MSS,32,unclear
"Cherokee,   Chilake",,Benjamin,"Vocabulary of the Cherokee (over Hill) and Choctaw, by BENJAMIN HAWKINS. Vocabulary of the Creek, Chicasaw, Cherokee, and Choctaw, by the same.",,printed,,32,unclear
"Cherokee,   Chilake",,William,"Cherokee numerals (1—300 millions) by WILLIAM BUTLER. Pp. 209—211, Vol. II. of: Schoolcraft's Indian Tribes of the United States.",,printed,,32,unclear
"Cherokee,   Chilake",,,"Cherokee Alphabet. Boston, s. a., folio.",,printed,,32,unclear
"Cherokee,   Chilake",,John,"JOHN PICKERING, Remarks on the Indian Languages of North America, s. 1., 1836, 8vo. Reprint of an article in the : Encyclopaedia Americana, Yol. VI (1831).",1836,printed,,32,unclear
"Cherokee,   Chilake",,Robinson,"German translation — Ueber die Indianischen Sprachen Amerika's iibersetzt und mit Anmerkungen begleitet yon Talvj (MRS. ROBINSON, wife of Dr. Robin- son, of New York). Leipzig, Yogel, 1834, 8vo, pp. viii, 80. (Cherokee, pp. 44 — 51, and note 5, pp. 58 — 72 on Sequoyah's Alphabet.)",1834,printed,,32,unclear
"Cherokee,   Chilake",,John,"JOHN PICKERING, A Grammar of the Cherokee Language. Boston, Mission Press, 1830, 8vo.",1830,printed,,32,unclear
"Cherokee,   Chilake",,,"Only four sheets (pp. 9 — 40) printed ; by the invention of Sequoyah's new alphabet, the work was stopped in its further progress.",,printed,,32,unclear
"Cherokee,   Chilake",,Abelentz,"Kurre Grammatik der Tscherokesischen Sprache. Yon Dr. H. C. VON DEB G-ABELENTZ, pp. 257 — 300 of : Hoefer's Zeitschrift.",,printed,,32,unclear
"Cherokee,   Chilake",,Worcester,"Extracts from John Pickering's Grammar, and answers to grammatical queries, by Rev. S. A. WORCESTER, missionary to the Cherokees, pp. 239—250. Cherokee Transitions, p. 276; and Notes to the Transitions, pp. 291—294. New Cherokee Alphabet, p. 301 of A. Gallatin's Synopsis, etc., in Yol. II of: Archse",,printed,,32,unclear
"Cherokee,   Chilake",,Worcester'S,"Rev. S. A. WORCESTER'S Remarks on the Principles of the Cherokee, in answer to questions transmitted under the direction of the Bureau of Indian Affairs. Pp. 443_456 of Yol. II of: Schoolcraft's Indian Tribes of the United States.",,printed,,32,unclear
"Cherokee,   Chilake",,,"Cherokee Primer. Park Hill, Ark. Mission Press, John Candy, printer, 1840, 18mo, pp. 24. Reprinted, ibid., 1846, 18mo, pp. 24.",1840,printed,,32,unclear
"Cherokee,   Chilake",,,"Cherokee Alphabet, p. 11 ; brief specimens of Cherokee Grammatical forms. Pp. 12, 13, 30-32, 95, 96, 111, 112, 142—144 of Yol I of: The Cherokee Mes- senger (Nos. 1— XII, August, 1844, to May, 1846), Cherokee Baptist Mission Press, 8vo.",1844,manuscript,,32,unclear
"Cherokee,   Chilake",,,"Cherokee Alphabet, one sheet in piano. Printed at the same press. H. Upham, printer.",,printed,,32,unclear
Chetimacha,chit1248,Yater,"Yocabulaire de la Langue des Chetimachas, pp. 73 — 84 of: J. S. YATER, Analekten der Sprachenkunde. Leipzig, 2s Heft, 2te Haelfte, 1821, 8vo.",1821,printed,,32,no
Chetimacha,chit1248,Balbi,"BALBI, Atlas Ethnographique, Tab. XLI, No. 759.",,printed,,32,no
Chetimacha,chit1248,,"No. 49, XIY, of the : Comparative Yocabulary of Fifty-three Nations, pp. 305 —",,printed,,32,unclear
Chetimacha,chit1248,Dfralde,"367 of A. Gallatin's Synopsis, etc., in Vol. II of: Archseologia Americana (from DFRALDE), and No. D, XIV, pp. 95—97 of Vol. II of: Transactions of the American Ethnological Society.",,printed,,32,no
Chetimacha,chit1248,Martin,A Vocabulary of the Chetimachas by MARTIN DURALDE. MS. in the Library of the American Philosophical Society at Philadelphia.,,manuscript,in the Library of the American Philosophical Society at Philadelphia,32,yes
Chiapanecas,,,Indians of the Mexican province of Chiapas.,,printed,,32,unclear
Chiapanecas,,Cepeda,"FR. DE CEPEDA, Artes de las Lenguas Chiapa, Zoque, Celdales y Cinacanteca Mexico, 1560, 4to.",1560,printed,,32,unclear
"Chikkasas,  Chicachas",,,"Indians of Alabama, on the Mobile River, now of Arkansas. The Conchas of Florida West spoke the same language; also the Mobilians.",,printed,,32,unclear
"Chikkasas,  Chicachas",,Adair,"Pp. 38 et seq. in : J. ADAIR, History of the American Indians. London, 1775, 4to, pp. 464.",1775,printed,,32,unclear
"Chikkasas,  Chicachas",,,"German translation — £reslau} 1782, 8vo.",1782,printed,,32,unclear
"Chikkasas,  Chicachas",,Smith,"SMITH BARTON, New Views, etc.— Comparative Vocabularies. (Chikkasah, Conchac, Mobilian.)",,printed,,32,unclear
"Chikkasas,  Chicachas",,Balbi,"Mithridates, Vol. Ill, part 3, pp. 292, 304, 305. BALBI, Atlas Ethnographique, Tab. XLI, No. 789.",,printed,,32,unclear
"Chikkasas,  Chicachas",,,"No. IX, 44, of the : Comparative Vocabulary of Fifty-three Nations, pp. 305 — 367 of A. Gallatin's Synopsis in Vol. II of: Archseologia Americana. (By A. GrALLATiN, from a Chicasa boy.)",,printed,,32,unclear
"Chikkasas,  Chicachas",,Benjamin,"BENJAMIN HAWKINS, Vocabulary of the Creek, Chickasaw, Cherokee, and Choctaw. MS. in the Library of the American Philosophical Society at Phila- delphia.",,manuscript,in the Library of the American Philosophical Society at Phila- delphia,32,unclear
"Chikkasas,  Chicachas",,,"Mithridates, Vol. Ill, part 3, pp. 295—302.",,printed,,32,unclear
"Chimano,  Kulino,  Tikuna",,,"Indian tribes in the southern part of Hyabary, province of Solimoes, Brazil. A part of the Chimanos live in the south of Nueva Granada, on the shores of the Putumajo River, and are called Tikuna.",,printed,,32,unclear
"Chimano,  Kulino,  Tikuna",,Balbi,"BALBI, Atlas Ethnographique, Tab. XLI, No. 539.",,printed,,32,unclear
Chimmesyans,,,"Indians of the north-west coast, from 55° 30' to 53° 30' north latitude. Their language is similar to that spoken by the Tacullies or Carriers.",,printed,,32,unclear
Chimmesyans,,Wobds,WOBDS AND TO CABTTL ARIES.,,printed,,32,unclear
Chimmesyans,,John,"Vocabulary, by JOHN SCOTTLEE, pp. 231, 233, 235 of: Journal of the Royal Geographical Society of London, Vol. XI. London, 1841, 8vo ; and",1841,printed,,32,unclear
Chimmesyans,,,"H. XX, p. 103, of the Vocabularies in Vol. II of: Transactions of the American Ethnological Society.",,printed,,32,unclear
"Chinanteka,  Cinakantequa",,,"Indians of Oajaca, Mexico, in the partidos of Quiechapa, Jala- log, and Chuapan.",,printed,,32,unclear
"Chinanteka,  Cinakantequa",,Cepeda,"FE. DE CEPEDA, Artes de las Lenguas Chiapa, Zoque, Celdales y Cinacanteca. Mexico, 1560, 4to.",1560,printed,,32,unclear
Chinuk,,,"Indians of Oregon, on the right bank of the Columbia River.",,printed,,32,unclear
Chinuk,,Rapinesqtje,"C. S. RAPINESQTJE, Atlantic Journal and Friend of Knowledge. Philadelphia, 1832, 1833, 8vo, p. 134.",1832,printed,,32,unclear
Chinuk,,Gabb,"GABB. FEANCHEEE, Eelation d'un Voyage a la C6te Nord-ouest de 1'Amerique septentrionale dans les aimees 1810—1814. Montreal, 1820, 8vo.",1810,printed,,32,unclear
Chinuk,,Xxviii,"English translation, by J. V. Huntington — New York, Kedfield, 1854, I2mo ; and in A. Gallatin's Synopsis, etc., Appendix, Miscellaneous Vocabu- laries, No. XXVIII, 63, p. 379 of Vol. II of: Archseologia Americana.",1854,printed,,32,unclear
Chinuk,,John,"•Journal of the Royal Geographical Society of London, Vol. XI. London, 1841, Svo, pp. 243—245, 247 : Vocabulary, by JOHN SCOTTLEK, M.D.",1841,printed,,32,unclear
Chinuk,,Hoeatio,"Tshinut Words; see Vocabularies of North- western America in: HOEATIO HALE'S Ethnography and Philology of the United States Exploring Expedition. Philadelphia, Lea and Blanchard, 1840, 4to, pp, 569—629.",1840,printed,,32,unclear
Chinuk,,Hale,"HALE, 1. c., mentions two dialects of Chinuk —",,printed,,32,unclear
Chinuk,,,"Watlala (or Upper Chinooks), divided into Watlala proper (Cascade Indians) and -Nihaloitih (Eclieloots) ; and Chinooks proper, divided into Tshinuk, Tlatsap (Clatsops), and Wakaikams (Wahkyecums).",,printed,,32,unclear
Chinuk,,,"See also pp. 636 — 650 of the above work for a Vocabulary of, and Treatise on, the "" Tsliinuk"" jargon, or Trade Language.",,printed,,32,unclear
Chinuk,,Xxvi,"The Tschinuk (Watlala) Vocabulary of the above work (R) is reprinted under U, XXVI, p. 121, of the : Transactions of the American Ethnological Society, Vol. II.",,printed,,32,unclear
Chinuk,,Xxvi,"The Chiiiuk Vocabulary (Q) of the same work is reprinted under C, XXVI, pp. 89, 91, 93, 95,ibid.",,printed,,32,unclear
Chinuk,,Joel,"Words used in the Chinook Jargon, pp. 147—152 of: JOEL PALMER, Journal of Travels over the Rocky Mountains to the Mouth of the Columbia River, made during the years 1845 and 1846, containing .... also .... about 300 Words of the Chinook Jargon .... Cincinnati, P. A. and H. P. James, 1847, 12mo, pp. ",1845,printed,,32,unclear
Chinuk,,Feost,"A short Vocabulary of the Clatsop Dialect. See pp. 343, 344 of : Ten Years in Oregon, by D. LEE and F, H. FEOST, late of the Oregon Mission of the Methodist Episcopal Church. New York, 1844, 12mo.",1844,printed,,32,unclear
Chinuk,,Samuel,"Vocabulary of the Chenook Language, as spoken about Fort Vancouver, pp. 336—338 of: Rev. SAMUEL PAEKEE, Journal of an Exploring Tour beyond the Rocky Mountains. Ithaca, New York, 1838, 12mo.",1838,printed,,32,unclear
Chinuk,,Alexandee,"Chinook Vocabulary (Appendix), pp. 342 — 349 of: ALEXANDEE Ross, Adven- tures of the First Settlers on the Oregon or Columbia River ; being a Narrative of the Expedition fitted out by John Jacob Astor, to establish the Pacific Fur Company ; with an Account of some Indian Tribes on the Coast of the P",1849,printed,,32,unclear
Chinuk,,Schoolcraft'S,"Vocabulary of the Chinook Trade Jargon, in Note 1 (pp. 548—551) to the article, "" Philosophy of Utterance,"" pp. 543 — 551 in Vol. V of: SCHOOLCRAFT'S Indian Tribes of the United States.",,printed,,32,unclear
Chinuk,,,(Some further reports on this jargon are expected at Washington.),,printed,,32,unclear
Chinuk,,Hoeatio,"Pp. 562—564 of: HOEATIO HALE'S Ethnography and Philology of the United States Exploring Expedition. Philadelphia, Lea and Blanchard, 1847, 4to. Re- printed on pp. 56 — 58 of: Transactions of the American Ethnological Society, Vol. II.",1847,printed,,32,unclear
Chinuk,,Hale'S,"Pp. 635—646 of: HALE'S Ethnography, etc. Article headed—"" The Jargon, or Trade Language of Oregon."" Reprinted (partly) on pp. 62—70 of the : Transac- tions of the American Ethnological Society, Vol. II.",,printed,,32,unclear
"Chippeway,  Ojibway",,,"The principal dialect of the great Algonquin stock. The eastern Chippeways are called Sauteux, or Ojibois.",,printed,,32,unclear
"Chippeway,  Ojibway",,Viii,"Langue des Chippeways, pp. 521, 522, of Yol. VIII of: COUET DE GEBELIN, Monde Primitif. Paris, 1772, 4to.",1772,printed,,32,unclear
"Chippeway,  Ojibway",,Jonathan,"A short Vocabulary of the Chippeway Language, in : JONATHAN CAEVEE, Three Years' Travels through the Interior Parts of North America, for more than Five",,printed,,32,unclear
"Chippeway,  Ojibway",,,"Thousand Miles, containing an Account of the Great Lakes,",,printed,,32,unclear
"Chippeway,  Ojibway",,,"with a concise History of the Genius, Manners and Customs of the Indians inhabiting the lands that lie adjacent to the Heads and to the Westward of the",,printed,,32,unclear
"Chippeway,  Ojibway",,,"Great River Mississippi London, 1778, 4to, map and plates, pp. 544 (the",1778,printed,,32,unclear
"Chippeway,  Ojibway",,Caevee,"Vocabulary, pp. 420 and following). Second edition, London, 1779, 8vo. Reprinted at Dublin, 1779, 8vo. Third edition (by Dr. T. E. Lettsom), with an Account of- the Author. London, 1781, 8vo. Reprinted at Philadelphia in 1789, 8vo. Another Philadelphia reprint, by Joseph Cruikshank, 1789, 12mo, pp. ",1779,printed,,32,unclear
"Chippeway,  Ojibway",,Long,"J. LONG, Voyages and Travels of an Indian Interpreter and Trader, describing",,printed,,32,unclear
"Chippeway,  Ojibway",,,the Manners and Customs of the North American Indians to which is,,printed,,32,unclear
"Chippeway,  Ojibway",,,"added, a Vocabulary of the Chippeway Language and a Table, showing",,printed,,32,unclear
"Chippeway,  Ojibway",,,"the Analogy between the Algonkin and Chippeway Languages. London, Debrett, Egerton, and Co., 1791, 4to.",1791,printed,,32,unclear
"Chippeway,  Ojibway",,,"The English and Chippeway Vocabulary, pp. 218 — 295 ; the Comparative Vocabulary, pp. 184—211. (A. Gallatin calls this "" Eastern Chippeway."") German translation — Hamburg, 1791, 8vo.",1791,printed,,32,unclear
"Chippeway,  Ojibway",,Smith,"SMITH BAETON, New Views, etc.— Comparative Vocabularies.",,printed,,32,unclear
"Chippeway,  Ojibway",,Baudey,"B. D. (BAUDEY DES LOZIEEES), Voyage k la Louisiane et sur le Continent de 1'Amerique septentrionale, fait dans les annees 1794 & 1798. Paris, Dentu, 1802, 8vo. (The Vocabulary on pp. 353 and following.)",1794,printed,,32,unclear
"Chippeway,  Ojibway",,Peofessoe,"PEOFESSOE T. SAT, Comparative Vocabulary of Various Dialects of the Lennape Stock of North American Indians (Forty-five Words in Fifteen Dialects, among them Chippeway). Pp. 135 — 145 of: DE. EDWAEDS' Observations on the Mohe- gan Language, published by John Pickering, in Vol. X of the second series",1823,printed,,32,unclear
"Chippeway,  Ojibway",,,"Annual Report on the Civilization of Indian Tribes. Newhaven, 1824, 8vo, pp. 55 — 57.",1824,printed,,32,unclear
"Chippeway,  Ojibway",,,"Indian Vocabularies — Chippeway or Chippewa. Part 4, pp. 449 — 459, of the",,printed,,32,unclear
"Chippeway,  Ojibway",,Will,"Appendix to Vol. II of: WILL. H. KEATING, Narrative of an Expedition to the Source of the St. Peter's River, Lake Winnepeck, Lake of the Woods, etc. etc.,",,printed,,32,unclear
"Chippeway,  Ojibway",,,performed in the year 1823 under the command of Stephan H. Long.,1823,printed,,32,unclear
"Chippeway,  Ojibway",,,"Philadelphia, Carey and Lea, 1824, 2 vols. Svo, map and plates. Reprinted at London, by Whittaker, 1825, 2 vols. Svo.",1824,printed,,32,unclear
"Chippeway,  Ojibway",,Thomas,"Vocabulary of the Algic, or Chippeway Language, pp. 487 — 493 of the Appendix to : THOMAS L. MCKENNEY, Sketches of a Tour to the Lakes, of the Character and Customs of the Chippeway Indians, and of Incidents connected with the Treaty of Fond du Lac ; also, a Vocabulary of the Algic, or Chippeway Lan",1827,printed,,32,unclear
"Chippeway,  Ojibway",,Edwin,"Ojibway Words and Phrases, pp. 399—418 of: DR. EDWIN JAMES, A Narrative of the Captivity and Adventures of John Tanner, United States Interpreter at the Saut de St. Marie, during Thirty Years' Residence among the Indians. New York, Carvill, 1830, Svo, plates, pp. 426 (pp. 294—312, 399—417).",1830,printed,,32,unclear
"Chippeway,  Ojibway",,Heney,"HENEY R. SCHOOLCRAFT, A Vocabulary of Words and Phrases in the Chippe- way Language (comprising the Letters A and B, and stating at the end that cir- cumstances prevented the insertion of the remainder of this Vocabulary), on pp. 203 — 210 of his : Narrative of an Expedition through the Upper Missis",1834,printed,,32,unclear
"Chippeway,  Ojibway",,Schoolcraft,"Words under IV, 8, of: Comparative Vocabulary of Fifty-three Nations, in A. Gallatin's Synopsis in : Archseologia Americana, Vol. II, ""pp. 305—367. Re- printed under A, IV, pp. 78, 80, 82, of Vol. II of : American Ethnological Society's Transactions. (From SCHOOLCRAFT, JAMES, and KEATING.)",,printed,,32,unclear
"Chippeway,  Ojibway",,Long,"Eastern Chippeways, under IV (e) of the : Comparative Vocabulary of Sixteen Tribes. Ibid., pp. 369 (from J. LONG). Reprinted under N, IV, 3, p. 107 of the Vocabularies in: American Ethnological Society's Transactions, Vol. II, pp. 414 4 416. Ibid. "" Select Sentences.""",,printed,,32,unclear
"Chippeway,  Ojibway",,Caryee,"Mithridates, Vol. Ill, part 3, pp. 415, 416 (from CARYEE, LONG, and BATJDRT DES LOZLKRES).",,printed,,32,unclear
"Chippeway,  Ojibway",,Balbi,"BALBI, Atlas Ethnographique, Tab. XLI, No. 818 (Chippeway propre ou Ochippeway) .",,printed,,32,unclear
"Chippeway,  Ojibway",,Peinzen,"Reise des PEINZEN MAXIMILIAN ztr WIED in das Innere Nord Amerika's in den Jahren 1832 bis 1834. Coblenz, Hoelscher, 1838-1841, 2 vols. 4to, Vol. II, pp. 592—599.",1832,printed,,32,unclear
"Chippeway,  Ojibway",,,"Translated into French. Paris, Bertrand, 1843, 3 vols. Svo.",1843,printed,,32,unclear
"Chippeway,  Ojibway",,John,"Sauteu or Ogibois Vocabulary (Eastern Chippeways), in the Vocabulary of the Principal Indian Dialects in use among the TVibes in the Hudson's Bay Territory, pp. 323-328 of Vol. II of: JOHN M'LEAN, Notes of a Twenty-five Years' Service in the Hudson's Bay Territory. London, Bentley, 1849, 2 vols. 12m",1849,printed,,32,unclear
"Chippeway,  Ojibway",,Heckewelder,"REV. M. HECKEWELDER, Comparative Vocabulary of Lcnut-Lennape proper,",,printed,,32,unclear
"Chippeway,  Ojibway",,,"the Miusi Dialect, the Mahicanni, Natick, or Nadic Chippeway, Shawano, and Nanticoke. MS. in the Library of the American Philosophical Society at Phila- delphia.",,manuscript,in the Library of the American Philosophical Society at Phila- delphia,32,unclear
"Chippeway,  Ojibway",,William,"Numerals of — I. Ojibway of Chegoimegon, by WILLIAM W. WAEEEN (1 — billion, and 1—10 in the Pillagers, or Northern Ojibway Tongue), pp. 211 —213. II. Chippewa of the Upper Mississippi, by M. FAIRBANKS (1—100,000), pp. 216—218. And Ojibway (Vocabulary), Analytical Forms, with Comments, pp. 412—416, 4",,printed,,32,unclear
"Chippeway,  Ojibway",,Johnston,"• Vocabularies I, Algonquin Group. Ojibwa of St. Mary's, by G-. JOHNSTON; Ojibwa of Grand Travene Bay, by KEV. P. DOUGHEBTY ; Ojibwa of Saganaw, by G. MOEAN; Ojibwa of Michilimackinac, by W. JOHNSTON, on pp. 458 — 469 of Vol. II of : Schoolcraft's Indian Tribes of the United States.",,printed,,32,unclear
"Chippeway,  Ojibway",,Feed,"REV. FEED. BAEAGA, A Dictionary of the Otchipwe Language, explained in English. This language is spoken by the Chippewa Indians, as also by the Otawas, Potawatamies, and Algonquius, with but slight differences. For the use of mis- sionaries, etc. Cincinnati, printed by Jos. E. Heemann, 1853, 12mo, p",1853,printed,,32,unclear
"Chippeway,  Ojibway",,Schoolcraft'S,"Comparative Vocabulary of Pamptico, Natic, and Chippewa (of Michigan), pp. 556, 557 of Vol. V of : SCHOOLCRAFT'S Indian Tribes of the United States.",,printed,,32,unclear
"Chippeway,  Ojibway",,,"A Lexicon of the Algonquin Language, part 1, Chippewa, A, pp. 565 — 569. Ibid.",,printed,,32,unclear
"Chippeway,  Ojibway",,,"Comparative Chippewa and Mahican Vocabulary of Twenty-two Words, p. 620. Hid.",,printed,,32,unclear
"Chippeway,  Ojibway",,Edwin,"EDWIN JAMES, Outline of the Paradigma of a Chippeway Vocabulary .... s. a Albany, folio.",,printed,,32,unclear
"Chippeway,  Ojibway",,Bingham,"A. BINGHAM, Ojibwa Spelling-book, according to the improved orthography of Edwin James. Albany, 1825, 8vo.",1825,printed,,32,unclear
"Chippeway,  Ojibway",,Heney,"HENEY A. SCHOOLCEAFT, Two Lectures on the Chippewa Substantive. Pp. 169—202 of: Narrative of an Expedition .... to Itasca Lake. New York, Harpers, 1834, 8vo, map, pp. 307.",1834,printed,,32,unclear
"Chippeway,  Ojibway",,,"Part of a course of Lectures on the Grammatical Structure of the Indian Languages, delivered before the St. Mary's Committee of the Algic Society. The continuation of these lectures (Lectures III and IV) is published in:",,printed,,32,unclear
"Chippeway,  Ojibway",,Heney,"HENEY A. SCHOOLCRAFT, Oneota, or the Eed Race of America New",,printed,,32,unclear
"Chippeway,  Ojibway",,,"York, Burges, Stringer, and Co., 1844-45, 1 vol. (Nos. 1—8) 8vo, pp. 512 (pp. 93—104, 221 —232) .",1844,printed,,32,unclear
"Chippeway,  Ojibway",,Gallattdet,"GALLATTDET, Picture-definer and Reading-book. Boston, Crocker and Brewster, for the American Board of Commissioners for Foreign Missions, 1835, 12mo, pp. 123.",1835,printed,,32,unclear
"Chippeway,  Ojibway",,,"Ojibwa Spelling-book, designed for the use of native learners. Printed for the American Board of Commissioners for Foreign Missions. Boston, Crocker and Brewster, 1835, 12mo, second edition, pp. 127. Third edition, ibid., 1846, 12mo, pp. 96.",1835,printed,,32,unclear
"Chippeway,  Ojibway",,Schoolcraft'S,"Chippeway Nouns (from SCHOOLCRAFT'S Lectures), pp. 244— 248 of: A. Gal- latin's Synopsis, etc., in Vol. II of : Archseologia Americana. Chippewa Tran- sitions, ibid., p. 289.",,printed,,32,unclear
"Chippeway,  Ojibway",,Belcourt,"KEY. G-. A. BELCOURT, Principes de la Langue des Sauvages appeles Sauteux. Quebec, imprimerie de Frechette and Co., 1839, 12rno, pp. 146.",1839,printed,,32,unclear
"Chippeway,  Ojibway",,Peter,"A Chippeway Primer, compiled by the KEV. PETER DOUGHERTY. Printed for the Board of Foreign Missions of the Presbyterian Church. New York, John Westall, 1844, 12mo, pp. 44. Second edition, ibid., 1847, 12mo, pp. 123.",1844,printed,,32,unclear
"Chippeway,  Ojibway",,Peter,"Short Reading Lessons in the Ojibway Language, translated by the KEY. PETER DOUGHERTY. New York, John Westall and Co., 1847, 12mo.",1847,printed,,32,unclear
"Chippeway,  Ojibway",,Joseph,"JOSEPH HOWSE, A Grammar of the Cree Language, with which is combined an Analysis of the Chippeway Dialect. London, Rivington, 1844, 8vo, pp. xx, 324.",1844,printed,,32,unclear
"Chippeway,  Ojibway",,Edwin,"EDWIN JAMES, M.D., Essay on the Chippeway Language. Head before the American Lyceum, at the third annual meeting, in the city of New York, May 3rd, 1833, pp. 73—80 of No. V of: The North American Savages (September, 1835), 8vo.",1833,printed,,32,unclear
"Chippeway,  Ojibway",,Fred,"KEY. FRED. BARAGA, missionary at L'Ance, Lake Superior, A Theoretical and Practical Grammar of (he Otchipwe Language. Detroit, printed by JabezFox, 1851, 12mo, pp. 576.",1851,printed,,32,unclear
"Chippeway,  Ojibway",,Vater,"The Transitions called "" Chippeway,"" in : J. S. VATER, Analekten der Sprachkunde. Leipzig, 1821, 8vo. Heft 2, pp. 15 — 20, are "" Delaware.""",1821,printed,,32,unclear
"Chippeway,  Ojibway",,Thomas,"KEY. THOMAS HURLBUT, A Memoir on the Inflections of the Chippewa Tongue. Pp. 383—396 of Yol. IV of: Schoolcraft's Indian Tribes of the United States.",,printed,,32,unclear
"Chippeway,  Ojibway",,Schoolcraet'S,"Conjugation of the Verb "" Waub."" See pp. 291 — 388 of : SCHOOLCRAET'S Indian Tribes of the United States.",,printed,,32,unclear
"Chippeway,  Ojibway",,,"Original Words of Indian Songs literally translated. Chippewa. Pp. 559 — 564, ibid.",,printed,,32,unclear
"Chippeway,  Ojibway",,,"Etymology (Chippewa), pp. 593 — 600, ibid.",,printed,,32,unclear
"Chippeway,  Ojibway",,,"Some Data respecting the Principles of the Chippewa and Mahican Languages, in a series of letters written during the years from 1822 — 1827. Chippewa. Pp. 601-618, ibid.",1822,printed,,32,unclear
Chiquitos,chiq1248,,"In South America, on the Upper Paraguay, between the Chaco and Brazil.",,printed,,32,unclear
Chiquitos,chiq1248,Padre,"Gilii, Saggio, etc., Vol. Ill, pp. 244—248, 334-339 (from the MS. notices of PADRE CAMANO).",,manuscript,,32,yes
Chiquitos,chiq1248,Heryas,"HERYAS, Vocabolario, pp. 163 et seq.",,printed,,32,no
Chiquitos,chiq1248,Heevas,"HEEVAS, Origine, pp. 27, 29, 37, 41, 44, 48, Tabb. XLIX, L, LI.",,printed,,32,no
Chiquitos,chiq1248,Heevas,"HEEVAS, Saggio, pp. 99—101.",,printed,,32,no
Chiquitos,chiq1248,,"Mithridates, Vol. Ill, pp. 554, 570.",,printed,,32,unclear
Chiquitos,chiq1248,Balbi,"BALBI, Atlas Ethnographique, Tab. XLI, No. 463.",,printed,,32,no
Chiquitos,chiq1248,Alcide,"Vocabulary of Twenty-three Words. Vol. I, p. 164, of: ALCIDE L'Homme Americaiu. Paris, 1839, 2 vols. 8vo. Vol. II, p. 136, tbree words of the Cuciguia dialect.",1839,printed,,32,yes
Chiquitos,chiq1248,Castelnatj,"Vocabulaire, No. XIV, Langue des Cbiquitos, in : FE. DE CASTELNATJ, Expedi- tion, Vol. V, Appendice, pp. 286—288.",,printed,,32,no
Chiquitos,chiq1248,,"Vocabulario de la Lengua Chiquita. Parte la : Espanol y Chiquito. 1 yol. 4to, of nearly 700 pages. Parte 2a : Cbiquito y Espafiol del Pueblo de S. Xavier (where it was composed by the Jesuits) . One vol. folio, of about 700 pages, two columns on every page. MS. in the possession of M. Alcide D'Orbig",,manuscript,in the possession of M,32,unclear
Chiquitos,chiq1248,Gilii,"GILII, Saggio, Vol. Ill, pp. 244-248, 334—339. Mithridates, Vol. Ill, pp 559—563.",,printed,,32,no
Chiquitos,chiq1248,D'Oebigny,"D'OEBIGNY, L'Homme Americain, Vol. I, pp. 134—136 ; Vol. II, pp. 161 — 163, and p. 180 (Curuminaca tribe), p. 182 (Covarecatribe),p. 184 (Curaves tribe), p. 185 (Tapiis tribe).",,printed,,32,no
"Choctaw,   Chahtah",,,Indians of the Appalachian stock. Their language is closely related to those of the Chikasas and of the Muskoghees. The French in Louisiana used the Choctaw language for their com- munications with other Indian tribes. They live now west of Arkansas.,,printed,,32,unclear
"Choctaw,   Chahtah",,Luigi,"LUIGI CASTIGLIONI, Viaggio negli Stati Uniti dell' America settentrionale, etc. Milano, 1790, 2 vols. 8vo (Vol. I, pp. 259—266).",1790,printed,,32,unclear
"Choctaw,   Chahtah",,,"German translation by A. M. Petersen. Memmingent Seiler, 1793, 8vo (pp. 322—328).",1793,printed,,32,unclear
"Choctaw,   Chahtah",,Smith,"SMITH BAETON, New Views— Comparative Vocabularies. Mithridates, Vol. III. part 3, pp. 292, 298, 304, 305. BALBI, Atlas Ethnographique, Tab. XI, No. 790.",,printed,,32,unclear
"Choctaw,   Chahtah",,John,"Choctaw Numerals, by JOHN DEENNEN, United States Agent, pp. 204 — 206 of Vol. II. of : Schoolcraft's Indian Tribes of the United States.",,printed,,32,unclear
"Choctaw,   Chahtah",,Lewis,"Some Words from the Language of the Choctaws (18, of which 14 are numerals), by LEWIS BEANTZ, 1785, p. 347 of Vol. Ill of the same work.",1785,printed,,32,unclear
"Choctaw,   Chahtah",,Gallatin'S,"No. IX, 43, of the : Comparative Vocabulary (pp. 307—367) to A. GALLATIN'S Synopsis in Vol. IT of: Arehaeologia Americana (from Wright's Spelling-book), and : Chocta Vocabulary, by ALFRED WEIGHT, ibid., pp. 371—396. Also : Com- parative Vocabulary of the Chocta and Muskoghee (97 words out of 600 whi",,printed,,32,unclear
"Choctaw,   Chahtah",,,"No. IX, 43, reprinted as B, X 1, pp. 82, 84, 86, 88, of the Vocabularies in Vol. II. of : Transactions of the American Ethnological Society. The com- parative vocabulary, ibid., p. cxii.",,printed,,32,unclear
"Choctaw,   Chahtah",,Benjamin,"MS. Vocabularies of the Cherokee (over Hill) and Choctaw ; and of the Creek, Chickasaw, Cherokee, and Choctaw — both by BENJAMIN HAWKINS — are in the Library of the American Philosophical Society at Philadelphia.",,manuscript,in the Library of the American Philosophical Society at Philadelphia,32,unclear
"Choctaw,   Chahtah",,Adaie,"Mithridates, Vol. Ill, part 3, pp. 300—302 (from ADAIE, pp. 38, 39, 41, 44, 68, 70—73).",,printed,,32,unclear
"Choctaw,   Chahtah",,,"A Spelling-book written in the Chahtah Language, with an English translation. Second edition, revised. Cincinnati, printed by Morgan, Dodge, and Fisher, 1827, 8vo.",1827,printed,,32,unclear
"Choctaw,   Chahtah",,,"Chahta Holisso. Boston, Crocker and Brewster, for the American Board of Commissioners for Foreign Missions, 1830, 12mo, pp. 108. Third edition, revised, ibid., 1835, 12mo, p. 72.",1830,printed,,32,unclear
"Choctaw,   Chahtah",,,"Chahta Holisso, it ini Anumpuli ; or, the Choctaw Header. For the use of native schools. Union, printed for the American Board of Commissioners for Foreign Missions, by John F. Wheeler, 1836, 12mo, p. 123.",1836,printed,,32,unclear
"Choctaw,   Chahtah",,Cyeus,"CYEUS BYINGTON, An English and Choctaw Defmer for the Choctaw Academies and Schools .... 18mo, pp. 252. New Yurie, 1852.",1852,printed,,32,unclear
"Choctaw,   Chahtah",,Cteus,"CTEUS BYINGTON, Choctaw Vocabulary, pp. 62 — 64 of the : Eeport upon the Indian Tribes, added to Lieutenant A. W. Whipple's Keport in Vol. II of : Pacific Eailroad Eeports. Washington, 1855, 4to.",1855,printed,,32,unclear
"Cholo,  Choco",,,"Indians of Nueva Granada, from the Gulf of San Miguel to the Bay of Choco, and thence, with a few interruptions, to the northern parts of Equador.",,printed,,32,unclear
"Cholo,  Choco",,Edwaed,"Cholo Vocabulary, by DE. EDWAED CULLEN ; and Comparison of the Cholo with the Languages of the Oronoco, by DE. E. Gr. LATHAM, p. 190 of part 2 of Vol. XX of : Journal of the Eoyal Geographical Society. London, John Murray, 1851, 8vo.",1851,printed,,32,unclear
"Cholo,  Choco",,Beethold,"« Pp. 179 — 181 of: BEETHOLD SEEMAN, The Aborigines of the Isthmus of Panama, in : Transactions of the American Ethnological Society, Vol. Ill, p. 1.",,printed,,32,unclear
Chondal,,,"Language spoken by the Indians of Chontales, on the northern shores of the Lake of Nicaragua.",,printed,,32,unclear
Chondal,,Squiee,"E. GEO. SQUIEE, Nicaragua New York, Appleton, 1852, 2 vols. 8vo.",1852,printed,,32,unclear
Chondal,,Jtjl,"Vol. II, pp. 314, 324, 325 (from JTJL. FROEBEL), and : Transactions of the American Ethnological Society, Vol. Ill, part 1, pp. 101, 106—110.",,printed,,32,unclear
Chorotegans,,,"Indians of Nicaragua to the north of the Mexican inhabitants of Nicaragua (the Niquirans), between the Pacific Ocean, Lake Managua, and the Gulf of Fonseca. They are divided into — Chorotegans proper, or Dirians ; Nagrandans, in the plain of Leon ; and Orotinans, in the district of Guanacaste.",,printed,,32,unclear
Chorotegans,,Squiee,"E. GEO. SQUIEE, Nicaragua New York, Appleton, 1852, 2 vols. 8vo.",1852,printed,,32,unclear
Chorotegans,,,"Vol. II, pp. 320 — 333, Dirian from Masaya ; and : Transactions of the American Ethnological Society, Vol. Ill, part 1, pp. 101, 106—110.",,printed,,32,unclear
Chorti,chor1273,,"On the banks of the Motagua, in Guatemala. A language related to the Maya and Poconchi.",,printed,,32,unclear
Chorti,chor1273,John,"A short Vocabulary, taken by JOHN L. STEPHENS, at Zacapa, is given in: A. Gallatin's Notes on the Semi-civilized Nations of Mexico. (Vol. I of: Trans- actions of the American Ethnological Society.) New York, Bartlett and Welford, 1845, 8vo, pp. 9, 10.",1845,printed,,32,yes
Chow-E-Shak,,,"Indians of north-western California, on the head of Eel River.",,printed,,32,unclear
Chow-E-Shak,,Eoege,"G-EOEGE Q-IBBS, Vocabulary, Schoolcraft's Indian Tribes of the United States, Vol. Ill, pp. 434—440.",,printed,,32,unclear
"Chuntaquiuos,  Pieos",,,"Brazilian Indians in the neighbourhood of Santa Rosa, in the province of Goyaz.",,printed,,32,unclear
"Chuntaquiuos,  Pieos",,Xvii,"Langue des Chuntaquiros ou Piros (Simisenchis) du Tillage de Santa Rosa, Vocabulary, No. XVII, pp. 290, 291 of : CASTELNATJ, Vol. V, Appendice.",,printed,,32,unclear
"Cinaloa,  Or  Sinaloa",,Hervas,"According to HERVAS, three languages were spoken by the Indians of the Mexican State of Cinaloa — the Tubar, the Zoe, and the Hiaquij which latter was the principal one. DE SOUZA mentions : ""Arte de la Lengua Principal de Cinaloa, por P. Luis BONIFAZ. BONIFAZ was missionary to the Indians of Cinaloa",1602,manuscript,"in the latter year at Valladolid, in Michoacan",32,unclear
Cobeu,,Alfred,"Vocabulary (of Ninety-eight Words), pp. 521—541 of: ALFRED R. WALLACE, A Narrative of Travels on the Amazon and Eio Negro. London, Keeve and Co., 1853, 8vo.",1853,printed,,32,unclear
Cocanas,,Tius,Brazilian Indians on the Upper Amazon (Cocuannas of MAR- TIUS? No. 224).,,printed,,32,unclear
Cocanas,,Castelnau,"Langue des Cocanas de Nauta. Vocabulaire, No. XIX, pp. 293, 294 of: CASTELNAU, Vol. V, Appendice.",,printed,,32,unclear
Cochimi,coch1272,,"Indians of Upper California, near the Mission St. Xaverio. Related to the Laymons.",,printed,,32,unclear
Cochimi,coch1272,Cocomaricopas,"50 COCOMARICOPAS — COCONUCOS,",,printed,,32,no
Cochimi,coch1272,Heevas,"HEEVAS, Yocabolario Poliglotto, p. 161 et eeq.",,printed,,32,no
Cochimi,coch1272,Heevas,"HEEVAS, Aritmetica, p. 113.",,printed,,32,no
Cochimi,coch1272,Heevas,"HEEVAS, Saggio, pp. 125, 233—237 (Dialect of St. Gertrudis).",,printed,,32,no
Cochimi,coch1272,Heevas,"HEEVAS, Origine, Tab. L et seq,",,printed,,32,no
Cochimi,coch1272,Heevas,"Mithridates, Vol. Ill, part 3, pp. 185, 198, 199, Cochimi and Cochimi-Laymon of the Missions S. Xaverio and Jos. Comandu ; S. Borgia and S. Gertrudis (from HEEVAS). ^",,printed,,32,no
Cochimi,coch1272,Balbi,"BALBI, Atlas Etlinographique, Tab. XLI, No. 826. A. FOEBES, History of California. London, 1839, 8vo.",1839,printed,,32,no
Cochimi,coch1272,,"Mithridates, Vol. Ill, part 3, pp. 192—198.",,printed,,32,unclear
Cocomaeicopas,,,"Indians of Sonora, near the River Gila.",,printed,,32,unclear
Cocomaeicopas,,Lieutenant,"Short Vocabulary (Apache ?), collected by LIEUTENANT EMOBY, p. 109 of Vol. II of: American Ethnological Society's Transactions.",,printed,,32,unclear
Cocomaeicopas,,John,"A Vocabulary of the Cocomaricopa Language has been taken by JOHN R. BAET- LETT, the United States Boundary Commissioner.",,printed,,32,unclear
Cocomaeicopas,,Lieutenant,"Cocomaricopa Vocabulary, by LIEUTENANT A. W. WHIPPLE, p. 94 of the Report upon the Indian Tribes ; added to his Report on the Route near the 35th Parallel, in Vol. II of : Pacific Railroad Reports. Washington, 1855, 4to.",1855,printed,,32,unclear
Coconucos,cauc1241,,Indians of the province of Gudinamarca in Nueva Granada. The Polindaras and Guambias are kindred tribes.,,printed,,32,unclear
Coconucos,cauc1241,Tommaso,"Notices and some Words of the Coconucos, Polindaras, and Guambias, given on pp. 43—45 of: TOMMASO C. DE MOSQUEEA, Memoria Sobre la Geografia Fisica y Politica de la Nueva Granada. Nuevo York, imprenta de J. W. Benedict, 1852, 8vo.",1852,printed,,32,no
Coconucos,cauc1241,,"English translation, by Theodore D wight. Ibid., 8vo.",,printed,,32,unclear
Cocopas,coco1261,,"Indians of Sonora, between the Rio Gila and the Gulf of Cali- fornia.",,printed,,32,unclear
Cocopas,coco1261,John,"A Vocabulary has been taken by JOHN R. BARTLETT, United States Boundary Commissioner.",,printed,,32,yes
Comanches,coma1245,,"Indians of Texas, belonging to the great Shoshonee or Snake family. They range from the sources of the Brazos and Colorado, rivers of Texas, over the great Prairies, to the waters of the Arkansas and the mountains of Rio Grande. They are also called Hietans, Jetans, and Paducas.",,printed,,32,unclear
Comanches,coma1245,Bollaekt'S,"Comanche Names and Numerals, on pp. 273, 274 of: WM. BOLLAEKT'S Ob- servations on the Indian Tribes in Texas, in Yol. II of : Journal of the Ethno- logical Society of Londoai. London, 1850, 8vo.",1850,printed,,32,no
Comanches,coma1245,Heinkich,"DR. HEINKICH BERGHAUS, liber die Yerwandtschaft der Schoschonen, Komant- schen und Apachen, in : Physikalischer Atlas ; Geographisches Jahrbuch, 1851. N. III. Gotha, Justus Perthes, 4to, pp. 48 — 62, map. Yocabulary, pp. 51—53.",1851,printed,,32,no
Comanches,coma1245,Captain,"CAPTAIN R. B. MARCY, Yocabularies of Words in the Languages of the Coman- ches and Witchitas. Appendix H, pp. 273 — 276 of : Eandolph B. Marcy and Geo. B. M'Clellan, Exploration of the Red River of Louisiana, in the year 1852. Wash- ington, Nicholson, public printer, 1854, 8vo. (33rd Congr., 1 Sess.",1852,printed,,32,no
Comanches,coma1245,Neighbors,"Comanche Yocabulary, by ROB. S. NEIGHBORS, ESQ., pp. 494 — 505 of Yol. II of: Schoolcraft's Indian Tribes of the United States.",,printed,,32,no
Comanches,coma1245,Neighbors,"ROB. S. NEIGHBORS, The Na-ii-ni or Comanche of Texas ; their Traits and Beliefs, and their Divisions and Intertribal Relations. Ibid.t pp. 125— 134. (Comanche Numeration, pp. 129, 130.)",,printed,,32,no
Comanches,coma1245,Lieutenant,"Comanche Yocabulary, taken from Jesse Chisholm, a Cherokee, by LIEUTENANT A. W. WHIPPLE, pp. 71 — 76 of the Report upon the Indian Tribes; added to his Report on the Route near the 35th Parallel, in Yol. II of: Pacific Railroad Reports. Washington, 1855, 4to.",1855,printed,,32,no
Comanches,coma1245,John,"A Comanche Vocabulary has been collected by JOHN R. BARTLETT, the United States Boundary Commissioner.",,printed,,32,no
Concho,conc1237,Juan,"A dialect of the Mexican language. Bishop JUAN ESPINOZA, Franciscan, of the province of Zacatecas (Mexico), and Bishop of Santiago de Chile, wrote, according to ARLEGUI and DE SOUZA : Arte y Vocabulario completo del Idioma Concho.",,printed,,32,no
Conibos,coni1241,,"Indians of the Pampa del Sacramento, on the left banks of the Ucayale.",,printed,,32,unclear
Conibos,coni1241,Saint,"Words, pp. 286 and 292 of: Indiens Conibos, par M. DE SAINT CEICQ, pp. 274 —295 of Tome VI of the fourth series of: Bulletin de la Socie'te' de Geographic. Paris, A. Bertrand, 1853, 8vo.",1853,printed,,32,no
Copeh,,,"Indians of north-western California, at the Putor Creek.",,printed,,32,unclear
Copeh,,George,"GEORGE GIBBS, Vocabulary in: Schoolcraft's Indian Tribes of the United States, Vol. Ill, pp. 428—434.",,printed,,32,unclear
Cora,elna1235,,"Indians of New Mexico, near the Missions of Najarit. Their language resembles very much the Mexican.",,printed,,32,unclear
Cora,elna1235,Ortega,"P. Jos. DE ORTEGA, Vocabulario en Lengua Castellana y Cora. Mexico, 1732, 4to. Fifty-two leaves.",1732,printed,,32,yes
Cora,elna1235,Hervas,"HERVAS, Vocabolario Poliglotto, pp. 161 et seq. HERVAS, Saggio, p. 121. HERVAS, Aritmetica, pp. 111—113.",,printed,,32,no
Cora,elna1235,Hervas,"HERVAS, Origine, pp. 29, 37, 41, 44, 45, 48, 49, 118, 120, 121, 178, Tabb. XLIX, L, LI et seq. (Gives also Nayarit words.)",,printed,,32,no
Cora,elna1235,Vater,"J. S. VATER, Proben, etc. Leipzig, 1816, 8vo, pp. 353—373. BALBI, Atlas Ethnographique, Tab. XLI, No. 703.",1816,printed,,32,no
Coroados Costanos,,Jose,"Doctrina Cristiana, Oraciones, Confesonario, Artc y Vocabulario de la Lengua Cora, por P. JOSE ORTEQA. Printed by the Bishop of G-uadalaxara, Sr. Don Nicolas Gomez de Cervantes, 1729.",1729,printed,,53,unclear
Coroados Costanos,,Joseph,"Vocabulario del P. JOSEPH DE OETEGA. Mexico, 1732, 8vo. The preface contains grammatical notices.",1732,printed,,53,unclear
Coroados Costanos,,,"Mithridates, Vol. Ill, part 2, pp. 131—138.",,printed,,53,unclear
"Coroados,  Cohopos",,,"Two Indian tribes on the banks of the rivers Paraiba and Pomba, in the Brazilian provinces Bio de Janeiro and Miiias Geraes.",,printed,,53,unclear
"Coroados,  Cohopos",,Eschwege,"ESCHWEGE, Journal fur Brasilien. Weimar, 1818, 8vo, 1s Heft. BALBI, Atlas Ethnographique, Tab. XLI, Nos. 498, 499.",1818,printed,,53,unclear
Cokreguajes,,,Indians of the New Granadian territory of Mocoa (formerly departamento del Assuai).,,printed,,53,unclear
Cokreguajes,,Manuel,"Vocabulario Correguaje Espanol. Taken by the Presbytero MANUEL MAEIA ALBIS, in 1854. Pp. 21 — 24 of: Los Indios del Andaqui. Popayan, 1855, 16mo.",1854,printed,,53,unclear
Costanos,cost1250,,"Californian Indians on the Bay of San Francisco, and formerly under the supervision of the Mission Dolores. There were five tribes : A.h-wash-tes, Ol-hones (called, by the Spaniards, Cos- tanos, or, Indians of the coast), Al-tah-mos, Ro-mo-nans, and Tu-lo-mos. A few other small tribes round the Bay ",,printed,,53,unclear
Costanos,cost1250,Pedeo,"Costanos Vocabulary, by PEDEO ALCANTARA, in : Schoolcraft's Indian Tribes of the United States, Vol. II. Languages, Miscellaneous Vocabularies, pp. 494— 505, and Note, p. 506.",,printed,,53,no
Costanos,cost1250,Costa,54 COSTA RICA — CREOLE.,,printed,,53,no
"Costa   Rica,   Talamanca",,Galindo,"Many Indian tribes inhabit Costa Rica, and especially the part thereof bordering on the Atlantic, the so-called district of Tala- manca. GALINDO names six, JUARROS twenty-six different tribes and nations.",,printed,,53,unclear
"Costa   Rica,   Talamanca",,Karl,"DR. KARL SCHERZER, Sprache der wilden Indianerstamme der Blancos, Valientes und Talamanoas entlang der Ostkiiste zwisehen dem Rio Zent und Bocca del Toro im Staate Costa Eica. Pp. 28—35 of Vol. XXV of: Sitzungsberichte der Philosophisoh-Historischen Klasse der Koniglichen Akademie der Wissenschaften",1855,printed,,53,unclear
"Costa   Rica,   Talamanca",,Moritz,"Also, pp. 573—576 of: Die Republik Costa Rica in Central Amerika mit besonderer Beriicksichtigung der Naturverhaltnisse und der Frage der Deutschen Auswanderung und Colonisation. Reisestudien und Skizzen aus der Jahren 1853, 1854, von DR. MORITZ WAGNER und DR. KARL SCHERZER. Leipzig, 1855, 8vo.",1853,printed,,53,unclear
Creole,krio1252,,"Is the general name given in the West Indies to Negro corrup- tions of European languages. Thus the Negroes of Surinam, originally an English colony, speak Creole, or Negro-English ; those of Guadaloupe and Martinique, French colonies, Negro- French, etc. ; and, consequently, the following divisions",,printed,,53,unclear
Creole,krio1252,,"Called, by the Negroes, "" Ningre-tongo"" "" Ningre"" and also f< Bakra"" — is the language used by the Negroes among them- selves in the Dutch colony of Surinam, and with their European masters. The language is not now what it originally was, viz., a broken or corrupted English, but it has expanded into",,printed,,53,unclear
Creole,krio1252,,"constantly ; whilst many words, originally English, have fallen into disuse, and been supplanted by corresponding Dutch ones. The Moravians have had a mission among the Negroes of Surinam for the last century. Their translation of the New Testament into Negro-English was first printed in 1829, and a",1829,printed,,53,unclear
Creole,krio1252,Schumann,"C. L. SCHUMANN, Neger-Englisch und Deutsches Woerterbuch. Editio tertia, 1783.",1783,printed,,53,no
Creole,krio1252,,MS. iu the possession of the Moravians of Paramaribo.,,manuscript,possession of the Moravians of Paramaribo,53,unclear
Creole,krio1252,Focke,"H. C. FOCKE, Neger Engelsch Woordenboek. Leyden, P. H. v. d. Heuvel, 1855, 8vo, pp. xiii, 160.",1855,printed,,53,no
Creole,krio1252,Wullschlaegel,"Deutsch-Neger-Englisches Worterbuch. Nebst einem Anhang Neger-Englische Spriichworter enthaltend, von H. R. WULLSCHLAEGEL. Lo'bau, 1856, 8vo, pp. x, 340.",1856,printed,,53,no
Creole,krio1252,Captain,"Pp. 257, 258 of Yol. II of : CAPTAIN J. G. STEDMAN'S Narrative of a Five Years' Expedition against the Revolted Negroes of Surinam. 2 vols. 4to, London, 1796.",1796,printed,,53,no
Creole,krio1252,,"Gemeenzame Leerwyze over het Bastard og Neger-Englisch op een gemakelyke Wyze te leeren verstaan en sprecken. Door G. C. W. Paramaribo, 1798, 12mo, pp. 150.",1798,printed,,53,unclear
Creole,krio1252,Count,"Page 117 of: COUNT ALBEET YON SACK'S Beschreibung einer Reise nach Suri- nam, etc. 1 vol. 4to, Berlin, 1821.",1821,printed,,53,yes
Creole,krio1252,,"Grammatical Remarks on Negro-English, in an article on the Negro-English New Testament in : Edinburgh Christian Instructor, Dec., 1829.",1829,printed,,53,unclear
Creole,krio1252,Gbeenfield'S,"A Philological Analysis of the Negro-English Language, in : WM. GBEENFIELD'S Defence of the Surinam Negro-English Yersion of the New Testament, etc. Lon- don, Bagster, 1830, 8vo, pp. 80.",1830,printed,,53,no
Creole,krio1252,Helmig,"A. HELMIG VAN DEE YEGT, Proeve eener handleiding om het Neger-Engelsch, zoo als hetzelve over het allgemeen binnen de Kolonie Surinam gesproken word. Amsterdam, 1844, 8vo.",1844,printed,,53,no
Creole,krio1252,Wullschlaegel,"Kurzgefasste Neger-Englische Grammatik, von H. R. WULLSCHLAEGEL. Baut- zen, gedruckt bey Ernst Moritz Monse, 1854, 8vo, pp. 67.",1854,printed,,53,no
Creole,krio1252,Wullschlaegel,"H. R. WULLSCHLAEGEL, Jets over de Neger-Engelsche Taal en de Bijdragen tot hare Ontwikkeling en Literatuur, door de Zendelingen der Evangelische Broeder- gemeente geleverd. Paramaribo, 1854. Pp. 286 — 295 of: West Indie, Bijdragen tot de Bevordering van de Kennis der Nedcrlandsch West Indische Kolon",1854,printed,,53,no
Creole,krio1252,,"Among the first settlers of Surinam were, besides Englishmen, many Portuguese Jews, whose numerous slaves soon adopted, in an imperfect manner, the language of their masters, speaking a broken Portuguese, which has now vanished from the colony with the wealth of those who originally introduced it. A",1760,printed,,53,unclear
Creole,krio1252,Schumann,"C. L. SCHUMANN, Woerterbuch der Saramacca Negersprache, 1778. MS, in the possession of the Moravian Missionaries at Paramaribo.",1778,manuscript,in the possession of the Moravian Missionaries at Paramaribo,53,no
Creole,krio1252,,"Generally, but erroneously, called Danish-Creole — is spoken on the Danish West Indian Islands — St. Thomas, St. Croix, and St. John. There is a wide difference between this language and the Negro-English of Surinam. It is Dutch in its structure, as well as in the vocabulary, and the number of Danis",1761,printed,,53,unclear
Creole,krio1252,Oldendobps,"C. G-. A. OLDENDOBPS Q-eschichte der Mission der Evangelischen Briider auf den Caraibischen Inseln S. Thomas, S. Croix, und S. Jan. Herausgegeben von J. Jac. Bossart. Barby and Leipzig, 1777, 8vo, plates, Vol. I, pp. 424 — 434.",1777,printed,,53,no
Creole,krio1252,,"Specimens of this jargon are given in two versions of the Lord's Prayer in : Mithridates, Vol. II, pp. 252, 253, from the translation of the New Testament, published, Copenhagen, 1781, 8vo, and Barby, 1802, 8vo.",1781,printed,,53,unclear
Creole,krio1252,Kingos,"J. C. KINGOS, Kreool A B C Buk. S. Croix, 1770, 8vo.",1770,printed,,53,no
Creole,krio1252,,"J. M. Grammatica over de Creoolske Sprog pa de Danske Eilande i America. Kjolenhaun, 1770, 8vo.",1770,printed,,53,unclear
Creole,krio1252,Oldendoeps,OLDENDOEPS Geschi elite der Missionen (see Vocabularies above).,,printed,,53,no
Iy.  Negro-Spanish,,,"The Spanish-Creole language, a broken Spanish, interspersed with some Dutch words, is spoken by the Negroes of the Dutch island of Curacao. We possess no information about a Creole language of Cuba — the words given in the Glossary (below mentioned) lending no countenance to the acceptation of a spe",1844,printed,,53,unclear
Iy.  Negro-Spanish,,Putman,"G-emeenzame Zamenspraken (Conversations in Dutch and the Creole of Cura9ao). Door J. J. PUTMAN. Santarosa, Curasao, 1853, pp. 66, 12mo.",1853,printed,,53,unclear
Iy.  Negro-Spanish,,,"Glossary of Creole Terms in common use in Cuba, and of those relative to Slavery and the Trade in Slaves, pp. 184 — 188 of: Poems, by a Slave in the Island of Cuba, recently liberated ; translated from the Spanish, by E. E. Madden, M.D. London, 1840, 8vo.",1840,printed,,53,unclear
Iy.  Negro-Spanish,,Eosa,"Note. — A Grammar of the Dutch Language, for the use of the Negroes of Curagao, is published under the title : Proeve eener Hollandsche Spraak- kunst, ten Gebruike der Algemeene Armerischool, in de Gemeente van de H. EOSA, op Curagao. Door J. J. Putman. Santarosa, Curasao.",,printed,,53,unclear
V.  Negeo-Feench,,Borde,"French-Creole of San Domingo, Guadaloupe, Martinique, and of Trinidad. A poem in the Creole of Trinidad, printed as a fly-sheet, is in the possession of his Highness the Prince Louis Lucien Bonaparte. A Monsieur BORDE, of Trinidad, is said to have written a Creole Grammar.",,manuscript,"in the Creole of Trinidad, printed as a fly-sheet, is in the possession of his Highnes",53,unclear
V.  Negeo-Feench,,,"S. G. DuccETJB-JoLY, Manuel des Habitants de St. Domiiique, contenant un",,printed,,53,unclear
V.  Negeo-Feench,,,Precis de 1'Histoire de cette He depuis sa Decouverte suivi du premier,,printed,,53,unclear
V.  Negeo-Feench,,,"Vocabulaire Frangais- Creole et de Conversations Fran9aises-Creoles. Paris, 1802, 2 vols. 8vo.",1802,printed,,53,unclear
V.  Negeo-Feench,,,"Catechisme en la Langue Creole ; precede d'un Essai de Grammaire sur 1'Idiome usite dans les Colonies Fran9aises. Paris, impr. Vrayet de Surcy, 1842, 18mo (pp. 7—20).",1842,printed,,53,unclear
V.  Negeo-Feench,,Victor,"Creole Proverbs are given in.: VICTOR SCHOELCHER, Les Colonies Fran9aisesj 1' Abolition Immediate de 1'Eselavage. Paris, Pagnerre, 1842, 8vo.",1842,printed,,53,unclear
"Crows,  Tjp-Sa-Ro-Ka,  Coeneilles",,,"Indians of the Missouri territory and Oregon. They are divided into three different tribes, speaking different dialects, viz. :",,printed,,53,unclear
"Crows,  Tjp-Sa-Ro-Ka,  Coeneilles",,,"1 . Kikatsa, or Crow proper, on the banks of the Yellow Stone ;",,printed,,53,unclear
"Crows,  Tjp-Sa-Ro-Ka,  Coeneilles",,,"2. Ahnahaways, or Ahwahaways (Black-shoes or "" Souliers noirs""), between the Mandans and Minetarees ; arid, 3. Alia- kaiveah, or Paunch Indians ("" Indiens ventrus""), on the Snake River.",,printed,,53,unclear
"Crows,  Tjp-Sa-Ro-Ka,  Coeneilles",,Lxxix,"SAT, Vocabularies, p. LXXIX.",,printed,,53,unclear
"Crows,  Tjp-Sa-Ro-Ka,  Coeneilles",,Prinzen,"PRINZEN MAXIMILIAN zu WIED, Reise in das Innere Nord Amerikas in 1832- 1834. Coblenz, Hoelscher, 1838-1841, 2 vols. 4to, Yol. II, pp. 490.",1832,printed,,53,unclear
"Crows,  Tjp-Sa-Ro-Ka,  Coeneilles",,,"No. VI, o, of the Miscellaneous Vocabularies to A. Gallatin's Synopsis, etc., in Vol. II of: Archseologia Americana, p. 377 (from SAT).",,printed,,53,unclear
"Crows,  Tjp-Sa-Ro-Ka,  Coeneilles",,,"Upsaroka Vocabulary. E, VI (Sioux), 3, pp. 83, 85, 87, 89 of the Vocabularies in Vol. II of : Transactions of the American Ethnological Society.",,printed,,53,unclear
"Crows,  Tjp-Sa-Ro-Ka,  Coeneilles",,,"Affinities of the Upsaroka or Crow Language with that of the Sedentary Mis- souri Minetares and those of the Sioux, pp. cxv, cxvi of: American Ethnological Society's Transactions, Vol. II.",,printed,,53,unclear
"Crows,  Tjp-Sa-Ro-Ka,  Coeneilles",,Sciioolcraft'S,"Upsaroka and Mandan ""Words compared (no affinity) : SCIIOOLCRAFT'S Indian Tribes of the United States, Vol. Ill, pp. 255, 256.",,printed,,53,unclear
Cumana,coas1302,,A province of Venezuela. See also under Chayma.,,printed,,53,unclear
Cumana,coas1302,Yangujas,"Diccionario de la Lengua de Cumana ; y Arte de la Misma, del P. YANGUJAS. Corregido y aumentado por Fr. Matias Blanco, 4to. Burgos, 1683.",1683,printed,,53,no
Cumana,coas1302,Manuel,"Arte de la Lengua Cumana, por FR. MANUEL YANGUAS, 4to. Burgos, 1683.",1683,printed,,53,no
Cunacujsta,,,"Independent Indians of Nueva Granada, on the south-easterly side of the Isthmus.",,printed,,53,unclear
Cunacujsta,,Balbi,"BALBI, Atlas Ethnographique, Tab. XLI, No. 616.",,printed,,53,unclear
Curetu,,Martius,"Indians on the Amazon. MARTIUS (VII, B, 198) calls them Coretus, and says that they are settled on the Upper Apaporis.",,printed,,53,unclear
Curetu,,Balbi,"BALBI, Atlas Ethnographique, Tab. XLI, No. 520. (Coretu.)",,printed,,53,unclear
Curetu,,Alfred,"Vocabulary (of Ninety-eight Words), pp. 521 — 541 of: ALFRED E.. WALLACE, A Narrative of Travels on the Amazon and Rio Negro. London, Keeve and Co., 1853, 8vo (p. 536, Comparison with the Curetii Words given by BALBI).",1853,printed,,53,unclear
Cushna,,,A Californian tribe on the mountains of the South Yuba. Their language is common to most of the tribes inhabiting the upper portion of the Sacramento valley.,,printed,,53,unclear
Cushna,,Johnson,"Cushna Vocabulary, by ME. JOHNSON, United States Agent, in : Schoolcraft's Indian Tribes of the United States, Vol. II. Languages, Miscellaneous Vocabu- laries, pp. 494—505, and Notes, pp. 506—508.",,printed,,53,unclear
"Dahkotah,  Sioux,  Nadowessieb,",,Heckewelder,"Indians between the Missouri and Mississippi, of which eleven tribes are mentioned. HECKEWELDER thinks they are Iroquois, but CASS claims them as a separate nation. The Assinipoils (Assinibules, Stone-Indians), on the Lake Winnipeg, are said to be a separate tribe of the Sioux. Formerly they were ca",,printed,,53,unclear
"Dahkotah,  Sioux,  Nadowessieb,",,Viii,"Langue des Nadowessiens. Pp. 552, 523 of Vol. VIII of : COTJET DE GEBELIN, Monde Primitif. Paris, 1772, 4to.",1772,printed,,53,unclear
"Dahkotah,  Sioux,  Nadowessieb,",,Jonathan,"JONATHAN CAEVEE, A Short Vocabulary of the Naudowessie Language, in : Three Years' Travels through the Interior Parts of North America. London, 1778, 8vo, pp. 420 et seq.",1778,printed,,53,unclear
"Dahkotah,  Sioux,  Nadowessieb,",,,"In other editions— Dublin, 1779, 8vo, pp. 405—412 ; Philadelp7iia, 1789, 12mo, pp. 223—228 ; Ibid, 1796, 8vo, pp. 288—292 ; German translation, Hamburg, 1780, 8vo, pp. 356 and following.",1779,printed,,53,unclear
"Dahkotah,  Sioux,  Nadowessieb,",,Audey,"B. (AUDEY) D. (ES LOZIEBES), Voyage a la Louisiane. Paris, Dentu, 1802, 8vo, pp. 348 et seq. (from CAEVEK and B. D).",1802,printed,,53,unclear
"Dahkotah,  Sioux,  Nadowessieb,",,,"Mithridates, Vol. Ill, part 3, p. 265.",,printed,,53,unclear
"Dahkotah,  Sioux,  Nadowessieb,",,Smith,"SMITH BAETON, New Views, etc. — Comparative Vocabularies.",,printed,,53,unclear
"Dahkotah,  Sioux,  Nadowessieb,",,Keating,"Dacota, or Sioux, in the Vocabularies of Indian Languages. Appendix, part 4, Vol. II, pp. 449—459 of: WM. H. KEATING, Narrative of Major S. H. Long, Second Expedition. Philadelphia, Carey and Lea, 1824, 2 vols. 8vo.",1824,printed,,53,unclear
"Dahkotah,  Sioux,  Nadowessieb,",,Viii,"(In Chap. VIII of Vol. I, pp. 376— 439, an accurate "" Account of the Dacotas, or Sioux Indians,"" is given.) The Vocabulary is prepared by PEOF. SAY, and printed in the vocabularies added to the Astronomical and Meteorological '.Record of this Expedition : Philadelphia, 1822, 4to, pp. Ixxii — Ixxxvii",1822,printed,,53,unclear
"Dahkotah,  Sioux,  Nadowessieb,",,Caleb,"A Vocabulary of the Sioux Language, pp. 152 — 172 of: CALEB ATWATEE, Remarks made on a Tour to Prairie du Chien, thence to Washington City, in 1829. Columbus, Isaac N. Whiting, 1831, 12mo.",1829,printed,,53,unclear
"Dahkotah,  Sioux,  Nadowessieb,",,Catlin'S,"Sioux Vocabulary in : GEO. CATLIN'S Letters and Notes on the Manners, Cus- toms, and Condition of the North American Indians. Fourth edition. London and New York, Wiley and Putnam, 1842, 2 vols. 8vo, Vol. II, Appendix B, pp. 262— 265.",1842,printed,,53,unclear
"Dahkotah,  Sioux,  Nadowessieb,",,Balbi,"BALBI, Atlas Ethnographique, Tab. XLI, No. 774 (Sioux, Dacotah, Yanctou).",,printed,,53,unclear
"Dahkotah,  Sioux,  Nadowessieb,",,,"Dakota Vocabulary, by a member of the Dakota Mission (S. R. RiGGs). New York, printed by R. Craighead, 1852, 8vo, pp. 120.",1852,printed,,53,unclear
"Dahkotah,  Sioux,  Nadowessieb,",,,"Keprint of the English-Dakota part of Kiggs' Dictionary. (See Grammars, under Riggs.)",,printed,,53,unclear
"Dahkotah,  Sioux,  Nadowessieb,",,Gallatin'S,"No. VI, Sioux (thirteen dialects, Nos, 33—40, m, n, o, p, q. Among them, No. 34, Dakotah), in the Comparative Vocabulary, etc., to : A. GALLATIN'S Synopsis, etc. (Archseologia Americana, Vol. II, pp. 305 — 367, 374, 377, 379).",,printed,,53,unclear
"Dahkotah,  Sioux,  Nadowessieb,",,,"No. 34, reprinted under B, VI, 1, pp. 83, 85, 87, 89, of the Vocabularies in Vol. II of: Transactions of the American Ethnological Society.",,printed,,53,unclear
"Dahkotah,  Sioux,  Nadowessieb,",,,"Memoires de la Societe Ethnologique. Paris, 1845, 8vo, Vol. II, p. 264.",1845,printed,,53,unclear
"Dahkotah,  Sioux,  Nadowessieb,",,,"Affinities of the Upsaroka or Crow Language with that of the Sedentary Mis- souri Minetares and those of the Sioux. Pp. cxv, cxvi of the : Transactions of the American Ethnological Society, Vol. II.",,printed,,53,unclear
"Dahkotah,  Sioux,  Nadowessieb,",,Philandeb,"Dakota Numeration (1 — billion), by PHILANDEB PEESCOTT, in : Schoolcraft's Indian Tribes of the United States, Vol. II, pp. 206—208.",,printed,,53,unclear
"Dahkotah,  Sioux,  Nadowessieb,",,Maey,"Indian (Dahkotah) Names and Writing. III. Preliminary Remarks, pp. xxiv — xxviii of: MES. MAEY EASTMAN, Dahcotah ; or, Life and Legends of the Sioux around Fort Snelling. New York, Wiley, 1849, 12mo.",1849,printed,,53,unclear
"Dahkotah,  Sioux,  Nadowessieb,",,Umfbeville,"ED. UMFBEVILLE, The Present State of Hudson's Bay .... London, 1790, 8vo, pp. 195, 196, and Table to p. 202.",1790,printed,,53,unclear
"Dahkotah,  Sioux,  Nadowessieb,",,,"He calls them As-sin-e-po-e-tuc, or Stone Indians (from Umfreville) .",,printed,,53,unclear
"Dahkotah,  Sioux,  Nadowessieb,",,,"Mithridates, Vol. Ill, part 3, pp. 263—265.",,printed,,53,unclear
"Dahkotah,  Sioux,  Nadowessieb,",,Gallatin'S,"VI, m., in A. GALLATIN'S Comparative Vocabulary, above quoted, p. 374.",,printed,,53,unclear
"Dahkotah,  Sioux,  Nadowessieb,",,Pbinzen,"Eeise des PBINZEN MAXIMILIAN zu WIED. Coblenz, 1839, 1841, 2 vols. 4to, Vol. II, pp. 474—480.",1839,printed,,53,unclear
"Dahkotah,  Sioux,  Nadowessieb,",,Denig,"B. T. DENIG, of Port Union, Assiniboin Vocabulary, pp. 416—429, 432, and numerals, pp. 429—431, of Vol. IV of : Schoolcraft's Indian Tribes of the United States.",,printed,,53,unclear
"Dahkotah,  Sioux,  Nadowessieb,",,Caleb,"Eudiments of the Grammar of the Sioux Language, pp. 149 — 151 of: CALEB ATWATEE'S Eemarks (see Vocabularies) .",,printed,,53,unclear
"Dahkotah,  Sioux,  Nadowessieb,",,Cass,"Sioux Dahcota Dialect ; from MS. Grammatical Notices of GEN. CASS, pp. 251, 252 of: A. Gallatin's Synopsis, etc. (Archseologia Americana, Vol. II).",,manuscript,,53,unclear
"Dahkotah,  Sioux,  Nadowessieb,",,,"Sioux Spelling-book, designed for the Use of Native Learners. Boston, Crocker and Brewster, 1836, 12mo, pp. 22.",1836,printed,,53,unclear
"Dahkotah,  Sioux,  Nadowessieb,",,Stephen,"STEPHEN BIGGS and GIDEON H. POND, The Dakota First Eeading-Book. Cincinnati, Kendall and Henry, 1839, 18rno, pp. 50.",1839,printed,,53,unclear
"Dahkotah,  Sioux,  Nadowessieb,",,Pond,"EEY. S. W. POND, Wowapi Inonpa. The second Dacota Eeading-Book. Boston, Crocker and Brewster, 1842, 12mo, pp. 54.",1842,printed,,53,unclear
"Dahkotah,  Sioux,  Nadowessieb,",,Eiggs,"S. E. EIGGS, Wowapi Mitawa, Tamakece Kaga. My Own Book. Boston, Crocker and Brewster, 1842, 18mo, pp. 64.",1842,printed,,53,unclear
"Dahkotah,  Sioux,  Nadowessieb,",,,"The printers compiled : A Mother's Primer, and Child's Picture-defining and Beading Book (after T. H. Gallaudet).",,printed,,53,unclear
"Dahkotah,  Sioux,  Nadowessieb,",,Eiggs,"S. E. EIGGS, Dakota Tawoonspe, or Dakota Lessons ; a book designed for schools. Louisville, Ky., 1850, 12mo, p. 96.",1850,printed,,53,unclear
"Dahkotah,  Sioux,  Nadowessieb,",,Eiggs,"Grammar and Dictionary of the Dacota Language, collected by the Dakota Mission. Edited by S. E. EIGGS, Missionary of the American Board of Com- missioners for Foreign Missions, under the Patronage of the Historical Society of Minnesota. Accepted for publication by the Smithsonian Institution, Decemb",1851,printed,,53,unclear
"Dahkotah,  Sioux,  Nadowessieb,",,,"Grammar, pp. 1— 64 j Vocabulary, 65—278; Dakota-English, 279—338; English-Dakota.",,printed,,53,unclear
"Dahkotah,  Sioux,  Nadowessieb,",,Eiggs,"S. E. EIGGS, Address on the Dakota Language, pp. 123 — 142 of: Annals of the Minnesota Historical Society for the Year 1850-1. St. Paul, D. A. Eobertson, printer, 1851, 8vo.",1850,printed,,53,unclear
Daeien,,,"The aborigines of the Isthmus have been hitherto known under the names of Dariel, Urabac, and Idibae. Their language was",,printed,,53,unclear
Daeien,,,"said to be similar to the Cunacuna. Later researches have shown that four tribes — the Savaneric, Manzanillo, or San Bias Indians, Cholo, and Bayano — inhabit the Isthmus, who speak different languages.",,printed,,53,unclear
Daeien,,Lionel,"LIONEL WAFER, A New Voyage and Description of the Isthmus of America,",,printed,,53,unclear
Daeien,,,"giving an Account of the Indian Inhabitants, their",,printed,,53,unclear
Daeien,,,"Language, etc. London, James Knapton, 1699, 8vo, map, plates, pp. viii, 224, 14, pp. 181, 182, 187, 188.",1699,printed,,53,unclear
Daeien,,,"French translation, by Montirat, in : GK Dampier, Voyage autour du Monde. Amsterdam, 1705, 8vo, p. 250 and following,",1705,printed,,53,unclear
Daeien,,,"German translation, in : Allgerneine Historic der Keisen, Vol. XV, p. 280 and following.",,printed,,53,unclear
Daeien,,Smith,"SMITH BAKTON, New Views, etc. — Comparative Vocabularies.",,printed,,53,unclear
Daeien,,Hervas,"HERVAS, Aritmetica, pp. 106, 107.",,printed,,53,unclear
Daeien,,,"Mithridates, Vol. Ill, pp. 708.",,printed,,53,unclear
Daeien,,Balbi,"BALBI, Atlas Ethnographique, Tab. XLI, No. 631.",,printed,,53,unclear
Daeien,,,N.B. — The words given by Wafer correspond with the Bayano given by Seeman.,,printed,,53,unclear
"Deguinos,  Dtegenos",,Bartlett,"The Indians round San Diego — Deguinos, Diegehos — were in a savage state, and their language almost unknown. BARTLETT says that they are also called Comcya ; but WHIFFLE asserts that the Comeya, a tribe of the Yumas, speak a different language. Different dialects were spoken near San Juan Capistran",,printed,,53,unclear
"Deguinos,  Dtegenos",,John,"Vocabularies of San Diego, San Juan Capistrano, pp. 246, 248, 250 ; San Luis Obispo, San Antonio, pp. 247, 249, 251, by DR. JOHN SCOULER, in : Journal of the Koyal Geographical Society of London, Vol. XI. London, 1841, 8vo, pp. 246 — 251.",1841,printed,,53,unclear
"Deguinos,  Dtegenos",,,"Keprinted, San Diego, W. 2, San Luis Obispo, W. 4, San Antonio, W. 5, p. 129 of Vol. II of: Transactions of the American Ethnological Society.",,printed,,53,unclear
"Deguinos,  Dtegenos",,Boscara'S,"The Names of the Months in Acagchemem are given in : P. BOSCARA'S Chinig- chinich, pp. 303, 304 of: A. Robinson's Life in California. New York, Wiley and Putnam, 1846, 12mo.",1846,printed,,53,unclear
"Deguinos,  Dtegenos",,,"Nos. 15 (San Raphael), 16 (KizTi, at San Gabriel), and No. 17 (Netela, at San Juan Capistrano} of the Vocabulary of Languages of North-western America, pp, 569",,printed,,53,unclear
"Deguinos,  Dtegenos",,Hale,"— 629, in : HOE. HALE, Ethnography and Philology of the United States Explor- ing Expedition. Philadelphia, Lea and Blanchard, 1846, folio. Ibid., pp. 533, 634 : Vocabulary of Languages spoken at the Missions, ""La Soledad and San Miguel.""",1846,printed,,53,unclear
"Deguinos,  Dtegenos",,,"]STos. 15, 16, 17, reprinted under U, p. 128, of the Vocabularies in Yol. II of: Transactions of the American Ethnological Society. The words of the Missions : La Soledad and San Miguel, ibid., p. 126.",,printed,,53,unclear
"Deguinos,  Dtegenos",,Pkofessoe,"Twenty-eight Words of Netehvand Kizh compared with Cahuillo and Kechi, by PKOFESSOE W. W. TURNER, p. 77 of: Keport upon the Indian Tribes, added to Lieutenant A. W. Whipple's Eeport (in Yol. II of the Pacific Railroad Reports. Washington, 1855, 4to).",1855,printed,,53,unclear
"Deguinos,  Dtegenos",,Bfschmann,"Des Langues Kizh et Netela de la Nouvelle-Californie, by DR. BFSCHMANN, in : Monthly Report of the Royal Academy of Sciences of Berlin, for September and October, 1855.",1855,printed,,53,unclear
"Deguinos,  Dtegenos",,Lieutenant,"Diegefio and English Yocabulary, taken by LIEUTENANT A. W. WHIPPLE from Tomaso, the chief the Tribe, pp. 5, 6, of Lieutenant A. W. Whipple's Extract from a Journal of an Expedition from San Diego, California, to the Rio Colorado, from September 11 to December 11, 181-9. (Congress Documents, 31 Congr",,printed,,53,unclear
"Deguinos,  Dtegenos",,Bartlett,"Twenty-eight Kechi Words (from BARTLETT) compared with Cahuillo, Netela, and Kizh, p. 77 of: Report upon the the Indian Tribes, added to Lieutenant A. W. Whipple's Report (Yol. II of Pacific Railroad Reports. Washington, 1855, 4to).",1855,printed,,53,unclear
"Deguinos,  Dtegenos",,John,"Vocabularies of the Deguino or Comeya, at San Diego ; Kechi, at San Luis Rey and San Luis Obispo, have been taken by JOHN R. BARTLETT, the United States Boundary Commissioner.",,printed,,53,unclear
"Deguinos,  Dtegenos",,,See also under Californians and Cahuillos.,,printed,,53,unclear
"Delaware,  Lenape,  Lenno-Lekape",,,"Belonging to the Algonquin stock. The following are men- tioned as the three original tribes : — 1. The Unami, or Wanami (Turtle tribe) 2. The Unalachtgo (Turkey tribe). 3. Minsi, Ministi, or Munseyi (Wolf tribe).",,printed,,53,unclear
"Delaware,  Lenape,  Lenno-Lekape",,Heryas,"HERYAS, Vocabolario Poliglotto, p. 240 (numerals, etc.)",,printed,,53,unclear
"Delaware,  Lenape,  Lenno-Lekape",,Smith,"SMITH BARTON, New Views, etc. — Comparative Vocabularies, and "" Specimen of a Comparison of the Languages of the Delaware Stock and those of the Six Nations."" Ibid., Appendix, p. 20.",,printed,,53,unclear
"Delaware,  Lenape,  Lenno-Lekape",,,In the vocabularies he gives also Canestoga (or Susquehannocs) words.,,printed,,53,unclear
"Delaware,  Lenape,  Lenno-Lekape",,,"Mithridates, Vol. Ill, part 3, pp. 374—376.",,printed,,53,unclear
"Delaware,  Lenape,  Lenno-Lekape",,Buttlar,"(From a MS. Vocabulary of the Bussian General BUTTLAR, and from SMITH BARTON.)",,manuscript,,53,unclear
"Delaware,  Lenape,  Lenno-Lekape",,Heckewelder,"Words, Phrases, and Short Dialogues in the Language of the Lenni-Lenape and Delaware, pp. 451 — 464 of HECKEWELDER' s Account, in Vol. I of: Transactions Of the Historical and Literary Committee of the American Philosophical Society. Philadelphia, printed by Abraham Small, 1819, 8vo.",1819,printed,,53,unclear
"Delaware,  Lenape,  Lenno-Lekape",,Prof,"PROF. T. SAY, Comparative Vocabulary of various Dialects of the Lenape (or Delaware) Stock of North American Indians, together with a Specimen of the Winnebags (or Nipegon) Language.",,printed,,53,unclear
"Delaware,  Lenape,  Lenno-Lekape",,,"(Contains forty-five words in the Language of the Mohegan, Lenape, Shaw- anese, Nanticoke, Narraganset, Mansel, Massachusetts, Penobscot, Abnaki, St. Francis Indians, Messisaugers, Algonkins, Chippeway, Knistenaux, Winne- bagos.) Printed, with notes, in J. Pickering's edition of D. Edwards' Observa-",1823,printed,,53,unclear
"Delaware,  Lenape,  Lenno-Lekape",,Balbi,"BALBI, Atlas Ethnographique, Tab. XLI, No. 810 (Delaware and Minsi).",,printed,,53,unclear
"Delaware,  Lenape,  Lenno-Lekape",,Heckewelder,"No. IV, Nineteen of the Comparative Vocabularies of Fifty-three Nations in A. Gallatin's Synopsis, etc., in Vol. II of: Archseologia Americana, pp. 305 — 367. (From HECKEWELDER and ZEISBERGER.)",,printed,,53,unclear
"Delaware,  Lenape,  Lenno-Lekape",,,"Reprinted under A, IV, 2, pp. 79, 81, 83 of the Vocabularies in Vol. II of: American Ethnological Society's Transactions.",,printed,,53,unclear
"Delaware,  Lenape,  Lenno-Lekape",,Ctjmmings,"CTJMMINGS, Indian Agent, Delaware Vocabulary, in : Schoolcraft's Indian Tribes of the United States, Vol. II, Languages ; 1, Algonquin group, pp, 470 — 481.",,printed,,53,unclear
"Delaware,  Lenape,  Lenno-Lekape",,James,"Vocabulary of the Delawares in 1792. From the papers of JAMES MADISON. Ibid., Vol. Ill, pp. 424 — 427, Delaware (and Iroquois) words.",1792,printed,,53,unclear
"Delaware,  Lenape,  Lenno-Lekape",,Henry,"GEO. HENRY LOSSKIEL, History of the Mission of United Brethren among the Indians in North America. Translated from the German by Christian Ignatius Latrobe. London, 1794, 8vo.",1794,printed,,53,unclear
"Delaware,  Lenape,  Lenno-Lekape",,John,"A Collection of ""Words in English, Magua, Delaware, and Mohikan (by KEY. JOHN ETTWEIN, compiled in 1788, from Zeisberger's work, for General Washington), pp. 41 — 44 of : Bulletin of the Historical Society of Pennsylvania, Vol. I. Phila* delpUa, 1848, 8vo.",1788,printed,,53,unclear
"Delaware,  Lenape,  Lenno-Lekape",,Heckewelder,"REV. MR. HECKEWELDER, A Comparative Vocabulary of the Lenni-Lenape and Algonquin.",,printed,,53,unclear
"Delaware,  Lenape,  Lenno-Lekape",,Heckewelder,"REV. MR. HECKEWELDER, A Comparative Vocabulary of the Lenni-Lenape proper, the Minsi Dialect, the Mohicanni, Natik or Nadik, Chippeway, and Nanti- coke.",,printed,,53,unclear
"Delaware,  Lenape,  Lenno-Lekape",,Heckewelder,"REV. MR. HECKEWELDER, A Comparative Vocabulary of the Lenni-Lenape and Miami, or T wight wee.",,printed,,53,unclear
"Delaware,  Lenape,  Lenno-Lekape",,Heckeweldee,"REV. ME. HECKEWELDEE, Names of Various Trees and Plants in the Language of the Lenni-Lenape, or Delaware, distinguishing the Dialect of the Unamis and Minsi. The above four manuscripts are in the Library of the American Philo- sophical Society at Philadelphia.",,manuscript,"in the Language of the Lenni-Lenape, or Delaware, distinguishing the Dialect of the Un",53,unclear
"Delaware,  Lenape,  Lenno-Lekape",,John,"Memorandum of the Names and Significations which the Lenni-Lenape, other- wise called the Delaware, had given to Rivers, Streams, Places, etc., within the States of Pennsylvania, New Jersey, Maryland, and Virginia ; together with the names of some chieftains and eminent men of this nation. Taken fro",1848,manuscript,"in the States of Pennsylvania, New Jersey, Maryland, and Virginia ",53,unclear
"Delaware,  Lenape,  Lenno-Lekape",,Eichthal,"Comparative Vocabulary of Lenape-Algonquin, Copte, Archipel, and Ternate, pp. 280 — 284 of: GrUSTAV DE EICHTHAL, Rapport entre quelques Langues Ameri- caines et le Copte. Langue Lenape-Algonquin, pp. 272 — 289 of Vol. II of the : Me""moires de la Socie'te Ethnologique. Paris, Veuve Dondey-Dupre, 1845",1845,printed,,53,unclear
"Delaware,  Lenape,  Lenno-Lekape",,Lieutenant,"Delaware Vocabulary, taken by LIEUTENANT A. W. WHIPPLE from the Chief of the Black Beaver Tribe. Pp. 50—60 of the : Report upon the Indian Tribes, by Lieutenant ""Whipple, Thomas Ewbank, and Prof. W. W. Turner, added to Lieutenant Whipple's Report on the Route near the 35th Parallel in Vol. II of : P",1855,printed,,53,unclear
"Delaware,  Lenape,  Lenno-Lekape",,David,"DAVID ZEISBEKGKEE, Essay of a Delaware Indian and English Spelling-book, for the use of the schools of the Christian Indians on Muskingum River. Phila- delphia, Miller, 1776, 12mo. Reprinted, Philadelphia, 1806, 12mo.",1776,printed,,53,unclear
"Delaware,  Lenape,  Lenno-Lekape",,David,"DAVID ZEISBEBGEB, Grammar of the Language of the Lenni-Lenape, or Dela- ware Indians. Translated from the G-erman MS. of the late Rev. David Zeisber- ger, for the American Philosophical Society, by Peter Stephen Du Ponceau, with a preface and notes by the translator. Philadelphia, James Kay, 1827, 4",1827,manuscript,,53,unclear
"Delaware,  Lenape,  Lenno-Lekape",,,"Translated in 1816. Forms part of (No. 2 of part 1) Vol. Ill of : Trans- actions of the American Philosophical Society, held at Philadelphia, for pro- moting useful knowledge, second series. Philadelphia, printed by James Kay, jun., 1840, 4to, pp. 65—251 (pp. 65—96 : the translator's preface). Prese",1816,manuscript,in the Library of the American Philosophical Society at Philadelphia,53,unclear
"Delaware,  Lenape,  Lenno-Lekape",,Losskiel'S,"On the Indian Languages (Delaware and Iroquois), pp. 18 — 23 of: LOSSKIEL'S History of the Mission, etc. (see Vocabularies above).",,printed,,53,unclear
"Delaware,  Lenape,  Lenno-Lekape",,,"N.B. — Pp. 19, 20, more particularly on the Delaware.",,printed,,53,unclear
"Delaware,  Lenape,  Lenno-Lekape",,John,"JOHN PICKEEING, Remarks on the Indian Languages of North America, s. 1., 1836, 8vo.",1836,printed,,53,unclear
"Delaware,  Lenape,  Lenno-Lekape",,,"Reprinted from Vol: VII of the : Encyclopaedia Americana. German translation by Talvi (Mrs. Robinson). Leipzig, Vogel, 1834, 8vo.",1834,printed,,53,unclear
"Delaware,  Lenape,  Lenno-Lekape",,,"P. E. DtfPONCEArr, Memoire sur le Systeme Grammatical des Langues de quel- ques Nations Indiennes de 1'Amerique du Nord. Paris, 1838, 8vo.",1838,printed,,53,unclear
"Delaware,  Lenape,  Lenno-Lekape",,Tail,"E. A. TAIL, Notice sur les Indiens de 1'Amerique du Nord. Paris, 1840, 8vo, pp. 50.",1840,printed,,53,unclear
"Delaware,  Lenape,  Lenno-Lekape",,Zeisberger,"Grammatical Notices — Delaware (from ZEISBERGER), pp. 220 — 224. Delaware Transitions, pp. 267, 268, 282 — 288 ; and Comparative View, p. 289. Notes, pp. 294 — 298 of: A. GALLATIN'S Synopsis, etc. Vol. II of: Archseologia Americana.",,printed,,53,unclear
"Delaware,  Lenape,  Lenno-Lekape",,,"Mithridates, Vol. Ill, part 3, pp. 369—372.",,printed,,53,unclear
"Delaware,  Lenape,  Lenno-Lekape",,Meeker,"Lenapi Wawipoetakse ave Apwatuk. First Lessons in Delaware. J. MEEKER. Baptist Shawanoe Mission, 1834, 18mo, pp. 48.",1834,printed,,53,unclear
"Delaware,  Lenape,  Lenno-Lekape",,Meeker,"Lenapee Spelling-book. Shawnee Mission, J. MEEKER, for the Baptist Society, 1834, 12mo, pp. 24.",1834,printed,,53,unclear
"Delaware,  Lenape,  Lenno-Lekape",,Hecke,"Chapter IX, Language, No. Ill, Lenape, pp. 106 — 112 of : HECKE WELDER'S Account of the History, etc., of Indian Nations. Vol. I of: Transactions of the Historical and Literary Committee of the American Philosophical Society. Phila- delphia, printed by Abraham Small, 1819, 8vo.",1819,printed,,53,unclear
Dogrib  Indians,,,"Indians of the northern part of North America, between Martin's Lake and the Coppermine River. They call them- selves Thing-e-ha-dtinne,and belong to the Dtinne or Athapaskan stock. The "" Mauvais Monde "" and Slave Indians are tribes belonging to them.",,printed,,53,unclear
Dogrib  Indians,,O'Brian,"Dogrib Vocabularies, collected at Fort Confidence (pp. 395, 396), at Fort Simp- son (p. 397), and by MR. O'BRIAN, of the Hudson's Bay Company (p. 398). Mauvais Monde and Slave Vocabulary (pp. 399, 400). J. H. LEFROY, Vocabulary of Chepewyan and Dogrib Words (pp. 400, 401), and Dogrib Vocabulary, fro",1851,printed,,53,unclear
Dogrib  Indians,,Buschmann'S,"The same reprinted and compared with the other Athapaskan and Kinai Lan- guages, pp. 179—222, 269—318 of : BUSCHMANN'S Athapaskischer-Sprachstamm. Berlin, 1856, 4to.",1856,printed,,53,unclear
Dogrib  Indians,,Professor,"PROFESSOR W. W. TURNER, Comparative Vocabulary of Twenty-five Words of Dogrib (from EICHARDSON), Hudson's Bay, Chepewyan, Tacully, Umkwa, Hoopah, Navajo, and Apache, pp. 84, 85 of the : Eeport upon the Indian Tribes, added to Lieutenant A. W. Whipple's Eeport in Vol. II of: Pacific Eailroad Eeports.",1855,printed,,53,unclear
Ehnek,,,"Indian band of north-western California, at the mouth of the Salmon or Quoratem River. The language reaches from Buffalo Creek to Clear Creek, thirty or forty miles above the Salmon, varying, however, from point to point ; on the Salmon it extends to the sources. They are a tribe of the Pehtsik Indi",,printed,,53,unclear
Ehnek,,George,"GEORGE GIBBS, Vocabulary in : Schoolcraft's Indian Tribes of the United States, Vol. Ill, pp. 44.0—445.",,printed,,53,unclear
Ele,adel1244,,"In South America, on the banks of the River Casanare. Their language has much affinity to that of the Betoi and Yarara. The Ququaro speak a dialect of the Ele.",,printed,,53,unclear
Ele,adel1244,Gilii,"GILII, Saggio di Storia Americana, Tomo III.",,printed,,53,no
Engerekmung,,,"Called by the Portuguese Botokudos, by others Amores, Aimbores. In Brazil, south of the Rio Pardo, in the provinces Minas Geraes and Espiritu Santo. A plain language, without gutturals, but with many nasals. The Gherins of Almada sur le Taipe are a tribe of the Botokudos.",,printed,,53,unclear
Engerekmung,,,"Mithridates, Vol. IV, p. 459.",,printed,,53,unclear
Engerekmung,,Vatee,"J. S. VATEE, Proben Deutscher Volksmundarten : Dr. Seetzen's Linguistischer Nachlass. Leipzig, 1816, 8vo, pp. 352—374.",1816,printed,,53,unclear
Engerekmung,,Prinz,"PRINZ MAXIMILIAN zu WIED NEUWIED, Keise n-ach Brasilien in den Jaliren, 1815-1817- FranJcfurt-am-Main, Broiiner, 1819-1821, 2 vols, 4to, and Alias.",1815,printed,,53,unclear
Engerekmung,,,"French translation, par F. B. B. Eyries. Paris, Arthur Bertrand, 1821, 3 vols. 8vo, and Atlas.",1821,printed,,53,unclear
Engerekmung,,Prinz,"PRINZ MAXIMILIAN zu WIED NEUWIED, Eeise in das Innere Nord Amerika. Coblenz, Hoelscher, 1838-1841, 2 vols. 4to, and Atlas, Vol. I, p. 588.",1838,printed,,53,unclear
Engerekmung,,Auguste,"AUGUSTE DE SAINT-HILAIEE, Voyage dans les Provinces de Rio de Janeiro et de Minas Geraes dans le District des Diamans et sur le Littoral du Bresil ; suivi de Notes sur quelques Plantes characteristiques et d'un Precis de 1'Hietoire des Revolutions de 1'Empire Bresilien. Paris, Gide, 1830-1833, 4 vol",1830,printed,,53,unclear
Engerekmung,,Alcide,"ALCIDE D'OEBiaNY, L'Homme Americain. Paris, 1839, 2 vols. 8yo, Vol. I, p. 164.",1839,printed,,53,unclear
Engerekmung,,Balbi,"BALBI, Atlas Ethnographique, Tab. XLI, No. 501. A. D'OEBIGNY, L'Homme Americain, Yol. I, p. 164.",,printed,,53,unclear
Engerekmung,,Maectjs,"Vocabulaire de Botecudes, d'apres M. MAECTJS POETE, pp. 379—382 of: Note sur les Botecudes, accorapagnee d'un Vocabulaire de leur Langue et de quelques Kemarques, par E. F. JOMAED, pp. 377 — 384 of: Bulletin de la Societe de Geo- graphic de Paris, Tome VI, de la 3me serie. Paris, Arthur Bertrand, 18",1846,printed,,53,unclear
Engerekmung,,,"Portuguese translation— Pp. 107 — 113 of: Revista Trimensal do Eio de Janeiro, 2a ser., Tom. II, No. 5.",,printed,,53,unclear
Engerekmung,,Victoe,"Deux Vocabulaires de la Langue de- Botecudos, recueillis par M. VICTOE RE- NAULT de Barbacena. A. Langue des Nak-nanouks (Habitans des Montagnes), pp. 248 — 252. B. Langue des Juporocas, Boutomoras et Craikmouses, pp. 253, 254 j and Note, pp. 259—262 of Vol. V of: Castelnau, Voyage, ^ppendice.",,printed,,53,unclear
Engerekmung,,D'Oebigny,"A. D'OEBIGNY, L'Homme Americain, Vol. II, p. 347.",,printed,,53,unclear
"Eskelen,  Eslenes",,,"Californian Indians, east of Monterey. The Ekklemaches are said to be a tribe of the Eskelen, and to speak the richest idiom of all the Californian Indians.",,printed,,53,unclear
"Eskelen,  Eslenes",,Jean,"JEAN-FEANC. GALATTP DE LA PEEOUSE, Voyage autour du Monde (1785-1788), redige et public par M. L. A. Millet-Mureau. Paris, imprimerie de la Republique, an V (1797), 4 vols. 4to, and Atlas. Reimprime, Paris, 1798, 4 vols. 8vo. (In Chap. 12 of Vol. I.)",1785,printed,,53,unclear
"Eskelen,  Eslenes",,,"English translation — London, Robinson, 1799, 2 vols. 4to, and Atlas. German translation — Berlin, 1799, 2 vols. 8vo, Vol. I, p. 388. The linguist of the Expedition was De la Manon. He collected words of the ""Ecclemaches dialect.",1799,printed,,53,unclear
"Eskelen,  Eslenes",,Bouegoing,"J. F. BOUEGOING, Relation d'un Voyage recent des Espagnols sur les Cotes Nord-ouest de 1'Amerique septentrionale. Paris, 1789, 3 vols. 8vo. Second edition, 1792 ; third edition, Paris, 1803.",1789,printed,,53,unclear
"Eskelen,  Eslenes",,,"German translation — Jena, 1789, 8vo. Reprinted in : Archives Litteraires de 1'Europe, 1804, No. 4, p. 87.",1789,printed,,53,unclear
"Eskelen,  Eslenes",,,"Relacion del Viage hecho por las Goletas Sutel y Mexicana en el afio de 1792,",1792,printed,,53,unclear
"Eskelen,  Eslenes",,,"para reconocer el estrecho de Fuca ; con una introduccion en que se da noticia de las Expediciones executadas anteriormente por los Epaiioles en busca del pays de nordeste de la America de Orden del Rey. Madrid, en la imprenta real, 1802 8vo, pp. clxviii, 185, Atlas.",1802,printed,,53,unclear
"Eskelen,  Eslenes",,,"Pp. 172, 173, and p. 127 of Vol. II of : American Ethnological Society's Transactions.",,printed,,53,unclear
"Eskelen,  Eslenes",,Humboldt,"A. DE HUMBOLDT, Essai politique de la Nouvelle Espagne. Paris, Schoell, 1811, 2 vols. 4to (or 5 vols. 8vo) ; often reprinted.",1811,printed,,53,unclear
"Eskelen,  Eslenes",,,"Vol. I, p. 322, of the 4to edition gives Eskelen numerals from the MS. of",,manuscript,,53,unclear
P.  Lasuen,,Bourgoing,"Mithridates, Vol. Ill, part 3, p. 205 (Eslenes, from BOURGOING ; Ecclemaches, from DE LA MANON, in La Perouse).",,printed,,53,unclear
P.  Lasuen,,,"BA.LBI, Atlas Ethnographique, Tab. XLT, No. 831.",,printed,,53,unclear
Eskimo,east2534,,"North of 60° northern latitude. The three principal dialects of the Eskimo are those of — 1. Tlieltaralis, Greenlanders. 2. The Eskimo proper, on the shores of Labrador. 3. The Western Eskimos.",,printed,,53,unclear
Eskimo,east2534,Edward,"Vocabulary of English and Eskimo Words, pp. 203—205, and ""A Short Vocabulary of the Language spoken among the Northern Indians inhabiting the north-west part of Hudson's Bay, as it was taken at different times from the mouths of Babiana and Zazana, two Indians, who were on board H. M. S. the ' Furna",1742,printed,,53,no
Eskimo,east2534,Hans,"HANS EGEDE, Det gande Grdiilands nye Perlustration. Kjobenhavn, 1741, 8vo. (Chap. XVII of the language, with a short Vocabulary.)",1741,printed,,53,no
Eskimo,east2534,,"English translation — A Description of Greenland. London, 1745, 8vo. French translation — Description et Histoire Naturelle du Greenland, trad, en Francais par D. R. D. P. (Des Roches de Parthenay). Copenhague et Geneve, 1763, 8vo.",1745,printed,,53,unclear
Eskimo,east2534,,"German translation — Beschreibung und Naturgeschichte von Greenland In' s Deutsche iibersetzt von J. G. Kriinitz. Berlin, Mylius, 1763, 8vo.",1763,printed,,53,unclear
Eskimo,east2534,Anderson,"J. ANDERSON, Nachrichten von Island, Greenland und der Strasse Davis. Hamburgh, 1746, 8vo, pp. 285 — 325.",1746,printed,,53,no
Eskimo,east2534,Paul,"PAUL EGEDE, DictionariumGroenlandico-Danico-Latinum, completens primitiva cum suis derivatis quibus interject® sunt voces primarise e Kirendo Angokkutorum adornatum. Hafnice, typ. orphanotr. Reg. Gottfr. F. Kisel, 1750, 8vo, pp. 16, 312. Greenland, pp. 1— 207 ; Danish, pp. 208 -263 ; Latin, pp. 264—",1750,printed,,53,no
Eskimo,east2534,Viii,"Langue des Esquimaux et des Groenlandais, pp. 494—498 of Vol. VIII of: COURT DE GEBELIN, Monde Primitif. Paris, 1772, 4to. Vocabulary taken from EGEDE. Eeprint, pp. 306—312 of: J. B. SCHEEEB, Recherches Historiques et Geographiques sur le Nouveau Monde. Paris, Brunet, 1777, 12mo. Ibid. "" Eskimo and ",1772,printed,,53,no
Eskimo,east2534,Hervas,"HERVAS, Origine, Tabb. XL VIII, L, et seq. (Greenland). HERVAS, Saggio, p. 126, 127.",,printed,,53,no
Eskimo,east2534,Cook,"Table to show the Affinity between the Languages spoken at Oonalaska and Norton Sound, and those of the Greenlanders and Esquimaux. Appendix VI to Vol. Ill of: A Voyage to the Pacific Ocean .... performed under the direction of Captains COOK, CLARKE, and GORE, in H. M. S. "" Resolution"" and "" Discove",1776,printed,,53,yes
Eskimo,east2534,Peter,"And in Vol. I, p. 308, of: PETER SIMON PALLAS, Neue Nordische Beitraege zur Physikalischen und Geographischen Erd-und Voelkerbeschreibung, Naturgeschichte und Oekonomie. 'St. Petersburg, Logan, 1781—1796, 7 vols. 8vo.",1781,printed,,53,no
Eskimo,east2534,John,"Eskimaux-English Vocabulary, for the use of the Arctic Expedition. Published by order of the Lords Commissioners of the Admiralty. Compiled by Captain JOHN WASHINGTON, R.N. London, John Murray, 1850, 12mo, oblong. Pp. xvi, 160 : pp. 2 — 109, English -Eskimaux; pp. 115 — 160, Eskimaux-English; pp. 11",1850,printed,,53,yes
Eskimo,east2534,Long,"J. LONG, Voyages and Travels of an Indian Interpreter and Trader .... to which is added .... a List of Words in the .... and Esquimaux Tongues. London, Robson, Debrett, and Co., 1791, 4to, p. 183 (twenty-two words).",1791,printed,,53,no
Eskimo,east2534,,"German translation, by G. ""Forster. Berlin, Voss, 1792, 8vo ; and by A. W. Zimmermann. Hamburg, Hoffman, 1791, 8vo.",1792,printed,,53,unclear
Eskimo,east2534,Captain,"CAPTAIN WILLIAM E. PARRY, R.N., Journal of a Voyage for the Discovery of a North-west Passage, etc. London, 1821, 4to.",1821,printed,,53,no
Eskimo,east2534,Captain,"CAPTAIN WILLIAM EDWARD PARRY, R.N., Journal of a Second Voyage for the Discovery of a North-west Passage from the Atlantic to the Pacific, performed in the years 1821, 1822, and 1823, in H. M. S. "" Fury"" and "" Hecla."" Published by authority. London, Murray, 1824, 4to, pp. 600, pp. 559—569. Reprinted",1821,printed,,53,no
Eskimo,east2534,,"On the Eskimaux Language (of Melville Peninsula and the adjoining islands, more particularly Winter Island and Igloolik), pp. 451 — 457. Voca- bulary of Eskimaux Words and Sentences, pp. 459 — 464. Eskimaux Names of Places, p. 464.",,printed,,53,unclear
Eskimo,east2534,Otho,"OTHO FABRICITJS, Den Groenlandske Ordbog, forbedret og foroget. Kjb'benTiavn, C. F. Schubert, 1804, 8vo, pp. viii, 795 (pp. 10—544, Gronl. Danish ; 545—795, Danish Register).",1804,printed,,53,no
Eskimo,east2534,,"Words are also given in the same author's : Fauna Grcenlandica. Hafnice, 1780, 8vo.",1780,printed,,53,unclear
Eskimo,east2534,Captain,"CAPTAIN F. W. BEECHEY, R.N., Narrative of a Voyage to the Pacific and Behring's Strait, to co-operate with the Polar Expeditions, performed in H. M. S. ""Blossom,"" in the years 1825, 1828. London, 1831, 4to, pp. 742 ; also, 2 vols. 8vo.",1825,printed,,53,no
Eskimo,east2534,,"Vocabulary of Words of the Western Esquimaux, pp. 620—627 of the 4to edition, and Vol. II, pp. 366—383 of the 8vo edition.",,printed,,53,unclear
Eskimo,east2534,John,"Appendix to the Narrative of a Second Voyage in Search of a North-west Passage, by SIE JOHN Boss, C.B. London, 1835, 4to, pp. 376, plates.",1835,printed,,53,yes
Eskimo,east2534,Captain,"Names of Mammalia, Birds, and Fishes, in : CAPTAIN W. A. G-RAAH, Narrative of an Expedition to the East Coast of Groenland, sent by order of the King of Denmark in search of the lost Colonies. Translated by C. Gordon Mac- dougall. London, Parker, 1837, 8vo, pp. 16, 199. Appendix No. II, B, pp. 178—1",1837,printed,,53,no
Eskimo,east2534,Egede,"Mithridates, Vol. Ill, pp. 340, 431, and part 3, pp. 422, 424, 454, 455, 462 (from EGEDE, ANDEESON, DOBBS, and LONG), Vol. IV, pp. 251—253.",,printed,,53,no
Eskimo,east2534,Baee,"Some Words (3) and Numerals (1 — 5) of the Behring Strait, Eskimo, Kadjak, Igloolik Eskimo, and Unalachka Languages compared, p. 123 of: VON BAEE and VON HELMESEN, Beitraege zur Kenntniss des Russischen Eeichs, Bd. 1. St. Petersburg, Academy of Sciences, 1839, 8vo.",1839,printed,,53,no
Eskimo,east2534,Galla,"No. 1, 1, 2, a, of the Comparative Vocabulary of Fifty-three Nations in A. GALLA- TIN'S Synopsis, in Vol. II of: Archseologia Americana, pp. 305 — 367 ; and Com- parative Vocabulary of Sixteen Tribes. Ibid., pp. 368 — 372 (Hudson's Bay, 1; Kotzebue Sound, 2 ; Greenland, a) .",,printed,,53,no
Eskimo,east2534,Paeey,"(From PAEEY, BEECHEY, EGEDE, and CBANTZ)",,printed,,53,no
Eskimo,east2534,,"Keprinted, I 1, under A I, pp. 78, 80, 82 ; I 2 a, under L I, p. 104, of the Vocabularies in Vol. II of: Transactions of the American Ethnological Society.",,printed,,53,unclear
Eskimo,east2534,Balbi,"BALBI, Atlas Ethnographique, Tab. XLI, No. 856. Groenlandais propre — Esk. d. 1. Baie du Prince Eegent (Ross); Esk. (DOBBS) ; Esk. d. 1'Ile d'Hiver (Parry).",,printed,,53,no
Eskimo,east2534,Smith,"SMITH BAETON, New Views, etc. Comparative Vocabularies (Greenlanders, Esquimaux).",,printed,,53,yes
Eskimo,east2534,John,"Comparative Table of the Dialects spoken by the Behring' s Strait and Labrador Eskimo, pp. 369—382 of Vol. II of : SIE JOHN RICHAEDSON, Arctic Exploring Expedition. London, 1851, 2 vols. 8vo.",1851,printed,,53,yes
Eskimo,east2534,Weangel,"Note. — The Behring's Strait Eskimo, or Kuskutchewak, from WEANGEL ; the Labrador Coast Eskimo from a Vocabulary of Rev. P. LATEOBE.",,printed,,53,no
Eskimo,east2534,Woeldike,"M. WOELDIKE, Meletema de -Linguae Grcenlandicse ejusque a ceteris linguis differentia, in: Semestria Sooietatis Hafniensis. Kafnice, 1746, part 2, p. 137 et seq.",1746,printed,,53,no
Eskimo,east2534,,"En Grocnlandsk A B D Bog. Kjobenliavn, 1760, 8vo. Reprinted, Kattitsio-",1760,printed,,53,unclear
Eskimo,east2534,Steen,"marsut attuaromarsullo Malligekseit. Gnadau, 1835, 8vo. Nye udg. ved STEEN- BEEG. Kjobenhavn, Missions Collegium, 1849, 8vo, pp. 20.",1835,printed,,53,no
Eskimo,east2534,Paul,"PAUL EGEDE, G-rammatica Grcenlandico-Danico-Latina. Ha/nice, 1760, 8vo.",1760,printed,,53,no
Eskimo,east2534,Dayld,"DAYLD CEANTZ, Historie von Greenland enthaltend die Beschreibung des Landes und seiner Einwohner, insbesondere die G-eschichte der dortigen Mission zu NEU HEEENHUT und LICHTENFELS. Barby and Leipzig, Kummer, 1765, 8vo. Fortset- zung, ibid , 1770, 8vo. Second edition, ibid., 1770, 8vo, pp. 277—287. K",1765,printed,,53,no
Eskimo,east2534,,"English translation — The History of Greenland, including an Account of the Mission carried on by the United Brethren in that country. London, 1767, 2 vols. 8vo. Reprinted, with a continuation to the present time, Notes, and Appendix. London, Longmans, 1820, 2 vols. 8vo.",1767,printed,,53,unclear
Eskimo,east2534,Egil,"EGIL. THOBHALLESEN, Schema Conjugationis Grcenlandicse verborum in ok, vok et rpok desinentium. Hafnics, 1776.",1776,printed,,53,no
Eskimo,east2534,Otho,"OTHO FABEICITJS, Forsoeg til en forbedret Groenlandsk Grammatica. Kjoben- kavn, 1791, 8vo. Andet oplog, ibid., C. F. Schubert, 1801, 8vo, pp. viii, 388.",1791,printed,,53,no
Eskimo,east2534,,"Mithridates, Vol. Ill, part 3, pp. 435, 447, 452-454.",,printed,,53,unclear
Eskimo,east2534,,"A. Gallatin's Synopsis, etc. in Yol. II of: Archeeologia Americana, Appendix, No. I, pp. 211—214.",,printed,,53,unclear
Eskimo,east2534,Cbantz,(From CBANTZ and the Mithridates).,,printed,,53,no
Eskimo,east2534,,"Brief Sketch of the Eskimaux Grammar, pp. si, xvi of: Eskimaux-English Vocabulary, for the use of the Arctic Expeditions. London, John Murray, 1850, 12mo, oblong.",1850,printed,,53,unclear
Eskimo,east2534,Kleinschmidt,"SAM. KLEINSCHMIDT, Grammatikder Groenlandischen Sprache, mit theilweisem Einschluss des Labrador Dialectes. Berlin, Reimer, 1851, 8vo, pp. 10, 182.",1851,printed,,53,yes
Eskimo,east2534,John,"Grammatical Notices concerning the Eskimo Dialects of Behring's Strait and the Labrador Coast, pp. 364—368 of Vol. II of: SIE JOHN RICHAEDSON'S Arctic Exploring Expedition. London, 1851, 2 vols. 8vo.",1851,printed,,53,yes
Eskimo,east2534,Koenigsee,"The Grammar of KOENIGSEE, 1780 ; exists only in MS.",1780,manuscript,,53,no
"Flatheads,  Selish",,,"Indians of the Rocky Mountains and Oregon ; divided into many tribes, of which the Salish, Ponder ays, ai.d Spokein Indians are the most important",,printed,,53,unclear
"Flatheads,  Selish",,Peinz,"PEINZ MAXIMILIAN zu WIED, Reise in das Innere Nord Amerika's in 1832, bis 1834. Coblenz, Hoelscher, 1838—1841, 2 vols. 4to, Vol. II, pp. 501, etc.",1832,printed,,53,unclear
"Flatheads,  Selish",,Xviii,"No. XVIII, 53, of the : Comparative Vocabulary of Fifty -three Nations. A. GALLATIN'S Synopsis, Vol. II of : Archseologia Americana, pp. 305 — 367. (Salish, from a MS. authority in Duponceau's Collections.)",,manuscript,,53,unclear
"Flatheads,  Selish",,Hale'S,"Vocabulary of the Tsihaili- Selish family, in four branches (northern, middle, western, and southern), pp. 569—629 of: H. HALE'S Ethnography and Philology of the United States Exploring Expedition. Philadelphia, Lea and Blanchard, 1846, 4to, map.",1846,printed,,53,unclear
"Flatheads,  Selish",,Hale,HALE divides the four branches of the Selish into the following languages : —,,printed,,53,unclear
"Flatheads,  Selish",,,"a. E. Shushwapumsh (Shushwaps, Atnahs).",,printed,,53,unclear
"Flatheads,  Selish",,Xxiii,"N.B. — A short Atnah or Chin Indians Vocabulary is given by A. Gallatin, under No. XXIII, 58, of his Comparative Vocabulary of Fifty-three Nations, p. 378 (Archseologia Americana, Vol. II), from MACKENZIE, pp. 257, 258 of his Voyages. London, 1801.",1801,printed,,53,unclear
"Flatheads,  Selish",,,"b. F. SelisJt or Flatheads, divided into three dialects : — aa. c. Kullespelm, (or Ponderays — Pend d'Oreilles).",,printed,,53,unclear
"Flatheads,  Selish",,,bb. d. Tsdkaitsitlin (Spokan Indians) . cc. e. Soaiatlpi (Kettle-falls).,,printed,,53,unclear
"Flatheads,  Selish",,,c. Or. Skitsuish (Coeur d'alene).,,printed,,53,unclear
"Flatheads,  Selish",,,d. H. PisJcivaus (Piscous).,,printed,,53,unclear
"Flatheads,  Selish",,,"a, J. Tsihailish (Chickailis, Chilis), divided into :— aa. f. Tsihailish. bb. g. Kwaiantl. cc. h. Kwenaiwitl. b. K. KawelitsTc (Cowelits).",,printed,,53,unclear
"Flatheads,  Selish",,,L. Nsietshawus (Killamuks).,,printed,,53,unclear
"Flatheads,  Selish",,Xxiii,"In the : Transactions of the American Ethnological Society, Vol. II, the Vocabu- laries of Cr, H, I, J, K, are given under T, XXIII, pp. 118, 119 ; the Vocabulary L, under U, XXIII, p. 120 ; the Vocabulary F, under C, XXIII, "" Selish Flatheads,"" pp. 88, 90, 92, 94.",,printed,,53,unclear
"Flatheads,  Selish",,Frost,"Ad. 3, a, a short Vocabulary of this language, called "" Checalish"" is given by Messrs. D. LEE and J. H. FROST, pp. 341—343 of their: Ten Years in Oregon. New York, J. Collord, printer, 1844, 12mo.",1844,printed,,53,unclear
"Flatheads,  Selish",,Smet,"A short Vocabulary of the Flathead Language, and the Lord's Prayer in the Flathead and Pend d'Oreille language, are given on the last, not numerated, pages of: P. P. J. DE SMET, e. S. J., Oregon Missions and Travels over the Rocky Mountains in 1845-1846. New York, Edw. Dunigan, 1847, 12mo, pp. 408, ",1845,printed,,53,unclear
"Flatheads,  Selish",,Latham,"Salish and Okanagan Words, p. 158 of: E,. Gr. LATHAM, The Languages of the Oregon Territory pp. 154 — 166 ; and",,printed,,53,unclear
"Flatheads,  Selish",,John,"Chikeeles and Tlaoquatch Words, p. 236 of : DR. JOHN SCOULER, on the Indian",,printed,,53,unclear
"Flatheads,  Selish",,,"Tribes inhabiting the North- West Coast of America, pp. 228—252 of : Journal of the Ethnological Society of London, Vol. I. Edinburgh, 1848, 8vo.",1848,printed,,53,unclear
"Flatheads,  Selish",,Hale,"Grammatical Remarks on the Language of the Tsihaili-Selish family, in : H. HALE, Ethnology and Philology of the United States Exploring Expedition. Philadelphia, Lea and Blanchard, 1846, 4to, map, pp, 535—542 ; and",1846,printed,,53,unclear
"Flatheads,  Selish",,,"Transactions of the American Ethnological Society, Yol. II, pp. 26—34.",,printed,,53,unclear
Eox  Islands,,,Russian America; continuation of the Aleutan Islands. See Unalaschka.,,printed,,53,unclear
Eox  Islands,,Cook,"A Voyage to the Pacific Ocean .... performed under the direction of Cap- tains COOK, CLARK, and GOEE, in the years 1776 — 1780. London, 1784, 3 vols. 4to. Vol. II, Appendix 6.",1776,printed,,53,unclear
Eox  Islands,,Billings,"J. BILLINGS, Voyages (Kussian edition). St. Petersburg, 1811, 4to, pp. 121 — 129.",1811,printed,,53,unclear
Eox  Islands,,,"Mithridates, Vol. I, p. 567.",,printed,,53,unclear
Eox  Islands,,Baee,"K. E. VON BAEE und GE. VON HELMEBSEN, Beitraege zur Kenntniss des Russischen Beiches und der angraenzenden Lander Asiens. St. Petersburg, Vol. I, 1839, 8vo, p. 259.",1839,printed,,53,unclear
Fuca  Strait,,,Between the territory of Washington and the southernmost part of Vancouver's Island.,,printed,,53,unclear
Fuca  Strait,,,"Varias Palabras del Idioma que se habla en la boca S. del Canal de Fuca y sus equivalentes en Castillano, p. 41 of: Relacion del Viage hecho por las goletas Sutil y Mexicana en el anno de 1792, para reconocer el estrecho de Fuca. Madrid, imprenta real, 1802, 8vo.",1792,printed,,53,unclear
Fuca  Strait,,Xxiv,"This Vocabulary is reprinted under No. XXIV, 59, of the Comparative Vocabulary in A. Grallatin's Synopsis (ArchaBologia Americana, Vol. II, p. 378).",,printed,,53,unclear
Fuca  Strait,,Geiko,"GE, GES, GEIKO (JAHYCOS).",,printed,,53,unclear
Fuca  Strait,,,People living on the sea -shores of the Brazilian provinces Maranham and Gram Para. They are divided into several,,printed,,53,unclear
Fuca  Strait,,Martius,"tribes, of which MARTIUS (iv, 80) names nine, among them the Ao-ges, Cran-ges, Canacata-ges, Ponkata-ges, and Paycob-ges.",,printed,,53,unclear
Fuca  Strait,,Spix,"J. B. VON SPIX and K. F. PH. VON MAETIUS, Eeise in Brasilien. Miinchen, 1823—1831, 3 vols. 4to.",1823,printed,,53,unclear
Fuca  Strait,,Balbi,"BALBI, Atlas Ethnographique, Tab. XLI, No. 513.",,printed,,53,unclear
Guaques,cari1279,,"New Granadian Indians, inhabiting the plains on the rivers Caqueta, Oteguasa, Caguan, and Putumayo, in the territory of Mocoa (formerly departmento del Assuai).",,printed,,53,unclear
Guaques,cari1279,Mantjel,"Vocabulario G-uaque-Espaiiol, taken by the Presbytero MANTJEL MAKIA ALBIS, in 1854, pp. 24 — 27 of: Los Indios del Audaqui. Popayan, imprenta de la Matricaria, 1855, 16mo.",1854,printed,,53,no
Guanas,chan1296,Martius,"Brazilian Indians of the province Mato-Grosso, on the banks of the Paraguay. MARTIUS (No. 29) calls them also Guanans, says that they live between the Paraguay and the Sierra de Chainez, and thinks that they are related to the Cohans or Coa- huanas (men of the wood), whom the Guaycurus call Cayu- ba",,printed,,53,no
Guanas,chan1296,Castelnaf,"Langue des Guanas (Rio Paraguay). Vocabulary, No. VII, pp. 274 — 276 of: CASTELNAF, Vol. V, Appendice.",,printed,,53,no
Guabani,,Adelung,"The most extended nation of southern Brazil and the Argen- tine Republic, Paraguay, and Uruguay. They were christian- ized by the Jesuits, under the dominion of whom they lived, enjoying a theocratic form of government. ADELUNG (in Mithridates) distinguishes — 1. South Guarani, or Guarari pro- per, ",,printed,,53,unclear
Guabani,,Alphonsus,"ALPHONSUS BAEZENA, Lexica et praecepta grammatica, item liber confessionis et precum in quinque Indorum Linguis, quarum usus per Americam australem, nempe Puquinica, Tenocotica, Catamareana, Guaranica, Natixana, sive Mogaznana- PeruvicB, 1590, folio.",1590,printed,,53,unclear
Guabani,,Sotwell,"This title is given by Brunet (Vol. I, p. 259) from : SOTWELL, Bibliotheca Societatis Jesu Nath. Eibadeneirse. Home, 1676, folio, p. 33.",1676,printed,,53,unclear
Guabani,,Antonio,"P. ANTONIO Ruiz (DE MONTOTA), Tesoro de la Lengua Guarani que se usa en el Peru, Paraguay y Rio de la Plata. Madrid, Juan Sanchez, 1639, 4to j consists of 8 and 407 numbered leaves.",1639,printed,,53,unclear
Guabani,,,"The author had resided thirty years among the Guaranis. He published also : Catecismo de la Lengua Guarani. Madrid, 1640, 8vo.",1640,printed,,53,unclear
Guabani,,Antonio,"Yocabulario de la Lengua Gruarani, por el P. ANTONIO Ruiz ; revisto y aumentado por otro Religiose. En el pueblo de S. Maria la Mayor, 1722, 4to.",1722,printed,,53,unclear
Guabani,,,This is apparently a new edition of the Vocabulary annexed to : Arte de la Lengua Guarani of P. Ruiz.,,printed,,53,unclear
Guabani,,Gilii,"GILII, Saggio, Vol. Ill, pp. 249, 357 and following.",,printed,,53,unclear
Guabani,,Cheistoph,"CHEISTOPH GOTTLIEB VON MUEE, Journal zur Kunstgeschichte und zur Allge- meinen Literatur. tfilrnlerg, Zeh, 1775-1790, 17 vols. 8vo, Vol. IX, p. 98-",1775,printed,,53,unclear
Guabani,,Heevas,"HEEVAS, Vocabolario, pp. 161 et seq. HEEVAS, Aritmetica, pp. 95, 96.",,printed,,53,unclear
Guabani,,Heeyas,"HEEYAS, Origine, pp. 29, 37, 41, 44, 48, 49, 55, 56, 78, 136, 178, Tabb. XLIX, L et seq.",,printed,,53,unclear
Guabani,,Heeyas,"HEEYAS, Saggio, pp. 95, 98.",,printed,,53,unclear
Guabani,,Gilii,"Mithridates, Vol. Ill, pp. 458, 459, 466. (From GILII and HEEVAS )",,printed,,53,unclear
Guabani,,Balbi,"BALBI, Atlas Ethnographique, Tab. XLI, No. 490.",,printed,,53,unclear
Guabani,,Heuvel,"J. A. VAN HEUVEL, El Dorado ; being a Narrative of the circumstances which gave rise to the reports in the sixteenth century of the existence of a rich and splendid city in South America. New York, Winchester, 1844, 8vo, Appendix V, pp. 164, 165.",1844,printed,,53,unclear
Guabani,,Alcede,"ALCEDE D'OEBIGNY, L'Homme Americain. Paris, 1839, 2 vols. 8vo. Vol.1, p. 164 ; Vol. II, p. 276 (Guarani of Paraguay and Guarayos of Bolivia compared with Carib, Galibi, and Oyampis).",1839,printed,,53,unclear
Guabani,,,"Six Words of the Fullah, Archipel, and Guarani Languages compared, p. 115 of Vol. I of: Memoires de la Socie""te Ethuologique. Paris, Dondey-Dupre, 1841, 8vo.",1841,printed,,53,unclear
Guabani,,Castelnau,"Deux Vocabulaires de Dialectes du Guaraui. Vocabulaire XI. Langue de Cayo- was (Dialecte du Guaranis), pp. 282, 283. Vocabulaire XII. Langue des Guarani du Paraguay, pp. 288—290 of Vol. V of: CASTELNAU, Voyage, Appendice.",,printed,,53,unclear
Guabani,,Antonio,"P. ANTONIO Ruiz DE MONTOYA, Arte y Vocabulario de la Lengua Guarani. Madrid, 1640, 4to.",1640,printed,,53,unclear
Guabani,,Ferdinand,"The Arte was again published under the following title : Arte de la Lengua Guarani, con los Escolios, Anotaciones y Apendices, del P. Paulo Restivo e S. J. Sacados de los papeles del P. Simon Bandini y otros. En el pueblo de Santa Maria la Mayor, 1734, 4to. Title given by FERDINAND DENIS, in : Bulle",1734,printed,,53,unclear
Guabani,,,"Mithridates, Vol. Ill, pp. 432—437, 457.",,printed,,53,unclear
Guabani,,D'Orbigny,"A. D'ORBIGNY, L'Homme Americain, Vol. II, pp. 299—302. Ibid., pp. 325 (Guarayos), p. 336 (Chiriguanos), pp. 342, 343 (Sirionos).",,printed,,53,unclear
Guakpes,,,"Indians of the Chilian provinca Cuio, who are said to speak the Allentiac or Mikokayac languages.",,printed,,53,unclear
Guakpes,,Luys,"LUYS DE VALDIVIA, Arte Grammatica, Vocabulario, Catecismo y Confessionario en Lengua Chilena y en las dos Lenguas Allentiac y Milcocayac que son las inas Generales de la Provincia de Cuio en el reyno de Chile, y que Hablan los Indios Guarpes y otros. Lima, 1607, 8vo. (See Allentiac.)",1607,printed,,53,unclear
Guakpes,,Lttys,LTTYS DE VALDIYIA— (see Vocabularies).,,printed,,53,unclear
Guasava,,Souza,"A language spoken in the department of Michoacan, in Mexico (according to DE SOUZA). LATHAM (Varieties of Mankind) says the Guazave language is mentioned as being that of the coast of Cinaloa. Whether it was different from the Maya dialect is doubtful.",,printed,,53,unclear
Guasava,,Fernando,"Arte d Grammatica de la Lengua Guasave, por P. FERNANDO VILLAPANE, de la Compafiia de Jesus. MS.",,manuscript,,53,unclear
Guatos,guat1253,Martius,"Brazilian Indians of the province Mato-grosso, on the Rio Paraguay. (On the Tacoary arid Araguaya; of a fairer com- plexion than the other Indians. MARTIUS, No. 32).",,printed,,53,yes
Guatos,guat1253,Castelnau,"Langue des Guatos. Vocabulary, No XII, pp. 283 — 285 of: CASTELNAU, Vol. V, Appendice.",,printed,,53,yes
"Guaykuru,  Mbaya",,,"South American Indians of the province Cujaba, on the left banks of the Paraguay, who call themselves Eijiguaijegi. The Spaniards called them "" Cavalleros/' because they were excellent horsemen. Their language has two principal dialects — the Mbaya and the Enakaga, and is said to bear much affinity ",,printed,,53,unclear
"Guaykuru,  Mbaya",,Gilii,"GILII, Saggio, Vol. Ill, pp. 367—371.",,printed,,53,unclear
"Guaykuru,  Mbaya",,Hervas,"HERVAS, Vocabolario Poliglotto, pp. 161 et seq., 221 — 223.",,printed,,53,unclear
"Guaykuru,  Mbaya",,Jose,(From the Spanish missionary P. JOSE SANCHEZ LABRADOR'S MSS.),,manuscript,,53,unclear
"Guaykuru,  Mbaya",,Hervas,"HERVAS, Aritmetica, p. 99. HERVAS, Origine, Tabb. XL VIII, L et seq. HERVAS, Saggio, pp. 106, 107 ; and Payagua, p. 228. Mithridates, Vol. Ill, pp. 478, 505, 506.",,printed,,53,unclear
"Guaykuru,  Mbaya",,Balbi,"BALBI, Atlas Ethnographique, Tab. XLI, No. 545 (Payagua- Guaycuru, Guay- curu-Mbaya).",,printed,,53,unclear
"Guaykuru,  Mbaya",,Castelnatj,"CASTELNATJ, Voyage, and Vol. V, Appendice, Vocabulaires, No. X, Langue des G-uaycurus, pp. 280, 281.",,printed,,53,unclear
"Guaykuru,  Mbaya",,Alfred,"On the Payaguas, see : Fragments d'un Voyage au Paraguay execute par Ordre du Gouvernenient ; lus & 1'Assemblee (de la Societe de Geographic) Generale du 23 Decembre, 1853, par ALFRED DEMERSAT, pp. 5-— 31 of Vol. VII of the fourth series of : Bulletin de la Societe Ge""ographique. Paris, Arthur Bertr",1853,printed,,53,unclear
"Guaykuru,  Mbaya",,Charles,"A few Payagwa ""Words, and some Account of the Payagwas, by CHARLES BLACHFORD MANSFIELD, ESQ., M.A., Clare Hall, Cambridge ; with Remarks by Robert Gordon Latham, M.D., pp. 496—504 of : Paraguay, Brazil, and the Plate. Letters written in 1852-1853, by C. B. MANSFIELD, ESQ., M.A., map, portrait, and i",1852,printed,,53,unclear
"Guaykuru,  Mbaya",,,"Mithridates, Vol. Ill, pp. 482—488.",,printed,,53,unclear
"Guaykuru,  Mbaya",,D'Oebigny,"A. D'OEBIGNY, L'Homme Americain, Yol. II, p. 120 of the : Lenguas or Juiadge Dialect.",,printed,,53,unclear
Guenoa,guen1235,,"Indian nation, on the eastern banks of the Uruguay River, south of the Guarani Missions.",,printed,,53,unclear
Guenoa,guen1235,Heevas,"HEEVAS, Saggio, pp. 228—229. HEEVAS, Catalogo, p. 46.",,printed,,53,no
Guyana,guya1253,Robert,"The principal tribes of British Guyana, besides the Accaways, are the Atorays, the Macoussies, and the Tiber acottes. SIR ROBERT SCHOMBURGK enumerates, besides the Lingua Geral, the Arawaak, Warau, and Taruma, the following dialects, as spoken in Guyana, viz. : — 1. Of the Caribi-Tamanaken stock, th",,printed,,53,no
Guyana,guya1253,Hettvel'S,"Vocabularies of the Languages of Five Indian Nations in Guyana — Accoways, Atoray, Macoussie, Tiberacottis, Guarano. Appendix No. V, pp. 164, 165 of: J. A. YAN HETTVEL'S El Dorado. New York, Winchester, 1844, 8vo.",1844,printed,,53,no
Guyana,guya1253,,"P. 166, ibid., Comparison of the Arrowak, Atoray, Maypure, Moxos, and Quichua.",,printed,,53,unclear
Guyana,guya1253,Eobeet,"SIE EOBEET H. SCHOMBUEGK, (Vocabulary and) Kemarks to accompany a Comparative Vocabulary of Eighteen Languages and Dialects of Indian Tribes inhabiting Guiana, pp. 96 — 99 of the : Report of the Eighteenth Meeting of the British Association for the Advancemeut of Science, held at Swansea, in August,",1848,printed,,53,no
Guyana,guya1253,,Vocabulary of Eighty-two Nouns and Numerals (1 — 10) in the Four Indian Lan-,,printed,,53,unclear
Guyana,guya1253,William,"guages of British Guiana— Arawaak, Accaway, Caribisce, Warow, by WILLIAM HILLHOUSE, pp. 247, 248 of Vol. II of : Journal of the Eoyal Geographical Society of London. London, John Murray, 1832, 8vo.",1832,printed,,53,yes
"Haeeltzuk,  Hailtsa",,Mackenzie'S,"Naass Indians of the north-west coast, from 50° 30' to 53° 30' northern latitude. Dialects of their language are spoken by the Billechoola, and the inhabitants of MACKENZIE'S Friendly Village.",,printed,,53,unclear
"Haeeltzuk,  Hailtsa",,Alexander,"ALEXANDER MACKENZIE, Voyages from Montreal through the Continent of North America. London, 1801, 4to, p. 376.",1801,printed,,53,unclear
"Haeeltzuk,  Hailtsa",,Xxvi,"Eeprinted, London, 1802, 2 vols. 8vo, Vol. II, p. 273. German transla- tion. Hamburg, 1802, 8ro, p. 545. Eeprinted under No. XXVI, 61, of the Vocabularies to A. Gallatin's Synopsis (p. 378 of Vol. II of the : Archa3ologia Americana).",1802,printed,,53,unclear
"Haeeltzuk,  Hailtsa",,Mackenzie,"Mithridates, Vol. Ill, part 3, p. 216 (Friendly Village, from MACKENZIE).",,printed,,53,unclear
"Haeeltzuk,  Hailtsa",,John,"Vocabularies, by JOHN SCOULEB, M.D., of Haeeltzuck and Billechoola, pp. 230, 232, 234. Chimmesyan, pp. 231, 233, 235 of Vol. XI of: Journal of the Eoyal Geographical Society of London (1841), 8vo.",1841,printed,,53,unclear
"Haeeltzuk,  Hailtsa",,Andeeson,"Hailtsa Vocabulary, by A. ANDEESON, p. 634 of: Horatio Hale's Ethnography and Philology of the United States Exploring Expedition. Philadelphia, Lea and Blanchard, 1846, folio.",1846,printed,,53,unclear
"Haeeltzuk,  Hailtsa",,Mackenzie,"The Vocabularies of MACKENZIE and ANDEESON, reprinted in the Vocabula- ries in Vol. II of: Transactions of the American Ethnological Society, sub. H, XX (Naass), p. 103.",,printed,,53,unclear
"Haeeltzuk,  Hailtsa",,Latham,"Billechoola, Friendly Village, Fitz-Hugh Sound, Haeltzuk Words, p. 155 of : E. G. LATHAM, The Langiiages of the Oregon Territory (pp. 154 — 166 of Vol. I of the : Journal of the Ethnological Society of London. Edinburgh, 1848, 8vo).",1848,printed,,53,unclear
Haidah,,,"Indians of Queen Charlotte's Island. A branch of this tribe, the Kyganies (Kigarnies) live in the southern part of the Archipel of the Prince of Wales.",,printed,,53,unclear
Haidah,,Stuegis,"Vocabulary of Kigarnee, Casarnee, Skittageets, Camshava, and Wdrds of other tribes on the north-west coast (from MS. authorities of STUEGIS and BETANT). No. XXVIII, 64, of the Vocabularies to A. Gallatin's Synopsis (Archseologia Americana, Vol. II, p. 380).",,manuscript,,53,unclear
Haidah,,John,"Vocabulary by DK. JOHN SCOTJLEK, pp. 231, 233 — 235 of Vol. XI of : Journal of the Eoyal Geographical Society of London. London, 1841, 8vo.",1841,printed,,53,unclear
Haiti,hait1241,,The aborigines of this island (San Domingo) are extinct.,,printed,,53,unclear
Haiti,hait1241,Gilii,"GILII, Saggio di Storia Americana, Vol. Ill, pp. 220—227.",,printed,,53,no
Haiti,hait1241,Oyiedo,"(Collected Haitian Words (from OYIEDO, PIEDRO MAETYE, and ACOSTA). Supplements, see in : Earth ol. de las Casas, Regionum Indicarum accuratissima descriptio. FranJcofurti, 1598, 4to, pp. 8—10.",1598,printed,,53,no
Haiti,hait1241,Eapinesqtje,"C. S. EAPINESQTJE, Atlantic Journal and Friend of Knowledge. Philadelphia, 1832, 1833, 8vo, pp. 50 et seq. ,",1832,printed,,53,no
Haiti,hait1241,Rafinesque,"Comparative Taino Vocabulary of Hayti, pp. 230 — 253 of: C. S. RAFINESQUE, The American Nations. Philadelphia, 1836, 12mo.",1836,printed,,53,no
Haiti,hait1241,,"Mithridates, Vol. Ill, part 3, p. 3.",,printed,,53,unclear
Haiti,hait1241,,"Abecedaire Hay tien ; suivi d'un Precis Historique, Chronologique et Geographique sur 1'Isle de Haiti. Paris, 1839, 8vo.",1839,printed,,53,unclear
Haiti,hait1241,Rapinesqtte,"The Haytian or Taino Language restored, with Fragments of the Dialects of Cuba, Lucagas, Boriquen, Eyeri, Casiri, Araguas. Grammatical Notices and Com- parative Vocabularies (pp. 215 — 259 of: C. S. RAPINESQTTE, The American Nations ; or, Outline of their General History. Philadelphia, printed for t",1836,printed,,53,no
Hitohittees,,,"A branch of the Creek confederation, on the rivers Chatahsochee and Flint.",,printed,,53,unclear
Hitohittees,,Gallatin'S,"No. X, r, of the Comparative Vocabularies to A. GALLATIN'S Synopsis (Archseo- logia Americana, Vol. II, p. 377.)",,printed,,53,unclear
Hitohittees,,Ridge,"From MS. authority of M. RIDGE, a Cherokee.",,manuscript,,53,unclear
Hitohittees,,Captain,"Numerals of the Hitchittee or Chel-o-kee Dialect (1 — 1000), spoken by several tribes of the great Muscogee race. By CAPTAIN J. C. CASEY, United States Agent, Florida; pp. 220, 221 of Vol. II of: Schoolcraft's Indian Tribes of the United States.",,printed,,53,unclear
Hochelaga,,,"An extinct tribe of Canada, speaking a dialect of the Mohawk language. Montreal is situated on the place where this tribe formerly resided.",,printed,,53,unclear
Hochelaga,,Hacklutt,"E. HACKLUTT, Collection of Voyages. London, 1599, 3 vols. folio ; Yol. II, p. 231.",1599,printed,,53,unclear
Hochelaga,,Kamusio,"G. B. KAMUSIO, Navigation* e Viaggi. Venezia, 1606, 3 vols. folio ; Vol. Ill' p. 385.",1606,printed,,53,unclear
Hochelaga,,Cartier,"A short Vocabulary (from CARTIER), pp. 48, 49 of: John de Laet, Orbis Novus. 'Ltigduni Batavor., Elzevir, 1633, folio.",1633,printed,,53,unclear
Hochelaga,,,"From De Laet, reprinted in A. Gallatin's Synopsis (Archseologia Americana, t- Vol. II, p, 376, under V, 0), and Mithridates, Vol. Ill, part 3, pp. 335—337.",,printed,,53,unclear
Hochelaga,,Jacques,"See also : JACQUES CARTIER, Brief Eecit de la Navigation faite es Isles de Canada, Hoohelaga, Saguenay et autres, et particulierement des Moeurs, Lan- gage et Ceremonies des Habitants d'icelles. Paris, Ponce Kiffet, 1545, 8vo ; Rouen, 1598, 8vo ; and Italian, Prima Eelatione della Navigatione di Jaq",1545,printed,,53,unclear
Hochelaga,,Balbi,"BALBI, Atlas Ethnographique, Tab. XLI, No. 804,",,printed,,53,unclear
Hochelaga,,Smith,"SMITH BARTON, New Views, etc.— Comparative Vocabulary.",,printed,,53,unclear
Hoo-Pah,,,"Indian tribe on the lower part of the Trinity River, in north- western California. Their language extends to the south fork.",,printed,,53,unclear
Hoo-Pah,,George,"GEORGE GIBBS, Vocabulary in: Schoolcraft, Indian Tribes of the United States, Vol. Ill, pp. 440—445.",,printed,,53,unclear
Hoo-Pah,,Professor,"PROFESSOR W. W. TURNER, Comparative Vocabulary of Twenty-five Words of Hoopah (from GIBBS), Hudson's Bay, Chepewyan, Dogrib, Umkwa, Tacully, Navajo, and Apache, pp. 84, 85, of : Keport upon the Indian Tribes ; added to Lieutenant A. W, Whipple's Report, in Vol. II of: Pacific Eailroad Eeports. Washi",1855,printed,,53,unclear
Huasteka,,,"Mexican Indians, north-east of Vera Cruz and the city of Mexico, in the State of Tamaulipas, near the Bio Panuco.",,printed,,53,unclear
Huasteka,,Andeeas,"ANDEEAS DE OLMOZ, Grammatica et Lexicon Linguae Mexicanse, Totonaquse et Huastecse. Mexici, 1560, 2 vols. 4to.",1560,printed,,83,unclear
Huasteka,,,"Neither Rich nor Ternaux Compans, nor even Brunet, gives the title of this book. Brunet (III, p. 559) states only that Antonio, in his Bibliotheca Nova, Vol. I, p. 81, names several linguistic publications of Olmoz, but does not give their titles. De Souza makes the same remark, but gives no titles ",,printed,,83,unclear
Huasteka,,Caelos,"CAELOS DE TAPIA ZENTENO (see Grammars). Mithridates, Vol. Ill, part 3, pp. 15, 123, 124.",,printed,,83,unclear
Huasteka,,Vater,"J. S. VATER, Proben der Deutschen Volksmundarten und andere",,printed,,83,unclear
Huasteka,,,"Sprachforschungeu. Leipzig, Fleischer, 1816, 8vo, pp. 353—375.",1816,printed,,83,unclear
Huasteka,,Balbi,"BALBI, Atlas Ethnographique, Tab. XL!, No. 704.",,printed,,83,unclear
Huasteka,,,"Nouvelles Annales de Voyage. Paris, 1840, 8vo, Vol. IV, pp. 9—37.",1840,printed,,83,unclear
Huasteka,,Gallatin,"A. GALLATIN, Notes on the Semi-civilized Nations of Mexico, etc. (American Ethnological Society's Transactions, Vol. I, pp. 9, 10, Comparative Table to p. 114, and Comparative Vocabulary, pp. 298—304).",,printed,,83,unclear
Huasteka,,Andreas,"ANDREAS DE OLMOZ (see Vocabularies). CAELOS DE TAPIA ZENTENO, Arte la la Lengua Huasteca. Mexico, 1747, 4to,",1747,printed,,83,unclear
Huasteka,,Caelos,"CAELOS DE TAPIA ZENTENO, Noticia de la Lengua Huasteca con Catecismo y Doctrina Christiana. Mexico, imprenta de la Bibliotheca Mexicana, 1767, 4to, pp. 10, 128.",1767,printed,,83,unclear
Huasteka,,,"(Pp. 1—47, Grammar; pp. 48 — 88, Vocabulary; pp. 89—128, Catecismo and Doctrina.)",,printed,,83,unclear
Huasteka,,,"An extract of this work is given by A. Gallatin in: Collections of the Ethnological Society's Transactions, Vol. I, pp. 276 — 286, and also in : Mithridates, Vol. Ill, part 3, pp. 106—113.",,printed,,83,unclear
Hudson'S  Bay  Indians,,Boweie,"BOWEIE, A Dictionary of the Hudson's Bay Indian Language, s. 1. e. a., 1776, two sheets in folio.",1776,printed,,83,unclear
Hudson'S  Bay  Indians,,Edwaed,"A short Vocabulary of the Language spoken among the Northern Indians inhabiting the north-west part of Hudson's Bay, as it was taken at different times from the mouths of Babiana and Zazana, two Indians who were on board H. M. S. "" Furnace,"" in the year 1742, by EDWAED THOMPSON, surgeon of said ship",1742,printed,,83,unclear
Hudson'S  Bay  Indians,,Abthue,"(Pp. 206—211 of: ABTHUE DOBBS, An Account of the Countries adjoining Hudson's Bay. London, 1744, 4to.)",1744,printed,,83,unclear
Hudson'S  Bay  Indians,,Professor,"PROFESSOR W. W. TURNER, Comparative Vocabulary of Twenty-five Words of Hudson's Bay (from DOBBS), Chepewyan, Dogrib, Tacully, Umkwa, Hoopah, Navajo, and Apache, pp. 84, 85 of: Lieutenant A. W. Whipple's Report upon the Indian Tribes ; added to his Report on the Route near the 35th Parallel, in Vol. ",1855,printed,,83,unclear
Hudson'S  Bay  Indians,,Edward,"A Specimen of sundry Indian Languages spoken in the inland parts of Hudson's Bay, between that coast and the coast of California. Table to p. 202 of : EDWARD",,printed,,83,unclear
Hudson'S  Bay  Indians,,Umfreville,"UMFREVILLE, The Present State of Hudson's Bay to which are added",,printed,,83,unclear
Hudson'S  Bay  Indians,,,"a Specimen of Five Indian Languages London, Walker, 1790,",1790,printed,,83,unclear
Hudson'S  Bay  Indians,,,"German translation, by E. A. W. Zimmermann. Helmstedt, 1791, 8vo.",1791,printed,,83,unclear
Hudson'S  Bay  Indians,,Dobbs,"Mithridates, Vol. Ill, part 3, pp. 419, 422, 424 (from DOBBS).",,printed,,83,unclear
Hudson'S  Bay  Indians,,Lieutenant,"LIEUTENANT EDWARD CHAPPELL, R.N., Narrative of a Voyage to Hudson's",,printed,,83,unclear
Hudson'S  Bay  Indians,,,"Bay, in H. M. S. "" Rosamund,"" containing some Account of the Tribes",,printed,,83,unclear
Hudson'S  Bay  Indians,,,"inhabiting that Remote Region. London, Mawman, 1817, 8vo, map, 4 plates, pp. 12, 280.",1817,printed,,83,unclear
"Hurons,  Wyakdots",,,Formerly of Canada. Belonging to the Mohawk stock.,,printed,,83,unclear
"Hurons,  Wyakdots",,Frere,"Dictionnaire de la Langue Huronne, on 72 leaves, in : FRERE GABRIEL SAGARD THEODAT, Le Grand Voyage du Pays des Hurons, situe en 1'Amerique, vers la mer douce es derniers confins du Canada, avec un Dictionnaire de la Langue Huronne. Paris, Denis Moreau, 1632, 8vo, 92 leaves, and pp. 380.",1632,printed,,83,unclear
"Hurons,  Wyakdots",,,"The Dictionary is sometimes found separately, and the work occasionally bound in two volumes, the first of which is dated 1631.",1631,printed,,83,unclear
"Hurons,  Wyakdots",,Sagard,"Court de Gebelin has extracted Fifteen Words from SAGARD THEODAT: Monde Primitif, Vol. VIII, p. 501.",,printed,,83,unclear
"Hurons,  Wyakdots",,Lahontan,N. DE LAHONTAN (see Algonquin).,,printed,,83,unclear
"Hurons,  Wyakdots",,Hervas,"HERVAS, Saggio, pp. 231, 232.",,printed,,83,unclear
"Hurons,  Wyakdots",,Smith,"SMITH BARTON, New Views— Comparative Vocabularies.",,printed,,83,unclear
"Hurons,  Wyakdots",,Sagard,"Mithridates, Vol. Ill, part 3, pp. 335, 336, 337 (Huron, from SAGARD; Wyandot, from SMITH BARTON).",,printed,,83,unclear
"Hurons,  Wyakdots",,Allatin,"A. G-ALLATIN, Synopsis, etc., Comparative Vocabulary, V, 26 ft (p. 372 of Vol. II of: Archseologia Americana). The Wyandot is No. 26 of the Comparative Vocabulary, pp. 307—367, and is reprinted under A, V, 2, pp. 79, 81, 83 of Vol. II of: American Ethnological Society's Transactions.",,printed,,83,unclear
"Hurons,  Wyakdots",,John,"JOHN PICKERING, in the Encyclopaedia Americana, 1831. Translated iuto Ger- 'man by Talvi (Mrs. Robinson). Leipzig, Vogel, 1834, 8vo.",1831,printed,,83,unclear
"Hurons,  Wyakdots",,Duponceatj,"P. E. DUPONCEATJ, Memoire sur le Systeme Grammatical des Langues de quelques Nations Indiennes de 1'Amerique du Nord. Paris, 1838, 8ro.",1838,printed,,83,unclear
"Hurons,  Wyakdots",,Balbi,"BALBI, Atlas Ethnographique, Tab. XLI, Nos. 802, 803 (Wyandot Huron).",,printed,,83,unclear
"Hurons,  Wyakdots",,John,"JOHN JOHNSTON, of Piqua, Account of the Present State of the Indian Tribes inhabiting Ohio (Archaologia Americana, Yol. I, pp. 292 — 297).",,printed,,83,unclear
"Hurons,  Wyakdots",,Schoolceaft'S,"Keprinted, with some additions, in the Comparative Vocabulary of the Iroquois, pp. 393—400 of : H. R. SCHOOLCEAFT'S Notes on the Iroquois. Albany, Pease and Co., 1847, 8vo.",1847,printed,,83,unclear
"Hurons,  Wyakdots",,Cottet,"See also: COTTET DE G-EBELIN, Monde Primitif, 4to (Pam, 1772), Vol. VIII, pp. 499—504.",1772,printed,,83,unclear
"Hurons,  Wyakdots",,William,"Wyandot numerals (1—3,000,000), by WILLIAM WALKEE, pp. 218—220 of Vol. II of: Schoolcraft's Indian Tribes of the United States.",,printed,,83,unclear
"Hurons,  Wyakdots",,Howse,"J. HOWSE, Vocabularies of certain North American Indian Languages — Hurons, Iroquois, Mohawks of Amherstburg, Stone Indians ; pp. 113 — 121 of: Proceedings of the Philological Society, Vol. IV. London, 1850.",1850,printed,,83,unclear
"Hurons,  Wyakdots",,Feere,FEERE G-ABEIEL SAGAED THEODAT (see Vocabularies above) .,,printed,,83,unclear
"Hurons,  Wyakdots",,Sagaed,"From SAGAED, extracted by Professor Fiorillo, of Gottingen, in Mithridates, Vol. Ill, part 3, pp. 323—329.",,printed,,83,unclear
"Hurons,  Wyakdots",,Lafiteatj,"De la Langue (des Hurons), Vol. II, pp. 458 — 490 of: P. . LAFITEATJ, Mceurs des Sauvages Americains. Paris, 1724, 2 vols. 4to.",1724,printed,,83,unclear
"Hurons,  Wyakdots",,General,"Supplementary Notices to Sagard are given by : GENERAL PARSONS, Discoveries made in the Western Country. (Memoirs of the American Academy of Arts and Sciences, Vol. II, part 2.) Boston, 1793, 4to, pp. 124 et seq.",1793,printed,,83,unclear
"Hurons,  Wyakdots",,,"Grammar of the Huron Language, by a Missionary of the Village of Huron Indians at Loretto, near Quebec ; found amongst the papers of the Mission, and translated from the Latin, by John Wilkie ; pp. 94—198 of Vol. II of : Trans- actions of the Literary and Historical Society of Quebec. Quebec, printe",1831,printed,,83,unclear
"Iakons,  Lower    Killamuks",,,"Indians of Oregon, on the shores of the Pacific, north of the Umpqua River.",,printed,,83,unclear
"Iakons,  Lower    Killamuks",,Hale,"No. 8, T, of the Vocabularies of North, western America, pp. 569—629 of: HOE. HALE, Ethnography and Philology of the United States Exploring Expedition. Philadelphia, Lea and Blanchard, 1846, folio.",1846,printed,,83,unclear
"Iakons,  Lower    Killamuks",,Xxviii,"F. XXVIII, pp. 99, 101, of the Vocabularies in Vol. II of: Transactions of the American Ethnological Society.",,printed,,83,unclear
Illinois,miam1252,,"Indians formerly of Illinois, belonging to the Algonquin stock. The Mackenzies are closely related to them.",,printed,,83,unclear
Illinois,miam1252,Hervas,"HERVAS, Saggio, p. 233.",,printed,,83,no
Illinois,miam1252,Smith,"SMITH BARTON, New Views — Comparative Vocabularies. Mithridates, Vol. Ill, part 3, pp. 363, 364 (only two Words). BALBI, Atlas Ethnographique, Tab. XLI, No. 808.",,printed,,83,no
Illinois,miam1252,Allatin'S,"No. IV, 22, in : A. G-ALLATIN'S Synopsis, etc. Comparative Vocabulary (Archffiologia Americana, Vol. II, pp. 305—367), after an anonymous French MS. in Duponceau's Collection, and (partly) under O, IV, 2, p. 112, of the Vocabu- laries in Vol. II of : Transactions of the American Ethnological Society",,manuscript,,83,no
Inganos,jung1240,,Indians of the New Granadian territory of Mocoa (formerly clepartamento del Assuai).,,printed,,83,unclear
Inganos,jung1240,Manuel,"Vocabulario Ingano-Espanol, taken by the Presbyter MANUEL MARIA ALBIS, in 1854 ; pp. 20, 21, of : Los Indios del Andaqui. Popayan, impreuta de la Matri- caria, 1855, 16ino.",1854,printed,,83,no
"Inkuluchluate,    Kangjulit",,,"In Russian America, on the rivers Chulitna, Kuskokwim, and Kwichpack. They belong to the Eskimo stock.",,printed,,83,unclear
"Inkuluchluate,    Kangjulit",,Helmeb,"Vocabulary of Twenty Words, p. 119 of: K. E. YON BAR and Gr. TON HELMEB- SEN, Beitraege zur Kenntniss des Eussischen Heiches, Band I. St. Petersburg, 1839, 8vo.",1839,printed,,83,unclear
"Inkuluchluate,    Kangjulit",,Sagoskin,"SAGOSKIN, Kwigpak Vocabulary (compared with Tchwagmjute, Kuskokwimjute, Kadjak, and Namoller Languages), pp. 488—512 of Vol. VII of: Erman, Archiv fur wissenschaftliche Kenutniss von Russland. Berlin, 1849, 8vo.",1849,printed,,83,unclear
Ioways,iowa1246,,Indians on the River Des Homes.,,printed,,83,unclear
Ioways,iowa1246,Cass,"No. VI, n, of the Comparative Vocabulary in A. Gallatin's Synopsis (Archseo- logia Americana, Vol. II), p. 376. From CASS' MS. authority.",,manuscript,,83,no
Ioways,iowa1246,Iryin,"Eev. Messrs. S. M. IRYIN and WM. HAMILTON, An Iowa Grammar, illus- trating the Principles of the Language used by the Iowa, Otae, and Missouri Indians. Iowa Mission (Presbyterian) 1848, 18rno, pp. 152.",1848,printed,,83,no
Ioways,iowa1246,,"Iowa Primer, ibid., only eight pages (17 — 24) printed, containing Dissyllables and Trisyllables, with English explanation.",,printed,,83,unclear
Ioways,iowa1246,Hamilton,"Eemarks on the Iowa Language, by EEV. WM. HAMILTON, pp. 377-406 of Vol. IV of : Schoolcraft's Indian Tribes of the United States.",,printed,,83,no
Iquitos,cahu1268,,Brazilian Indians on the banks of the Amazon.,,printed,,83,unclear
Iquitos,cahu1268,Castelnau,"Langue des Iquitos, Vocabulary No. XXI, pp. 295, 296 of: CASTELNAU, Vol. V? Appendice.",,printed,,83,no
Iroquois,grea1306,,"The great league of five (afterwards six) nations — Senecas, Mohawks, Onondagos, Oneidas, Kayugas, and Tuscaroras. For books on their languages, see under the different nations.",,printed,,83,unclear
Iroquois,grea1306,Smith,"Specimen of a Comparison of the Languages of the Delaware Stock and those of the Six Nations, p. 20 of the Appendix to SMITH BAETON, New Views (edition of 1798), and Comparative Vocabularies.",1798,printed,,83,no
Iroquois,grea1306,Long,"J. LONG, Voyages and Travels of an Indian Interpreter and Trader, etc. ; to •which is added .... A List of Words in the Iroquois, etc., Tongues. London, Eobson, Debrett, etc., 1791, 4to, pp. 184—194, 212—215.",1791,printed,,83,no
Iroquois,grea1306,,"Mithridates, Vol. Ill, part 3, pp. 318, 336, 337.",,printed,,83,unclear
Iroquois,grea1306,Henkt,"Iroquois Words, pp. 22, 23 of : GEO. HENKT LOSKIEL, History of the Mission of the United Brethren among the Indians, translated by Ch. Ign. Latrobe. Lon- don, 1794, 8vo.",1794,printed,,83,no
Iroquois,grea1306,James,"A small Collection of Agoneasean Words (the Agoneasedh are the five nations), pp. 271 — 275 of Vol. II of: JAMES MACCAULEY, History of the State of New York. New York, Gould and Banks, 1829, 3 vols. 8vo.",1829,printed,,83,no
Iroquois,grea1306,Henry,"Comparative Vocabulary of the Iroquois (and its Cognate, the Wyandot), pp. 393—400 of: HENRY R, SCHOOLCEAFT, Notes on the Iroquois. Albany, Erastus H. Pease and Co., 1847, 8vo.",1847,printed,,83,no
Iroquois,grea1306,Colden'S,"A Vocabulary of Geographical Names of the Five Nations, compared with the French Names of the same places, is prefixed to : COLDEN'S History of the Five Indian Nations of Canada. Second edition. London, John Whiston, Lockyer, Davis, and John Ward, 1750, 8vo, pp. xv, xvi. Many reprints, among others,",1750,printed,,83,no
Iroquois,grea1306,,"pp. xi, xii of: An Account of Conferences held between Major-General",,printed,,83,unclear
Iroquois,grea1306,,"Sir William Johnson and the Indian Nations. London, A. Millar,",,printed,,83,unclear
Iroquois,grea1306,Howse,"J. HOWSE, Vocabularies of certain North American Languages — Iroquois (Language of the Iroquois Indians of Caughnavassa and St. Regis), Mohawks, Hurons (Amherstburg, Stone Indians), pp. 113 — 121 of: Proceedings of the Philological Society, Vol. IV. London, 1856.",1856,printed,,83,no
Iroquois,grea1306,Haenel,"Dictionnaire Iroquois et Francois, M, S, C, N, etc., folio, in the Mazarin Library at Paris. (See HAENEL, Catalogus MSS., etc., p. 328.)",,manuscript,in the Mazarin Library at Paris,83,no
Iroquois,grea1306,Lewis,"Language of the Iroquois, etc., with a Table exhibiting the Dialectical Variations of the Language of the Iroquois, as illustrated in their geographical names ; Chap. II, Book III, pp. 394 — 411, and Schedule, explanatory of the Indian Map (geographical names), Appendix I, pp. 465 — 474 to : LEWIS H",1851,printed,,83,no
Iroquois,grea1306,Minnie,"The Language of the Iroquois, Appendix, pp. 298—301 of: MINNIE MYRTLE, The Iroquois ; or, the Bright Side of Indian Character. New York, Appletons, 1855, 12mo.",1855,printed,,83,no
"Ite,  Itenes",,,"Independent Indians of Bolivia, on the frontiers of Brazil, on the western banks of the River Guapore.",,printed,,83,unclear
"Ite,  Itenes",,D'Orbigny,"A. D'ORBIGNY, L'Homme Americain, Vol. I, p. 164 ; Vol. II, p. 208.",,printed,,83,unclear
"Ite,  Itenes",,Bbigny,"A. D'C-BBIGNY, L'Hoinme Americain, Vol. II, pp. 259, 260.",,printed,,83,unclear
Itonama,iton1250,,"Indians of the province ""los Moxos/' in Bolivia, on the Nonaraa and Machupa rivers, Missions Magdalena and San Ramon.",,printed,,83,unclear
Itonama,iton1250,Heetas,"HEETAS, Saggio, pp. 92, 93. A. D'C-KBIGNY, L'Homme Americain, Vol. I, pp. 162—164 ; Vol. IT, p. 208.",,printed,,83,no
Itonama,iton1250,D'Orbigny,"Mithridates, Vol. Ill, pp. 572—576. A. D'ORBIGNY, L'Homme Americain, Vol. II, pp. 239, 240.",,printed,,83,yes
Iubis,,Martius,"Brazilian Indians of the province of Rio Negro. MARTIUS (VII, 196) calls them Yuris, and gives the names of ten tribes — among them the Tucano-Tapuiija.",,printed,,83,unclear
Iubis,,Alfred,"Vocabulary (of Ninety-eight Words), pp. 521—511 of: ALFRED E. WALLACE, A Narrative of Travels on the Amazon and Rio Negro. London, Keeve and Co., 1853, 8vo.",1853,printed,,83,unclear
Kachiquel,kaqc1270,,"Indians of the province of Solola, in Guatemala. The Kiche (Quiche), and Zutugil (and Poconchi), belong to the same stock.",,printed,,83,unclear
Kachiquel,kaqc1270,Benedict,"BENEDICT DE VILLACANAS wrote, according to Adelung (Mithridates, Vol. Ill"", part 3, p. 5, note **), a Vocabulai-y and a Grammar of the Cakchiquel lan- guage, of which he was Professor at the University of Guatemala. Juarros does not, however, mention his name.",,printed,,83,no
Kachiquel,kaqc1270,Colonel,"Numerals in the Kachiquel Language (1 — 100), by COLONEL GALINDO, p. 214 of Vol. XVIII of the First Series of: Bulletin de la Soci^te de Geographic* Paris, 1832, 8vo.",1832,printed,,83,no
Kachiquel,kaqc1270,,"Nouvelles Anuales des Voyages, Vol. IV. Paris, 1840, 8vo, pp. 8—36.",1840,printed,,83,unclear
Kachiquel,kaqc1270,Pantaleon,"Compendio de Nombres en la Lengua Cakchiquel ; por el P. FR. PANTALEON DE GUZMAN, cura del itinero por el Real patronato en esta doctrina y Cura de S. Marie de Jesus Pache. En 20 dias del mes de Octubre, 1704. MS. in 4to, pp. 336, in the possession of E. G. Squier,",1704,manuscript,in the possession of E,83,no
Kachiquel,kaqc1270,Heryas,"HERYAS, Saggio, pp. 226, 227.",,printed,,83,no
Kachiquel,kaqc1270,Karl,DR. KARL SCHERZER (see Popoluka).,,printed,,83,no
Kachiquel,kaqc1270,,"Vocabulario en Lengua Castellana y Guatemalteca que se llama Cakchiquelchi. MS. in 4to of 500 pages (of the 17th century), in the Imperial Library at Paris.",,manuscript,in the Imperial Library at Paris,83,unclear
Kachiquel,kaqc1270,Benedict,BENEDICT DE YILLACANAS (see Vocabularies above).,,printed,,83,no
Kachiquel,kaqc1270,Alonzo,"P. F. ALONZO FLORES, Arte de la Lengua Kakchiquel y paralelo de las quatro Lenguas Metropolitanas que hoy integran en el reyno de Goathemala. Antigua, Guatemala, 1753.",1753,printed,,83,yes
Kachiquel,kaqc1270,,"Although Juarros (T, p. 343) states that this ""Arte"" was printed, and had proved very useful, the book was considered apocryphal until recently, when the Abbe Brasseur de Bourbourg wrote from Guatemala that he had obtained four copies (see E. G-. Squier's letter in the London Athenaeum, December 8, ",1855,printed,,83,unclear
Kachiquel,kaqc1270,Fbay,"Arte du las tres Lenguas — Cacchiquel, Quiche y Yutuhil ; por el R. P. FBAY FRANCISCO XIMENEZ, del orden de predicadores.",,printed,,83,no
Kachiquel,kaqc1270,,"Second division of the Padre's great work on the history, languages, and antiquities of Guatemala, existing, in MS, only, in t'^e University Library of Guatemala. (For an account of this MS, see N. Trubner's paper on Central American Archaeology, in the London Athenteum, May 29, 1856, No. 1492.)",1856,manuscript,Library of Guatemala,83,unclear
Kachiquel,kaqc1270,,"Arte de Lengua Kakchikel del usso de Fr. Estevan Torresano Prer- Ano de 1754. A MS. of 143 leaves, in 8vo, in the Imperial Library at Paris.",1754,manuscript,in the Imperial Library at Paris,83,unclear
Kadjak,,,"Island of Russian America. The inhabitants, called Konages, belong to the Eskimo stock, and speak a language similar to that of the Tschugazzi.",,printed,,83,unclear
Kadjak,,Billings,"J. BILLINGS' Voyages (in Eussian). St. Petersburg, 1811, 4to, p. 121.",1811,printed,,83,unclear
Kadjak,,Robeck,"Mithridates, Yol. Ill, part 3, pp. 340, 341, 458, 459, 466—468; Vol. IY, pp. 251 — 255. (From notices taken by ROBECK, RESANOFF, and officers of the Russian-American Company.)",,printed,,83,unclear
Kadjak,,Maktin,"Yocabulary of the Languages of Kamtshatka, the Aleutan Islands, and of Kadjak, Appendix, No. 2, pp. 9 — 14 of: MAKTIN SATTEB, Account of the Expe- dition to the Northern Parts of Russia .... performed by Commodore",,printed,,83,unclear
Kadjak,,,"Joseph Billings, in the years 1785 to 1794. London, Cadell, jun., and Davis, 1802, 4to.",1785,printed,,83,unclear
Kadjak,,,"French translation, by J. Cast^ra. Paris, 1802, 2 vols. 8vo ; Yol. II, pp. 304-311.",1802,printed,,83,unclear
Kadjak,,,"German translation. Berlin, 1802, 8vo, pp. 399 — 406.",1802,printed,,83,unclear
Kadjak,,Urey,"Vocabulary of the Languages of the Islands of Cadiack and Oonalashka, the Bay of Kenay, and Sitka Sound, Appendix III, pp. 329 — 337 of: UREY LISIANSKY, A Voyage round the World in the Years 1803, 180 A, 1805, and 1806. London, John Booth, 1814, 4to.",1803,printed,,83,unclear
Kadjak,,Chromtschenko,"CHROMTSCHENKO, Journal kept during a Cruise along the Coast of Russian- Aruerica, in : Northern Archives for History, Statistics, and Voyages (in Russian). St. Petersburg, 1824, 8vo, Nos. 11—18.",1824,printed,,83,unclear
Kadjak,,,"Translated into German in: Hcrtha, 1825, pp. 218—221.",1825,printed,,83,unclear
Kadjak,,Klaproth,"KLAPROTH, Asia Polyglotta, pp. 324, 325.",,printed,,83,unclear
Kadjak,,Balbi,"BALBI, Atlas Ethnographique, Tab. XLI, No. 857. (Tschougatchi, Konega, Tschougazzi propre, Konega d'lle Cadjac.)",,printed,,83,unclear
Kadjak,,Klapeoth,"Vocabularies to A. Grallatin's Synopsis, in Vol. II of: Archseologia Americana No. 1, b (from KLAPEOTH), p. 368.",,printed,,83,unclear
Kadjak,,Baeb,"Some Words (3) and Numerals (1 — 5) of Kadjak compared with Unalachka and Eskimo, p. 123 of: K. E. VON BAEB and G-B. TON HELMERSEN, Beitrage zur Kenntniss des Russischen Reiches und der angranzenden Lander Asiens, Vol. I. St. Petersburg, 1839, 8vo.",1839,printed,,83,unclear
Kadjak,,Jvan,"JVAN VENIAMINOV, Samjetschania o Koloschenskom, Kadjacks-kom Jasikaa. St. Petersburg, 1839, 8ro.",1839,printed,,83,unclear
Kadjak,,Latham,"Sitka and Kadjack Words compared, p. 163 of: R. Gr. LATHAM, The Languages of the Oregon Territory ; pp. 154—166 of Vol. I of: Journal of the Ethnological Society of London. Edinburgh, 18i<3, 8vo.",,printed,,83,unclear
Kadjak,,,"Eskimo and Kadjak words (21) compared, pp. 110 — 113 of the Eskimo and English Vocabulary of H. B. M. Admiralty. London, 1850, 12mo, oblong.",1850,printed,,83,unclear
Kadjak,,Sagoskin,"SAGOSKIN, Kadjak Vocabulary compared with Kangjulit dialects, Tschngmjute and Namoller languages, pp. 488—512 of Vol. VII of: Erman, Archiv fur wissen- schaftliche Kunde von Russland. Berlin, Reimer 1849, 8vo.",1849,printed,,83,unclear
Kadjak,,Veniaminov,"A few Notices from J. VENIAMINOV, pp. 142, 143 of: Erman' s Archiv, Vol. VII (1849).",1849,printed,,83,unclear
Kawitschen,,,"North of Fraser's River, on the north-west coast, and on the opposite shores of Vancouver's Island. Their language bears affinity to that of the Haeeltzuk.",,printed,,83,unclear
Kawitschen,,John,"Kawitchen Vocabulary, by DR. JOHN SCOULER, in : Journal of the Royal Geo- graphical Society of London, Vol. XI. London, 1841, 8vo, pp. 242, 244—246.",1841,printed,,83,unclear
"Kekes,   Queues",,,"Pueblo Indians, living at San Diego and the neighbouring pueblos. The Kiwomi (Ki-o-a-me) or Teguas (Tiguex) at San Domingo; the Cochitemi, or Quime, near Sandia and Isleta; and the Acoma, are tribes belonging to them.",,printed,,83,unclear
"Kekes,   Queues",,Xiii,"Keres Vocabularies— XIII, Kiwomi; XIV, Cochitemi; XV, Acoma— taken by LIEUTENANT A. W. WHIFFLE. Pp. 86—89 of Chap. V of the : Report upon the Indian Tribes, by Lieutenant A. W. Whipple, Thomas Ewbank, and Prof. W. W. Turner, added to Lieutenant A. W. Whipple's Report on the Route near the 35th Paral",1855,printed,,83,unclear
"Kekes,   Queues",,Lieutenant,"See alio "" Pueblo Indians,"" LIEUTENANT SIMFSON'S Vocabulary, No. 1.",,printed,,83,unclear
"Kichais,  Keechies,  Keyes",,,"Indians of the Great Prairies, related to the Pawnees, living on the Canadian River, near Chouteau's old trading-house.",,printed,,83,unclear
"Kichais,  Keechies,  Keyes",,,"Kichai Vocabulary, pp. 65 — 68 of Lieutenant A. W. Whipple, Thos. Ewbank, and Prof. W. W. Turner's Report upon the Indian Tribes ; added to Lieu- tenant A. W. Whipple's Report on the Route near the 35th Parallel (Vol. II of the Pacific. Railroad Reports. Washington, 1855, 4to).",1855,printed,,83,unclear
"Kichais,  Keechies,  Keyes",,,"Fifteen Kichai Words compared with the Pawnee, Ricaree, Witchita, and Hueco. Ibid., pp. 68, 69.",,printed,,83,unclear
"Kikkapu,  Ukahipu",,,"Tribe of the Shawanoe nation, between the Mississippi and Lake Michigan.",,printed,,83,unclear
"Kikkapu,  Ukahipu",,Smith,"SMITH BARTON, New Views — Comparative Vocabularies ; and from him, in : Mithridates, Vol. Ill, part 3, p. 363.",,printed,,83,unclear
"Kinat,    Kenai,   Kenaize,   Ttynai",,,Indians of Russian America at Cook's Inlet and the Lakes Iliamna and Kisshick. Their language belongs to the great,,printed,,83,unclear
"Kinat,    Kenai,   Kenaize,   Ttynai",,Sagoskin,"Athapascan (or Tinne) family. They call themselves "" Tnaina"" men. SAGOSKIN distinguishes four dialects of the Kinai lan- guage, among which are the Inkilik, lnl\,ality and Ingelmut.",,printed,,83,unclear
"Kinat,    Kenai,   Kenaize,   Ttynai",,Davidoff,"Wortersammlung aus der Sprache der Kinai (from DAVIDOFF and REZANOFF), pp. 59 — 68 of: J. von Krusenstern, Woertersammlungen aus den Sprachen einiger Volker des ostlichen Asiens und der Nordwestkuste von Amerika. St. Petersburg, 1813, 4to.",1813,printed,,83,unclear
"Kinat,    Kenai,   Kenaize,   Ttynai",,Chyostoy,"CHYOSTOY i DAVIDOFF, Puteschestwie w Ameriku (Voyage to America, in Russian), St. Petersburg, 1810, 1812, 2 vols. 8vo. Vol. II, Appendix, pp. xiii — xxviii.",1810,printed,,83,unclear
"Kinat,    Kenai,   Kenaize,   Ttynai",,,"German translation, by C. J. Schultz. Berlin, 1816, Svo.",1816,printed,,83,unclear
"Kinat,    Kenai,   Kenaize,   Ttynai",,Ubey,"Vocabulary of the Languages of the Bay of Kenay, Appendix No. Ill, pp. 329 — 337 of: UBEY LISIAFSKY, A Voyage round the World in the Years 1803—1806. London, John Booth, 1814, 4to.",1803,printed,,83,unclear
"Kinat,    Kenai,   Kenaize,   Ttynai",,Resanoff,"Mithridates, Vol. Ill, part 3, pp. 212, 213, 230, 231, 235, 237, 238. (From RESANOFF, DAVIDOFF, LISIANSKT, and others.)",,printed,,83,unclear
"Kinat,    Kenai,   Kenaize,   Ttynai",,Resanoff,"II, 4, of the Comparative Vocabularies, pp. 305—36? to A. Gallatin's Synopsis (Vol. II of the Archseologia Americana, from RESANOFF).",,printed,,83,unclear
"Kinat,    Kenai,   Kenaize,   Ttynai",,,"Reprinted under No. F, II, pp. 99, 101 of the Vocabularies in Vol. II of: American Ethnological Society's Transactions.",,printed,,83,unclear
"Kinat,    Kenai,   Kenaize,   Ttynai",,Balbi,"BALBI, Atlas Ethnographique, Tab. XLI, No. 854, 855 (Ougagliakmuzi-Kinaia, Kinaitsa).",,printed,,83,unclear
"Kinat,    Kenai,   Kenaize,   Ttynai",,Wrangel,"VON WRANGEL, in : K. E. von Far and Gr. von Helmersen, Beitrage zur Kenntniss des Russischen Reichs und der angranzenden Lander, St. Petersburg, 1839. Vol. I, p. 259.",1839,printed,,83,unclear
"Kinat,    Kenai,   Kenaize,   Ttynai",,Sagoskin'S,"Ttynai Vocabulary (of the Dialects Inkilik, InJcalit, and Ingelmut}, from L. SAGOSKIN'S Travels (m Russian). St. Petersburg, 1847-48, 2 vols. Svo. Pp. 481 — 487 of Vol. VII of : A. ERMAN, Archiv fur wissenschaftliche Kenntniss von Russland (Berlin, Reimer, 1819, Svo) ; and also in Vol. I of the: Den",1847,printed,,83,unclear
"Kinat,    Kenai,   Kenaize,   Ttynai",,Davidoff,"Wortverzeichniss der Kinai Sprache (from DAVIDOFF, RESANOFF, WBANGEL, KKUSENSTERN, and LISIANSKY), pp. 233 — 249 ; and Grosses Wortverzeichniss des Athapaskischen Sprachstarnmes oder der Athapaskischen und Kinai-Sprachen, pp. 269 — 318 of: J. C. E. BUSCHMANN, Der Athapaskische Sprachstamm. Berlin, 1",1856,printed,,83,unclear
"Kinat,    Kenai,   Kenaize,   Ttynai",,,"Mithridates, Vol. Ill, part 3, pp. 232—236.",,printed,,83,unclear
Kioways,,,Roving Indians of Texas.,,printed,,83,unclear
Kioways,,John,"A Vocabulary of their Language has been taken by the United States Boun- dary Commissioner, JOHN B. BAETLETT.",,printed,,83,unclear
Kioways,,Lieutenant,"Kioway Vocabulary, taken from AndresNunares, a Mexican, who was five years a captive among them, by LIEUTENANT A. W. WHIPPLE, on pp. 78 — 80 of Lieu- tenant Whipple, Thomas E wbank, and Prof. W. W. Turner's Report upon the Indian Tribes, added to Lieutenant Whipple' s Report on the Route near the 35",1855,printed,,83,unclear
Kioways,,,"Also : Seventeen Kioway Words compared with Shoshonee Affinities. Ibid., p. 80.",,printed,,83,unclear
"Knistenaux,  Kbistenaux,  Ckees",,,"Called also Killisteno, northernmost tribe of the Algonkin stock, between the Rocky Mountains and Hudson's Bay. Kindred dialects are spoken by the Nqheihawa, Monsonik, Nenawehk, Abbitibbe, and were spoken by the Attikamey, who have entirely disappeared.",,printed,,83,unclear
"Knistenaux,  Kbistenaux,  Ckees",,Edward,"EDWARD UMFREVILLE, The Present State of Hudson's Bay to which",,printed,,83,unclear
"Knistenaux,  Kbistenaux,  Ckees",,,"are added A Specimen of Five Indian Languages London,",,printed,,83,unclear
"Knistenaux,  Kbistenaux,  Ckees",,,"Walker, 1790, 8vo, pp. 179 et seq.",1790,printed,,83,unclear
"Knistenaux,  Kbistenaux,  Ckees",,,"German translation, by E. A. W. Zimmermann, Helmstedt, 1791, 8vo ; gives the dialect of the Nehethawas or Kalisteno.",1791,printed,,83,unclear
"Knistenaux,  Kbistenaux,  Ckees",,Alexander,"Names of the Moon, and Examples of the Knistenaux and Algonquin Tongues, pp. cv, cvi, cvii — cxvi of: ALEXANDER MACKENZIE, Voyage from Mon- treal through the Continent of North America ..... J^ondon, Cadell,",,printed,,83,unclear
"Knistenaux,  Kbistenaux,  Ckees",,,"jun., and Davis, 1801, 4to.",1801,printed,,83,unclear
"Knistenaux,  Kbistenaux,  Ckees",,,"French translation, by J. Castera. Paris, Dentu, 1807, 8vo, pp. 261—274. German translation. Hamburg, 1802, 8vo, pp. 118 et seq.",1807,printed,,83,unclear
"Knistenaux,  Kbistenaux,  Ckees",,,"KB. — The Knistenaux Vocabulary is reprinted, pp. 133 — 141 of: New",,printed,,83,unclear
"Knistenaux,  Kbistenaux,  Ckees",,,Travels among the Indians of North America ; being a compilation,,printed,,83,unclear
"Knistenaux,  Kbistenaux,  Ckees",,William,"from Lewis and Clark, and .... others, with a Dictionary of the Indian Tongue. Compiled by WILLIAM FISHER. Philadelphia, James Sharan,",,printed,,83,unclear
"Knistenaux,  Kbistenaux,  Ckees",,,"1802, 12mo. Also in the popular book : Events in Indian History",1802,printed,,83,unclear
"Knistenaux,  Kbistenaux,  Ckees",,,"also an Appendix containing an Indian Vocabulary, Philadelphia,",,printed,,83,unclear
"Knistenaux,  Kbistenaux,  Ckees",,,"G. Miles and Co., 1842, 8vo, pp. 529- 533.",1842,printed,,83,unclear
"Knistenaux,  Kbistenaux,  Ckees",,Daniel,"A Specimen of the Cree or Knistenaux tongue, which is spoken by at least three- fourths of the Indians of the north-west country on the east side of the Rocky Mountains, pp. 385— 4U3 of: DANIEL WILLIAM HARMON, A Journal of Voyages and Travels in the Interior of North America .... to which are added ",1820,printed,,83,unclear
"Knistenaux,  Kbistenaux,  Ckees",,Mackenzie,"Mithridates, Yol. Ill, part 3, pp. 418, 419 (from MACKENZIE), and the Nehethwa (from UMFREVILLE).",,printed,,83,unclear
"Knistenaux,  Kbistenaux,  Ckees",,William,"Killisteno, or Cree, in the Vocabularies of Indian Languages. Appendix (part 4, pp. 449—459 of Vol. II) to: WILLIAM H. KEATING, Narrative of an Expedition to the Sources of St. Peter's River .... performed in the year 1823 .... under the command of Stephen II. Long, Major, U. S. T. E. Philadelphia, ",1823,printed,,83,unclear
"Knistenaux,  Kbistenaux,  Ckees",,Professor,"Vocabulary taken by PROFESSOR SAT, and printed also in the : Astronomical and Meteorological Records, and Vocabularies of Indian Languages, taken in the Expedition for Exploring the Mississippi and the Western Waters, under the command of Major S. H. Long. Philadelphia, 1822, 8vo, pp. Ixx, Ixxxviii.",1822,printed,,83,unclear
"Knistenaux,  Kbistenaux,  Ckees",,Balbi,"BALBI, Atlas Ethnographique, Tab. XLI, No. 819. (Knistenaux propre, Cree).",,printed,,83,unclear
"Knistenaux,  Kbistenaux,  Ckees",,Harmon,"IV, 7, of the Comparative Vocabulary, pp. 305—367 of A. Gallatin's Synopsis, etc., in Vol. II of: Archseologia Americana (from HARMON and MACKENZIE). Reprinted, partly, under N, IV, 1, p. 106 of the Vocabularies in Vol. II of: Transactions of the American Ethnological Society.",,printed,,83,unclear
"Knistenaux,  Kbistenaux,  Ckees",,Prinzen,"Reise des PRINZEN MAXIMILIAN zu WIED in das Innere von Nordamerika in den Jahren 1832 bis 1834. Coblenz, 1839, 18 il, 2 vols. 4to; Vol. II, pp. 505 —511.",1832,printed,,83,unclear
"Knistenaux,  Kbistenaux,  Ckees",,John,"Vocabulary of the Principal Indian Dialects in use among the Tribes in the Hudson's Bay Territory .... Cree, pp. 322—328 of Vol. II. of: JOHN McLEAN, Notes of a Twenty-five Years' Service in the Hudson's Bay Company. London, Richard Bentley, 1819, 2 vols. 12mo.",1819,printed,,83,unclear
"Knistenaux,  Kbistenaux,  Ckees",,John,"Vocabulary of the Chipewyan Tongue, with Cree and English translations, pp. 387—395 of Vol. II of: SIR JOHN RICHARDSON, Arctic Exploring Expedition. London, 1851, 2 vols. 8vo.",1851,printed,,83,unclear
"Knistenaux,  Kbistenaux,  Ckees",,,"Note. — The Cree from a very full alphabetical MS. Vocabulary, found by Richardson at the Caultere House (trading port) .",,manuscript,,83,unclear
"Knistenaux,  Kbistenaux,  Ckees",,Howse,"J. HOWSE, A Grammar of the Cree Language, with which is combined an Analysis of the Chippeway Dialect. London, 1844, 8vo.",1844,printed,,83,unclear
"Knistenaux,  Kbistenaux,  Ckees",,Koltschanes,96 KOLTSCHANES — KOLUSCHES.,,printed,,83,unclear
"Koltschanes,   Galzanes",,,"Indian nation of Russian America, north of the River Atna. Divided into many tribes.",,printed,,83,unclear
"Koltschanes,   Galzanes",,Wean,"VON WEAN GEL, in : K. E. von Bar and G. von Helmersen, Beitrage zur Kenntniss des Russischen Reichs und der angranzenden Lander Asiens, St. Petersburg, 1839, 8vo ; Yol. I, p. 259.",1839,printed,,83,unclear
"Koltschanes,   Galzanes",,Btjschmann,"Reprinted in the Great Comparative Vocabulary pp. 269—318 of: BTJSCHMANN, Atkapaskischer Sprachstamm. Berlin, 1856, 4to.",1856,printed,,83,unclear
Kolusches,,,"In Russian America, at Sitka Bay and Norfolk Sound. The Tschinkitans belong to them.",,printed,,83,unclear
Kolusches,,Forster,"G-. FORSTER, Geschicbte der Reisen an der Nordwestlichen und Nordostlichen Kuste von Amerika. Berlin, 1791, 3 vols. 8vo ; Vol. Ill, pp. 142 et seq. (from PORTLOCK), 155, 169, 175, 216 (from DIXON).",1791,printed,,83,unclear
Kolusches,,Captain,"A Voyage round the World, but more particularly to tbe North-west Coast of America, performed in 1785 — 1788, in the "" King George,"" and ""Queen Charlotte,"" Captains Portlock and Dixon. By CAPTAIN GEORGE DIXON. London, Goulding, 1789, 4to, pp. 32, 360, 48, twenty-two plates. French translation, by M.",1785,printed,,83,unclear
Kolusches,,,"Abridgment of Portlock and Dixon's Voyage. London, Stockdale, 1789, 8vo, pp. 272, map and plate. New title, ibid., 1791, 8vo.",1789,printed,,83,unclear
Kolusches,,Chand,"Voyage autour du Monde peudant les annees 1790, 1791 et 1792, par L. MAR- CHAND ; precede d'une Introduction Historique .... par C. L. Claret Fleurieu. Paris, imprimerie de la Republique, 1799, 4 vols. 4to. Vol. I, pp. 587 et seq.",1790,printed,,83,unclear
Kolusches,,,"Voyage de La Perouse autour du Monde, publie conformement au Decret du 22 Avril, 1791, et r^dige par L. A. Milet Mureau, General de Brigade. Paris, 1797, 2 vols. 4to, and atlas.",1791,printed,,83,unclear
Kolusches,,,"German translation— Berlin, 1799, 2 vols. 8vo ; Vol. I, p. 339.",1799,printed,,83,unclear
Kolusches,,Chvostov,"CHVOSTOV I DAVIDOFP, Puteschestwie w Americu, St. Petersburg, 1812, 2 vols. 8vo. Appendix, pp. 1 et seq.",1812,printed,,83,unclear
Kolusches,,Rezanoff,"Wortersammlung aus der Sprache der Koljuschen (from REZANOFF, LISIANSKY, and others), pp. 47 — 55 of: J. v. Krusenstern, Woertersamnilungen aus den Sprachen einiger Volker des ostlichen Asiens und der Nordwestkiiste von Amerika. St. Petersburg, 1813, 4to.",1813,printed,,83,unclear
Kolusches,,,"Mithridates, Vol. Ill, part 3, pp. 212, 213, 224, 226—228, 235, 237 ; Vol. IV, pp. 251—253.",,printed,,83,unclear
Kolusches,,Balbi,"BALBI, Atlas Ethnographique, Tab. XLI, No. 851, 852 (Kolouches, Tchinkitans).",,printed,,83,unclear
Kolusches,,Xxvii,"No. XXVII, 62, of Vocabularies to : A. (Matin's Synopsis, etc., Vol. II of: Archseologia Americana, p. 371 (from DAVIDOFF).",,printed,,83,unclear
Kolusches,,Xviii,"No. a, XVIII, 1, p. 102 of the Vocabularies in Vol. II of: Transactions of the American Ethnological Society.",,printed,,83,unclear
Kolusches,,Helmersen,"Nossow, Koloschian Vocabulary (G-erman, Russian, and Kolosch), in Russian letters, pp. 271 — 274 of: K. E. VON BAB and GE. TON HELMERSEN, Beitrage zur Kenntniss des Russischen Reichs und der angranzenden Lander Asiens. St. Peter s- burg, 1839, 8vo, Vol. I.",1839,printed,,83,unclear
Kolusches,,,"Eleven Words compared with Atna and Ugalenze, p. 99, ibid.",,printed,,83,unclear
Kolusches,,Veniaminoy,"JV.AN VENIAMINOY, Sapiski ob ostrovach Unalaschkinskago otdjela. (Notes on the Islands of the District of Unalaschka). St. Petersburg, 1840, 3 vols. 8vo.",1840,printed,,83,unclear
Kolusches,,Jvan,"JVAN VENIAMINOV, Samjetschania o Koloschenskom i Kadjackskom. St. Peters- burg, 1846, 8vo.",1846,printed,,83,unclear
Kolusches,,Schott,"W. SCHOTT, Etwas uber die Sprache der Koloschen in : Erman's Archiv fiir die wissenschaftliche Kunde von Russland. Berlin, 1843 ; Vol. Ill, pp. 439—445.",1843,printed,,83,unclear
Kolusches,,Buschmann,"Comparative Vocabulary of the Athapascan, Kinai, and Koloschian Languages, pp. 269 — 318 of: BUSCHMANN, Athapaskischer Sprachstamrn. Berlin, 1856, 4to.",1856,printed,,83,unclear
Kolusches,,Schott,"W. SCHOTT, Etwas liber die Sprache der Koloschen (see Vocabularies above).",,printed,,83,unclear
"Konza,  Kanze,  Kansas",,,"Indian tribe belonging to the Dacota stock, like the Sioux and Osage, on the northern banks of the Kansas River.",,printed,,83,unclear
"Konza,  Kanze,  Kansas",,Smith,"SMITH BARTON, New Views, etc.— Comparative Vocabularies (Akansas).",,printed,,83,unclear
"Konza,  Kanze,  Kansas",,Lxxii,"T. SAY, Vocabularies, pp. LXXII — LXXVIII of: Astronomical and Meteoro- logical Records and Vocabularies of Indian Languages, taken on the Expedition .... of Major S. H. Long. Philadelphia, 1822, 8vo.",1822,printed,,83,unclear
"Konza,  Kanze,  Kansas",,Balbi,"BALBI, Atlas Ethnographique, Tab. XLI, No. 778.",,printed,,83,unclear
"Konza,  Kanze,  Kansas",,Peinzen,"Reise des PEINZEN MAXIMILIAN zu WIED, etc. Coblenz, 1839, 2 vols. 4to ; Vol. II, p. 504.",1839,printed,,83,unclear
Kula-Napo,,,One of the Clear Lake Bands in north-western California. Their language is spoken by all the tribes occupying the Large Valley.,,printed,,83,unclear
Kula-Napo,,George,"GEORGE G-IBBS, Vocabulary, in: Schoolcraft's Indian Tribes of the United States, Vol. Ill, pp. 425—434.",,printed,,83,unclear
"Schewak,    Or,    Ktjshkukchwakmutes",,,"Tribe of Russian America, between the rivers Nushagak, Ilgajak, Chulitna, and Kuskokwina, on the sea-shore.",,printed,,83,unclear
"Schewak,    Or,    Ktjshkukchwakmutes",,Wrangel,"VON WRANGEL, Kuskokwim (Russian and G-erman) Vocabulary, pp. 259—276 of: K. E.von Bar and Gr. von Helmersen, Beitrage zur Kenntniss des Kussischen Reichs und der angranzenden Lander Asiens. fit. Petersburg, 1839, 8vo, Vol. I, printed in Russian letters. The Names of the Months and of some Planets ar",1839,printed,,83,unclear
"Schewak,    Or,    Ktjshkukchwakmutes",,John,"Reprinted in the Comparative Table of the Dialects spoken by the Behring's Strait and Labrador Eskimos (the former called Kuskutchewak), pp. 369 — 382 of Vol. II of : SIR JOHN RICHARDSON'S Arctic Exploring Expedition. London, 1851, 2 vols. 8vo.",1851,printed,,83,unclear
"Schewak,    Or,    Ktjshkukchwakmutes",,Sagoskin,"SAGOSKIN, Tchwagmjute and Kwigpak Vocabularies (compared with Kuskok- wime, Kadjak, and Namoller), pp. 488 — 512 of Vol. VII of: Erman's Archiv fur wissenschaftliche Kunde von Russland. Berlin, 1849, 8vo.",1849,printed,,83,unclear
"Ob  Kutneha,  Coutanies,  Flatbows",,,"Indian tribe near the sources of the Mary River, west of the Rocky Mountains.",,printed,,83,unclear
"Ob  Kutneha,  Coutanies,  Flatbows",,Prinzen,"Eeise des PRINZEN MAXIMILIAN zu WIED. Coblenz, 1839 — 1841, 2 vols. 4to j Vol. II, pp. 511-513.",1839,printed,,83,unclear
"Ob  Kutneha,  Coutanies,  Flatbows",,Horatio,"Vocabulary, 2 D of the Vocabularies of North-western America, pp. 569 — 629 of: HORATIO HALE'S Ethnography and Philology, United States Exploring Expe- dition. Philadelphia, Lea and Blanchard, 1846, folio.",1846,printed,,83,unclear
"Ob  Kutneha,  Coutanies,  Flatbows",,Xxii,"E, XXII, and pp. 97, 99 of the Vocabularies, Vol. II of the : Transactions of the American Ethnological Society.",,printed,,83,unclear
"Ob  Kutneha,  Coutanies,  Flatbows",,Howse'S,"Vocabulary in J. HOWSE'S Vocabularies of certain North American Indian Lan- guages— Kutani, Flathead, Okanagan, Atna j pp. 199 — 206 of: Proceedings of Philological Society, Vol. IV. London, 1850.",1850,printed,,83,unclear
"Kutchin,  Loucheux",,,"Indians of North-western America, on the banks of the Yukon or Kutchi-Kutchi. They belong to the Athapascan family.",,printed,,83,unclear
"Kutchin,  Loucheux",,M'Pheeson,"Vocabulary of the Kutchin, of the Yukon or Kutchi-Kutchi. Drawn up by MB. M'MuERAT ; to which the Chepewyan Synonymes were added by MBS. M'PHEESON. Pp. 382 — 385 of Vol. II of: Sir John Eichardson's Arctic Exploring Expedition. London, 1851, 2 vols. 8vo.",1851,printed,,83,unclear
"Kutchin,  Loucheux",,,"Reprinted and compared with the Athapascan and Kinai Languages, pp. 179 — 222,269— 318 of: Buschmann, Athapaskischer Sprachstamm. Berlin, 1856, 4to.",1856,printed,,83,unclear
Laymon,coch1272,,"Indians of California, near Loretto, related to the Cotchimi.",,printed,,83,unclear
Laymon,coch1272,Heevas,"HEEVAS, Saggio, pp. 234—237.",,printed,,83,no
Laymon,coch1272,Ducrue,"P. DUCRUE, in: Christoph. Grottl. von Murr, Journal zur Kunstgeschichte und zur allgemeinen Literatur. Niirriberg, 1775 — 1790, 17 vols. 8vo ; Yol. XII, pp. 268 et seq.",1775,printed,,83,yes
Laymon,coch1272,Cheistoph,"CHEISTOPH. GOTTL. VON MUEE, Nachrichten von verschiedenen Landern des Spanischen Amerika, aus eigenhandigen Aufsatzen eiuiger Missionarien der Gresell- schaft Jesu herausgegeben. Halle, Hendel, 1809, 2 vols. 8vo ; Yol. II, p. 394.",1809,printed,,83,no
Laymon,coch1272,Pucrue,"Mithridates, Yol. Ill, part 3, pp. 198, 199, Cochirui-Leymon (from P. PUCRUE).",,printed,,83,no
Laymon,coch1272,,"Mithridates, Yol. Ill, part 3, pp. 194—198.",,printed,,83,unclear
Lenca,lenc1239,Squier,"Spoken by the Indians of the same name, inhabiting principally the central parts of Honduras (Central America), especially the departments of Comayagua and Tegucigalpa. For an account of them see ""Notes on Central America, particularly the States of Honduras and San Salvador, etc/' By E. G. SQUIER. ",1855,printed,,83,no
Lenca,lenc1239,Squier,"There are several dialects of the Lenca language, viz., Guaji- quero, Opatoro, Intibucat, and Similaton, of all of which SQUIER presents vocabularies. See pp. 371 — 373 of the Spanish edition of the work above quoted, viz. : "" Apuntamientos sobre Centro- America, particularmente sobre los Estados de",1856,printed,,83,no
Lule,lule1238,,"Once a powerful nation in South America (Paraguay, near the River Vermejo), perhaps identical with the Mataras, who were much feared by the Spaniards. They were divided into Lule, Isiftine, Tokistine, Oristine, and Tonocote. Their language bears a close res3mblance to the Vilela.",,printed,,83,unclear
Lule,lule1238,Antonio,"P. ANTONIO MACHONI DE COEDEEIA (Procurator-general of the Jesuits in Para- guay), Arte y Yocabulario de la Lengua Lule y Tonocote. Madrid, 1732, 12mo.",1732,printed,,83,yes
Lule,lule1238,Heevas,"HEEVAS, Origine, pp. 29, 37, 41, 44, 45, 49, 121, Tabb. XLIX, L et seq.",,printed,,83,no
Lule,lule1238,Heevas,"HEEVAS, Saggio, pp. 102, 103.",,printed,,83,no
Lule,lule1238,Heetas,"HEETAS, Vocabolario Poliglotto, p. 161 et seq., 223.",,printed,,83,no
Lule,lule1238,Heevas,"HEEVAS, Aritmetica, pp. 97, 98.",,printed,,83,no
Lule,lule1238,,"Mithridates, Yol. IV, pp. 508, 516, 517.",,printed,,83,unclear
Lule,lule1238,Balbi,"BALBI, Atlas Ethnographique, Tab. XLI, No. 456.",,printed,,83,no
Lule,lule1238,Antonio,P. ANTONIO MACHONI DE COEDEEIA (see Vocabularies above).,,printed,,83,yes
Lule,lule1238,Machoni,"Mithridates, Vol. Ill, pp. 510—512, 514—516 (from the extract made by Hervas, from MACHONI).",,printed,,83,yes
"Lutuami,  Clamets",,,"Also Tlamatl. Indians of south-western Oregon, near the Clamet Lake.",,printed,,83,unclear
"Lutuami,  Clamets",,Hale,"No. 9, U, of the Vocabularies of North- western America, pp. 569—629 of: HOB. HALE, Ethnography and Philology of the United States Exploring Expedition. Philadelphia, Lea and Blanchard, 1816, folio ; and F. XXIX, pp. 98, 100 of the Vocabularies in Vol. II of: Transactions of the American Ethnologica",1816,printed,,83,unclear
Maconis,,,"Brazilian Indians, nearly exterminated by the Botocudos. The remnants of this tribe live now near Porto Seguro, in the province of Espiritu Santo.",,printed,,83,unclear
Maconis,,Peinzen,"Eeise des PEINZEN MAXIMILIAN zu WIET> NEUWIED. Frankfurt, 1820, 1821, 2 vols. 4to ; Vol. II, pp. 323—325.",1820,printed,,83,unclear
Maconis,,Balbi,"BALBI, Atlas Ethriographique, Tab. XLI, No. 503 (Maconi de Minas Novas).",,printed,,83,unclear
"Maha,  Omaha",,,"On the junction of the Platte and Omaha rivers and the Mis- souri. They belong to the Sioux-Osage family. The Ponchas (Poncars, Puncaws) speak a kindred dialect.",,printed,,83,unclear
"Maha,  Omaha",,,"T. SAY, Vocabularies of Indian Languages, pp. Ixxii — Ixxviii, Ixxxi — Ixxxii, in : Astronomical and Meteorological Records, and Vocabularies of Indian Languages taken on the Expedition for Exploring the Mississippi and its Western Waters, under the command of Major S. H. Long. Philadelphia, 1822, 8",1822,printed,,83,unclear
"Maha,  Omaha",,Balbi,"BALBI, Atlas Ethnographique, Tab. XLI, No. 779 (from SAT).",,printed,,83,unclear
"Maha,  Omaha",,Gallatin'S,"A. GALLATIN'S Comparative Vocabulary, No. VI, 39, pp. 305 — 367 of: Archa?o- logia Americana, Vol. II ; and S, VI, 5, p. 117 of the Vocabularies in Vol. II of: Transactions of the American Ethnological Society.",,printed,,83,unclear
"Maha,  Omaha",,Pbinzen,"Eeise des PBINZEN MAXIMILIAN zu WIED, etc. Collenz, 1839 — 1841, 2 vols. 4to ; Vol. II, pp. 599—612, 632.",1839,printed,,83,unclear
"Maia,  Maya",,,Language of the Indians of Yucatan. The Puctunc is a dialect of this language spoken in the southern part of Vera Paz.,,printed,,83,unclear
"Maia,  Maya",,Heevas,"HEEVAS, Vooabolario, pp. 161 et seq.",,printed,,83,unclear
"Maia,  Maya",,Heevas,"HEEVAS, Saggio, pp. 115, 116.",,printed,,83,unclear
"Maia,  Maya",,Heevas,"HEEVAS, Aritmetica, pp. 110, 111.",,printed,,83,unclear
"Maia,  Maya",,Heevas,"HEEVAS, Origine (Yucatan) pp. 29, 41, 48, 121, Tabb. XLIX, L, LI et seq.",,printed,,83,unclear
"Maia,  Maya",,Pedeo,"P. PEDEO BELTEAN DE SANTA KOSA MAKIA, Arte de el Idioma Maya reducido a succinctas reglas y Semi-lexicon Yucateco. Mexico, Bernard de Hogal, 1746, 4to.",1746,printed,,83,unclear
"Maia,  Maya",,Peefecto,"PEEFECTO BAEZO, Vocabulario de las Lenguas Castellana y Maya, pp. 215 — 217 of Yol. XYIII of the First Series of the : Bulletin de la Societe de Geographic. Paris, 1832, 8vo.",1832,printed,,83,unclear
"Maia,  Maya",,Colonel,"Maya Numerals (1 — 10) and five ""Words in the Puctunc Dialect, given by COLONEL GALINDO, pp. 213, 214 of Vol. XYIII of the First Series of the : Bulletin de la Societe"" de Geographic. Paris, 1832, 8vo.",1832,printed,,83,unclear
"Maia,  Maya",,,"Mithridates, Yol. Ill, part 3, pp. 15, 23.",,printed,,83,unclear
"Maia,  Maya",,Malte,"MALTE BEFN, Gemalde von Amerika und seinen Bewohnern. Uebersetzt von Greipel. Leipzig, 1824, 2 vols. 8vo.",1824,printed,,83,unclear
"Maia,  Maya",,Feed,"Yocabulaire Maya, avec les noms de nombre et quelques phrases a. 1'usage des voyageurs (Spanish, French, and Maya), pp. 79 — 90 (89, 90, phrases) of: FEED. WALDECK, Voyage Pittoresque et Archeologique dans la province de Yucatan. Paris, Bellizard, Dufour, and Co., 1838, folio.",1838,printed,,83,unclear
"Maia,  Maya",,,"Pp. 29 — 33, ibid., in a list of cities, villages, etc., in Yucatan, the significa- tion of many of the names is given.",,printed,,83,unclear
"Maia,  Maya",,Balbi,"BALBI, Atlas Ethnographique, Tab. XLI, No. 676.",,printed,,83,unclear
"Maia,  Maya",,Noeman,"A brief Maya Vocabulary (English and Maya, with the Numerals annexed), Appendix, pp. 255 — 263 of: B. M. NOEMAN, Rambles in Yucatan. New York, J. and H. G. Langley, 1842, 8vo (third edition, ibid., 1843, 8vo), plates, pp. 304.",1842,printed,,83,unclear
"Maia,  Maya",,Gallatltst,"A. GALLATLTST, Notes on the Semi-civilized Nations of Mexico, Yucatan and Central America, in : Transactions of the American Ethnological Society, Vol. I (Neiv YorJc, Bartlett and Welford, 1845, 8vo), Article I, pp. 1—352 ; pp. 9, 10, 104, 108, 298—304.",1845,printed,,83,unclear
"Maia,  Maya",,,"Nouvelles Annales des Voyages. Paris, 1840, 8vo, Vol. IV, pp. 9 — 37.",1840,printed,,83,unclear
"Maia,  Maya",,Feay,"According to the notices given by Cogolludo, the historian of Yucatan (Madrid, 1688, folio), several MS. Dictionaries and Vocabularies have been com- piled of the Maya Language ; the principal one having been that of FEAY ALONZO",1688,manuscript,,83,unclear
"Maia,  Maya",,Solana,"DE SOLANA ("" Un Vocabulario Muy copioso ""), and particularly that of FEAY ANTONIO DE CIUDAD REAL, which was called the "" Calepino,"" and which, according to Cogolludo, held more than "" 1200 pliegos de limpio.""",,printed,,83,unclear
"Maia,  Maya",,Feat,"Another Vocabulary is mentioned to have been written by FEAT BEENARDINO DE VALLADOLID, who was known by bis perfect pronunciation of the language.",,printed,,83,unclear
"Maia,  Maya",,Andeeas,"In Mithridates, Yol. Ill, part 3, p. 16, besides the above, ANDEEAS DE AYENDANO is mentioned as having compiled a Maya Vocabulary. Cogolludo says nothing of this author.",,printed,,83,unclear
"Maia,  Maya",,Grammars,GRAMMARS AtfD GEAMMATICAL NOTICES.,,printed,,83,unclear
"Maia,  Maya",,Fray,"The Grammars of FRAY Louis DE VILLALPANDO, improved by Archbishop LAND A, those by FRAY JULIAN DE QUAETES and by FRAY JUAN COEONEL exist, or rather have existed, merely in MS. Cogolludo mentions, besides, an "" Arte mas Breve,"" compiled by FEAY JUAN DE AZEVEDO.",,manuscript,,83,unclear
"Maia,  Maya",,Francis,"FRANCIS GABRIEL DE SAN BONAVENTUEA, Arte del Idioma Maya. Mexico, 1560, 8vo.",1560,printed,,83,unclear
"Maia,  Maya",,Villalpando,"Norman, p. 240, says that this Grammar is founded upon the one of VILLALPANDO, improved by Lancia. In Mithridates, Vol. Ill, part 3, p. 16, an edition (Mexico, 1684) is mentioned, from which Hervas, assisted by the Missionary Don Rodriguez, had made an extract, the MS. of which Adelung made use of.",1684,manuscript,,83,unclear
"Maia,  Maya",,Pedro,"P. PEDRO BELTEAN DE SANTA ROSA MAEIA, Arte de el Idioma Maya reclucido a succinctas regulas y Semi-lexicon. Yucateco. Mexico, Bernardo de Hogal, 1746, 4to.",1746,printed,,83,unclear
"Maia,  Maya",,Perez,"An Extract from this Grammar is given in Chapter XIV of : B. M. Norman, Rambles in Yucatan (New York, F. and H. G. Langley, 1842, third edition, 1843, ibid., 8vo), pp. 241—249 ; and also in : A. Gallatin, Notes on the Semi- civilized Nations of Mexico, Yucatan, and Central America, in Vol. I of: Tra",1842,manuscript,,83,unclear
"Maia,  Maya",,Bonayentuea,"Mithridates, Vol. Ill, part 3, pp. 13 — 23 (taken from the above-mentioned extract of Hervas from SAN BONAYENTUEA).",,printed,,83,unclear
"Maia,  Maya",,,"A Yucatecan Grammar, translated from the Spanish into Maya, and abridged for the Instruction of the Native Indians, by the REV. J. Ruz, of Merida. Translated from the Maya into English by John Kingdom, Baptist Missionary, Belize, Honduras. Belize, printed at the Baptist Mission Press, 1847, 8vo, pp.",1847,printed,,83,unclear
Mainas,achu1248,,"Indians of South America, on the banks of the rivers Pastazas, Nukurai, and Chambira.",,printed,,83,unclear
Mainas,achu1248,Heevas,"HEEVAS, Saggio, p, 94 (Lingua di Cerros).",,printed,,83,no
Mainas,achu1248,Heevas,"HEEVAS, Catal. d. Ling., pp. 61, 62 (List of the Known Languages (16) in the provinces of May n as and Maranou). HEEVAS, Origine, Tabb. XLVIII, L et seq.",,printed,,83,no
Mainas,achu1248,,"Mithridates, Vol. Ill, pp. 592, 595, 596.",,printed,,83,unclear
Maipuhes,,,"Indians of the Upper Orinoco and on the banks of the Ventuari. Their language is very generally spoken in the Orinoco regions, and particularly in the Mission of Atura. Dialects are spoken by the Avanes, Kaveres, Parenes, Guypunavi, and Chirupa.",,printed,,83,unclear
Maipuhes,,Gilit,"GILIT, Saggio di Storia Americana, Vol. I, pp. 44, 35 ; Yol. Ill, pp. 185—375. Translated in Ch. Gr. von Murr, E-eisen einiger Missionarien der Gesellschaft Jesu in America. Niirnberg, 1785, 8vo ; pp. 1.06 et seq.",1785,printed,,83,unclear
Maipuhes,,,"Mithridates, Yol. Ill, pp. 616, 617, 618, 628, 629, 631 (Maipure, Avanoe, Kavere, and Guypunavoe).",,printed,,83,unclear
Maipuhes,,Heevas,"HEEVAS, Origine delle Lingue, pp. 80, 104, 120, 121, and Tabb. XII, XIII, L, LI et seq. ; and for the Dialect of the Avanes, pp. 164, 165, Tabb. XIII, LI et seq.",,printed,,83,unclear
Maipuhes,,Heevas,"HEEVAS, Saggio, pp. 110, 111 ; and Avanes, pp. 87, 88.",,printed,,83,unclear
Maipuhes,,Heevas,"HEEVAS, Yocabolario Poliglotto, pp. 161 et seq.",,printed,,83,unclear
Maipuhes,,Heevas,"HEEVAS, Aritmetica, p. 104.",,printed,,83,unclear
Maipuhes,,Humboldt,"A. VON HUMBOLDT, Eeise, Yol. IY, p. 128.",,printed,,83,unclear
Maipuhes,,Balbi,"BALBI, Atlas Ethnographique, Tab. XLI, No. 611 (Maypure).",,printed,,83,unclear
Maipuhes,,Heuvel,"Some (7) Maipure ""Words compared with Arrowack, Atoray, Moxos, and Quiohua, in Appendix VI, p. 166 of: J. A. VAN HEUVEL, El Dorado. New York, Winchester, 1844, 8vo.",1844,printed,,83,unclear
Maipuhes,,D'Orbiqny,"A. D'ORBIQNY, L'Homme American), Yol. II, p. 274.",,printed,,83,unclear
Maipuhes,,,"Mithridates, Yol. Ill, pp. 614—623.",,printed,,83,unclear
Makoby,,,"Indians of the Chaco, on the banks of the Vermejo River, by descent and language related to the Abipones.",,printed,,83,unclear
Makoby,,Heevas,"HEEVAS, Vocabolario Poliglotto, pp. 161 et seq.",,printed,,83,unclear
Makoby,,Kaimttkd,(He used for this the MS. of the Missionary KAIMTTKD TEEMEYEE.),,manuscript,,83,unclear
Makoby,,,"Mithridates, Vol. Ill, pp. 497, 505, 506.",,printed,,83,unclear
Makoby,,,"Mithridates, Vol. Ill, pp. 496, 497, 501, 502, 504, 505.",,printed,,83,unclear
Malalis,mala1432,Martius,"Indians of the Brazilian province Minas Geraes, who speak a language very difficult to pronounce (MARTIUS, I, No. 7).",,printed,,83,yes
Malalis,mala1432,Peinzen,"Keise des PEINZEN MAXIMILIAN zu WIED NEUWIED nach Brazilien, in den Jahren 1815—1817. Frankfurt, 1820, 1821, 2 vols. 4to ; Vol. II, pp. 321— 323.",1815,printed,,83,no
Malalis,mala1432,Balbi,"BALBI, Atlas Ethnographique, Tab. XLI, No. 508.",,printed,,83,no
Malalis,mala1432,,"Indians of Guatemala, speaking a language related to the Kachiquel.",,printed,,83,unclear
Malalis,mala1432,Feat,"FEAT HIEEONYMUS LAEIOS, Arte de laLengua Mame. Mexico, 1697.",1697,printed,,83,no
Malalis,mala1432,,"Ternaux-Compans (Bibliotheque Americaine, p. 60, No. 306) gives the following title : Arte de la Lengua Mame, por Fr. Hieron. Larios, s. 1., 1607.",1607,printed,,83,unclear
"Manaos,  Monoas",,Martius,"Brazilian Indians of the province of Para/ between the rivers Urariva and Chinara, and particularly on the Rio Padavari (MARTIUS, VII C, No. 228, and Voyage, Vol. Ill, p. 1125).",,printed,,83,unclear
"Manaos,  Monoas",,Dans,"100 MAN DANS — M AQUAS,",,printed,,83,unclear
"Manaos,  Monoas",,Feed,"Dialogues in Manao and Portuguese, "" Caderno da doutrina pella Liugua Monoa ou dos Manaos,"" and "" Compendes da doutrina christaa que se manda ensinar com preceyto, anno de 1740,"" on twenty pages, in MS. No. 223 of the King George IV Collection, British Museum (see FEED. EUANC. DE LA FIGANIEBE, Catal",1740,manuscript,,83,unclear
"Mandans,  Wahtani",,,"Indians of the Upper Missouri, nearly extinguished by the small pox in 1838.",1838,printed,,83,unclear
"Mandans,  Wahtani",,Kapinesqtte,"C. S. KAPINESQTTE, Atlantic Journal and Friend of Knowledge. Philadelphia, 1832, 8vo; p. 132.",1832,printed,,83,unclear
"Mandans,  Wahtani",,Gallatin,"A. GALLATIN, Synopsis, etc., in Vol. II of: Archeeologia Americana, Appendix No. IV, Vocabularies, VI, p. 379.",,printed,,83,unclear
"Mandans,  Wahtani",,,"(Names of chiefs, from the treaty of the Mandans with the United States, July, 1825, with corresponding Minetare words.)",1825,printed,,83,unclear
"Mandans,  Wahtani",,Catlin,"Mandan Vocabulary, Appendix B, pp. 262 — 265, Vol. IT. of: GEO. CATLIN, Letters and Notes on the Manners, Customs, and Condition of the North American Indians, fourth edition. London and New York, Wiley and Putnam, 1842, 2 vols. 8vo.",1842,printed,,83,unclear
"Mandans,  Wahtani",,Pbinzen,"Eeise des PBINZEN MAXIMILIAN zu WIED. Coblenz, 1839 — 1841, 2 vols. 4to j Vol. II, pp. 514—562.",1839,printed,,83,unclear
"Mandans,  Wahtani",,James,"JAMES KIPP, Mandan Vocabulary, pp. 446—459 of Vol. Ill of : Schoolcraft's Indian Tribes of the United States ; and",,printed,,83,unclear
"Mandans,  Wahtani",,,"Mandan and Upsasoka, and Mandan and Minetare Words compared, ibid., pp. 255, 256.",,printed,,83,unclear
"Mandans,  Wahtani",,Peinzen,"Eeise des PEINZEN MAXIMILIAN zu WIED. Coblenz, 1839—1841, 2 vols. 4to ; pp. 514-562.",1839,printed,,83,unclear
Maquas,nama1264,,"Extinct tribe of the Iroquois in eastern Pennsylvania and western New York. Their language, as it appears by the oldest vocabulary, bears some affinity to the Wyandot and Mohawk.",,printed,,83,unclear
Maquas,nama1264,Maschacaris,MASCHACARIS MASSACHUSETTS. 107,,printed,,83,no
Maquas,nama1264,,At a later period we find the Onondaga sometimes called Maqua.,,printed,,83,unclear
Maquas,nama1264,,"Vocabula Mahakuassica, pp. 155—160 of: Lutheri Cathechismus ofwersatt pa American Yirginiske Spraket. Stockholm, 1693, 12mo.",1693,printed,,83,unclear
Maquas,nama1264,Zeisbergek'S,"A Collection of Words (English, Maqua, Delaware, Mohican) by Eev. John Ettwein, from ZEISBERGEK'S MSS. (pp. 41 — 44 of No. 1, Yol. I, of the : Bulletin of the Historical Society of Pennsylvania. PhiladelpJiia, printed for the Society, 1813, 8vo).",1813,manuscript,,83,no
Maquas,nama1264,,The Library of the American Philosophical Society of Philadelphia has the following MSS. :—,,manuscript,Library of the American Philosophical Society of Philadelphia has the following MSS,83,unclear
Maquas,nama1264,David,"DAVID ZEISBERGEK, Essay of an Onondaga Grammar, or a short Introduction to learn the Onondagua, alias Maqua, Tongue, 4to, pp. 67.",,printed,,83,yes
Maquas,nama1264,Pyrl,"CHE. PYRL^TJS, Affixa nominum verborum Linguse Maquaicse, 4to, pp. 25.",,printed,,83,no
Maquas,nama1264,Pyrl,"CHR. PYRL^TJS, Adjectiva, nomina et pronomina Linguse Maquaicse, cum nonnullis de verbis, adverbiis et prsepositioiiibus ejusdem Linguse, 4to, pp. 86.",,printed,,83,no
Maschacahis,,,"Indians of the Brazilian province of Porto Seguro, on the banks of the rivers Pardo, Belmonte, and Santa Cruz.",,printed,,83,unclear
Maschacahis,,Prinzen,"Eeise des PRINZEN MAXIMILIAN zu WIED NEUWIED. Frankfurt, 1820, 1821, 2 vols. 4to ; Yol. II, p. 319.",1820,printed,,83,unclear
Maschacahis,,Balbi,"BALBI, Atlas Ethnographique, Tab. XLI, No. 502 (Machacali des bords du Jiquitinhonha).",,printed,,83,unclear
"Massachusetts  Indians,  Natick",,,"These Indians belong to the Algonquin stock — were formerly very numerous, but are now much reduced in numbers. The Montagnards and Skoffi, west of Hudson's Bay, are related to them.",,printed,,83,unclear
"Massachusetts  Indians,  Natick",,John,"JOHN ELIOT (see Grammars, second edition, Appendix, pp. xlix— liy).",,printed,,83,unclear
"Massachusetts  Indians,  Natick",,Josiah,"JOSIAH COTTON, Vocabulary of the Massachusetts (or Natick) Indian Language. Edited, from the original MS. (in Cambridge), by John Pickering, pp. 147—257",,manuscript,,83,unclear
"Massachusetts  Indians,  Natick",,,"of Vol. II of the Third Series of : Collections of the Massachusetts Historical Society. Cambridge, printed by E. W. Metcalf and Co., 1830, 8vo. (Copies with separate title ; Cambridge, 1829, 8vo.)",1830,printed,,83,unclear
"Massachusetts  Indians,  Natick",,Eliot'S,"Contains : Pp. 148—151, Notice of the MS., with Kemarks on the Author's Ethnography and the Pronunciation of the Language, by J. P. ; 155 — 213, Yocabulary ; 244 — £57, Appendix (from ELIOT'S Primer).",,manuscript,,83,unclear
"Massachusetts  Indians,  Natick",,,"Specimen of the Mountaineer or Sheshatapoosh-Shoish, Skoffie, and Micmac Languages. Yocabulary from an Indian boy, Gabriel, pp. 16 — 33 of Vol. VI of the First Series of : Collections of the Massachusetts Historical Society for the year 1799. Boston, printed by Samuel Hall, 1800, 8vo.",1799,printed,,83,unclear
"Massachusetts  Indians,  Natick",,Smith,"SMITH BAKTON, New Views, etc. — Comparative Vocabularies.",,printed,,83,unclear
"Massachusetts  Indians,  Natick",,Eliot,"Mithridates, Vol. Ill, part 3, pp. 387—389 (from ELIOT), and Skoffies and Mountaineers, ibid., pp. 418, 419.",,printed,,83,unclear
"Massachusetts  Indians,  Natick",,Balbi,"BALBI, Atlas Ethnographique, Tab. XLI, No. 613.",,printed,,83,unclear
"Massachusetts  Indians,  Natick",,,"Comparative Vocabulary (of Forty-five Words) of various Dialects of the Lenape (or Delaware) stock of the North American Indians, by T. SAY, in Note 15, pp. 135 — 145, to John Pickering's edition of Dr. Edwards's Observations on the Mohegan Language, in : Collections of the Massachusetts Historical ",1823,printed,,83,unclear
"Massachusetts  Indians,  Natick",,Abkiel,"ScofHes (from G-ABKIEL), No. IV, g, Sheshatapoosh (Indian boy, Gabriel), Labrador, No. IV, 11, and Massachusetts (from ELIOT and COTTON), No. IV, 15, of A. Gallatin's Comparative Vocabulary, pp. 305—367, 369 of Vol. II of : Archseo- logia Americana.",,printed,,83,unclear
"Massachusetts  Indians,  Natick",,John,"Also, under O, IV, 1 (Sheshapootosh) , 2 (Skoffie), p. 100, and P, IV, 1 (Mas- sachusetts, p. 108), of the Vocabularies, in Vol. II of: Transactions of the American Ethnological Society ; and an extract, Article I of the Appendix, p. 491, to : JOHN W. DE FOREEST, History of the Indians of Connecticu",1852,printed,,83,unclear
"Massachusetts  Indians,  Natick",,Silis,"SILIS WOOD, Sketch of the First Settlement of the several Towns of Long Island. Brooklyn, 1824, 8vo. Reprinted, ibid., Spooner, 1828, 8vo.",1824,printed,,83,unclear
"Massachusetts  Indians,  Natick",,Wood,"James Macauley, History of New York. New York, Gould and Banks, 1829, 3 vols. 8vo ; Vol. II, pp. 264, 265 (from WOOD).",1829,printed,,83,unclear
"Massachusetts  Indians,  Natick",,Heczeweldee,"REV. M. HECZEWELDEE, Comparative Vocabulary of the Lenni Lenape proper, the Minsi dialect, the Machicanns, Natik or Nadik, Chippeway, Shawano, and Nanticoke. MS. in the Library of the American Philosophical Society at Phila- delphia.",,manuscript,in the Library of the American Philosophical Society at Phila- delphia,83,unclear
"Massachusetts  Indians,  Natick",,Eliot'S,"Vocabulary of the Massachusetts Indians, extracted from ELIOT'S translation, pp. 288—299 of Vol. I of : Henry Schoolcraft, Historical and Statistical In- formation respecting the History, Condition, and Prospects of the Indian Tribes of the United States. Collected under the direction of the Bureau ",1851,printed,,83,unclear
"Massachusetts  Indians,  Natick",,Mataguaya,MATAGUAYA MATLACINGA. 109,,printed,,83,unclear
"Massachusetts  Indians,  Natick",,School,"Comparative Vocabulary of Pamptico of North Carolina, Natic or Massa of Massachusetts, and Chippewa of Michigan, pp. 556, 557 of Vol. V of: SCHOOL- CRAFT'S Indian Tribes of the United States.",,printed,,83,unclear
"Massachusetts  Indians,  Natick",,John,"The Indian Grammar begun ; or, an Essay to bring the Indian Language into Rules, for the help of such as desire to learn the same, for the furtherance of the Gospel among them. ""By JOHN ELIOT (Isaiah 33, 19, 66, 18 ; Dan. 7, 14 j Psalt. 19, 3; Mac. 3, 11). Cambridge, printed by Marmaduke Johnson, 16",1666,printed,,83,unclear
"Massachusetts  Indians,  Natick",,John,"Contains : Pp. 223 — 242, the Massachusetts Language : Introductory Observations, by JOHN PICKERING ; dated Salem, July, 1821. Pp. 243 — 312, reprint of ELIOT'S Grammar.",1821,printed,,83,unclear
"Massachusetts  Indians,  Natick",,Peter,"Pp. (313 — 311) i — xxix, Notes and Observations on Eliot's Grammar. Addressed to John Pickering, by PETER S. DUPONCEAU.",,printed,,83,unclear
"Massachusetts  Indians,  Natick",,Eliot'S,"Pp. (342 — 360) xxx — xlviii, Supplementary Observations, by the Editor. Pp. (361—366), xlix— liv, Index of Indian Words in ELIOT'S Grammar; including Select Words from his Translation of the Bible.",,printed,,83,unclear
"Massachusetts  Indians,  Natick",,,"There are separate copies of this edition mentioned (Brunet, II, p. 173) ; dated Boston, 1822, 8vo.",1822,printed,,83,unclear
"Massachusetts  Indians,  Natick",,Eliot'S,"Extracts from ELIOT'S Grammar are given in : J. H. M'Culloch's Eesearches concerning the Aboriginal History of America. Baltimore, Lucas, 1829, 8vo ; Chap. II, on the Languages of the American Indians, pp. 42 — 53.",1829,printed,,83,unclear
"Massachusetts  Indians,  Natick",,,"The Indian Primer. Boston, 1720, 12mo. Mithridates, Vol. Ill, part 3, pp. 381—387.",1720,printed,,83,unclear
"Massachusetts  Indians,  Natick",,Vail,"E. A VAIL, Notice sur les Indiens de 1'Amerique du Nord. Paris t 1840, 8vo ; p. 55, Conjugation.",1840,printed,,83,unclear
Mataguaya,mata1289,,"Indians of the Gran Chaco, belonging to the Pampeen or Pata- gonian stock.",,printed,,83,unclear
Mataguaya,mata1289,D'Orbigny,"A. D'ORBIGNY, L'Homme Anu'ricain, Vol. II, pp. 109, 110.",,printed,,83,no
Mataguaya,mata1289,,The Padres of the Mission4 of Tanja have compiled a MS. Vocabulary of this language.,,manuscript,,83,unclear
Matlacinga,,Prichard,"A Mexican language, mentioned by PRICHARD as being spoken in the valley of Toluca, in Mexico. DE SOUZA mentions : —",,printed,,83,unclear
Matlacinga,,Andres,"""Arte y Diccionario de la Lengua Matlazinga, y Sermones y Catecismo en diclia Lengua, por FR. ANDRES CASTRO/' CASTRO went to Mexico in 1542, and not only learned the Nahuatl (Mexican), but also the Matlazinga and Toluca. which DE SOUZA characterises as "" Lengua la mas dificil de la Nueva Espaiia."" H",1542,manuscript,"in the Convent of Toluca, in 1577, leaving his MSS",83,unclear
Matlacinga,,Fray,"According to the same authority, FRAY DIEGO BASALANQUE, who was elected, in 1623, Provincial of the Convent of San Luis Potosi, Mexico, and who afterwards retired to the Convent of Charo, composed both a grammar and dictionary of the Mat- lazinga language. DE SOUZA also mentions that a volume of Ser",1623,manuscript,"in the Matlazinga, was composed by the FR",83,unclear
Mayoeunas,,Martius,"Brazilian Indians of the province do Rio Negro, on the banks of the Rio Yavari (MARTIUS, No. 184, and Vol. Ill, p. 1195",,printed,,83,unclear
Mayoeunas,,Castelnatt,"Langue des Mayorunas civilises (& 1' Amazon), Vocabulary XXV, pp. 299, 8vo, of: CASTELNATT, Vol. V, Appendice.",,printed,,83,unclear
Mayoeunas,,Xxvi,"Langue des Mayorunas sauvages (au Yavari), Vocabulary XXVI, pp. 300, 301 of: CASTELNATT, ibid.",,printed,,83,unclear
Menieng,,,"Indians of the Brazilian province of Espiritu Santo, on the banks of the Rio Belmonte. They, speak now the Portuguese language, but used formerly a dialect of the Kamakan.",,printed,,83,unclear
Menieng,,Peinzen,"Eeise des PEINZEN MAXIMILIAN YON NEUWIED, etc. Frankfurt^ 1820, 1821, 2 vols. 4to; Vol. II, pp. 212.",1820,printed,,83,unclear
Menieng,,Balbi,"BALBI, Atlas Ethnograpliique, Tab. XLI, No. 506.",,printed,,83,unclear
Menomonies,,,"Indians of the Algonkin stock, north of Green Bay, Wisconsin, between the Chippeways and Winnebagos.",,printed,,83,unclear
Menomonies,,,"Comparison of Words and Sentences in the Dialects of the Ottawaws and Me- nomonies, pp. 392 — 398 of: A Narrative of the Captivity and Adventures of John",,printed,,83,unclear
Menomonies,,,"Tanner, during Thirty Years' Eesidence among the Indians Edited by",,printed,,83,unclear
Menomonies,,Edwin,"EDWIN JAMES, M.D. New York, G. arid C. and H. Carvill, 1830, 8vo.",1830,printed,,83,unclear
Menomonies,,Doty,"No. IV, 25, of the Comparative Vocabularies to A. Gallatin's Synopsis, etc., in Yol. II of: Archaeologia Americana, pp. 305—367, from D. DOTY (MS.), JAMES, and Notices in the Department of War, United States. Reprinted under O, IV, 5, p. 113, of the Vocabularies in Vol. II of the : Transactions of t",,manuscript,"in the Department of War, United States",83,unclear
Menomonies,,Bktjce,"Menomony Vocabulary, by Mr. BKTJCE, Indian agent at Green Bay, pp. 470 — • 481 of Vol. II of: Schoolcraft's Indian Tribes of the United States.",,printed,,83,unclear
Messissaugeh,,,"Indians of the Algonkin stock, south of Lake Superior.",,printed,,83,unclear
Messissaugeh,,Smith,"SMITH BABTOTT, New Views, etc. — Comparative Vocabularies. Mithridates, Vol. Ill, part 3, pp. 415, 416 (from SMITH BARTON).",,printed,,83,unclear
Messissaugeh,,Smith,"No. IV, f, of the Vocabularies to A. Gallatin's Synopsis, Vol. II of: Archseo- logia Americana, p. 375 (from SMITH BARTON).",,printed,,83,unclear
Messissaugeh,,,"Comparative Vocabulary, etc., of T. SAY (Notes to John Pickering's edition of Edwards' s Observations on the Mohegan Language, in : Collections of the Massa- chusetts Historical Society, Second Series, Vol. X. Boston, printed by Phelps and Earnham, 1823, 8vo. Keprinted, Boston, Little and Brown, 184",1823,printed,,83,unclear
"Mexican,  Nahuatl,  Aztek",,,"The Mexican language, properly called ""Nahuatl,"" seems to have been used from the valley of Mexico down to Nicaragua. It was spoken originally by the Nahuatlacs, occupying the valley of Mexico, or Anahuac; and the Tolteks, in subjugating the Nahuatlacs, are said to have adopted their language. The",,printed,,83,unclear
"Mexican,  Nahuatl,  Aztek",,,"Spaniards, finding the Azteks at the head of the Chichimek Empire, the denomination ""Azteks"" has also promiscuously been used for Mexican, or Nahuatl. The languages spoken by the Niquiraris of Nicaragua, and the Tlascalteks of San Salvador are dialects of the Nahuatl.",,printed,,83,unclear
"Mexican,  Nahuatl,  Aztek",,Andres,ANDRES DE OLMOS (see Grammars).,,printed,,83,unclear
"Mexican,  Nahuatl,  Aztek",,Fray,"FRAY ALONSO DE MOLINA, Vocabulario en Lengua Castellana y Mexicana, com- puesto por el tnuy reverendo Padre Fr. Alonso de Molina, de la Orden del bien aventurando nuestro Padre San Francisco. Dirigido al muy excelente Senor D. Martin Enriquez, visorrey desta Nueva Espanna. En Mexico, en casa de Anto",1571,printed,,83,unclear
"Mexican,  Nahuatl,  Aztek",,,"First part : Vocabulario en Lengua Castellana y Mexicana, 4to, 126 leaves.",,printed,,83,unclear
"Mexican,  Nahuatl,  Aztek",,,"Second part : Yocabulario en Lengua Mexicana y Castellana, 2, 162 leaves.",,printed,,83,unclear
"Mexican,  Nahuatl,  Aztek",,,The Dedication is dated 1569. The: Vocabulario en Lengua Castellana y,1569,printed,,83,unclear
"Mexican,  Nahuatl,  Aztek",,,"Mexicana (Mexico, 1555, 4to), mentioned by Antonio in his Biblioteca",1555,printed,,83,unclear
"Mexican,  Nahuatl,  Aztek",,,"Hispana Nova, I, 37, may therefore be a mistake, and refer to the Vocabulary",,printed,,83,unclear
"Mexican,  Nahuatl,  Aztek",,Olmos,"of DE OLMOS, annexed to the Grammar of the same author.",,printed,,83,unclear
"Mexican,  Nahuatl,  Aztek",,Elias,"Dialogosen Lengua Mexicana, por FR. ELIAS DE SAN JUAN BAUTISTA. Mexico, 1598, 8vo.",1598,printed,,83,unclear
"Mexican,  Nahuatl,  Aztek",,Pedro,"PEDRO DE ARENAS, Vocabulario Manual de las Lenguas Castellana y Mexicana. Mexico, Henrico Martinez, s. a. (privilege, dated 1611), small 12mo. Reprinted, ibid., 1728, in 12mo, and .1793, in 12mo.",1611,printed,,83,unclear
"Mexican,  Nahuatl,  Aztek",,Pedro,"Vocabulario Manual de las Lenguas Castellana y Mexicana, en que se contienen las palabras, preguntas y respuestas mas comunes y ordinarias que se suelen ofrecer en el trato y cornunication entre Espauoles e Indios. Compuesto por PEDRO DE ARENAS. Reimpreso en Pueblo,, en la Imprenta del Hospital de S",1831,printed,,83,unclear
"Mexican,  Nahuatl,  Aztek",,,"Two parts : Spanish-Mexican, pp. 1 — 93 ; Mexican-Spanish, pp. 94 — 131.",,printed,,83,unclear
"Mexican,  Nahuatl,  Aztek",,Joan,"A short Vocabulary, p. 241 of: JOAN. DE LAET, K""ovus Orbis. Lugduni Bata- vorum, Elzevir, 1633, folio.",1633,printed,,83,unclear
"Mexican,  Nahuatl,  Aztek",,Gilii,"GILII, Saggio di Storia Americana, Vol. Ill, pp. 228, 355 et seq.",,printed,,83,unclear
"Mexican,  Nahuatl,  Aztek",,,"Diccionario Espailol y Mexicano, pp. 248, 8vo, 1742 (sine loco et auctore) ; in the collection of C. A. TJhde, Esq.",1742,printed,,83,unclear
"Mexican,  Nahuatl,  Aztek",,Court,"ANT. COURT DE GEBELIN, Monde Primitif, Vol. VIII. Paris, 1772 ; pp. 523, 524, 525. Reprinted on pp, 332 — 334 of: J. B. Scherer, Recherches Histo- riques et Geographiques sur le Nouveau Monde. Paris, Brunet, 1777, 12mo.",1772,printed,,83,unclear
"Mexican,  Nahuatl,  Aztek",,Forster,"R. FORSTER, Bemerkungen auf seiner Reise um die Welt. Berlin, 1783, 8ro, p. 254.",1783,printed,,83,unclear
"Mexican,  Nahuatl,  Aztek",,Hervas,"HERVAS, Saggio, pp. 116 — 118.",,printed,,83,unclear
"Mexican,  Nahuatl,  Aztek",,Heevas,"HEEVAS, Vocabolario Poliglotto, pp. 161 et seq.",,printed,,83,unclear
"Mexican,  Nahuatl,  Aztek",,Heevas,"HEEVAS, Origine, pp. 27, 29, 37, 41, 44, 45, 120, 121, Tabb. XLIX, L, LI",,printed,,83,unclear
"Mexican,  Nahuatl,  Aztek",,Heevas,"HEEVAS, Aritmetica, pp. 63, 64, 107—109.",,printed,,83,unclear
"Mexican,  Nahuatl,  Aztek",,Smith,"SMITH BARTON, New Views, etc. — Comparative Vocabularies, gives also words of the Indians of Colb.ua.",,printed,,83,unclear
"Mexican,  Nahuatl,  Aztek",,Balbi,"Nouvelles Annales des Voyages, Paris, 1810, 8voj Vol. IV, pp. 8 — 36. BALBI, Atlas Etbnographique, Tab. XLI, No. 701 (Azteque). Mithridates, Vol. Ill, part 3, pp. 87, 88, 105, 106, 212, 213.",1810,printed,,83,unclear
"Mexican,  Nahuatl,  Aztek",,Gallatin,"A. GALLATIN, Notes on tbe Semi-civilized Nations of Mexico, etc., Vol. I of: Transactions of the American Ethnological Society. New York, Bartlett and Welford, 1845, 8vo ; pp. 9, 10, 298—304.",1845,printed,,83,unclear
"Mexican,  Nahuatl,  Aztek",,Sqttiek,"E. G. SQTTIEK, Nicaragua. New York, Appleton, 1852, 2 vols. 8vo ; Vol. II, p. 314 (compared with Niquiran, which is a Mexican dialect).",1852,printed,,83,unclear
"Mexican,  Nahuatl,  Aztek",,,"American Ethnological Society's Transactions, Vol. Ill, p. 101.",,printed,,83,unclear
"Mexican,  Nahuatl,  Aztek",,Sqther,"Nahual Vocabulary of the Balsam Coast (San Salvador) and of Tzalco, pp. 351, 352 of: E. G-. SQTHER, Notes on Central America, particularly the States of Honduras and San Salvador. New York, Harpers, 1855, 8vo.",1855,printed,,83,unclear
"Mexican,  Nahuatl,  Aztek",,Bernaedini,"Aztec Glossary in : Evangeliarium, Epistolarium et Lectionarium Aztecum, sive Mexicanum, ex antiquo codice authographo BERNAEDINI SAHAQUNII depromptum, nunc primum cum interpretatione, adnotationibus, glossario edidit B. Biondelli.",,printed,,83,unclear
"Mexican,  Nahuatl,  Aztek",,,"This important monument of the ancient Aztec language will be published at Milan, in 5 parts, 4to, with fac-similes.",,printed,,83,unclear
"Mexican,  Nahuatl,  Aztek",,Andres,"ANDRES DE OLMOZ, Ars et Vocabularium Mexicanum. Mexici, 1555, 4to.",1555,printed,,83,unclear
"Mexican,  Nahuatl,  Aztek",,,"Brunet (III, p. 559) gives this title from Equiara.",,printed,,83,unclear
"Mexican,  Nahuatl,  Aztek",,Olmoz,"Vater gives the following title : A. DE OLMOZ, Grrammatica et Lexicon Linguae Mexicans?, Totanacoe et Huaxtecse. Mexico, 1555, 1560, 2 vols. 4to.",1555,printed,,83,unclear
"Mexican,  Nahuatl,  Aztek",,,"In the Mithridates, III, 3, p. 92, the same title is given, but added to it : Cum Catechismo, Evangeliis, Epistolisque Mexicanice. Mexico, 1560, 2 vols. 4to.",1560,printed,,83,unclear
"Mexican,  Nahuatl,  Aztek",,Olmoz,"OLMOZ also wrote a Vocabulario Megicano, an Arte and Vocabulario in the Totonaca language, and an Arte, Vocabulario, Catecismo, Confessionario, and Sermons in the Huaxteco or Huasteca language.",,printed,,83,unclear
"Mexican,  Nahuatl,  Aztek",,,"The Vocabularium Mexicanum (Mexici, 1855 4to) is sometimes mentioned as a separate work.",1855,printed,,83,unclear
"Mexican,  Nahuatl,  Aztek",,Alonso,"ALONSO DE MOLINA, Arte de la Lengua Mexicana y Castellana. Mexico^ en casa de Petro de Ocharte, 1571, 8vo.",1571,printed,,83,unclear
"Mexican,  Nahuatl,  Aztek",,Padre,"PADRE ANTONIO DEL RINCON, dela Compania de Jesus (Natural de S. Puebla de los Angelos), Arte de la Lengua Mexicana. Mexico, 1595, small Svo. He- printed, ibid., 1598, 12mo.",1595,printed,,83,unclear
"Mexican,  Nahuatl,  Aztek",,Diego,"D. P. DIEGO DE GALDO GUZMAN, del Orden de S. Aug., Arte Mexicano 6 Gramatica de la Lengua Mexicana. En Mejico, vidua de Bernardo Calderon, 1643, 8vo (Mithridates, III, 3, p. 91, "" 1642,"" 8vo).",1643,printed,,83,unclear
"Mexican,  Nahuatl,  Aztek",,Hoeacio,"HOEACIO CABOCHI, Arte Mexicano Copioso, para que siii maestro se pueda aprender la Lengua. Mexico, 1645, 4to.",1645,printed,,83,unclear
"Mexican,  Nahuatl,  Aztek",,,"Mithridates, III, 3, p. 92, gives the same title, but in Latin : Ars Copio- sissima Linguse Mexicanse ut sine magistro possis illam condiscere. Mexici, 1645, 4to.",1645,printed,,83,unclear
"Mexican,  Nahuatl,  Aztek",,Hokacio,The following may be either an extract from or a new edition of the book : — Compeudio del Arte de la Lengua Mexicana del P. HOKACIO CABOCHI .....,,printed,,83,unclear
"Mexican,  Nahuatl,  Aztek",,,"dispuesto con brevedad, claridad y propiedad por el P. Ignatio de Paredes.",,printed,,83,unclear
"Mexican,  Nahuatl,  Aztek",,,"Mexico, en la imprenta de la Biblioteca Mexicana, 1759, 4to, pp. 24, 202.",1759,printed,,83,unclear
"Mexican,  Nahuatl,  Aztek",,Padbe,"PADBE F. AUGUSTIN DE YETANCUBT, Arte de la Lengua Mexicana. Mexico, 1673, 4to, 49 leaves.",1673,printed,,83,unclear
"Mexican,  Nahuatl,  Aztek",,Bachilleb,"Arte de la Lengua Mexicana, compuesto por el BACHILLEB DON ANTONIO YASQUEZ GASTELU EL KEY DE FIGUECOA, Catredrutico de dicha Lengua en los Keales Collegios de San Pedro y San Juan. Sacalo a luz por orden del illustr. Sr. Dr. D. Manuel Fernandez de Santa Cruz, Obispo de Puebla. Puebla de los Angelas,",1689,printed,,83,unclear
"Mexican,  Nahuatl,  Aztek",,Juan,"Arte de la Lengua Megicana segun el Dialecto de los Pueblos de la Nueva Gal- licia, por FB. JUAN GUEBBA. Mexico, 1699, 4to.",1699,printed,,83,unclear
"Mexican,  Nahuatl,  Aztek",,Fbancisco,"FBANCISCO DE AVILA, Predicador, cura ministro por su Majestad del Pueblo de la Milpar y lector de Idioma Mexicana, Arte de la Lengua Mexicana y breves platicas de los mysteries de N. Santa Fe catolica y otras para exortacion de su obligation a los Indios. Mexico, 1717, small 8vo, pp. 78.",1717,printed,,83,unclear
"Mexican,  Nahuatl,  Aztek",,Manuel,"P. F. MANUEL PEEEZ, Arte de el Idioma Mexicano. Mexico, pp. 98.",,printed,,83,unclear
"Mexican,  Nahuatl,  Aztek",,Caelos,"CAELOS DE TAPIA ZENTENO, Arte Novissima de la Lengua Mexicana. Mexico, Viuda de Bernardo Hogal, 1753, 4to, pp. 22, 58.",1753,printed,,83,unclear
"Mexican,  Nahuatl,  Aztek",,Jose,"D. JOSE AUGUSTIN DE ALDAMA Y GUEVABA, Arte de la Lengua Mexicana. Mexico, en la imprenta de la Biblioteca Mexicana, 1754, 4to.",1754,printed,,83,unclear
"Mexican,  Nahuatl,  Aztek",,Gilii,"GILII, Saggio di Storia Americana, Yol. Ill, pp. 228 et seq., 355 et seq.",,printed,,83,unclear
"Mexican,  Nahuatl,  Aztek",,Kafael,"KAFAEL DE SANDOVAL, Arte de la Lengua Mexicana. Mexico, 1810, 8vo, pp. 62.",1810,printed,,83,unclear
"Mexican,  Nahuatl,  Aztek",,,"Mithridates, Yol. Ill, part 3, pp. 93—104.",,printed,,83,unclear
"Mexican,  Nahuatl,  Aztek",,,"Nouvelles Annales des Yoyages. Paris, 1840, 8vo ; Yol. IY, pp. 8—36.",1840,printed,,83,unclear
"Mexican,  Nahuatl,  Aztek",,,"Consulta a los estudiosos sobre la Lengua Mexicana, in the : Museo Mexicano. Mexico, 1843, 8vo ; No. 2, Yol. I (April 15, 1843), pp. 251-253.",1843,printed,,83,unclear
"Mexican,  Nahuatl,  Aztek",,,"A. Gallatin, Grammatical Notices Mexican Language, Appendix 1",,printed,,83,unclear
"Mexican,  Nahuatl,  Aztek",,,"to his Notes on the Semi-civilized Nations of Mexico, in Yol. I of the : Transac-",,printed,,83,unclear
"Mexican,  Nahuatl,  Aztek",,,"tions of the American Ethnological Society. New York, Bartlett and Welford, 1845, 8vo ; pp. 215—245.",1845,printed,,83,unclear
"Mexican,  Nahuatl,  Aztek",,Caeochi,(From the Grammars of CAEOCHI and TAPIA ZENTENO.),,printed,,83,unclear
"Mexican,  Nahuatl,  Aztek",,Karl,"JOH. KARL ED. BUSCHMANN, Tiber die aztekischen Ortsnamen. Erste Abtheilung. JBerlin, Diimmler, 1853, 4to, pp. 205. More particularly pp. 20—37, 140—172 (the Aztek Language in Nicaragua).",1853,printed,,83,unclear
Manuscripts,,Alonso,"Arte de la Lengua Megicana, por FE. ALONSO K ANGEL, provincial de Tula (1529 — 1546), according to De Souza.",1529,printed,,83,unclear
Manuscripts,,Fochee,"FOCHEE (FE. JUAN) was one of the earliest ecclesiastics of Mexico, where he died, 1572. Wrote, according to Torquemada : Arte de la Lengua Megicana.",1572,printed,,83,unclear
Manuscripts,,Antonio,"FE. ANTONIO PADILLA DAVILA, native of Mexico, and Member of the Imperial Convent of that city in 1576, wrote: Arte para aprender la Lengua Megicana ; which is highly spoken of by Pinelo and Antonio.",1576,printed,,83,unclear
Manuscripts,,Diego,"Arte de la Lengua Chichimeca, Diccionario de la Misma, y Catecismo en la Misma, por P. DIEGO DIAZ PANGUA, natural de Durango. PANGUA died 1631, leaving, according to De Souza, this MS.",1631,manuscript,,83,unclear
Manuscripts,,Baetolmi,"DON BAETOLMI ALVA translated three poems of Lope de Vega into Mexican, which, according to De Souza, are preserved in the Library of the College of San Gregorio, in Mexico.",,manuscript,"preserved in the Library of the College of San Gregorio, in Mexico",83,unclear
Manuscripts,,Antonio,"Elementos de la Gramatica Megicana, por DON ANTONIO TOBAB CANO T MOCTEZUMA, 1662. MS , according to Eguiara.",1662,manuscript,,83,unclear
Manuscripts,,Juan,"Vocabularies y Dialogos Megicanos, por JUAN FEANCISCO IEAGOEEI. Written about the year 1780, and, according to De Souza, in the Library of the University of Mexico.",1780,manuscript,in the Library of the University of Mexico,83,unclear
Manuscripts,,Antonio,"Arte de los artes, 6 Florilegio de los artes de la Lengua Megicana, que se han Escrito ; y en que con nuevo y facil modo se ensefia su Gramatica, por FB. ANTONIO ROSA LOPEZ FIGUEEOA. MS. in the Convent of San Francisco, in Mexico.",,manuscript,"in the Convent of San Francisco, in Mexico",83,unclear
Manuscripts,,Feay,"Arte y Vocabulario de la Lengua Megicana, preparados para las perusas, por FEAY DIEGO OSOEIO, Cura de Chalco y de S. Jose de Megico.",,printed,,83,unclear
Manuscripts,,Beenabe,"Reglas para apreuder con facilidad la Lengua Megicana, por FE. BEENABE PAEZ, Catedratico de Idioma Megicano en la Universidad de Megico. MS., according to Eguiara.",,manuscript,,83,unclear
Manuscripts,,Juan,"Arte y Diccionario de la Lengua Megicana, por Illm6. D. FE. JUAN AYOEA, Obispo de Michoacan ; mentioned in the CrOnica de la Provincia de San Gregorio.",,printed,,83,unclear
Manuscripts,,Feancisco,"Arte y Diccionario de la Lengua Megicana, por FE. FEANCISCO SOLCEDO. 4to, in the Library of the Franciscan Convent of Guatemala.",,manuscript,in the Library of the Franciscan Convent of Guatemala,83,unclear
Manuscripts,,Feancisco,"Arte, Vocabulario, y Catecismo Megicanos, por Jllm6. D. FB. FEANCISCO XIMENEZ, primero Obispo de Oaxaca. Died in Mexico, and, according to De Souza, was the first who composed a grammar of the Mexican language.",,printed,,83,unclear
Manuscripts,,Bebistardino,"Arte de la Lengua Megicana, y Diccionario trilingue Latino, Espanol, y Megi- cano, por FE. BEBISTARDINO SAHAGIJN. MS., probably in the Convent of San Francisco, in Mexico.",,manuscript,"in the Convent of San Francisco, in Mexico",83,unclear
Manuscripts,,Mercado,"MERCADO (P. NICOLAS), Jesuit of Mexico, 1700: went as Missionary to Cinaloa, where he was the first to discover that the Indians of the south coast spoke a dialect of the Mexican, in consequence of which he wrote : Arte de la Lengua Megicana, segun el dialecto que usan los Indios de la Costa del sur",1700,printed,,83,unclear
Miami,miam1252,,"Indians of the Algonquin stock, formerly of the eastern part of Upper Louisiana, now west of the Mississippi. The Illinois and the Piankashaws are related to them.",,printed,,83,unclear
Miami,miam1252,Smith,"SMITH BARTON, New Views, etc. — Comparative Yocabularies.",,printed,,83,no
Miami,miam1252,Volney,"C. F. VOLNEY, Tableau du Climat et du Sol des E'tats Unis d'Amerique, suivi",,printed,,83,no
Miami,miam1252,,"d'eclaircissements sur les sauvages. Paris, 1803, 2 vols. 8vo ; Tome II,",1803,printed,,83,unclear
Miami,miam1252,,"Nouvelle edition, Paris, 1822, 2 parts in 1 vol. 8vo, p. 402.",1822,printed,,83,unclear
Miami,miam1252,,"English translation, by C. B. Brown, A View of the Soil and Climate of",,printed,,83,unclear
Miami,miam1252,,"the United States of America, with supplementary remarks on",,printed,,83,unclear
Miami,miam1252,Volney,"the Aboriginal Tribes of America, by C. F. VOLNEY. Philadelphia, 1804, Svo.",1804,printed,,83,no
Miami,miam1252,Volney,"Mithridates, Vol. Ill, part 3, pp. 363, 364 (from VOLNEY and BARTON). BALBI, Atlas Ethnographique, Tab. XLI, No. 808 (Miami, Illinois).",,printed,,83,no
Miami,miam1252,Thornton,"No. IV, 21, of the Comparative Vocabulary to A. Gallatin's Synopsis, . &c., in Vol. II of: Archseologia Americana, pp. 305, 367 (from MS. authorities of J. THORNTON, and in the War Department).",,manuscript,in the War Department),83,no
Miami,miam1252,,"And (partly) G N., 1, p. 112, of the Vocabularies in Vol. II of the : Transac- tions of the American Ethnological Society.",,printed,,83,unclear
Miami,miam1252,Charles,"CHARLES HANDY, Indian agent, Miami Vocabulary, pp. 470, 481 of Vol. II of: Schoolcraft's Indian Tribes of the United States.",,printed,,83,yes
Miami,miam1252,,N.B.— In the library of the American Philosophical Society of Philadelphia are : —,,manuscript,In the library of the American Philosophical Society of Philadelphia are : —,83,unclear
Miami,miam1252,Volney,"MS! Vocabulary of the Miami, by VOLNEY.",,manuscript,,83,no
Miami,miam1252,,"MS. of a Comparative Vocabulary of the Lenni Lenape and Miami, or Twightwee.",,manuscript,,83,unclear
Miami,miam1252,Thornton,", MS. of the Miami, from the mouth of the Little Turtle, and of the inter- preter William Wells, by W. THORNTON.",,manuscript,,83,no
Miami,miam1252,Volney,C. F. VOLNEY (see Vocabularies).,,printed,,83,no
Miami,miam1252,Volney,"Mithridates, Vol. Ill, part 3, pp. 353 — 356 (from VOLNEY).",,printed,,83,no
Miami,miam1252,Souza,"Mexican language. According to DE SOUZA, the FRAY FERNANDO BEJARANO, native of Anteguera, in Oaxaca. and prior of the Dominican convent of that town, passed a considerable part of his life amongst the Mije Indians, and perfected himself in their language, which, this author adds, "" was very difficul",1703,manuscript,"in their language, which, this author adds, "" was very difficult to pronounce, as well",83,no
Miami,miam1252,Fray,"The FRAY MARCOS BENITO, according to the same authority, originally of the Dominican convent of Valencia del Cid, went to America as missionary amongst the Mije Indians, and com- posed— "" Arte-de la Lengua Mije, y Devocionario Manual de los Misterios del Rosarip, en la Misma Lengua.""",,printed,,83,no
Mikmak,,,"French name for the inhabitants of Acadia, Nova Scotia, New Brunswick, and Maine. The following are considered dialects of the Mikmak : — 1. Nova Scotia; 2. Terre neuve Island:, 3. The Miramichi of New Brunswick. They are closely related to the Etchernins and Souriquois.",,printed,,83,unclear
Mikmak,,,"Specimen of the Mountaineer, or Shesha-ta-poosh-shois, Skoffie, and Micmac Languages (by the Indian boy Gabriel), pp. 16—33 of Vol. VI of the First Series of the: Collections of the Massachusetts Historical Society for the year 1799. Boston, printed by Samuel Hall, 1800, 8vo.",1799,printed,,83,unclear
Mikmak,,,"Mithridates, Vol. Ill, part 3, pp. 401—404 (from the boy Gabriel).",,printed,,83,unclear
Mikmak,,Balbi,"BALBI, Atlas Ethnographique, Tab. XLI, No. 817 (Gaspesien et Mikmak).",,printed,,83,unclear
Mikmak,,Gallatin'S,"No. IV, 12, of the Comparative Vocabulary to A. GALLATIN'S Synopsis, etc., (Vol. II of : Archseologia Americana, pp. 305—367), and under Q, IV, 3, p. 109, of the Vocabularies, Vol. II of: American Ethnological Society's Transactions.",,printed,,83,unclear
Mikmak,,,"The Indian of New England and the North-eastern Provinces : A Sketch of the Life of an Indian Hunter— Ancient Traditions relating to the Etchemin Tribe, their Modes of Life, Fishing, Hunting, etc. ; with Vocabularies in the Indian and English, giving the Names of the Animals, Birds, and Fish, the mo",1851,printed,,83,unclear
Mikmak,,Nicola,"The first edition had on the title-page the words — "" Derived from NICOLA TENESLES, by a Citizen of Middletown."" Afterwards, this was covered by a slip of paper, bearing the words — "" By JOSEPH BAEEATT, M.D., Member of several Learned Societies."" The preface is signed J. B. The book is written by th",,printed,,83,unclear
Mikmak,,Rand,"Vocabularies of the Apache and Micmac Languages (the Micmac by S. T. RAND, Protestant Mission at Halifax, December 10, 1853), pp. 578—589 of Vol. V of : Schoolcraft's Indian Tribes of the United States.",1853,printed,,83,unclear
Mikmak,,Maynaed'S,"Micmac, from P. MAYNAED'S MS. Notes in: A. Gallatin's Synopsis, etc, (Archseologia Americana, Vol. II), pp. 227—232.",,manuscript,,83,unclear
Mikmak,,Nicola,"NICOLA TENESLES, by Joseph Barratt, M.D. (see Vocabularies).",,printed,,83,unclear
"Mikokayak,  Milcocayac,",,,Language spoken by the Indians of the Chilian province of Cuio.,,printed,,83,unclear
"Mikokayak,  Milcocayac,",,Luys,"LUYS DE VALDIVIA, Arte Grammatica, Vocabulario, Catecismo y confessionario en Lengua Chileua y en las dos Lenguas Allentiac y Milcocayac, que son las mas Generales de la provincia de Cuio en el reyno de Chile y que hablan los Indies Guarpos y otros. Lima, 1607, 8vo.",1607,printed,,83,unclear
"Mikokayak,  Milcocayac,",,Luys,LUYS DE VALDIVIA (see Vocabularies).,,printed,,83,unclear
"Mikokayak,  Milcocayac,",,Milicite,MILICITE — MINETARES. 119,,printed,,83,unclear
Milicite,,,"Indians of New Brunswick, belonging to the Huron stock.",,printed,,83,unclear
Milicite,,Kand,"S. T. KAND, Milicite Numerals (1—1,000,000,000), pp. 690, 691 of Vol. V of: Sehoolcraft's Indian Tribes of the United States.",,printed,,83,unclear
Minetakes,,,"Indians on both sides of Knife River. Their language has three dialects, viz. : 1. The Minetare proper, called also (( Gros- ventre"" Bigbellies, Ehatsar. 2. The Alasar or Fall Indians. 3. The Kattanahaws.",,printed,,83,unclear
Minetakes,,Umfreville,"E. UMFREVILLE, The Present State of Hudson's Bay to which are",,printed,,83,unclear
Minetakes,,,"added .... a Specimen of Five Indian Languages. London, Walker, 1790, 8vo. German translation, by E. A. W. Zimmermann. Helmstadt, 1791, 8vo.",1790,printed,,83,unclear
Minetakes,,Umfreville,"Mithridates, Yol. Ill, part 3, p. 254 (of Fall Indians, from UMFREVILLE).",,printed,,83,unclear
Minetakes,,Professor,"PROFESSOR T. SAY, Yocabularies of Indian Languages, in : Astronomical and Meteorological Eecords and Vocabularies of Indian Languages, taken on the",,printed,,83,unclear
Minetakes,,,Expedition for Exploring the Mississippi under the command of Major,,printed,,83,unclear
Minetakes,,,"S. H. Long. Philadelphia^ 1822, 4to ; pp. Ixxii — Ixxviii, Ixxxiv — Ixxxv.",1822,printed,,83,unclear
Minetakes,,Balbi,"BALBI, Atlas Ethnographique, Tab. XLI, No. 780.",,printed,,83,unclear
Minetakes,,Prinzen,"Keise des PRINZEN MAXIMILIAN zu WIED, etc. Co&lenz, 1839—1811, 2 vols. 4to ; Vol. II, pp. 499, 500, 562, 590,",1839,printed,,83,unclear
Minetakes,,,"No. VI, 40, of the Comparative Vocabularies to A. Gallatin's Synopsis', etc., (Vol. II of: ArchaBologia Americana, pp. 305, 367) ; also to No. VI, ibid., p. 379, Names of Chiefs (from SAY).",,printed,,83,unclear
Minetakes,,,"The Vocabulary partly reprinted, under S, VI, 6, p. 117 of the Vocabularies in Vol. II of: Transactions of the American Ethnological Society.",,printed,,83,unclear
Minetakes,,,"Affinities of the Upsaroka or Crow Language with that of the Sedentary Mis- souri, Minetares, and those of the Sioux, pp. cxv, cxvi, of Vol. II of: American Ethnological Society's Transactions.",,printed,,83,unclear
Minetakes,,Schoolcraft'S,"Minetare and Mandan Words compared, p. 256 of Vol. Ill of: SCHOOLCRAFT'S Indian Tribes of the United States.",,printed,,83,unclear
Minsi,,,Tribe of the Delaware or Lenape.,,printed,,83,unclear
Minsi,,Smith,""" SMITH EABTON, New Views, etc.— Comparative Yocabularies.",,printed,,83,unclear
Minsi,,Peof,"PEOF. T. SAY, Comparative Vocabulary of various J)ialects of the Lenape Stock of North American Indians ; in Note 15 to John Pickering's edition of Dr. Edwards's Observations on the Mohegan Language (Yol. X. of the Second Series of the Collections of the Massachusetts Historical Society). Boston, pr",1823,printed,,83,unclear
Minsi,,Heckeweldee'S,"No. IY, h, of the Comparative Yocabularies to A. Gallatin's Synopsis, &c. (Yol. II of: Archa?ologia Americana, p. 370), and (enlarged) under P. IY, 5, p. Ill, of the Yocabularies, Yol. II of the American Ethnological Society's Transactions (from HECKEWELDEE'S MS.).",,manuscript,,83,unclear
Minsi,,Heckeweldee,"KEY. M. HECKEWELDEE, A Comparative Vocabulary of the Lenni Lenape proper, the Minsi Dialect, the Mohicanni, Natik or Nadik, Chippeway, Shawano, and Nanticoke.",,printed,,83,unclear
Minsi,,Heckewelder,"REY. M. HECKEWELDER, Names of various Trees, Shrubs, and Plants in the Language of the Lenape, or Delaware, distinguishing the Dialects of the Unamis and Minsi.",,printed,,83,unclear
Minsi,,,"The above two MSS. are in the library of the American Philosophical Society at Philadelphia,",,manuscript,"in the library of the American Philosophical Society at Philadelphia,",83,unclear
"Mixteka,  Misteco",,,"Indians of the Mexican State Oajaca. There are six dialects of this language — Tepozkolula (the best), Yankitlan, Tlahiako, Mitlantongo, Under Mixteka, and Mixteka of the Coast.",,printed,,83,unclear
"Mixteka,  Misteco",,Feay,"Vocabulario del Idioma Misteco, por FEAY FEANCISCO ALYAEADO, printed in 4to, in Mexico, by Pedro Balli, 1593.",1593,printed,,83,unclear
"Mixteka,  Misteco",,Diego,"Diccionario Copioso y Erudito de la Lengua Misteca, por FE. DIEGO Rio, MS. (Rio died in Tlachiaco, in the year 1644.)",1644,manuscript,in the year 1644,83,unclear
"Mixteka,  Misteco",,Heeyas,"HEEYAS, Saggio, pp. 118, 119. HEEYAS, Origine, Tab. L. Mithridates, Yol. Ill, part 3, p. 60.",,printed,,83,unclear
"Mixteka,  Misteco",,Vater,"J. S. VATER, Proben der Deutschen Volksmundarten : Dr. Seetzen's Liii- guistischer Nachlass. Leipzig, E. Fleischer, 1816, 8vo ; pp. 352 — 374.",1816,printed,,83,unclear
"Mixteka,  Misteco",,,"Nouvelles Annales des Voyages. Paris, 1841, 8vo ; Vol. IV, pp. 260—286.",1841,printed,,83,unclear
Mobimi Mocoby,,Fray,"FRAY ANTONIO DE LOS EETES, Yicario del Convento de Tamazulapa, Arte de la Lengua Mixteca conforme a lo que se habla en Tepozcolula. Mexico, 1593, 12mo ; pp. 16, 163 contains Notices of the Ancient History of the Indians, and of their mode of computing years.",1593,printed,,83,unclear
Mobimi Mocoby,,,"Mithridates, Yol. Ill, part 3, pp. 34—44 (extract from the above).",,printed,,83,unclear
Mobimi Mocoby,,Feancisco,"Arte y Grammatica de la Lengua Misteca, y Catecismo Cristiano en la Misma. (This MS., by FE. FEANCISCO OETIZ, an Augustan of Mexico, was seen by the Bishop Eguiara in the library of the College of San Pablo, in Mexico.)",,manuscript,"in the library of the College of San Pablo, in Mexico",83,unclear
Mobimi Mocoby,,Mobimi,"MOBIMI (MOVIMI, MOVIMA).",,printed,,83,unclear
Mobimi Mocoby,,,Moxos Indians of the Bolivian Missions San Francisco di Borja and Santa Anna. Their language is very harsh.,,printed,,83,unclear
Mobimi Mocoby,,Hervas,"HERVAS, Yocabolario Poliglotto, pp. 161 et seq. HERVAS, Saggio, pp. 91, 92. HEEVAS, Origine, Tabb. XLYIII, L et seq. Mithridates, Yol. Ill, pp. 571, 572, 576. BALBI, Atlas Ethnographique, Tab. XLI, No. 464. A. D'OEBIGNY, L'Homme Americain, Yol. I, p. 164 ; Yol. II, p. 208.",,printed,,83,unclear
Mobimi Mocoby,,D'Oebigny,"A. D'OEBIGNY, L'Homme Americain, Vol. II, pp. 251, 252.",,printed,,83,unclear
"Mocoby,  Toba",,Orbigny,"South American Indians, on the banks of the rivers Vermejo and Ypita, related to the Abipones. D^ORBIGNY writes their name ""Mbocoby.""",,printed,,83,unclear
"Mocoby,  Toba",,Heevas,"HEEVAS, Yocabolario Poliglotto, pp. 161—223 (from the MS. of the Missionary KAIMUND TEEMEYEE).",,manuscript,,83,unclear
"Mocoby,  Toba",,Heeyas,"HEEYAS, Aritmetica, p. 99.",,printed,,83,unclear
"Mocoby,  Toba",,Heevas,"HEEVAS, Saggio, p. 105.",,printed,,83,unclear
"Mocoby,  Toba",,Heevas,"HEEVAS, Origine, p. 37, Tabb. XLYIII, L et seq.",,printed,,83,unclear
"Mocoby,  Toba",,,"Mithridates, Yol. Ill, pp. 478, 497, 505, 506.",,printed,,83,unclear
"Mocoby,  Toba",,Balbi,"BALBI, Atlas Ethnographique, Tab. XLI, No. 449.",,printed,,83,unclear
"Mocoby,  Toba",,Teemeyee'S,"Mithridates, Vol. Ill, pp. 501, 502, 503, 505 (from TEEMEYEE'S Notices, given by Hervas).",,printed,,83,unclear
"Mocoby,  Toba",,D'Oebigny,"A. D'OEBIGNY, L'Homme Americain, Yol. II, p. 98.",,printed,,83,unclear
Mocorosi,,Julg,"In JULG, the Mokorosi (Mocorosi) is stated to be the language of the Indians of Mexico, now perhaps extinct ; reference being made to a "" Yocabulario de la Lengua Mocorosi."" Mexico, 1599, 8vo.",1599,printed,,83,unclear
Mocorosi,,Latham,"Upon this, DR. LATHAM furnishes the following notice : — JULG'S notice of the Mokorosi is inaccurate. The work he means is an "" Arte,"" etc., published in Madrid, 1699. The language, however, is Moxa ; and what is called the Mokorosi Vocabulary, is only an edition of MARBAN'S Arte de la Lengua Moxa. ",1699,printed,,83,unclear
"Mohavi,  Moyave",,,"Indian tribe occupying the couutry on both sides of the River Mohave, in south-eastern California.",,printed,,83,unclear
"Mohavi,  Moyave",,John,"A Vocabulary of their Language has been taken by JOHN R. BAETLETT, United States Boundary Commissioner.",,printed,,83,unclear
"Mohavi,  Moyave",,Lieutenant,"Mojave Yocabulary, taken by LIEUTENANT A. W. WHIPPLE, pp. 95 — 101 of the Report upon the Indian Tribes ; added to his Report on the Route near the 35th ParaUel, Vol. II of the : Pacific Railroad Reports. Washington, 1855, 4to.",1855,printed,,83,unclear
Mohawk,moha1258,,"Principal tribe of the Iroquois, now in Canada west. The Cochnewagoes (or Cocknawaga) are a smaller tribe belonging to them.",,printed,,83,unclear
Mohawk,moha1258,Lxiii,"Vocabulary, Tome LXIII, part 1, p. 142 of the Philosophical Transactions of the Royal Society of London. London, 1665, etc.",1665,printed,,83,no
Mohawk,moha1258,Heevas,"HEEVAS, Vocabolario Poliglotto, p. 239 (numerals).",,printed,,83,no
Mohawk,moha1258,Hervas,"HERVAS, Saggio, pp. 125, 126.",,printed,,83,no
Mohawk,moha1258,,"A Primer, for the use of the Mohawk Children, in the English and Mohawk Languages. Montreal, 1781, 12mo. Eeprinted, London, 1786, 12mo.",1781,printed,,83,unclear
Mohawk,moha1258,Smith,"SMITH BARTON, New Views, etc. — Comparative Vocabularies ; and p. 20 of the Appendix to the edition of 1798.",1798,printed,,83,yes
Mohawk,moha1258,Smith,"Mithridates, Vol. Ill, part 3, pp. 318, 330—333 (Cochnowago and Mohawk, from SMITH BARTON).",,printed,,83,yes
Mohawk,moha1258,Balbi,"BALBI, Atlas Ethnographique, Tab. XLI, No. 795.",,printed,,83,no
Mohawk,moha1258,,"No. V, 27, of the Comparative Vocabularies, etc., A. Gallatin's Synopsis, etc., in Vol. II of the: Archseologia Americana, pp. 303—367.",,printed,,83,unclear
Mohawk,moha1258,Parish,(From MS. authorities of P. PARISH and D. DWIGHT.),,manuscript,,83,no
Mohawk,moha1258,,"Eeprinted A, V (1), pp. 79, 81, 83 of Vol. II of: American Ethnological Society's Transactions.",,printed,,83,unclear
Mohawk,moha1258,Adam,"KEY. ADAM ELLIOT, of Tuscarora, Mohawk Vocabulary, Appendix L, to : Henry E. Schoolcraft's Notes on the Iroquois. New York, Bartlett and Welford, 1846, 8vo; pp. 264— 270— and",1846,printed,,83,yes
Mohawk,moha1258,,"Pp. 393 — 400 (Comparative Vocabulary of the Iroquois) of the same work, published at Albany, Pease and Co., 1847, 8vo.",1847,printed,,83,unclear
Mohawk,moha1258,Francis,"Indian Names and Places (of the St. Eegis Indians, a tribe of the Caughnawaga), pp. 178—181 of: FRANCIS B. HOUGH, M.D., History of St. Lawrence and Franklin Counties. Albany, Little and Co., 1853, 8vo.",1853,printed,,83,yes
Mohawk,moha1258,Howse,"J. HOWSE, Vocabularies of certain North American Indian Languages— Mohawk, Iroquois, Hurons of Amherstburg, Stone Indians, pp. 113 — 121 of: Proceedings of the Philological Society, Vol. IV. London, 1850. (Language of the Mohawks, living on the Grand Eiver.)",1850,printed,,83,no
"Mohegans,  Mahikans,  Muhheekanew",,,"Principal tribe of the Algonquiris, 011 the Hudson River, from Esopus to Albany. They were divided into Muchquanh (Bear tribe), Mechchaooh (Wolf tribe), and Toon-paooh (Turtle tribe). The Pequods are related to them.",,printed,,83,unclear
"Mohegans,  Mahikans,  Muhheekanew",,Prof,"Mohegan Vocabulary (of 45 words), by PROF. T. SAY (Note 15, pp. 135—145) and Index of Mohegan and other Indian Words explained in Edwards's Observa- tions, pp. 155 — 157 of: DR. EDWARDS, Observations on the Mohegan Language. Edition by John Pickering. (See Grammars.)",,printed,,83,unclear
"Mohegans,  Mahikans,  Muhheekanew",,Long,"Mohegan, English, and Shawanee Vocabulary, pp. 209 — 210 of: J. LONG, Voyages and Travels of an Indian Interpreter and Trader. London, 1791, 4to.",1791,printed,,83,unclear
"Mohegans,  Mahikans,  Muhheekanew",,Barton,"Mithridates, Vol. Ill, part 3, pp. 400, 402-404 (from BARTON and LONG). SMITH BARTON, New Views, etc. — Comparative Vocabularies.",,printed,,83,unclear
"Mohegans,  Mahikans,  Muhheekanew",,Balbt,"BALBT, Atlas Ethnographique, Tab. XLI, No. 815 (Mohegan propre— Abenaki).",,printed,,83,unclear
"Mohegans,  Mahikans,  Muhheekanew",,John,"No. IV, 17, of the Comparative Vocabulary to A. Gallatin's Synopsis, etc., Vol. II of : Archseologia Americana, pp. 305—367, and (partly) under P, IV, 3, p. 110 of the Vocabulary in Vol. II of: Transactions of the American Ethnological Society. Also, Article 1 of the Appendix (p. 491) to JOHN W. DE ",1852,manuscript,,83,unclear
"Mohegans,  Mahikans,  Muhheekanew",,John,"A Collection of Words (English, Maqua, Delaware, Mahican), pp. 41 — 44 of : KEY. JOHN ETTWEIN'S Remarks and Annotations concerning the Traditions, Customs, Languages, etc., of the Indians, from the Memoirs of Zeisberger (Bulletin of the Historical Society of Pennsylvania, Vol. I. Philadelphia, 1848,",1848,printed,,83,unclear
"Mohegans,  Mahikans,  Muhheekanew",,Schoolceaft'S,"Comparative Cbippewa and Mohegan Vocabulary (of 22 words), p. 620 of Vol. V of : SCHOOLCEAFT'S Indian Tribes of the United States.",,printed,,83,unclear
"Mohegans,  Mahikans,  Muhheekanew",,Heckeweldee,"KEY. ME. HECKEWELDEE, A Vocabulary of. the Mohicanni, taken down from the mouth of one of that nation born in Connecticut. (MS. in the library of the American Philosophical Society at Philadelphia.)",,manuscript,in the library of the American Philosophical Society at Philadelphia,83,unclear
"Mohegans,  Mahikans,  Muhheekanew",,Heckeweldee,"KEY. ME. HECKEWELDEE, Comparative Vocabulary of the Lenni-Lenape proper, the Minsi dialect, the Mohicanni, Natik or Nadik, Chippeway, and Nanticoke. (MS. in the same library.)",,manuscript,in the same library,83,unclear
"Mohegans,  Mahikans,  Muhheekanew",,Jonathan,"Observations on the Language of the Muhhekaneew Indians, in which the extent of that Language in North America is shown, its genius is grammatically traced, some of its peculiarities, and some instances of analogy between that and the Hebrew are pointed out. Communicated to the Connecticut Society o",1788,printed,,83,unclear
"Mohegans,  Mahikans,  Muhheekanew",,,"A new edition of the same, pp. 81 — 160 of: Collections of the Massachusetts Historical Society, Vol. X of the Second Series. Boston, printed by Phelps arid Farnham, 1823, 8vo, and reprinted at Boston by Little and Brown, 1843, 8vo.",1823,printed,,83,unclear
"Mohegans,  Mahikans,  Muhheekanew",,,"(Copies of this new edition, with separate title, Boston, 1823, 8vo, have been issued.)",1823,printed,,83,unclear
"Mohegans,  Mahikans,  Muhheekanew",,,"The contents of this new edition are: Pp. 81 — 89, Advertisement to the present edition, by John Pickering, dated Salem, May 15, 1822. Pp. 84 — 98, Reprint of Dr. Edwards's Observations. Pp. 98—151, Notes by the Editor. Note 15, pp. 135—145, contains T. Say's Comparative Vocabulary of various Dialec",1822,printed,,83,unclear
"Mohegans,  Mahikans,  Muhheekanew",,,"Muh-he-con-nuk, translated by Rev. John Sergeant (from Morse's Eeport. Newhaven, 1822, 8vo ; pp. 359, 360). Pp. 155—157, Index of Mohegan and other Indian words, explained in Edwards's Observations. Pp. 158 — 160, Index of the principal matters in Edwards's Observations, and the Editor's Notes.",1822,printed,,83,unclear
"Mohegans,  Mahikans,  Muhheekanew",,,"An extract from Edwards is given in : Mithridates, Vol. Ill, part 3, pp. 391 — 399, where reference is made to : American Museum, Tome V, pp. 22, 14-1—144. Columbus, May, 1787, pp. 672.",1787,printed,,83,unclear
"Mohegans,  Mahikans,  Muhheekanew",,John,"Specimen of the Moheagan Language, taken at Cambridge, February 28, 1804 (from JOHN KONKAPOT, jun.), pp. 98, 99, in: Additional Memoir of the Mohea- gans, and of Uncas, their ancient Sachem. Collections of the Massachusetts His- torical Society, Vol. IX, First Series. Boston, Hall and Hiller, 1804, ",1804,printed,,83,unclear
"Mohegans,  Mahikans,  Muhheekanew",,Holmes,"The pages 75, 76 of the same volume contain a List of the Families of the Tribe of Moheagan, and number of each family. By A. HOLMES; dated February 1, 1804.",1804,printed,,83,unclear
"Mohegans,  Mahikans,  Muhheekanew",,Schoolcraft'S,"Some data respecting the Principles of the .... and Mahican Languages, pp. 618, 619 of Vol. V of: SCHOOLCRAFT'S Indian Tribes of the United States.",,printed,,83,unclear
Mosquito,misk1235,,"The Mosquitos, or Miskitos, who inhabit the Moskito territory in Central America, are a mixed tribe, the issue of aboriginal Indians with negroes shipwrecked on the coast, or escaped from the Spanish settlements of the interior.",,printed,,83,unclear
Mosquito,misk1235,Captain,"CAPTAIN HENDERSON, R.A., An Account of the British Settlement of Hon- duras ; being a Brief View of its Commercial and Agricultural Resources, Soil, Climate, Natural History, etc., with Sketches of the Manners and Customs of the Mosquito Indians, and a Journal of a Voyage to the Mosquito Shore. Lond",1809,printed,,83,no
Mosquito,misk1235,Thomas,"Mosquitian and English Vocabulary, pp. 170—172 of: THOMAS YOUNG, A Narrative of a ""Residence on the Mosquito Shore during the years 1839, 1840, and 1841 ; with an Account of Truxillo and the adjacent islands of Bonacca and Roatan. London, Smith, Elder, and Co., 1842, 8vo, plates, pp. iv, 172.",1839,printed,,83,no
Mosquito,misk1235,,"Vocabularium, pp. 269 — 274 of : Bericht iiber die im hoechsten Auftrage . . . . bewirkte Untersuchung einiger Theile des Mosquito Landes, erstattet von der dazu ernannten Comission. Berlin, Duncker, 1845, 8vo, maps, pp. iv, 274, 1.",1845,printed,,83,unclear
Mosquito,misk1235,Alex,"Mosquito Vocables and Dialogues, pp. 28 — 44 of: ALEX. HENDERSON'S Gram- mar (see Grammars).",,printed,,83,yes
Mosquito,misk1235,Alex,"ALEX. J, COTHEAL, Mosquito Vocabulary, pp. 257 — 264 of: Transactions of the American Ethnological Society, Vol. II.",,printed,,83,yes
Mosquito,misk1235,Sqtjier'S,"E. G. SQTJIER'S Nicaragua (flew York, Appleton, 1852, 2 vols. 8vo), Vol. II,",1852,printed,,83,no
Mosquito,misk1235,Cotheal,"pp. 314, 320—323, and American Ethnological Society's Transactions, Vol. Ill, pp. 101, 106—110 (from COTHEAL).",,printed,,83,yes
Mosquito,misk1235,Bard,"Brief Vocabulary of the Mosquito Language, Appendix, pp. 363 — 366 to : SAM. A. BARD, Waikna ; or, Adventures on the Mosquito Shore. New York, Harpers, 1855, 12mo, illustrations, pp. x, 366.",1855,printed,,83,no
Mosquito,misk1235,,"Ueber die Sprache der Mosquito Indianer, pp. 241 — 268 of: Bericht iiber einige Theile des Mosquitolandes. Berlin, 1845, 8vo (see Vocabularies).",1845,printed,,83,unclear
Mosquito,misk1235,Alexander,"ALEXANDER J. COTHEAL, A Grammatical Sketch of the Language spoken by the Indians of the Mosquito Shore, pp. 235 — 264 of: Transactions of the Ameri- can Ethnological Society, Vol. II.",,printed,,83,yes
Mosquito,misk1235,Alexander,"A Grammar of the Mosquito Language, by ALEXANDER HENDEESON, Belize, Honduras. New York, printed by John Gray, 1816, 8vo, pp. 47.",1816,printed,,83,yes
"Mossa,  Moxa",,,"Nation of the province "" los Moxos/' in Bolivia, South America. Their language is related to the Maipure. Dialects are — the Baure, Tikomcri, Cliudm, Kupeno, Mosotie, and Mochono or Muchojeone, all in the Mission S. Xaverio.",,printed,,83,unclear
"Mossa,  Moxa",,Pedeo,"P. PEDEO MAEBAN, Arte de la Lengua Moxa, con un Vocabulario y Cathecismo. Lima, Jose deContrevas, 1701, 12mo. Vocabulario Espanol-Moxa, pp. 118 — 361, Moxa-Espanol, pp. 362—650.",1701,printed,,83,unclear
"Mossa,  Moxa",,Gilii,"GILII, Saggio di Storia Americana, Vol. Ill, pp. 367 et seq. HERVAS, Vocabolario, pp. 161 et seq. (Moxa, dialetto Moxo). HEEVAS, Aritmetica, p. 103.",,printed,,83,unclear
"Mossa,  Moxa",,Hervas,"HERVAS, Origine, pp. 29, 37, 44, 45, 48, 49, 118, 120, 121, 136, Tabb. XI, XLVIII, L, LI et seq.",,printed,,83,unclear
"Mossa,  Moxa",,Hervas,"HERVAS, Saggio, pp. 90, 91.",,printed,,83,unclear
"Mossa,  Moxa",,Heevas,". Mithridates, Vol. Ill, pp. 466, 554, 570, 617, 618 (from HEEVAS and GILII). BALBI, Atlas Ethnographique, Tab. XLT, No. 612 (Moxos).",,printed,,83,unclear
"Mossa,  Moxa",,Heuvel'S,"Eight Moxos Words compared with Arrowak, Atoray, Maipui'e, and Quichua, Appendix VI, p. 166 of: J. A. VAN HEUVEL'S El Dorado. New York, Winchester, 1844, 8vo.",1844,printed,,83,unclear
"Mossa,  Moxa",,Alcide,"ALCIDE D'OKBIGNY, L'Homme Americain. Vol. I, pp. 162—164, Vocabulary of twenty-three words ; Vol. II, p. 208, Baure and Moxos words of 1703 and 1831 ; p. 229, Moxos and Muchojeenes worcs.",1703,printed,,83,unclear
"Mossa,  Moxa",,Mundrucus,MUNDRUCUS — MUSKOGHEE. 127,,printed,,83,unclear
"Mossa,  Moxa",,Pedro,"P. PEDRO MAKBAN (see Vocabularies), the Grammar, pp. 1 — 117.",,printed,,83,unclear
"Mossa,  Moxa",,Gtilii,"GTILII, Saggio di Storia Americana, Vol. Ill, p. 238.",,printed,,83,unclear
"Mossa,  Moxa",,,"Mithridates, Vol. Ill, pp. 563— 5G9.",,printed,,83,unclear
"Mossa,  Moxa",,D'Okbignt,"A. D'OKBIGNT, L'Homme Americain, Vol. II, pp. 203—209, 228—230.",,printed,,83,unclear
"Mossa,  Moxa",,Antonio,"Arte de la Lengua Baure, escrito por el P. ANTONIO MEGIO, de la Compania de Jesus, despues de muchos anos de Misonero, y muchisima aplicacion y estudio & dicha Lengua en las reducciones de la Concepcion, S. Martin y S. Nicolas, donde ultimamente escribio dicho arte, 1H9, folio. (MS. in possession of",,manuscript,possession of Alcide D'Orbigny,83,unclear
"Mundrucus,  Mutueicus",,Martius,"Indians of the Brazilian province of Para, between the rivers Tapajoz and Mauhe (MARTIUS, V, No. 122).",,printed,,83,unclear
"Mundrucus,  Mutueicus",,Balbi,"BALBI, Atlas Ethnographique, Tab. XLI, No. 514.",,printed,,83,unclear
Muhas,derm1238,Martius,"Brazilian Indians of the province of Para, on the Rio Madeira (MARTIUS, VI, A, No. 129).",,printed,,83,no
Muhas,derm1238,Balbi,"BALBI, Atlas Ethnographique, Tab. XLI, No. 521.",,printed,,83,no
"Muskoghee,  Cheek",,,"The most numerous tribe of the Creek confederation, in the northern parts of Florida.",,printed,,83,unclear
"Muskoghee,  Cheek",,Smith,"SMITH BARTON, New Views, etc.— Comparative Vocabularies. Mithridates, Vol. Ill, part 3, pp. 292, 304, 305. BALBI, Atlas Ethnographique, Tab. XLI, No. 788.",,printed,,83,unclear
"Muskoghee,  Cheek",,Prinzen,"Reise des PRINZEN MAXIMILIAN zu WIED. Coblenz, 1839 — 1811, 2 vols. 4to ; Yol. II, pp. 590—592.",1839,printed,,83,unclear
"Muskoghee,  Cheek",,Gallatin'S,"No. X of GALLATIN'S Synopsis in : Archseologia Americana, Vol. II (Hitchltti and Muskoghi Dialect). Authorities — Vocabulary of 452 Words, by RET. L. COMPERE. Communication from EIDGE, an educated Cherokee. HAWKINS (vid. infr.), 112 Select Sentences, pp. 408—412; the Lord's Prayer, p. 421. Further N",,printed,,83,unclear
"Muskoghee,  Cheek",,Vail,"E. A. VAIL, Notice sur les Indiens de 1'Aine'rique du Nord. Paris, 1840, 8vo, p. 55.",1840,printed,,83,unclear
"Muskoghee,  Cheek",,Benjamin,"BENJAMIN HAWKINS, Vocabulary of the Creek, Chickasaw, Cherokee, and Choctaw. (MS. in the library of the American Philosophical Society at Phila- delphia.)",,manuscript,in the library of the American Philosophical Society at Phila- delphia,83,unclear
"Muskoghee,  Cheek",,Colonel,"Many geographical names of the Creek are explained in : COLONEL BENJAMIN HAWKINS, Sketch of the Creek Confederacy ; being Collections of the Georgia Historical Society, Vol. Ill, p. 1. Savannah, 1848, 8vo, pp. 88.",1848,printed,,83,unclear
"Muskoghee,  Cheek",,Lieutenant,"LIEUTENANT-COLONEL J. C. CASEY, United States Agent, Muskogee or Creek Vocabulary : Schoolcraft's Indian Tribes of the United States, Vol. IV, pp. 416 —429, 432.",,printed,,83,unclear
"Muskoghee,  Cheek",,Allatin,"A. G-ALLATIN, Synopsis : Archseologia Americana, Vol. II, pp. 256 — 258 ; Transitions, pp. 270, 271, 272, 273, 275, 290, 291.",,printed,,83,unclear
"Muskoghee,  Cheek",,Robektson,"Muskokee, or Creek First Reader, by W. S. ROBEKTSON, A.M., and DAVID",,printed,,83,unclear
"Muskoghee,  Cheek",,Winslett,"WINSLETT. New York, 1856, 12mo, pp. 48.",1856,printed,,83,unclear
"Muyska,  Mozka,  Chibcha",,,"Indian nation (nearly extinct) in the neighbourhood of Santa Fe de Bogota, Nueva Grenada. Their language was called, also, Chibcha.",,printed,,83,unclear
"Muyska,  Mozka,  Chibcha",,,"Mithridates, Vol. Ill, p. 705. Journal Asiatique, Vol. Ill (Paris, 1829, 8vo), pp. 401, 409.",1829,printed,,83,unclear
"Muyska,  Mozka,  Chibcha",,Allatin,"The numerals are given by A. G-ALLATIN, Tab. A to : Notes on the Semi-civilized Nations of Mexico, etc. (Vol. I of : Transactions of the American Ethnological Society), p. 114.",,printed,,83,unclear
"Muyska,  Mozka,  Chibcha",,Vateb,"J. S. VATEB, Proben, etc Seetzen's Nachlass. Leipzig, 1816, 8vo ;",1816,printed,,83,unclear
"Muyska,  Mozka,  Chibcha",,Colonel,"COLONEL JOAQUIN ACOSTA, the author of "" Compendio Historico del decubri- miento y colonization de la Nueva Granada,"" possesses a ""Diccionario y Grammatica de la Lengua Mosca Chibcha."" MS., in 12mo, of 200 and 96 pp. The Dictionary is the only one existing ; the Grammar is different from that of Fray",,manuscript,,83,unclear
"Muyska,  Mozka,  Chibcha",,Feat,"P. FEAT BEENAEDO DE LUGO, Grammatica en la Lengua general del nuovo reyno llamada Mosca. Madrid, Bernardino de Guzman, 1619, small 8vo, pp. 158. (The year 1613, in Kaetzel's Catalogue, p. 117, seems to be an error.)",1619,printed,,83,unclear
"Muyska,  Mozka,  Chibcha",,,"Mithridates (extract from the above Grammar), Vol. Ill, pp. 702—704.",,printed,,83,unclear
"Muyska,  Mozka,  Chibcha",,Daddei,"Adelung, in Mithridates, Vol. Ill, p. 701, note ft, states that a P. DADDEI (DADET ?) has printed a Grammar of the Muysca language.",,printed,,83,unclear
"Muyska,  Mozka,  Chibcha",,Joseph,"JOSEPH DADEY (DADDEI ?), a native of Milan, one of the Jesuit founders of the University of Bogota, 1604, wrote a Vocabulary and a Grammar of the Muysca Language, but no copies can now be traced. The National Library of Bogota possesses a MS. Grammar (pp. 96, 12mo) and a MS. Dictionary (pp. 200, 12m",1604,manuscript,Library of Bogota possesses a MS,83,unclear
"Muyska,  Mozka,  Chibcha",,,"Ezequiel Uricoechea, a native of Bogota, intends to publish these MSS. in his forthcoming work, <e Monumenta Chibcharum.""",,manuscript,,83,unclear
"Muyska,  Mozka,  Chibcha",,Viii,"Sur la Langue des Muyscas, ou la Langue Chibcha, Bulletin de la Societe de Geographic. Third Series, Vol. VIII, pp. 85—88. Paris, A. Bertrand, 1847, 8vo.",1847,printed,,83,unclear
"Muyska,  Mozka,  Chibcha",,Senoe,"A Comparison of the Chibcha Language with the Japanese, Bask, and Arabic, by SENOE PABAVEY, in : Annales de Philosophic Chretienne, No. 56 ; also sepa- rately : Memoria sobre el origin Japones Arabe y Vizcaino de los pueblos de Bogota. Paris, 1835, 8vo, pp. 32.",1835,printed,,83,unclear
"Muyska,  Mozka,  Chibcha",,Ezequiel,"Remarks on the Chibcha Language, likewise Chibcha numerals (quoted from the above), in : Memoria sobre las Antiquedades Neo-Granadinas, por EZEQUIEL UEICOECHEA. Berlin, 1854, 4to, pp. 6 — 10.",1854,printed,,83,unclear
"Myncquesab,,  Mynckussar,",,,"Language of the Mohawk stock, spoken in New Sweden (on the Delaware).",,printed,,83,unclear
"Myncquesab,,  Mynckussar,",,Thomas,"THOMAS CAMPANIUS HOLM, Kort Beskrifning om provincien Nya Swerige. Stockholm, 1702, 4to, p. 181.",1702,printed,,83,unclear
"Myncquesab,,  Mynckussar,",,,"English translation by P. S. Duponceau, for the Historical Society of Pennsylvania. Philadelphia, 1834, 8vo, p. 158 (also as part 1 of Vol III of the Collections of the Pennsylvanian Historical Society. Philadelphia, M'Carty and Davis, 1834, 8vo ; pp. 1—168.)",1834,printed,,83,unclear
"Myncquesab,,  Mynckussar,",,Campanius,"Mithridates (from CAMPANIUS), Vol. Ill, part 3, pp. 334, 335.",,printed,,83,unclear
"Myncquesab,,  Mynckussar,",,Vateb,"J. S. VATEB, Proben, etc. Leipzig, 1826, 8vo ; pp. 381 et seq.",1826,printed,,83,unclear
Naass,naas1242,,"Indians of English North-western America, on and above Mill- bank Sound. Of four of the Naass tribes, viz., the Hailtsa, Haeeltzuk, Billechoola, and Chimmesyan, vocabularies are given (see Haeeltzuk and Chimmesyans).",,printed,,83,unclear
Naass,naas1242,John,"Vocabularies of the Four Tribes, Transactions of the American Ettinological Society, Vol. II (New YorJc, Bartlett and Welford, 1848, 8vo), H, XX, p. 103 ; from the Vocabularies of JOHN SCOULER, M.D., Journal of the Koyal Geogra- phical Society of London, Vol. XI (London, Murray, 1841, 8vo), pp. 230—",1848,printed,,83,yes
Naass,naas1242,Latham,"Billechoola and Friendly Village Words, p. 155 of B. G. LATHAM, The Lan- guages of the Oregon Territory (Journal of the Ethnological Society of London, Vol. I, pp. 154— 1GO. Edinburgh, 1848, 8vo).",1848,printed,,83,no
Nagbandans,,,"Chorotega tribe of the plains of Leon, Nicaragua.",,printed,,83,unclear
Nagbandans,,Sqtjiee,"E, G. SQTJIEE, Nicaragua, etc. New YorJc, Appleton, 1852, 2 rols. 8vo; Vol. II, pp. 314, 320—325 ; numerals, pp. 326, 327.",1852,printed,,83,unclear
Nagbandans,,,"E. Geo. Squier, Nicaragua New York, Appleton, 1852 j 2 vols. 8vo,",1852,printed,,83,unclear
Nagbandans,,Colonel,"Vol. II, pp. 315—319 (from COLONEL FRANCISCO DIAZ ZAP ATA).",,printed,,83,unclear
Nanticoke,nant1249,,"Tribe of the Algonkin stock, formerly on the Susquehannah — now west.",,printed,,83,unclear
Nanticoke,nant1249,,"T. SAY, Comparative Vocabulary, etc., in Note 15, pp. 135—145, to John Pickering's edition of Dr. Edwards's Observations on the Mohegan Language. (Collections of the Massachusetts Historical Society, Second Series, Vol. X. Bos- ton, printed by Phelps and Faruham, 1823, 8vo. Beprinted, Boston, Little",1823,printed,,83,unclear
Nanticoke,nant1249,,"No. IV, 20, of the Comparative Vocabulary to A. Gallatin's Synopsis, etc., in : Archseologia Americana, Vol. II, pp. 305—367 ; and (partly) under P, IV, 6, p. Ill, of the Vocabularies in : Transactions of the American Ethnological Society, Vol. II.",,printed,,83,unclear
Nanticoke,nant1249,Heckewelder,(From MS. Notices of HECKEWELDER and MTJIIRAY VANS.),,manuscript,,83,yes
Nanticoke,nant1249,,"A Nanticoke Vocabulary (presented by Thomas Jefferson), and a Vocabulary of",,printed,,83,unclear
Nanticoke,nant1249,Heckewelder,"the Nanticoke, taken from the mouth of a Nanticoke chief, by EEV. ME. HECKEWELDER, in 1785, are among the MSS. in the library of the American Philosophical Society, at Philadelphia.",1785,manuscript,"in the library of the American Philosophical Society, at Philadelphia",83,yes
Nanticoke,nant1249,Heckewelder,"KEV. MR. HECKEWELDER, Comparative Vocabulary of the Lenni Lenape Proper, the Minsi Dialect, the Mohicanni, Natick or Nadik, Chippeway, Shawano, and Nanticoke. (MS. in the same library.)",,manuscript,in the same library,83,yes
Nauraganset,,,"New England Indians. The Pequods, ICavasumsenk, and Quintikuk belong to this stock.",,printed,,83,unclear
Nauraganset,,William,"A small Vocabulary in : WILLIAM WOOD, New England's Prospect ; being a true, lively, and experimental Description of that part of America commonly called New England. London, 163 4-, 4to. Eeprinted, ibid., 1635, 4to, and 1639, 4to. Third edition, with an Introductory Essay. Boston, Fleet, Green, and",1635,printed,,83,unclear
Nauraganset,,Eoger,"EOGER A. WILLIAMS (see Grammars). The Vocabulary contained in this Grammar, at the request of Smith Barton, has been extracted and reprinted as: Vocabulary of the Narrogansett Language, pp. 80 — 105 of: Collections of the Massachusetts Historical Society for the year 1798 (Vol. V of the First Series",1798,printed,,83,unclear
Nauraganset,,,"T. SAT, Comparative Vocabulary, etc., Note 15, pp. 135 — 145, to John Pickering's edition of Dr. Edwards' s Observations on the Mohegan Language (Collections of the Massachusetts Historical Society, Second Series, Vol. X. Boston, printed by Phelps and Farnham, 1823, 8vo). Eeprinted by Little and Bro",1823,printed,,83,unclear
Nauraganset,,Smith,"SMITH BARTON, New Views, etc. — Comparative Vocabulary.",,printed,,83,unclear
Nauraganset,,Eoger,"Mithridates, Vol. Ill, part 3, pp. 387 — 389 (from EOGER WILLIAMS), and as "" New England"" (from WOOD).",,printed,,83,unclear
Nauraganset,,Balbi,"BALBI, Atlas Ethnographique, Tab. XLI, No. 812.",,printed,,83,unclear
Nauraganset,,John,"No. IV, 16, of the Comparative Vocabulary to A. Gallatin's Synopsis, etc., in : Archffiologia Americana, Vol. II, pp. 305 — 364, and (partly) under P, IV, 2, p. 110, of the Vocabularies in : Transactions of the American Ethnological Society, Vol. II, and an Extract, Article 1 of the Appendix, p. 491",1852,printed,,83,unclear
Nauraganset,,Williams,"From WILLIAMS, and MS. Notices of ME. TREAT.",,manuscript,,83,unclear
Nauraganset,,Silas,"SILAS WOOD, Sketch of the First Settlement of the several Towns of Long Island. Brooklyn, 1824, 8vo. Eeprinted, ibid., Spooner, 1828, 8vo, p. ,and: JAMES MACAULEY, History of New York. New York, Gould and Banks, 1829, 3 vols. Svo j Vol. II, pp. 267, 268.",1824,printed,,83,unclear
Nauraganset,,Eogee,"A Key into the Language of America ; or, an Help to the Language of the Natives in that part of America called New England ; together with brief Ob- servations of the Customs, Manners, and Worships, etc., of the aforesaid Natives, in Peace and Warre, in Life and Death. On all which are added, Spirit",1643,printed,,83,unclear
Nauraganset,,,"Thirty-two chapters, each with Vocabulary and Spiritual Observations.",,printed,,83,unclear
Nauraganset,,,"Reprinted, pp. 17 — 163 of Collections of the Rhode Island Historical Society, Yol. 1. Providence, printed by John Miller, 1827, 8vo.",1827,printed,,83,unclear
Nauraganset,,,The grammatical and ethnological parts of the 32 chapters alone were reprinted under the title —,,printed,,83,unclear
Nauraganset,,,"A Key, etc., in Life and Death, in : Collections of the Massachusetts Historical Society, for the year 1794 (Vol. Ill of the First Series). Boston, printed by Joseph Belknap, 1794, 8vo, and reprinted, Boston, Munroe and Francis, 1810, 8vo ; pp. 203—239.",1794,printed,,83,unclear
Nauraganset,,,"Smith Barton, of Philadelphia, afterwards caused the Vocabulary to be reprinted in the same Collection, Series I, Vol. V (1798) . (See Vocabularies.)",1798,printed,,83,unclear
Natches,natc1249,,"Tribe of the Creek confederacy, on the Lower Mississippi, now nearly extinct.",,printed,,83,unclear
Natches,natc1249,Smith,"SMITH BARTON, New Views, etc. — Comparative Vocabularies.",,printed,,83,yes
Natches,natc1249,Gallatin'S,"No. VI, 47, of the Comparative Vocabulary to A. GALLATIN'S Synopsis, etc., in : Vol. II of the Archseologia Americana, pp. 305 — 367 ; and No. D, XII, Ameri- can Ethnological Society's Transactions, Vol. II, pp. 94, 96.",,printed,,83,no
Natches,natc1249,Page,"Some Words are given in : Mithridates, Vol. Ill, part 3, p. 287. (From LE PAGE DU PEATZ, Histoire de la Louisiane. Paris, De Bure, 1758, 3 vols. 12mo ; Vol. II.)",1758,printed,,83,yes
"Navajos,  Navahoes",,,"A powerful tribe of the Apache family, related to the great Athapascan stock, residing on the tributaries of the River San Juan, west of the Rio Grande, and east of the Colorado, in New Mexico, between the 35th and 37th parallel of northern lati- tude. The Spaniards call them Apaches de Nabajoa.",,printed,,83,unclear
"Navajos,  Navahoes",,Brunswick,NEW BRUNSWICK NEWFOUNDLAND. 133,,printed,,83,unclear
"Navajos,  Navahoes",,James,"JAMES H. SIMPSON, Comparative Vocabulary of Words in the Language of the Pueblo or civilized Indians of New Mexico, and of the wild tribes inhabiting its borders. Appendix B, pp. 140 — 143, to his: Journal of a Military Recon- noissance from Santa Fe, New Mexico, to the Navajo Country, made .... in ",,printed,,83,unclear
"Navajos,  Navahoes",,Lieut,Routes from San Antonio to El Paso Also .... the Report of LIEUT.,,printed,,83,unclear
"Navajos,  Navahoes",,Simpson,"J. H. SIMPSON of an Expedition into the Navajo Country. (Exec. Docum. Senate, No. 64, 31st Congress, Session 1). Washington, printed at the Union Office, 1850, 8vo, plates, maps, pp. 250.",1850,printed,,83,unclear
"Navajos,  Navahoes",,John,"A Yocabulary of the Navajo Language has been taken by the United States Boundary Commissioner, JOHN R. BARTLETT.",,printed,,83,unclear
"Navajos,  Navahoes",,Captain,"CAPTAIN J. H. EATON, United States Agent, Navajo Vocabulary, pp. 416 — 432 (pp. 429—431, numerals) of Vol. IV of Schoolcraft's Indian Tribes of the United States.",,printed,,83,unclear
"Navajos,  Navahoes",,Lieutenant,"Navajo Vocabulary, taken in 1852 by LIEUTENANT A. W. WHIPPLE, pp. 81 — 83 of Chap. V of his, Thomas Ewbank's, and Professor W. W. Turner's Report upon the Indian Tribes ; added to Lieutenant Whipple's Report on the Route near the 35th Parallel (Vol. II of the : Pacific Railroad Reports. Washington, ",1852,printed,,83,unclear
"Navajos,  Navahoes",,Professor,"PROFESSOR W. W. TURNER, Comparative Vocabulary of Twenty-five Words of Navajo, Apache, Hudson's Bay, Dogrib, Chepewyan, Tacully, Umkwa, and Hoo- pah, pp. 84, 85, ibid.",,printed,,83,unclear
"Navajos,  Navahoes",,Buschmann,"Comparative Vocabulary of the Athapascan and Kinai Languages (also, Navajo and Ticorilla), pp. 269—318 of: BUSCHMANN, Athapaskischer Sprachstamm. Berlin, 1856, 4to.",1856,printed,,83,unclear
New  Brunswick,,,A dialect of ihe Mikmak.,,printed,,83,unclear
New  Brunswick,,Howse,"J. HOWSE, Vocabularies of certain North American Indian Languages, Nipis- sing, Shawnees, Brunswick, Duplicate Blackfoot, pp. 102 — 113 of: Proceedings of Philological Society, Vol. IV. London, 1850.",1850,printed,,83,unclear
New  Brunswick,,Antony,"All these are in one dialect — the Mikmak. It seems that the sound of the letter r is wanting in this language. The Vocabulary was originally made by ANTONY ROGERS, an intelligent old hunter (but not an Indian), who had lived some time amongst the Indians, and is believed to have been well acquainte",,printed,,83,unclear
Newfoundland,beam1240,,Island on the coast of Labrador. Its inhabitants belong to the Eastern Algonkins. The Milicite and Mikmaks are part of them. The Bethuck are extinct.,,printed,,83,unclear
Newfoundland,beam1240,Nipissing,134 NIPISSING NORTON SOUND.,,printed,,83,no
Newfoundland,beam1240,Leigh,"Vocabulary of the Language of the Natives of Newfoundland, procured by the REV. J. LEIGH from Mary March, a native woman, taken up the Bay of Exploits by Mr. Peyton, in March, 1818 (Journal of the Royal Geographical Society of London, Vol. IV, pp. 218—220. London, 1834, 8vo).",1818,printed,,83,no
Newfoundland,beam1240,Mart,"An extract from MART MARCH'S Vocabulary is contained in : R,. Mont- gomery Martin's British Colonial Library, Vol. VI, pp. 300, 301. London, 1851.",1851,printed,,83,no
Nipissing,mini1254,,"Of the Algonquin stock of Indians, living on the Lake of the Two Mountains, in the district of Montreal, Lower Canada.",,printed,,83,unclear
Nipissing,mini1254,Howse,"J. HOWSE, Comparative Vocabularies of certain North American Indian Lan- guages, Nipissing, Shawnees, Brunswick, and Duplicate Blackfoot (Proceedings of the Philological Society, Vol. IV, pp. 102—113. London, 1850).",1850,printed,,83,no
Niquirans,,,"Mexicans settled in the district of Nicaragua, between the Lake of Nicaragua and the Pacific Ocean. They speak a dialect of the Mexican language.",,printed,,83,unclear
Niquirans,,Sqtjiee,"E. GEO. SQTJIEE, Nicaragua .... New York, Appletons, 1852, 2 vols. 8vo ; Vol. II, p. 314 — and Transactions of the American Ethnological Society, Vol. Ill, part 1, p. 101.",1852,printed,,83,unclear
Niquirans,,John,"On the Aztek Language in Nicaragua, pp. 746 — 778 of : JOHN GAEL EDWAED BUSCHMANN, Tiber die Aztekischen Ortsnamen, le Abtheilung. Berlin, Diimmler, 1853, 4to.",1853,printed,,83,unclear
Norton   Sound,,,"On the north-west coast, inhabited by Eskimaux.",,printed,,83,unclear
Norton   Sound,,Cook,"A Voyage to the Pacific Ocean .... performed under the direction of Captains COOK, CLARK, and GOEE .... 1776—1780. London, 1784, 3 vols, 4to ; Vol. IF, p. 334. Edition, Dublin, 1784, 8vo ; Vol. Ill, pp. 554, 555. Appendix VI, a table to show the affinity between the Languages spoken at Oonalashka an",1776,printed,,83,unclear
Norton   Sound,,,"Mithridates, Vol. Ill, part 3, pp. 461 — 466 (from the above).",,printed,,83,unclear
Nottoways,nott1246,,"Iroquois tribe of Virginia, nearly extinct. They called them- selves Cherohakah.",,printed,,83,unclear
Nottoways,nott1246,,"No. V, 32, of the Comparative Vocabulary to A. Gallatin's Synopsis, etc. (Archaeologia Americana, Yol. II, pp. 305—367).",,printed,,83,unclear
Nottoways,nott1246,Wood,From MS. authorities of J. WOOD and TEEVEZANT.,,manuscript,,83,no
Nottoways,nott1246,,"And under E, Y, 6, p. 115, of the Yocabularies in Yol. II of : Transactions of the American Ethnological Society.",,printed,,83,unclear
Nusdalum,,,"Indian tribe of the north-west coast on Hood's Channel, related to the Haeeltzuk and Nutka Indians.",,printed,,83,unclear
Nusdalum,,John,"Noosdalum Yocabulary, by DR. JOHN SCOFLER (Journal of the Royal Geogra- phical Society of London, Yol. XI. London, 1841, 8vo ; pp. 242, 244—246).",1841,printed,,83,unclear
Nusdalum,,Latham,"Ifoosdalum and Atnah Words compared, p. 157 of: K. G.LATHAM, The Languages of the Oregon Territory (pp. 154 — 166 of Journal of the Ethnological Society of London, Yol. I, pp. 154—166). Edinburgh, 1848, 8vo.",1848,printed,,83,unclear
"Nutka,   Wakash",,,Indians of Vancouver's Island (their proper name is Yucuatl).,,printed,,83,unclear
"Nutka,   Wakash",,Cook,"A Yoyage to the Pacific Ocean .... performed under the direction of Captains COOK, CLAIIK, and GOKE .... 1776—1780. London, 1784, 3 vols. 4to ; Yol. II, Appendix No. 4.",1776,printed,,83,unclear
"Nutka,   Wakash",,,"Appendix IY, Yocabulary of the Language of Nootka or King George's Sound, April, 1778, pp. 542—548 of the Dublin edition : Chmeenlaque, W. Watson, and Al. 1784, 3 vols. 8vo.",1778,printed,,83,unclear
"Nutka,   Wakash",,Cook,"Tlaoquatch and Nootka (from COOK) Words compared, p. 156 of : E. G. LATHAM, The Languages of the Oregon Territory (pp. 154 — 166 of Yol I of the Journal of the Ethnological Society of London) . Edinburgh, 1848, 8vo.",1848,printed,,83,unclear
"Nutka,   Wakash",,Boubgoing,"J. FR. BOUBGOING-, Eelation d'un Voyage recent des Espagnoles sur les C6tes",,printed,,83,unclear
"Nutka,   Wakash",,Xvii,"Nord-ouest de 1'Amerique septentrionale (Archives Litteraires de 1'Europe. Paris and Tulingue, 1804—1818, XVII, 8vo, No. IT, 1804, pp. 78, 79).",1804,printed,,83,unclear
"Nutka,   Wakash",,Mozino,"The numerals 1 — 10, from a MS. of MR. MOZINO in : A. de Humboldt, Essai politique sur le Royaume de la Nouvelle Espagne. Paris, Schoell, 1811, 2 vols. 4to ; Vol. I, p, 322.",1811,manuscript,,83,unclear
"Nutka,   Wakash",,,"Yocabulario del Idioma de los Habitantes de Nutka (Eelacion del Yiage hecho por las goletas Sutil y Mexicana en el anno de 1792, para reconocer el estrecho de Fuca. Con una introducion en que se da noticia de los expediciones executadas anteriormente por los Espanoles en busca del paso del nord-este",1792,printed,,83,unclear
"Nutka,   Wakash",,John,"A list of Words in the Nootkian Language the most in use, p. 5, and ""War Song of the Nootka Tribe, p. 166 of: Narrative of the Adventures and Sufferings of JOHN K. JEWITT, only survivor of the crew of the ship "" Boston,"" during a Captivity of nearly Three Years among the Savages of Nootka Sound, wit",,printed,,83,unclear
"Nutka,   Wakash",,Richard,"A popular book, compiled from Jewitt's Oral Relations, by RICHARD ALSOP, in 1815. It has very often been reprinted.",1815,printed,,83,unclear
"Nutka,   Wakash",,Cook,"Mithridates, Yol. Ill, part 3, pp. 115 (from COOK, numerals from DIXON and HTJMBOLDT).",,printed,,83,unclear
"Nutka,   Wakash",,Balbi,"BALBI, Atlas Ethnographique, Tab. XLI, No. 846.",,printed,,83,unclear
"Nutka,   Wakash",,Cook,"The numerals 1 — 10, as given by COOK and by DIXON, compared, p. 35, note *, of: J. H. M'CuLLOCH, jun., Researches, etc. Baltimore, F. Lucas, jun,, 1829, 8vo.",1829,printed,,83,unclear
"Nutka,   Wakash",,Jewitt,"No. XXY, 60, of the Comparative Yocabularies to A. Gallatin's Synopsis, etc., in: Yol. II of the Archseologia Americana, p. 371 (from JEWITT). Reprinted in the Yocabularies, Yol. II of : Transactions of the American Ethnological Society, under U, XXI, p. 121.",,printed,,83,unclear
"Nutka,   Wakash",,Horatio,"No. 14 of Yocabularies of Languages of North-western America, pp. 569 — 629 of : HORATIO HALE, Ethnography and Philology of the United States Exploring Expedition. Philadelphia, Lea and Blanchard, 1846, folio. The language is by him called : Kwoneatshatka (Newittee). Reprinted, CXXI, pp. 89, 91, 93,",1846,printed,,83,unclear
"Nutka,   Wakash",,Latham,"Fuca Strait and Wakash Words, p. 156 of: R. G. LATHAM, The Languages of the Oregon Territory (Journal of the Ethnological Society of London, pp. 154 — 166). Edinburgh, 1848, 8vo.",1848,printed,,83,unclear
Omagua,cari1279,,Formerly a powerful nation of the regions between the Maranon and Orinoco. The principal tribes of the Omaguas were —,,printed,,83,unclear
Omagua,cari1279,,"1. The Omagua propre, between the Maranon and Yapura.",,printed,,83,unclear
Omagua,cari1279,,"2. The Enagua, on the Guaviari, in Venezuela. 3. The Yuri- magua, on the Yuruba, and in the province of Solimoes.",,printed,,83,unclear
Omagua,cari1279,,"4. The Agua, in New Granada and Venezuela. 5. The Kokama, on the Lower Ucayale. 6. The Yete, on the Napo, in New Granada. 7. The Tokantin, on the Tokanthr, in the Brazilian provinces Goyaz and Para.",,printed,,83,unclear
Omagua,cari1279,Gilii,"GILII, Saggio cli Storia Americana, Vol. Ill, pp. 371 — 375.",,printed,,83,no
Omagua,cari1279,Hervas,"HERVAS, Vocabolario, pp. 161 et seq.",,printed,,83,no
Omagua,cari1279,Hervas,"HERVAS, Saggio, pp. 98, 99.",,printed,,83,no
Omagua,cari1279,Hervas,"HERVAS, Origine, pp. 29, 37, 41, 48, 78, Tabb. XLIX, L et seq.",,printed,,83,no
Omagua,cari1279,Hervas,"HERVAS, Catalogo, p. 24, nota 1.",,printed,,83,no
Omagua,cari1279,Hervas,"HERVAS, Aritmetica, pp. 96, 97.",,printed,,83,no
Omagua,cari1279,Gilii,"Mithridates, Vol. Ill, pp. 554, 603, 611 (from GILII).",,printed,,83,no
Omagua,cari1279,Balbi,"BALBI, Atlas Ethnograpliique, Tab. XLI, No. 493.",,printed,,83,no
Omagua,cari1279,D'Orbigny,"A. D'ORBIGNY, L'Homme Americain, Vol. II, p. 274.",,printed,,83,no
Omagua,cari1279,Gilii,"GILII, Saggio di Storia Americana, Vol. Ill, pp. 371—375. - Mithridates, Vol. Ill, pp. 604—610.",,printed,,83,no
Oneida,onei1249,,"Indians of the Iroqnois stock, in the west of the State of New York.",,printed,,83,unclear
Oneida,onei1249,Hervas,"HERVAS, Vocabolario Poliglotto, p. 239 (numerals).",,printed,,83,no
Oneida,onei1249,Smith,"SMITH BARTON, New Views, etc. — Comparative Vocabularies ; and p. 20 of the Appendix. Edition of 1798.",1798,printed,,83,no
Oneida,onei1249,Smith,"Mithridates, Vol. Ill, part 3, pp. 318, 332, 333 (from SMITH BARTON). BALBI, Atlas Ethnographique, Tab. XLT, No. 796.",,printed,,83,no
Oneida,onei1249,Duponcea,"P. E. DUPONCEA.U, Memoire sur le Systeme Grammatical, etc. Paris, 1838, pp. 259—269.",1838,printed,,83,no
Oneida,onei1249,Barton,"No. V, 30, of the Comparative Vocabulary to A. Gallatin's Synopsis, etc. (Vol. II of the : Archseologia Americana, pp. 305 — 367), and (partly) under R, V, 3, Vol. II, p. 114, of : Transactions of the American Ethnological Society. (From BARTON and MS. Notes of JEFFERSON.)",,manuscript,,83,no
Oneida,onei1249,Richabd,"RICHABD UPDIKE SHERMAN, Oneida Vocabulary, Appendix M, pp. 279—281, to: Henry E. Sehoolcraft, Notes on the Iroquois. New York, Bartlett and Wei- ford, 1846, 8vo (New York State Documents, No. 24, Senate, 1846), and pp. 393 — 400, Comparative Vocabulary of the Iroquois, of the same work, published as",1846,printed,,83,no
Oneida,onei1249,Young,"Oneida Vocabulary, by YOUNG SKENANDO, Oneida Castle : Schoolcraft's Indian Tribes of the United States, Vol. II, pp. 482—493.",,printed,,83,no
Onondaga,onon1246,,"Iroquois tribe, formerly of the west of the State of New York.",,printed,,83,unclear
Onondaga,onon1246,Heevas,"HEEVAS, Vocabolario Poliglotto, p. 239 (numerals).",,printed,,83,no
Onondaga,onon1246,Smith,"SMITH BABTON, New Views, etc. — Comparative Vocabulary; and Appendix, p. 20 (edition of 1798) ; and, from him,",1798,printed,,83,no
Onondaga,onon1246,Balbi,"Mithridates, Vol. Ill, part 3, pp. 318, 332, 333. BALBI, Atlas Ethnographique, Tab. XLI, No. 797.",,printed,,83,no
Onondaga,onon1246,Abeaham,"Onondaga Vocabulary, by ABEAHAM LE FOEST : Schoolcraft's Indian Tribes of the United States, Vol. II, pp. 482—493.",,printed,,83,no
Onondaga,onon1246,,"No. V, 28, of the Comparative Vocabulary to A. Gallatin's Synopsis, etc. (Vol. II of the: Archseologia Americana, pp. 305 — 367). Reprinted, with addi- tions, in the Comparative Vocabulary of the Iroquois, No. 3 : Henry R. School- craft, Notes on the Iroquois, pp. 393—400. Albany, Pease and Co., 184",1847,printed,,83,unclear
Onondaga,onon1246,David,"Deutsch Onondagisches Worterbuch von DAVID ZEISBEEGEE, 7 vols. 4to ; and, A Collection of Words and Phrases in the Iroquois and Onondago Language, explained in German, by the Rev. CHE. PYELJEUS, 4to, pp. 140. The above two MSS. are deposited in the library of the American Philosophical Society, at P",,manuscript,"in the Iroquois and Onondago Language, explained in German, by the Rev",83,yes
Onondaga,onon1246,,The following MSS. are deposited in the library of the American Philosophical Society at Philadelphia : —,,manuscript,in the library of the American Philosophical Society at Philadelphia : —,83,unclear
Onondaga,onon1246,David,"Essay of an Onondago Grammar, or a Short Introduction to learn the Onendago alias Maqua Tongue, by DAVID ZEISBEEGEE, 4to, pp. 67.",,printed,,83,yes
Onondaga,onon1246,,"Onondagoische Grammatica, by the same, 4to, pp. 87.",,printed,,83,unclear
Onondaga,onon1246,,"Another Onondago Grammar, in the German language, by the same, 4to, pp. 176.",,printed,,83,unclear
Opata,opat1246,,"Christian Indians of Sonora, in the central part of that State. The Eudeve is closely related to the Opate language.",,printed,,83,unclear
Opata,opat1246,Heevas,"HEEVAS, Saggio, p. 124. HERVAS, Origine, Tabb. XLIX, L et seq, Mithridates, Vol. Ill, part 3, pp. 161, 165—169 (from HEEVAS).",,printed,,83,no
Opata,opat1246,John,"The United States Boundary Commissioner, JOHN E. BARTLETT, has taken a Vocabulary of their language.",,printed,,83,yes
Ohegones,,Martius,"Brazilian Indians on the Amazon. (MARTIUS, No. 190, says that the Portuguese call a wild nation on the I^a Orelhudos, but that the Spaniards call them Orejones. The name of Orelhudos is given by the Portuguese also to the Aroaquis, on the rivers Nhamunda and Negro, No. 143.)",,printed,,83,unclear
Ohegones,,Castelnau,"Langue des Oregones : Vocabulary, No. XX, pp. 294, 295 of: CASTELNAU, Vol. V, Appendice.",,printed,,83,unclear
Osage,kans1243,,"Dacotah Indians, called also Wawah, Huzzaiv, Osawses, Wash-as, or Ous; about Arkansas and Osage rivers. They are divided into the Chamers (Arkansas, Clermont), Great and Little Osages.",,printed,,83,unclear
Osage,kans1243,Vater,"J. S. VATER, Analekten, Zweites Heft, Abtheilung 2, pp. 53—62.",,printed,,83,no
Osage,kans1243,John,"Vocabulary of some Words in the Osage Language, Appendix I, pp. 213 — 219 of: JOHN BRADBURY, F.L.S., Travels in the Interior of America, in the years .1809, 1810, 1811. Liverpool, printed for the author, by Smith and Galway. London, published by Sherwood, Neely, and Jones, 1817, 8vo.",1809,printed,,83,yes
Osage,kans1243,Balbi,"BALBI, Atlas Ethnographique, Tab. XLT, No. 784. No. VI, 37, of the Com- parative Vocabulary to A. Oallatin's Synopsis, etc. (Vol. II of: Archseologia Americana, pp. 305 — 367).",,printed,,83,no
Osage,kans1243,Bradbury,"(From BRADBURY, and MS. Notices of L. CASS and DR. MURRAY.)",,manuscript,,83,no
Osage,kans1243,,"Reprinted under B, VI, 2, pp. 82, 85, 87, 89 of the Vocabulary, in Yol. II of :",,printed,,83,unclear
Osage,kans1243,,Transactions of the American Ethnological Society.,,printed,,83,unclear
Osage,kans1243,Maximilian,"Eeise des Prinzen MAXIMILIAN zu WIED in Amerika. Coblenz, 1839—1841, 2 vols. 4to ; Yol. II, pp. 637—645.",1839,printed,,83,yes
Osage,kans1243,Yictoe,"Glossaire Osage, pp. 261, 262 of: YICTOE TEXIER, Voyage aux Prairies Osages en Louisiane et Missouri, 1839, 1840. Clermont Ferrand, Perol. Paris, Rovet, 1844, 8vo.",1839,printed,,83,no
Osage,kans1243,Muebat,"A MS. Vocabulary of the Language of the Osage Indians, by DE. MUEBAT, of Louisville, Kentucky, is in the library of the American Philosophical Society at Philadelphia.",,manuscript,in the library of the American Philosophical Society at Philadelphia,83,no
Osage,kans1243,Matthew,"Vocabulary of (69) Words in the Osage Language, p. 275 of the : Diary of MATTHEW CLAEKSON, west of the Alleghennies, in 1766. (Schoolcraft's Indian Tribes of the United States, Vol. IV, pp. 265—278).",1766,printed,,83,no
Osage,kans1243,,"Washashe Wageressa Pahugreh Tse. The Osage First Book. Boston, Crocker and Brewster, for the American Board of Foreign Missions, 1834, 18mo, pp. 126.",1834,printed,,83,unclear
Oto,iowa1245,,"Called also Otoes, Othouez, Oktolaktos, Wahtohtana, Wahtoldak, on the left banks of the Platte River. They are divided into Otoes and Pahoja.",,printed,,83,unclear
Oto,iowa1245,,"T. SAY, pp. Ixxii — Ixxx of: Astronomical and Meteorological Records and Vocabularies of Indian Languages, taken, on the Expedition for Exploring the Mississippi .... under the command of Major Long. Philadelphia, 1822, 4to.",1822,printed,,83,unclear
Oto,iowa1245,Balbi,"BALBI, Atlas Ethnographique, Tab. XLI, No. 776 (Otoes, Ouahtokta).",,printed,,83,no
Oto,iowa1245,,"No. VI, 38, of the Comparative Vocabulary to A. Gallatin's Synopsis, etc. (Archseologia Americana, Vol. II, pp. 305—367), and S, VI, 4, p. 117, of the Vocabularies in : Transactions of the American Ethnological Society, Vol. II (from SAY).",,printed,,83,unclear
Oto,iowa1245,Maximilian,"Reise des Prinzen MAXIMILIAN zu WIED, etc. Coblenz, 1839 — 1841, 2 vols. 4to ; Vol. II, pp. 612—630.",1839,printed,,83,no
Oto,iowa1245,,"Note 16 (on the Winnepago and Otoe Dialects), pp. 149 — 151, of John Picker- ing's edition of Dr. Edwards's Observations on the Mohegan Language (Collections of the Massachusetts Historical Society, Vol. X, Second Series. Boston, printed by Phelps and Farnham, 1823, 8vo ; pp. 81 — 160. Reprinted, Bo",1823,printed,,83,unclear
Otomi,east2556,,"Mexican Indians, the north-west of the Valley of Anahuac. Some also in the neighbourhood of the city of Mexico,",,printed,,83,unclear
Otomi,east2556,Pedro,"Yocabulario de la Leugua Otomi, por Fray PEDRO CASTILLO. MS.",,manuscript,,83,no
Otomi,east2556,,"Castillo was one of the earliest missionaries amongst the Otomies, whose language he perfectly understood and taught. He died in 1577, and was buried at Tula. (De Souza.)",1577,printed,,83,unclear
Otomi,east2556,Horatio,"HORATIO CAROCHI, Grrammatica y Vocabulario de la Lengua Otomi. Mexico, 1645, 4to.",1645,printed,,83,no
Otomi,east2556,,De Souza states that the MSS. of the Grammar and of the Vocabulary are in the library of Tepozotlan.,,manuscript,in the library of Tepozotlan,83,unclear
Otomi,east2556,Jcjan,"Yocabulario de la Lengua Otomi, por P. JCJAN DE DIGS CASTRO, 4to.",,printed,,83,no
Otomi,east2556,,"Castro wrote about the year 1690, and his MSS. of both the Vocabulary and Grammar are preserved in the library of the College of Tepozotlan. (De Souza.)",1690,manuscript,preserved in the library of the College of Tepozotlan,83,unclear
Otomi,east2556,Sebastian,"Vocabulario de la Lengua Otomi, por Illmo. D. FR. SEBASTIAN RIBERO, Obispo de la Pa/. Printed in Mexico, according to Pinelo.",,printed,,83,no
Otomi,east2556,Pedro,"Vocabulario Megicano y Otomi, por Fr. PEDRO PALACIOS. MS., according to De Souza, in the library of the College of Tlateluco, in Mexico.",,manuscript,"in the library of the College of Tlateluco, in Mexico",83,no
Otomi,east2556,Neve,"El Licenciado D. Luis DE NEVE Y MOLINA, Eeglas de Orthographia, Diccio- nario y Arte del Idioma Othomi, breve instrucciou para los principiantes. Mexico, 1767, 8vo, pp. 160 (the Dictionary, pp. 13 — 96).",1767,printed,,83,yes
Otomi,east2556,Hervas,"HERVAS, Origine, pp. 37, 118, Tabb. XLIX, L, LI et seq. HERVAS, Saggio, pp. 119, 120. HERVAS, Vocabolario, pp. 161 et seq. HERVAS, Aritmetica, pp. 109, 110.",,printed,,83,no
Otomi,east2556,Hervas,"Mithridates, Vol. Ill, part 3, pp. 15, 123, 124 (from HERVAS and NEVE).",,printed,,83,no
Otomi,east2556,Ranqel,"On p. 115, RANQEL, P. PALACIOS, SEBAST. RIBERO, and JUAN DE DIGS CASTRO are named as having written Grammars and Vocabularies of the Otomi — a statement confirmed by De Souza, upon whose authority we give the full titles.",,printed,,83,no
Otomi,east2556,Vater,"J. S. VATER, Proben der Deutschen Volksmundarteu und Dr. SEETZEN'S Lin- guistischer Nachlass, etc. Leipzig, Fleischer, 1816, 8vo ; pp. 353—375.",1816,printed,,83,no
Otomi,east2556,Joaqttin,"P. JOAQTTIN LOPEZ YEPES, Catecismo y Declaracion de la Doctrina Cristiana en Lengua Otomi ; con un Vocabulario del Mismo Idioma. Meyico, 1826, 4to.",1826,printed,,83,no
Otomi,east2556,Balbi,"BALBI, Atlas Ethnographique, Tab. XLI, No. 706.",,printed,,83,no
Otomi,east2556,Emanuel,"EMANUEL NAXERA, De Lingua Othomitorum Dissertatio. Philadelphia, 1835r",,printed,,83,no
Otomi,east2556,,"4to, in: Transactions of the American Philosophical Society, New Series, Vol.V. Philadelphia, published by the Society ; printed by James Kay, 1834—1837, 4to ; pp. 249—296.",1834,printed,,83,unclear
Otomi,east2556,,"Nouvelles Annales des Voyages. Paris, Vol. IV (1840), 8vo ; pp. 9 — 37.",1840,printed,,83,unclear
Otomi,east2556,Piccolomini'S,"Vocabolario Spagnuolo-Italiano-Otomi, pp. 27 — 78 of: PICCOLOMINI'S Gram- mar (see Grammars).",,printed,,83,no
Otomi,east2556,Gallatin'S,"Otomi Vocabulary in : A. GALLATIN'S Notes on the Semi-civilized Nations of Mexico, etc. (Transactions of the American Ethnological Society, Vol. I, pp. 298-304. New York, Bartlett and Welford, 1845, 8vo).",1845,printed,,83,no
Otomi,east2556,Alonzo,"Arte y Catecismo de la Lengua Otomi, por FB. ALONZO RANGEL, Provincial de Sula (1529, 1546, MS.)",1529,manuscript,,83,no
Otomi,east2556,Pedro,"Gramatica de la Lengua Otomi, mas correcta y aumentada que la de Fr. PEDRO PALACIOS. MS. by OEOZ (Fr. PEDKO), Franciscan, Instructor in the Imperial College of Sta. Cruz de Tlateluco ; died 1597. Wrote, besides, various works in Nahuatl.",1597,manuscript,in the Imperial College of Sta,83,no
Otomi,east2556,Hokatio,"HOKATIO CAEOCHI, Grammatica, etc. (see Vocabularies), pp. 1—12, 97 — 160.",,printed,,83,no
Otomi,east2556,Feancisco,"Arte de la Lengua de los Otomites, con todos sus diferentes Dialectos, por D. FEANCISCO PUEON, Maestro de el Idioma Otomi en la Universidad de Megico, ano 1690. MS. in the library of the University of Mexico.",1690,manuscript,in the library of the University of Mexico,83,no
Otomi,east2556,Feancisco,"Gramatica de la Lengua Otomi, y metodo para confesar a los Indies en ella, por Don FEANCISCO HAEDO, 8vo. Printed a second time in Mexico, 1731.",1731,printed,,83,no
Otomi,east2556,Neve,Luis DE NEVE T MOLINA (see Vocabularies).,,printed,,83,yes
Otomi,east2556,,"An Italian Extract of this Grammar was published under the title : Conte Enea Silvio Vincenzo Piccolomini, Grammatica della Lingua Otomi esposta in Italiano, secondo la traccia del Licenjiate Luis de Neve y Molina. Col Vocabulario Spagnuolo-Otomi, spiegato in Italiano. Roma, Tipogr. Propag. Fide. 18",1841,printed,,83,unclear
Otomi,east2556,Neve,"Mithridates, Vol. Ill, part 3, pp. 113 — 123 (from NEVE T MOLINA). EMANUEL NAXEEA (see Vocabularies). V. PICCOLOMINI (see Vocabularies).",,printed,,83,yes
Otomi,east2556,Neve,"A. Gallatin, Notes, etc. (Transactions of the American Ethnological Society, Vol. I, pp. 286 — 298: extracts from NEVE Y MOLINA, pp. 286 — 294, and from NAXEEA, pp. 294—298).",,printed,,83,yes
Otomi,east2556,Juan,"Arte 6 Gramatica de la Lengua Otomi, por P. JUAN DE Dios CASTEO, MS. (see under Vocabularies).",,manuscript,,83,no
Otomi,east2556,Juan,"Arte 6 Gramatica de la Lengua Otomite, por DON JUAN FEANCISCO ESCAMILLA. Escamilla was Professor of Otomi in the University of Mexico (De Souza's authority).",,printed,,83,no
Otomi,east2556,Ottawas,OTTAWAS — OTTOMAKU. 143,,printed,,83,no
Otomi,east2556,Pedbopalacios,"Arte de la Lengua Otomi, y Catecismo y Confesonario, por Fr. PEDBOPALACIOS, 8vo. MS., according to De Souza, in the library of the College of Tlateluco, in Mexico.",,manuscript,"in the library of the College of Tlateluco, in Mexico",83,no
Otomi,east2556,Alonzo,"Arte breve de la Lengua Otomi, compuesto por el Pe. Fr. ALONZO UEBANO, de la Orden N. P. S. Augustin, 15 leaves, 4to, MS.",,manuscript,,83,no
Otomi,east2556,,"Original in the Imperial Library of Paris ; copy in possession of E. G-. Squier, New York. The original is accompanied with a large and very complete Dictionary— Otomi, Nahuatl (Mexican), and Spanish (421 leaves, 4to), quite equal in extent to Molina's celebrated Yocabulario Mexicano.",,manuscript,in the Imperial Library of Paris ,83,unclear
Ottawas,otta1242,,Indians of the Algonquin stock in Michigan and Ohio.,,printed,,83,unclear
Ottawas,otta1242,John,"Comparison of Words and Sentences in the Dialects of the Ottowwaws and Menomonies, pp. 392 — 398 ; Comparison of the language of some Versions of the Bible, with the Ottawwaw of the present time, pp. 421 — 422 ; and Comparison of a Greek Sentence with the Dialect of the Ottawwaws, p. 423 of: JOHN TA",,printed,,83,yes
Ottawas,otta1242,,Narrrative of his Captivity and Adventures prepared for the press by,,printed,,83,unclear
Ottawas,otta1242,,"Edwin James, M.D. New York, G. and C. and H. Carvill, 1830, 8vo.",1830,printed,,83,unclear
Ottawas,otta1242,,"No. IV, 9, of the Comparative Vocabulary to A. Gallatiii's Synopsis, etc. (Archseologia Americana, Vol. II, pp. 305 — 367). Eeprinted (partly) under N, IV, 4, p. 107, of the Vocabularies in : American Ethnological Society's Trans- actions, Vol. II.",,printed,,83,unclear
Ottawas,otta1242,Tannee,"(From TANNEE, and MS. Notices of ME. HAMELIN.)",,manuscript,,83,no
Ottawas,otta1242,Dejean,"Anichinabek Amisinahikaniwa, The Indian Book. Detroit, printed by Geo. L. Whitney, 1830, 18mo, pp. 106 ; contains, on pp. 104, 105, a Vocabulary of 40 words in French and Ottawa, by the Missionary DEJEAN.",1830,printed,,83,no
Ottawas,otta1242,Jonathan,"JONATHAN MEEKEE, Ottawa First Book. Shaivnee Mission, printed by J. G. Pratt, 1838, 18mo, pp. 229.",1838,printed,,83,no
Ottawas,otta1242,,"Abinodjnag Omasindiganiwan. Buffalo, printed by Oliver Steele, 1837, 8vo, pp.8.",1837,printed,,83,unclear
Ottawas,otta1242,,"Child's Book. Detroit, Bagg and Harmon, 1845, 18mo, pp. 8.",1845,printed,,83,unclear
"Ottomaku,  Ottomacque",,,"Indians of Bolivia, on the banks of the Yarura. The Taparita are said to speak a dialect of their language.",,printed,,83,unclear
"Ottomaku,  Ottomacque",,Pacaguaras,1 14 OTUQU1S — PACAGUARAS.,,printed,,83,unclear
"Ottomaku,  Ottomacque",,Gilii,"GILII, Saggio, Vol. Ill, p. 213 ; and, from him, in the : Mithridates, Vol. Ill, p. 650.",,printed,,83,unclear
"Ottomaku,  Ottomacque",,Hervas,"HERVAS, Origine, Tabb. L et seq.",,printed,,83,unclear
Otuquis,otuk1240,,"Indians of Bolivia, of the province of Chiquitos. Having been compelled by the Jesuits to adopt the Chiquito, their language is nearly lost.",,printed,,83,unclear
Otuquis,otuk1240,Morssach,"Das Land Otuquis in Bolivia. Nach einem Originalbericht von MORSSACH, beschrieben von Dr. GK L. Kriegk. Frankfurt, 1838, 8vo ; pp. 23, 24.",1838,printed,,83,no
Otuquis,otuk1240,D'Orbignt,"Otuke Vocabulary (23 words) given by: D'ORBIGNT, L'Homme American), Vol. I, pp. 163 — 164. ; Vol. II, p. 136 ; who also gives some general remarks on the Language of the Otuke, Vol. II, pp. 176, 177.",,printed,,83,no
Oyampis,waya1270,,Carib tribe of French Guyana.,,printed,,83,unclear
Oyampis,waya1270,Adam,"ADAM DE BAUKE et P. FERRE, De la Langue Oyampis, avec Vocubulaire, pp. 107—109; and LEPRIETJR, Vocabulaire Oyampis, pp.225 — 229 of : Bulletin de la Societe de Geographic, Second Series, Vol. I. Paris, 1834, 8vo.",1834,printed,,83,yes
Oyampis,waya1270,D'Orbigny,"A. D'ORBIGNY, L'Homme Americain, Vol. II, p. 276.",,printed,,83,no
Pacaguaiias,,,"Moxos Indians, on the confluence of the rivers Beni and Mamore, in Bolivia.",,printed,,83,unclear
Pacaguaiias,,D'Orbigny,"A. D'ORBIGNY, L'Homme Americain, Vol. I, p. 164 ; Vol. II, p. 208.",,printed,,83,unclear
Pacaguaiias,,D'Orbigny,"A. D'ORBIGNY, L'Homme Americain, Vol. II, p. 263.",,printed,,83,unclear
Paiconeca,paic1240,,"Indians of the province of Chiquitos, near Conception, between the rivers Bianco and Verde. They belong to the Chiquito stock ; one of their tribes is the Paunaca.",,printed,,83,unclear
Paiconeca,paic1240,D'Orbigny,"Vocabulary of Twenty-three Words, pp. 162, 161 of Vol. I of: A. D'ORBIGNY, L'Homme American], and p. 162 of Vol. I, and p. 136 of Vol II, Vocabulary of five Words of the Paunaca tribe.",,printed,,83,no
Paiconeca,paic1240,D'Obbiqny,"A. D'OBBIQNY, L'Homme Amcricain, Vol. IT, pp. 190, 191.",,printed,,83,no
"Palaihni,  Palaiks,",,,"Indians of south-western Oregon, on the northern frontiers of Upper California.",,printed,,83,unclear
"Palaihni,  Palaiks,",,Hale,"No. 11, W, of the Vocabularies of North-western America (pp. 569-629) of: HOE. HALE, Ethnography and Philology of the United States Exploring Expedi- tion. Philadelphia, Lea and Blauehard, 1846, folio ; and",1846,printed,,83,unclear
"Palaihni,  Palaiks,",,Xxxi,"F, XXXI (pp. 98, 100), of the Vocabularies in : Transactions of the American Ethnological Society, Vol. II.",,printed,,83,unclear
Pampticough,,,"Indian tribe of North Carolina, now extinct.",,printed,,83,unclear
Pampticough,,John,"A small Dictionary of Tuskerura, Pampticough, Woccon, in : JOHN LAWSON, Q-ent., Surveyor-General of North Carolina, a New Voyage to Carolina .... and a Journal of a I housand Miles travelled through several Nations of Indians, giving a pai ticular Account of their Customs, Manners, etc. London, 1709",1709,printed,,83,unclear
Pampticough,,,"First printed in : Capt. John Stevens, A New Collection of Voyages and Travels .... none of them ever before printed. London, December, 1708. To be continued monthly, 4to. (In Vol. I, afterwards with separate title, ibid., 1709, 1714, and 1718, 4to.)",1708,printed,,83,unclear
Pampticough,,,"German translation, Hamburg, 1772, 8vo.",1772,printed,,83,unclear
Pampticough,,John,"JOHN BBICZELL, M.D., The Natural History of North Carolina, with an Account",,printed,,83,unclear
Pampticough,,Lawson,"of the Trades, Manners, and Customs of the Christian and Indian Inhabitants. Dublin, 1737, 8vo ; new title, ibid., 1743, 8vo (the Dictionary from LAWSON).",1737,printed,,83,unclear
Pampticough,,Hervas,"HERVAS, Aritmetica, p. 114.",,printed,,83,unclear
Pampticough,,Smith,"SMITH BARTON, New Views, etc. — Comparative Vocabularies. Mithridates (from the above), Vol. Ill, part 3, pp. 360—362. BALBI, Atlas Ethnographique, Tab. XLT, No. 809.",,printed,,83,unclear
Pampticough,,Lawson,"No. IV, K, p. 375, of the Comparative Vocabulary to : A. Gallatin's Synopsis (^ rchseologia Americana, Vol. II). From LAWSON, HERIOT, LANE.",,printed,,83,unclear
Pampticough,,Schoolcraft'S,"Comparison of the Language of the ancient Pampticos of North Carolina with the Algonquin Language, and of the ancient Waccoa of that State and the Catawba of South Carolina (SCHOOLCRAFT'S Indian Tribes of the United States, Vol. V, pp. 552 — 558 ; Tuskarora, Pampticough, and Waccoa, pp. 555, 556 j P",,printed,,83,unclear
Panos,pano1255,,Brazilian Indians on the banks of the River U cay ale.,,printed,,83,unclear
Panos,pano1255,Xviii,"Langue des Panos (Langue generale de I'Ucayale), Vocabulary, No. XVIII of: CASTELNAU, Vol. V, Appendice, pp. 292, 293.",,printed,,83,no
Panos,pano1255,Castelnau,"Note sur la Grrammaire Pani. Recueillie par les Missionaires de PUcayale : CASTELNAU, Vol. V, Appendice, pp. 301, 302.",,printed,,83,yes
Parent,,,"Indians of the Maypure Mission, on the River Mataveni.",,printed,,83,unclear
Parent,,Htjmboldt,"AL. DE HTJMBOLDT et A. BONPLAND, Voyage aux Regions equinoxiales du Nouveau Continent. Paris, 1819, 2 vol=. 4to ; Vol. II, pp. 366 et seq.",1819,printed,,83,unclear
Parent,,Balbi,"BALBI, Atlas Ethnographique, Tab. XLI, No. 610. A. D'C-RBIGNY, L'Homme Americain, Vol. II, p. 274.",,printed,,83,unclear
Patachos,,,"Brazilian Indians in the province Porto Seguro, on the rivers Porto Seguro and Mucury.",,printed,,83,unclear
Patachos,,Maximilian,"Eeise des Prinzen MAXIMILIAN zu WIED. Frankfurt^ 1820, 1821, 2 vols. 4to ; Vol. II, pp. 320 et seq.",1820,printed,,83,unclear
Patachos,,Balbi,"BALBI, Atlas Ethnographique, Tab. XLI, No. 504.",,printed,,83,unclear
"Pawnee,    Pani",,,"Warlike tribe on the banks of the rivers Platte and Kansas, also on Red River.",,printed,,83,unclear
"Pawnee,    Pani",,,"T. SAY, Vocabulary, pp. Ixii— Ixxxv of: Astronomical .... Kecords and Vocabularies of Indian Languages, taken on the Expedition for Exploring the Mississippi .... under .... Major St. H. Long. Philadelphia, 1822, 8vo.",1822,printed,,83,unclear
"Pawnee,    Pani",,Balbi,"BALBI, Atlas Ethnographique, Tab. XLI, No. 738.",,printed,,83,unclear
"Pawnee,    Pani",,Maximilian,"Reise des Prinzen MAXIMILIAN zu WIED, etc. Collenz, 18,39 — 1841, 2 vols. 4to ; Vol. II, pp. 630—632.",1841,printed,,83,unclear
"Pawnee,    Pani",,Xvii,"No. XVII, 52, of the Comparative Vocabulary to A. GALLATIN'S Synopsis, etc. (Archseologia Americana, Vol. II, pp. 305 — 367) ; and",,printed,,83,unclear
"Pawnee,    Pani",,Xvii,"No. E, XVII, pp. 96—98, of Vocabularies in: Transactions of the American Ethnological Society, Vol. II.",,printed,,83,unclear
"Pawnee,    Pani",,Whipple'S,"Fifteen Pawnee Words compared with Eiccaree, Kichai, Hueco, and Witcliita, pp. 68, 69 of the Eeport upon the Indian Tribes, added to Lieutenant WHIPPLE'S Report (Pacific Railroad Reports, Vol. II. Washington, 1856, 4to).",1856,printed,,83,unclear
"Pawnee,    Pani",,,"Six Caddo Words and Pawnee Affinities. Ibid., p. 70.",,printed,,83,unclear
Pebas,peba1243,,Brazilian Indians on the Amazon.,,printed,,83,unclear
Pebas,peba1243,Xxii,"Langue des Pebas, Vocabulary No. XXII, pp. 296, 297 of : CASTELNATJ, Vol. V, Appendice.",,printed,,83,no
Penobscot,peno1243,,"Abenaki tribe, greatly reduced, above Banger, Maine.",,printed,,83,unclear
Penobscot,peno1243,Smith,"SMITH BABTON, New Views, etc. — Comparative Vocabularies. Mithridates (from above), Vol. Ill, part 3, pp. 402—404. T. SAY, Comparative Vocabulary of various Dialects of the Lenape Stock, etc.",,printed,,83,no
Penobscot,peno1243,,"Note 15, pp. 135 — 145, to John Pickering's edition of Dr. Edwards's Observa- tions on the Mohegan Language. (Collections of the Massachusetts Historical Society, Second Series, Vol. X. Boston, printed by Phelps and Farnham, 1823, 8vo. Beprinted, ibid., Little and Brown, 1843, 8^0.)",1823,printed,,83,unclear
Penobscot,peno1243,Treat,"No. IV, 14, B, p. 370, of the Comparative Vocabulary to A. Gallatin's Synopsis (Archaeologia Americana, Vol. II). From MSS. of TREAT and Mrs.",,manuscript,,83,no
Gardiner,,Hale,"H. HALE, Remarks on the Language of the St. John or Colastukweek Indians, with a Penobscot Vocabulary. Boston, 1834, 8vo, pp. 8.",1834,printed,,83,unclear
Pennsylv  Asians,,,"The Indians inhabiting Pennsylvania, or New Sweden, were of the Algonkin and of the Iroquois stock (Mohawks).",,printed,,83,unclear
Pennsylv  Asians,,Thomas,"Vocabularium Barbaro-Virgineorum ; additis passim locutionibus et observa- tionibus hi^toricis brevioribus ad linguae pleniorem notiiiam, pp.133 — ]54of: Lutheri Cathechismus. ofwersatt pa American-Vergiuiske spruket. Stockholm, 1696, 12mo (from THOMAS CAMPANIUS).",1696,printed,,83,unclear
Pennsylv  Asians,,,"""Words, on pp. 49, etc. : Journal des Scavans, 1716, 4to.",1716,printed,,83,unclear
Pennsylv  Asians,,Thomas,"Book IV, Chap. I— X, Vocabulary, and Chap. XI and XII, Dialogues of: THOMAS CAMPANIUS HOLM, Kort beskrifning om Provincieu Nya Swerige. Stockholm, 1704, 4to ; pp. 153—599.",1704,printed,,83,unclear
Pennsylv  Asians,,,"English translation, by P. St. Duponcean, A Short Description of the",,printed,,83,unclear
Pennsylv  Asians,,,Province of New Sweden Translated for the Historical Society of,,printed,,83,unclear
Pennsylv  Asians,,,"Pennsylvania, with notes, pp. 144 — 156, in: Memoirs of the Historical Society of Pennsylvania, Vol. III. Philadelphia, M'Carty and Davis, 1834, 8vo ; pp. 1 — 168.",1834,printed,,83,unclear
Pennsylv  Asians,,Smith,"SMITH BARTON, New Views, etc. — Comparative Vocabularies (Indians of Penn- sylvania, according to William Penn), from CAMPANIUS.",,printed,,83,unclear
Pennsylv  Asians,,Gallatin'S,"No. IV, 198 (p. 371), of Comparative Vocabulary to A. GALLATIN'S Synopsis, etc. (Archseologia Americana, Vol. II).",,printed,,83,unclear
Pennsylv  Asians,,Court,"ANT. COURT DB GEBELTN, Langue de Pennsylvanie (Monde Primitif, Vol. VIII, p. 523). Reprinted in: J. B. Scherer, Rechercbes Historiques et Geo- graphiques sur le Nouveau Monde. Paris, Brunet, 1777, 12mo, p. 231.",1777,printed,,83,unclear
Pennsylv  Asians,,,"Mithridates, Vol. Ill, part 3, pp. 387 — 389 (from the Virginian Catechism).",,printed,,83,unclear
Pennsylv  Asians,,Vater,"J. S. VATER, Proben Deutscher Mundarten : Dr. Seetzen's Linguist. Nachlass. Leipzig, 1816, 8vo ; pp. 376—380.",1816,printed,,83,unclear
Pequot,pequ1242,,"Indians of Connecticut, related to the Mohegans. The Nanga- tuck Indians speak a kindred language.",,printed,,83,unclear
Pequot,pequ1242,John,"Vocabulary of Pequot and some Nangatuck Indian Words, Article I of the Appendix (p. 491) to : JOHN W. DE FOKREST, History of the Indians of Con- necticut. Hartford, Hamersley, 1852, 8vo.",1852,printed,,83,no
"Pescherai,  Yakanaku,  Fuegians",,,"Indians of Fireland (Tierra del Fuego) and of the peninsulas Brunswick and King William IV ; divided into three tribes — Kamenetcs, Kennekas, and Karaikas.",,printed,,83,unclear
"Pescherai,  Yakanaku,  Fuegians",,James,"JAMES WEDDELL, Master, R.N., A Voyage towards the South Pole, performed in the years 1822 — 1824. Containing a Visit to Tierra del Fuego ; with a particular",1822,printed,,83,unclear
"Pescherai,  Yakanaku,  Fuegians",,,"account of the Inhabitants London, Longman, 1825, 8vo, pp. 280,",1825,printed,,83,unclear
"Pescherai,  Yakanaku,  Fuegians",,,"13 maps and plates. Second edition, ibid.t 1827, 8vo, pp. 324, maps and piates ; p. 174.",1827,printed,,83,unclear
"Pescherai,  Yakanaku,  Fuegians",,Hervas,"HERVAS, Catalogo, p. 15.",,printed,,83,unclear
"Pescherai,  Yakanaku,  Fuegians",,Smith,"SMITH BARTON, New Views, etc. — Comparative Vocabularies.",,printed,,83,unclear
"Pescherai,  Yakanaku,  Fuegians",,D'Orbigny,"A. D'ORBIGNY, L'Homme Americain, Vol. I, p. 412.",,printed,,83,unclear
Piankashaws,,,Southern tribe of the Ojibway stock.,,printed,,83,unclear
Piankashaws,,Smith,"SMITH BARTON, New Views, etc.— Comparative Vocabularies ; And, from him, Mithridates, Vol. Ill, part 3, pp. 360 — 362.",,printed,,83,unclear
Pima,pima1248,,"Indian nation of New Mexico and Sonora, where the country inhabited by them is called Pimeria, and divided into Alfa and Baja.",,printed,,83,unclear
Pima,pima1248,Heevas,"HEEVAS, Origine, Tabb. XLIX, L et seq. HEEVAS, Saggio, pp. 124, 125.",,printed,,83,no
Pima,pima1248,Ignatz,"IGNATZ PFEFFEEKOEN, Beschreibung der Landschaft Sonora. Kolln, 1794, 2 vols, 8vo.",1794,printed,,83,no
Pima,pima1248,,"Mithridates (from the above), Vol. Ill, part 3, pp. 162—169.",,printed,,83,unclear
Pima,pima1248,Adamo,"A Vocabulario de las Lenguas Pima, Eudeve y Seris, is said, by De Souza, to have been written by Fr. ADAMO G-ILG, a Jesuit missionary in California.",,printed,,83,no
Pima,pima1248,John,"Pima Vocabulary, by Dr. JOHN SCOULEB, in : Journal of the Royal Geogra- phical Society of London, Vol. XI. London, 1841, 8vo ; pp. 246, 248, 250.",1841,printed,,83,no
Pima,pima1248,,"Pima Vocabulary, under W, 1, p. 129, in : Transactions of the American Ethno- logical Society, Vol. II.",,printed,,83,unclear
Pima,pima1248,Paery,"Dr. C. C. PAERY (Botanist to the Boundary Commission), Vocabulary of the Language of the Pimo Indians on the Rio Gila, New Mexico, pp. 161, 162 of : Schoolcraft's Indian Tribes of the United States, Vol. III.",,printed,,83,no
Pima,pima1248,Whipple,"Pima Vocabulary, by Lieutenant A. W. WHIPPLE, p. 94 of : Eeport upon the Indian Tribes (see Keport on the Route near the 35th Parallel in : Pacific Railroad Reports, Vol. II). Washington, 1856, 4to.",1856,printed,,83,no
Pima,pima1248,John,"JOHN R. BAETLETT, the United States Boundary Commissioner, has also taken a Vocabulary of the Pimo Language,",,printed,,83,no
Pima,pima1248,Ignatz,"Mithridates, Vol. Ill, part 3, pp. 162 — 169 (from IGNATZ PFEFFEEKOEN).",,printed,,83,no
Pinalenos,,,"Also called Pinon Lanos, Pinols, Pinal Leno. Apache tribe,, ranging over an extensive circuit, between the Sierra Final and the Sierra Blanca, near the Upper San Francisco River, north of the Gila, in New Mexico.",,printed,,83,unclear
Pinalenos,,Whipple,"Pinal Leno Vocabulary, taken in 1852, by Lieutenant A. ""W. WHIPPLE (see Report upon the Indian Tribes, in the Report on the Route near the 35th Parallel, Chap. V, pp. 81—83 of : Pacific Railroad Reports, Vol. II. Washington, 1856, 4to).",1852,printed,,83,unclear
Pirinda,atzi1235,Souza,"Language of the Indians of Mechoacan, Mexico. Identical with Tarasca ? DE SOUZA says of Fr. JUAN BRAVO, the author of a Grammar of the Lengua Tarasca (see under Tarasca), ""fue maestro peritissimo de la lengua Pirinda, llamada Tarasca.""",,printed,,83,no
Pirinda,atzi1235,Vocabularies,WOllDS AND VOCABULARIES.,,printed,,83,no
Pirinda,atzi1235,Hervas,"HERVAS, Saggio, p. 120.",,printed,,83,no
Pirinda,atzi1235,,"Mithridates, Vol. Ill, part 3, pp. 126—128.",,printed,,83,unclear
Pirinda,atzi1235,Francisco,"Arte de la Lengua Pirinda, and also various Sermons in the same Language, by the Fray FRANCISCO ACOSTA, of the order of San Augustin, in the province of Michoacan. These MSS. were left in the library of the Convent of Charo.",,manuscript,"in the same Language, by the Fray FRANCISCO ACOSTA, of the order of San Augustin, in t",83,yes
Pirinda,atzi1235,Miguel,"Arte Yoeabulario y Manuel de la Lengua Pirinda, por Fr. MIGUEL GUEVAEA. According to De Souza, in the Convent of Charo, province of Michoacan.",,printed,,83,no
Pieo,,,"Indians of New Mexico, near El Paso.",,printed,,83,unclear
Pieo,,John,"A Vocabulary of the Piro Language has been taken by JOHN E. BARTLETT, the United States Boundary Commissioner.",,printed,,83,unclear
Pokonchi,,,"Or Pokoman. Indian Nation of the district of Vera Paz, in Guatemala. Their language bears close affinity to the Maya.",,printed,,83,unclear
Pokonchi,,Gage,"TH. GAGE (see Grammars below). HERVAS, Origine, Tabb. XLIX, L, LI et seq. HERVAS, Saggio, pp. 113—115.",,printed,,83,unclear
Pokonchi,,Smith,"SMITH BARTON, New Views, etc. — Comparative Vocabularies. Mithridates, Vol. Ill, part 3, pp. 15, 23.",,printed,,83,unclear
Pokonchi,,Gallatin'S,"Pp. 9, 10 of: A. GALLATIN'S Notes on the Semi-civilized Nations of Mexico (Transactions of the American Ethnological Society, Vol. I. New York, Bartlett and Welford, 1845, 8vo.)",1845,printed,,83,unclear
Pokonchi,,Karl,"Dr. KARL SCHERZEK, Sprache der Indianer von Palin (Poconchi) 24 engl. Meilen von Neu Guatemala, pp. 28—35 of Vol. XV of the : Sitzungsberichte der Philosophisch-Historischen Klasse der Kaiserlichen Akademie der Wissenschaften. Vienna, 1855. 8vo. Also under the separate title : Sprachen der Indianer ",1855,printed,,83,unclear
Pokonchi,,Thomas,"THOMAS GAGE, The English- American, his Travail by Sea and by Land, or a New Survey of the West Indies .... with a Grammar or some few Rudiments of the Indian tongue, called Poconchi or Pocoman. London, printed by R. Cotes, 1648, small folio. Second Edition, A New- Survey of the West Indie?, etc. Lo",1648,printed,,83,unclear
Pokonchi,,,"French translation — Nouvelle Relation, contenant les Voyages de Thomas Gage dans la Nouvelle Espagne. Traduite par le Sieur De Beaulieu Hues O'Neil. Paris, Clousier, 1676, 2 vols. 12mo ; and added to it : Brieve Instruc- tion pour apprendre la Langue Indienne appelee Poconchi ou Pocoman. Paris, 167",1676,printed,,83,unclear
Pokonchi,,,"This French translation has often been reprinted, viz., Amsterdam, Moret, 1680, 2 vols. 12mo ; ibid., 1685 ; ibid., 1687 ; ibid., 1695 ; ibid., Third Edi- tion, revue et corrigee, 1699, 2 vols. 12mo ; ibid., Fourth Edition, 1720, 2 vols. 12mo; ibid., 1721; ibid., 1722.",1680,printed,,83,unclear
Pokonchi,,Biiunet,"BIIUNET, Vol. II , p. 345, however, remarks that the edition of 1676 is the one to which the translation of the Poconchi Grammar was added. This translation having appeared under a separate title, is generally found sepa- rately.",1676,printed,,83,unclear
Pokonchi,,,"German translation— Ganz neue, merkwurdige Reisebeschreibung nach Neuspanien .... aus dem Franzosischen iibersetzt. Leipzig, 16U3, 4to. The Grammar on pp. 457 — 471.",,printed,,83,unclear
Pokonchi,,,"Dutch translation— Nieu we ende seer naeuwkeerige Reyze door de Spaensche West Indien, van Thomas Gage ..... overgeset door H. v. Q. (H. van Quellenburgh). Utrecht, 1682, small 4to.",1682,printed,,83,unclear
Pokonchi,,,"Spanish translation— Nueva Relacion qne contiene los Viages de Tomas Gage en la Nueva Espana. Paris, Rosa, 1838, 2 vols. 12mo.",1838,printed,,83,unclear
Pokonchi,,Gage,"Mithridates (from GAGE), Vol. Ill, part 3, pp. 6—13.",,printed,,83,unclear
Pokonchi,,Gage,"A. GaUatin (from GAGE), Notes on the Semi-civilized Nations of Mexico, etc , pp. 45 — 47} 269 — 275, of: Transactions of the American Ethnological Society, Vol. I. New York, Bartlett and Welford, 1845, 8vo.",1845,printed,,83,unclear
"Popoluca,",,Muhlenpfordt,"Or Populuka, Papoloka, Indians of Central America, in Oajaca, and in the State of San Salvador. The same as Poconchi and Pocoman, i.e., Kachiquel (?). MUHLENPFORDT does not mention them in Oajaca.",,printed,,83,unclear
"Popoluca,",,Pottawatame,POTTAWATAME POWHATTANS. 153,,printed,,83,unclear
"Popoluca,",,Franc,"FRANC. DE TOKAL, Arte y Voeabulario en la Lengua Popolaca de Tecomachalco (printed ? ).",,printed,,83,unclear
"Popoluca,",,Kael,"Dr. KAEL SCHERZER, Sprache der Tndianer von St. Maria, am Fusse des Was- ser-Vulcan's (Pupuluka-Katchikel), 5 engli. Meilen von Antigua Guatemala (Sitz- zungsberichte der Philosophisch-Historischen Klasse der Kaiserlichen Akademie der Wissenschaften, Vol. XV, pp. 28—35. Vienna, 1855, 8vo. Also under",1855,printed,,83,unclear
"Popoluca,",,Francesco,FRANCESCO DE TORAL (see Vocabularies above).,,printed,,83,unclear
"Pottawatame,  Pouteotamis",,,"Indians of the Algonkin stock, formerly near Detroit, Michigan.",,printed,,83,unclear
"Pottawatame,  Pouteotamis",,Smith,"SMITH BARTON, New Views, etc.— Comparative Vocabularies. Mithridates (from the above), Vol. Ill, part 3, pp. 343—346, 360—362.",,printed,,83,unclear
"Pottawatame,  Pouteotamis",,Barton,"No. IV, a, of the Comparative Vocabulary (p. 375) to A. Gallatin's Synopsis, etc. (Archseologia Americana, Vol. II) . From BARTON, and MS. Notices in the War Department of the United States.",,manuscript,in the War Department of the United States,83,unclear
"Pottawatame,  Pouteotamis",,,"Keprinted and enlarged under N, IV, 5, p. 107 of Vocabularies in : American Ethnological Society's Transactions, Vol. II.",,printed,,83,unclear
"Pottawatame,  Pouteotamis",,,"Pottawottomie Spelling-book. Shaivnee Mission, J. Meeker, printer, 1834. 12mo, pp. 32.",1834,printed,,83,unclear
"Pottawatame,  Pouteotamis",,Wolcott,"Letter of P. WOLCOTT to General Cass (in answer to printed queries), On the History and Language of the Pottowattamies, note, pp. 380 — 386 of: Henry R. Schoolcraft, Travels in the Central Portions of the Mississippi Valley (performed .... 1821). New York, Collins andHannay, 1825, 8vo.",1821,printed,,83,unclear
"Pottawatame,  Pouteotamis",,,"Pewani ipi Potewatomi Missinoikan eyowat nemadjik Catholiques endjik (Catho- lic primer). Baltimore, John Murphy, 1846, 24mo, pp. 31.",1846,printed,,83,unclear
Powhattans,,Jefferson,"Tribe of the Algonkin stock, in Maryland and Virginia, no\v extinct. JEFFERSON, in the Notes on Virginia, gives a view of their extent and tribes.",,printed,,83,unclear
Powhattans,,John,"Captain JOHN SMITH, General History of Virginia, New England, and the",,printed,,83,unclear
Powhattans,,Prince,154 PRINCE WILLIAM SOUND— PUEBLO INDIANS.,,printed,,83,unclear
Powhattans,,,"Summer Isles London, 1626. folio. Reprinted, Hid., 1627 and 1632,",1626,printed,,83,unclear
Powhattans,,,folio ; at the end of Book II.,,printed,,83,unclear
Powhattans,,,"Eeprinted : The Travels, Adventures, and Observations of Captain John Smith,",,printed,,83,unclear
Powhattans,,,"etc. Richmond, republished at the Franklin Press, William W. Gray^",,printed,,83,unclear
Powhattans,,,"printer, 1819, 2 vols. 8vo ; Vol. I, pp. 147, 148.",1819,printed,,83,unclear
Powhattans,,Gallatin'S,"No. IV, i (376), of the Comparative Vocabulary to A, GALLATIN'S Synopsis, etc. (Archseologia Americana, Vol. II).",,printed,,83,unclear
Powhattans,,Captain,"Vocabulary of the Powhattan Language (from CAPTAIN SMITH) in : James Macauley's History of New York. New York, Gould and Banks, 1829, 3 vols. 8ro; Vol. II, pp. 265-270.",1829,printed,,83,unclear
Prince  William  Sound,,,"On the north-west coast of North America (Russian possessions), inhabited by Eskimaux.",,printed,,83,unclear
Prince  William  Sound,,James,"JAMES COOK, Voyage to the Pacific Ocean (third voyage, under Cook,",,printed,,83,unclear
Prince  William  Sound,,,"Clark, and Gore). London, 1784, 3 vols. 4to ; Vol. II, pp. 374—376.",1784,printed,,83,unclear
Prince  William  Sound,,George,"Captain GEORGE DIXON, A Voyage round the World, but more particularly to the North-west Coast of America. London, Goulding, 1789, 4to, p. 241. French translation, by M. Lebas. Paris, 1789, 2 vols. 8vo. German translation, by J. R. Forster. Berlin, Voss, 1790, 4to, p.",1789,printed,,83,unclear
Prince  William  Sound,,Nathaniel,"Captain NATHANIEL PORTLOCK, A Voyage round the World, etc. London, Stockdale, 1789, 4to.",1789,printed,,83,unclear
Prince  William  Sound,,,"German translation, by G. Forster, Geschichte derKeisen an der Nord- west und Nordostkiiste von Amerika .... von Dixon, Portlock, Cook .... Berlin, Voss, 1791, 1792, 3 vols. 4to.",1791,printed,,83,unclear
Prince  William  Sound,,Portlock,"And PORTLOCK, G. Mortimer's and Long's Travels, translated with separate title. Berlin, Voss, 1796, 4to.",1796,printed,,83,unclear
Prince  William  Sound,,,"Mithridates, Vol. Ill, part 3, p. 238.",,printed,,83,unclear
Prince  William  Sound,,Pueblo,"PUEBLO INDIANS (ZUNI, KETtES).",,printed,,83,unclear
Prince  William  Sound,,,"Indians of New Mexico. The tribes living at Santo Domingo and the neighbouring Pueblos are catted Keres, or, by the Spaniards, Queres.",,printed,,83,unclear
Prince  William  Sound,,James,"JAMES H. SIMPSON, A Comparative Vocabulary of Words in the Languages of the Pueblo or Civil Indians of New Mexico, and of the wild tribes inhabiting its borders, pp. 140 — 113 of: Journal of a Military Eeconnaissance from Santa Fe, .New Mexico, to the Navajo country, pp. 56 — 168 of: Keports of the ",,printed,,83,unclear
Prince  William  Sound,,Simpson,"Report of Lieutenant J. H. Simpson. Washington, printed at the Union Office } 1850, 8vo (Exec. Docum. Senate, No. 64, 31st Congress. Session). SIMPSON distinguishes Pueblo Indians of: —",1850,printed,,83,unclear
Prince  William  Sound,,,1. St. Domingo S. Anna.,,printed,,83,unclear
Prince  William  Sound,,,3. Taos — Picori — Sandia — Isleta.,,printed,,83,unclear
Prince  William  Sound,,David,"DAVID Y. WHITING, Pueblo (of Tusuque) Vocabulary, in : Schoolcraft's Indian Tribes of the United States, Yol. Ill, pp. 446—459.",,printed,,83,unclear
Prince  William  Sound,,Eaton,"Captain J. H. EATON, United States Agent, Pueblo (of Zuiii) Vocabulary, ibid., Vol. IV, pp. 416—432 (pp. 429—431, numerals).",,printed,,83,unclear
Prince  William  Sound,,Whipple,"Zuni Vocabulary, taken by Lieutenant A. W. WHIPPLE, pp. 91—93 of the Report upon the Indian Tribes (Report on the Route near the 35th Parallel in : Pacific Eailroad Reports, Vol. II. Washington, 1856, 4to).",1856,printed,,83,unclear
Puelches,puel1244,Hale,"Indians of the Argentine Republic, between the Rio Negro and the Rio Colorado. They are divided into Checlieliet, Divihet, and Taluhet ; the two latter are called by the Spaniards ""Pampas."" The wild Charruas are related to them. HALE distinguishes only Pampas (north of the Rio Colorado) and Tehuetch",,printed,,83,yes
Puelches,puel1244,Falkner,"TH. FALKNER, Description of Patagonia (see Araucans) .... Hereford, 1774, 4to, p. 138.",1774,printed,,83,no
Puelches,puel1244,,"German translation, by Schack Hm. Ewald. Gotha, Ettinger, 1775, 8vo, p. 13.",1775,printed,,83,unclear
Puelches,puel1244,Hervas,"HERVAS, Catalogo, p. 20.",,printed,,83,no
Puelches,puel1244,Falkner,"Mithridates, Vol. Ill, p. 423. Puelches and Tuelhet (from FALKNER and HERVAS).",,printed,,83,no
Puelches,puel1244,Alcide,"Vocabulary of Twenty-three Words, pp. 162—164 of Vol. I of: ALCIDE D'O-R- BIGNY, L'Homme Americain.",,printed,,83,yes
Puelches,puel1244,Hale,"Puelche Vocabulary and Sentences (Pampas and Tehuiliche), pp. 653—656 of United States Exploring Expedition. Ethnography and Philology, by HOR. HALE. Philadelphia, Lea and Blanchard, 1816.",1816,printed,,83,yes
Puelches,puel1244,D'Orbignt,"A. D'ORBIGNT, L'Homme Americain, Yol. II, pp. 79, 80 ; and p. 87, Notices on the Charrua Language-",,printed,,83,no
Puquini,,,"Peruvian Indians, on the islands of the Chuquito Lake, and at the Mission of the Patres Mercenarii, near the Pucarani. They spoke their language exclusively among themselves, and did not permit strangers to learn the same. For worshipping, they used the Quichua. No affinity to any other American lan",,printed,,83,unclear
Puquini,,Heevas,"HEEVAS, Origine, Tabb. L et seq.",,printed,,83,unclear
Puquini,,Hervas,"Mithridates (from HERVAS), Vol. Ill, pp. 548—550.",,printed,,83,unclear
Purys,bojp1238,,"Brazilian Indians, of the provinces Rio de Janeiro and Espiritu Santo.",,printed,,83,unclear
Purys,bojp1238,Wilh,"WILH. L. VON ESCHWEGE, Journal fur Brasilien, Heft 1. Weimar •, 1818,",1818,printed,,83,no
Purys,bojp1238,Balbi,"BALBI, Atlas Ethnographique, Tab. XLI, No. 497.",,printed,,83,no
Quadus,,,"Brazilian Indians, in the neighbourhood of Miranda.",,printed,,83,unclear
Quadus,,Castelnau,"Langue des Quadus. Vocabulary No. IX, pp. 278—280, of: CASTELNAU, Vol. V, Appendice.",,printed,,83,unclear
Quappas,,Nuttali,"Indians on the banks of the Arkansas River. (See NUTTALI/S Journal, pp. 81—89.)",,printed,,83,unclear
Quappas,,Gallatijj'S,"No. VI, 36, of Comparative Vocabulary (pp. 305—367) to A. GALLATIJJ'S Synopsis, etc. (Archseologia Americana, Vol. llj.",,printed,,83,unclear
Quappas,,Queen,QUEEN CHARLOTTE'S ISLAND — ^ICHE. 157,,printed,,83,unclear
Quappas,,,"S, IV, 3, p. 117, of the Vocabularies (Transactions of the American Ethnological Society, Vol. II).",,printed,,83,unclear
Queen  Charlotte'S  Island,,,"On the north-west coast of America. The language spoken by the Indians of this island is but little known. The Cumsheivar, Massif, Skittayeets, Iteesarn, and Kigarnee are mentioned as",,printed,,83,unclear
Queen  Charlotte'S  Island,,Xxix,"Pp. 302, 380 of: Miscellaneous Vocabularies, in A. Gallatin's Synopsis ( Archseologia Americana, Vol. II), contains, under XXIX, 64, p. 380, words of the Kigarnee, Casarnee, Skittageets, Cumshawa, and other tribes of the north-west coast, and the numerals 1-10 in the Queen Charlotte Island Language.",,manuscript,in the Queen Charlotte Island Language,83,unclear
Queen  Charlotte'S  Island,,Balbi,"BALBI, Atlas Ethnographique, Tab. XLI, No. 850.",,printed,,83,unclear
Queen  Charlotte'S  Island,,Latham,"Words, p. ] 54 of : R. G-. LATHAM, The Languages of the Oregon Territory (Journal of the Ethnological Society of London, Vol. X, pp. 154—166). Edin- burgh, 1848, 8vo.",1848,printed,,83,unclear
Queen  Charlotte'S  Island,,,"Skittagets (Queen Charlotte's Island) Vocabulary, No. 6, XIX, p. 102, of Vocabularies in ; Transactions of the American Ethnological Society, Vol. II.",,printed,,83,unclear
"Quiche,  Kiche",,,"Indians of Guatemala, belonging to the Great Tzendal or Maya stock, which occupies that State. Their language is closely related to that of the Kachiquels and Zutugils, and bears much resemblance to the Maya.",,printed,,83,unclear
"Quiche,  Kiche",,,"Kiche (^Jiche) Dictionary (from the Convent of Papuna ?, sold by Pierre Bavila, on the 24th November, 1833). MS. vol. in 4to, on paper of the 18th century ; in the Imperial Library of Paris. Apparently a copy of the Cakchiquelchi Dictionary.",1833,manuscript,in the Imperial Library of Paris,83,unclear
"Quiche,  Kiche",,,"A MS. Vocabulary of the Quiche Language is in the possession of Abbe Dominic Jehl, of Palin, near Amatitan, Guatemala.",,manuscript,"in the possession of Abbe Dominic Jehl, of Palin, near Amatitan, Guatemala",83,unclear
"Quiche,  Kiche",,John,"Quiche Numerals, p. 191 of: JOHN L. STEPHENS, Incidents of Travel in Cen- tral America. New York, Harpers, 1844, 2 vols. 8vo.",1844,printed,,83,unclear
"Quiche,  Kiche",,Karl,"Dr. KARL SCHERZER, Sprache der Indianer von Ixtlavacan (Quiche), 10 engl. Meilen von Quesaltenango, Guatemala, pp. 28 — 35 of Arol. XV of: Silzungsberichte der Philosophisch-Historischen Klasse der Kaiserlichen Akadernie der Wissen- schaften. Vienna, 1855, 8vo. Also under the separate title : Sprach",1855,printed,,83,unclear
"Quiche,  Kiche",,Alonzo,"P. F. ALONZO FLORES, Arte de la Lengua Kakchiquel y paralelo de las quatro Lenguas Metropolitanas que hoy integran en el reyno de Goathemala. Antigua, Guatemala, 1753.",1753,printed,,83,unclear
"Quiche,  Kiche",,,"Although Juarros (I, p. 343) states that this ""Arte"" was printed, and had proved very useful, the book was considered apocryphal until recently, when the Abbe"" Brasseur de Bourbourg wrote from Guatemala that he had obtained four copies (see E. G. Squier's letter in the London Athencsum, December 8, ",1855,printed,,83,unclear
"Quiche,  Kiche",,Francisco,"Arte de las tres Lenguas— Cacchiquel, Quiche y Yutuhil ; por el R. P. Fray FRANCISCO XIMENEZ, del Orden de Predicadores.",,printed,,83,unclear
"Quiche,  Kiche",,,"Second division of the Padre's great work on the history, languages, and antiquities of Guatemala, existing, in MS. only, in the University Library of Guatemala. (For an account of this MS. see N. Triibner's paper on Central American Archaeology, in the London Athenaeum, May 29, 1856, No. 1492.)",1856,manuscript,in the University Library of Guatemala,83,unclear
"Quiche,  Kiche",,Estevan,"Arte de Lengua Kakehikel del uso de Fr. ESTEVAN TORRE SANO, Prer- Ano de 1754. A MS. of 143 leaves, in 8vo, in the Imperial Library at Paris. (Copy in possession of E. G. Squier.)",1754,manuscript,in the Imperial Library at Paris,83,unclear
"Quiche,  Kiche",,,"Contains: Parallelo de las Lenguas 4 iche (Kiche, Quiche), Cakchiquel (Kachiquel) y Zutuhil (Zutugil).",,printed,,83,unclear
"Quiche,  Kiche",,,"A, comparison is also made between this dialect and the Zutugil and Kachiquel Grammar of Flores.",,printed,,83,unclear
"Quiche,  Kiche",,Bartho,"Arte de Lengua 4 iche (Quiche), compuesto por N. M. R. P. Fray BARTHO- LOME AULEO, Religiose Menor de N. S. Pe San Francisco.",,printed,,83,unclear
"Quiche,  Kiche",,,"In the Imperial Library of Paris. MS. of 67 leaves in 4to. (A copy also in possession of E. G. Squier, New York.)",,manuscript,In the Imperial Library of Paris,83,unclear
"Quiche,  Kiche",,,"The Imperial Library also possesses the following MS. : — Marial sacro y Santoral. Sermones en la Lengua A iche, escritos por varios autores, princi- palmente por un Indio por lo qual hay mucho' que correjir, o emendar en todos los Textos Latinos. Pertenece al uso del Pe- Pr- Fr. Ie A. S., hijo de l",1796,manuscript,,83,unclear
"Quichua,   Kechhua",,,"The language of the Peruvians. It was spoken by all the tribes subject to the Incas, from Pasto to the River Manle, in Chili, and is still in use. Many of the Spanish inhabitants speak it well and correctly. The Aymara bears a close affinity to the Quichua.",,printed,,83,unclear
"Quichua,   Kechhua",,,"Dialects of the Quichua : — 1. Dialect of Cuzco, or the QuicJma",,printed,,83,unclear
"Quichua,   Kechhua",,,"proper ,• the most cultivated dialect. 2. Lamano or Lamissa, round Truxillo. 3. Chinchaisuyu, round Lima. 4. Kalchaqui, in Tucaman, the best after the Cuzco dialect. 5. Dialect of Quito ; the least cultivated — corrupted by many foreign words.",,printed,,83,unclear
"Quichua,   Kechhua",,Domingo,"Fr. DOMINGO DE S. THOMAS, de la orden de S. Domingo, Lexicon 6 Vocabu- lario de la Lengua general del Peru llamada Quichua. Valladolid, impresso por Francesco Fernandez de Cordova, 1560, 8vo, of 8 and 179 leaves. (See Grammars, where also the edition of 1586 is noticed.)",1560,printed,,83,unclear
"Quichua,   Kechhua",,Diego,"P. DIEGO GONZALEZ HOLQUIN, Yocabulario de la Lengua general de todo el Peru llamada Quichua, o del Inca. En la Ciudad de los Reyes, 1586, 8vo. Reprinted : Corregido e renovado conforme a la propiedad cortesana del Cuzco. En la Ciudad de los Reyes, impresso por Francisco del Canto, 1607, 1608, 2 vols",1586,printed,,83,unclear
"Quichua,   Kechhua",,,(Two parts— Quichua-Spanish and Spanish- Quichua.),,printed,,83,unclear
"Quichua,   Kechhua",,Diego,"DIEGO DE TOEEES RUBIO, E S. J., Grammatica y Vocabulario en la Lengua general del Peru, llamada Quichua y en la Lengua Espanola. Sevilla, 1603, 8vo. The Grammar on 40 leaves. The Vocabulary, Quichua-Spanish, on 11 sheets (A— L), Spanish-Quichua on 12 sheets (A— M).",1603,printed,,83,unclear
"Quichua,   Kechhua",,Diego,"Reprinted : Arte de la Lengua Quichua, compuesto por el Padre DIEGO DE TOEEES RUBIO, de la Compania de Jesus. Lima, por Francisco Lasso, 1619, 8vo, 103 leaves (4 and 44 numbered, 55 not numbered).",1619,printed,,83,unclear
"Quichua,   Kechhua",,,"Brunet, IV, p. 495, says that, independently of the Grammar, it contains two small Vocabularies, Spanish-Quichua and Quichua-Spanish.",,printed,,83,unclear
"Quichua,   Kechhua",,Jtjan,"Reprinted : Tercera edicion, nuevamente corregida con auadidos los romances, el catecismo corregido pequeno, el Vocabulario auadido y otro Vocabulario de la Lengua Chinchaysuyu, por el M. R. JTJAN DE FIGTJEEEDO. En Lima, por Joseph de Contreras, 1700, small 8vo, 12 and 115 leaves.",1700,printed,,83,unclear
"Quichua,   Kechhua",,Juan,"Reprinted : Anadio el P. JUAN DE FIGUEEEDO, de la misma compania, ahora nuevamente corregida y aumentada en muchas Vocables .... por un religioso de la misma compania. Lima, 1754, 8vo.",1754,printed,,83,unclear
"Quichua,   Kechhua",,Juan,"El P. Maestro Fray JUAN MAETINEZ, Vocabulario en la Lengua general del Peru, llamada Quichua y en la Lengua Espanola. En los Reyes, 1604, small 8vo.",1604,printed,,83,unclear
"Quichua,   Kechhua",,,"Arte y Vocabulario en la Lengua general del Peru, llamada Quichua. En los Reyes (Lima}, Francisco del Canto, 1614, Svo.",1614,printed,,83,unclear
"Quichua,   Kechhua",,,"(Bibliotheca Heberiana, VI, 35, No. 512, X, 18, No. 522.)",,printed,,83,unclear
"Quichua,   Kechhua",,Joan,"A short Vocabulary, pp. 477, 478 of: JOAN. DE LAET, Novus Orbis. Lugduni Batavorum, Elzevir, 1633, folio.",1633,printed,,83,unclear
"Quichua,   Kechhua",,Gilii,"GILII, Saggio di Storia Americana, Vol. Ill, pp. 355 et seq.",,printed,,83,unclear
"Quichua,   Kechhua",,Heevas,"HEEVAS, Origine, pp. 27, 29, 37, 41, 44, 45, 49, 79, 118, 135, 136, 139, 140, 177, 178, Tabb. XLIX, L, LI.",,printed,,83,unclear
"Quichua,   Kechhua",,Hfrvas,"HFRVAS, Vocabolario Poliglotto, pp. 161 et seq. (Kichua o Peruano-Kichua dell' anno 1560, Kitena), p. 224 (Kichua e Kitena).",1560,printed,,83,unclear
"Quichua,   Kechhua",,Hervas,"HERVAS, Aritmetica, pp. 100, 101 (Kichua, Kitena, Lamano, Chinchaysuyu). HEEVAS, Saggio, pp. 88, 89.",,printed,,83,unclear
"Quichua,   Kechhua",,John,"JOHN KEINHOLD FOESTER, Observations made during a Voyage round the World, on Physical Geography, Natural History, and Ethic Philosophy. London, Kobinson, 1778, 4to.",1778,printed,,83,unclear
"Quichua,   Kechhua",,,"German translation — Uebersetzt und mit Anmerkungen versehen yon G. Forster. Berlin, Haude and Spener, 1783, 8vo, pp. 254.",1783,printed,,83,unclear
"Quichua,   Kechhua",,Smith,"SMITH BARTON, New Yiews, etc.— Comparative Vocabularies.",,printed,,83,unclear
"Quichua,   Kechhua",,Heryas,"Mithridates, Vol. Ill, pp. 522, 537, 538, 547, 571 (from HERYAS, TORRES, and HOLGTTIN).",,printed,,83,unclear
"Quichua,   Kechhua",,Balbi,"BALBI, Atlas Ethnographique, Tab. XLT, No. 459 (dialect Quitana).",,printed,,83,unclear
"Quichua,   Kechhua",,Will,"WILL. MARSDEN, Miscellaneous Works. London, Cox and Son, 1834, 4to, p. 104.",1834,printed,,83,unclear
"Quichua,   Kechhua",,D'Orbigny,"Vocabulary of Twenty-three Words, pp. 162, 164 of Vol. I- of: A. D'ORBIGNY, L'Homme Americain.",,printed,,83,unclear
"Quichua,   Kechhua",,Heuvel'S,"Four Quichua Words compared with Arrowack, Atoray, Maipure, and Moxos, Appendix VI, p. 166 of: J. A. VAN HEUVEL'S El Dorado. New York, Winchester, 1844, 8vo.",1844,printed,,83,unclear
"Quichua,   Kechhua",,,"A MS. Vocabulary of the Chichua Language is in the library of the Koyal Geographical Society of London (Journal, etc., Vol. X. London, Murray, 1841, 8vo), p. xxiv.",1841,manuscript,"in the library of the Koyal Geographical Society of London (Journal, etc",83,unclear
"Quichua,   Kechhua",,Tschudi,J. J. VON TSCHUDI (see Grammars).,,printed,,83,unclear
"Quichua,   Kechhua",,Gaetano,"Vocabulary of Eighty-eight Words, Inca, Quichoa, and Italian, and numerals 1 to 20, 30, 40, etc., to 100, 200, etc., to 1000, pp. 49—50 ; and : Alcuni Vocabuli piu communi in Lingua Quichoa, pp. 289—300 of: GAETANO OSCULATI, Ex- ploracioni delle regioni equatoriali lungo il Napo ed il fiume delle Am",1850,printed,,83,unclear
"Quichua,   Kechhua",,Domingo,"Gramatiea 6 Arte de la Lengua general de los Indios de los Reynos del Peru. Nuevamente compuesto por el Maestro Fray DOMINGO DE S. THOMAS, de la Orden de S. Domingo, Morador en los dichos Keynos. Impresso en Val- ladolid, por Francisco Fernandez de Cordova, 1560, small 8vo, of 8 and 96 leaves.",1560,printed,,83,unclear
"Quichua,   Kechhua",,,"The Vocabulary by the same author (see Vocabularies) is generally found annexed to this Grammar. Both are reprinted in : Arte y Vocabulario en la Lengua general del Peru, llamada Quichua y en la Lengua Espanola. En la Ciudad de los Reyes, por Ant. Eicardo, 1586, small 8vo.",1586,printed,,83,unclear
"Quichua,   Kechhua",,,"The Vocabulary has a separate title, given by Brunet, IV, p. 676 : Voca-",,printed,,83,unclear
"Quichua,   Kechhua",,,"bulurio en la Lengua general del Peru llamada Quichua y en la Lengua Espafiola. ~En los Reyes, por Ant. Eicardo, 1586, small 8vo.",1586,printed,,83,unclear
"Quichua,   Kechhua",,Antonio,"The preface of this Vocabulary is signed ""Eicardo."" Eivero and Tschudi name ANTONIO EICARDO as the author of the Vocabulary and Grammar.",,printed,,83,unclear
"Quichua,   Kechhua",,Diego,DIEGO DE TORRES EUBIO (see Vocabularies above).,,printed,,83,unclear
"Quichua,   Kechhua",,Diego,"P. DIEGO GONZALES HOLGTJIN, de la Compania de Je*sus, Natural de Caceres, Gramatica y Arte nueva de la Lengua general de todo el Peru llamada Quichua, 6 Lengua del Inca, anadida y cumplida, en todo lo que le faltava de tiempos y de la Gramatica, y recogida en forma de Arte lo mas necesario en los do",1607,printed,,83,unclear
"Quichua,   Kechhua",,,"Keprinted : Nueva Edicion, revista y corregida s. 1. Genova, Pagano, 1842, 8vo, pp. 320.",1842,printed,,83,unclear
"Quichua,   Kechhua",,Alonso,"D. ALONSO DE HUERTA, Arte de la Lengua Quechua general de los Yndios de este Reyno del Peru. Impresso por Francisco del Canto, En los Reyes, 1616, 4to, of 8 and 40 leaves.",1616,printed,,83,unclear
"Quichua,   Kechhua",,,"A MS. copy of this Grammar was in the library of M. Chautnette des Fossees (see MSS., p. 162).",,manuscript,in the library of M,83,unclear
"Quichua,   Kechhua",,Didac,"DIDAC. DE OLMOS, Gramatica de la Lengua Indica. Lima, 1633, 4to. (Tschudi has ""1634."")",1633,printed,,83,unclear
"Quichua,   Kechhua",,Juan,"D. JUAN Eoxo MEXIA T OCON, Natural de la Ciudad del Cuzco, Arte de la Lengua general de los ludios de Peru. Impresso en Lima, por Jorge Lopez de Herrera, 1648, small 8vo, of 18 and 88 pp.",1648,printed,,83,unclear
"Quichua,   Kechhua",,Esteban,"El Bachiller Don ESTEBAN SANCHO DE MELGAR, Arte de la Lengua general del Ynga llamada Qqechhua. Lima, Diego de Lyra, 1691, 8vo.",1691,printed,,83,unclear
"Quichua,   Kechhua",,Viii,"Langue du Perou, pp. 525—533 of Vol. VIII of : COURT DE GEBELIN, Monde Primitif. Paris, 1772, 4to. Eeprinted, pp. 334—336 of : J. B. Scherer, Eecher- ches Historiques et Geographiques sur le Nouveau Monde. Paris, Brunet, 1777, 12mo.",1772,printed,,83,unclear
"Quichua,   Kechhua",,Gilii,"GILII, Saggio, Vol. Ill, pp. 233—243.",,printed,,83,unclear
"Quichua,   Kechhua",,,"Mithridates, Vol. Ill, pp. 526—534.",,printed,,83,unclear
"Quichua,   Kechhua",,D'Orbigny,"A. D'ORBIGNY, L'Homme Americain, Vol. I, pp. 272—274.",,printed,,83,unclear
"Quichua,   Kechhua",,Mariano,"La Lengua Quichua, Cap. V, pp. 86—115, of: MARIANO EDTJARDO DE EIVERA y JUAN DIEGO DE TSCHUDI, Antiguedades Peruanas. I'ienna, imprenta imperial, 1851, 4to.",1851,printed,,83,unclear
"Quichua,   Kechhua",,Tschudi,"J. J. VON TSCHUDI, Die Kechua Sprache. Erste Abtheilung : Sprachlehre. Zweite Abtheilung : Sprachproben. Dritte Abtheilung : Worterbuch. Wien, K.K. Hof und Staatsdruckerci, 1853, 3 vols.Svo ; pp. iv, 268; vi, 110, 1 ; viii, 508, 2.",1853,printed,,83,unclear
"Quichua,   Kechhua",,Clements,"On the Language and Literature of the Incas, pp. 161 — 201 of : Crzco, A Journey to the Ancient Capital of Peru, with an Account of the History, Language, Literature, and Antiquities of the Incas. And : Lima ; a Visit to the Capital and Provinces of Modern Peru ; with a Sketch of the Viceregal Gover",1856,printed,,83,unclear
"Quichua,   Kechhua",,,"A Sketch of the Grammar, etc., of the Incas, with Vocabularies and Specimens of Composition in Quichua ; Appendix A of the above work, pp. 389 — 408.",,printed,,83,unclear
Dialects,leng1264,,"1. Quito. — Breve instruction 6 Arte de la Lengua Commune de los Indies, segun que se habla en la Provincia de Quito. Lima, en la imprenta de la Plazuela de San Christoval, 1753, small 8vo.",1753,printed,,83,unclear
Dialects,leng1264,Jtjan,"2. Chinchaisuya. — Vocabulario de la Lengua Chinchaisuyo, por JTJAN DE FIGTJEEEDO (see Vocabularies above, sub voce: DE TOEEES EUBIO).",,printed,,83,no
Dialects,leng1264,Tschudi,"J. J. YON TSCHUDI, Peru. Reiseskizzen aus den Jahren 1838 — 1842. Sanct Gallen, 1846, 2 vols. 8vo j Vol. II, p. 379 ; also in the first part of: Die Kechua- sprache, pp. 257—262.",1838,printed,,83,no
Dialects,leng1264,,"3. Yunga (see under Yunga, regular Alphabet).",,printed,,83,unclear
Dialects,leng1264,,"A MS. Grammar, late of the library of Wilhelm von Humboldt, is now in the Royal Library at Berlin.",,manuscript,"library of Wilhelm von Humboldt, is now in the Royal Library at Berlin",83,unclear
Dialects,leng1264,,"In the library of the late French Consul at Peru, M. Amede""e Chaumette des Fossees (Catalogue, Paris, Labitte, 1842, 8vo), many linguistic MSS. concerning Peru were contained, viz. —",1842,manuscript,"In the library of the late French Consul at Peru, M",83,unclear
Dialects,leng1264,Alonzo,"ALONZO DE HUEETA, Arte de la Lengua Quechua (Catal., p. 50, No. 574).",,printed,,83,no
Dialects,leng1264,,"Arte de la Lengua general del Inca llamada Quichua. MS. on paper, 12mo (Catal., p. 50, No. 575).",,manuscript,,83,unclear
Dialects,leng1264,,"Vocabulario de la Lengua de los Campos en la Pampa del Sacramento nel Peru. MS. on paper, 4to.",,manuscript,,83,unclear
Dialects,leng1264,,"Copied from a MS. in possession of D. Manuel Arnes, Governor of Anda- namarca (Catal., p. 51, No. 581).",,manuscript,possession of D,83,unclear
Dialects,leng1264,,"Vocabulario de la Lengua Passa 6 Setaba. MS. on paper, 1795, 8vo, oblong (Catal., p. 51, No. 582).",1795,manuscript,,83,unclear
Dialects,leng1264,,"Arte de la Lengua Cholona, advertencias para el idioma Chiriguano. 2 vols. 12mo, MS. on paper (Catal,, p. 51, No. 583).",,manuscript,,83,unclear
Dialects,leng1264,Buenayenttjea,"Vocabulario de la Lengua Caniba, por el P. BUENAYENTTJEA MAEQUES, predi- cador en Ucayali (Escrito en favor del Colegio de Ocopa), MS. 4to (Catal., p. 51, No. 584).",,manuscript,,83,no
Dialects,leng1264,,.Cuaderno que contienc el Voeabulario en Lengua del Inca segun se habla en el,,printed,,83,unclear
Dialects,leng1264,Geronimo,"Obispado de Maynas y Ucayali, eserito por el Herrnano Fray GERONIMO DE LOS DOLOEES Y LECETA, Conversor de los Pueblos de Pisqui y Cuntamana de Manca, Mayo 21, 1814. In the Missionary Convent of Santa Kosa de Ocopa, province of Jauja. (See Tschudi's Vocabulary, preface, p. vii.)",1814,printed,,83,no
"Riccauees,",,,"Ricaras, Aricaras ; also, Satrahe. Indians of the Pawnee stock, on the right banks of the Missouri.",,printed,,83,unclear
"Riccauees,",,Catlin,"Riccaree Vocabulary in : GEO. CATLIN, Letters and Notes on the Manners, Customs, and Condition of the North American Indians. Fourth edition. London and New York, Wiley and Putnam, 1842, 2vols. 8vo; Vol. II, pp. 262-265.",1842,printed,,83,unclear
"Riccauees,",,Maximilian,"Reise des Prinzen MAXIMILIAN zu WIED. Collenz, 1839 — 1841, 2 vols. 4to ; Vol. II, pp. 465—474.",1839,printed,,83,unclear
"Riccauees,",,Maximilian,"Fifteen Riccaree Words (from Prince MAXIMILIAN) compared with Pawnee, Kichai, Witchita, and Nueco, pp. 68, 69 of : Report upon the Indian Tribes (added to Lieutenant A. W. Whipple's Report in : Pacific Railroad Report, Vol. II. Washington, 1856, 4to).",1856,printed,,83,unclear
"Riccauees,",,,"Indians in the neighbourhood of Monterey, California. The Achastliers speak a dialect of the same language.",,printed,,83,unclear
"Riccauees,",,,"J. F. BotTRGOiNa, Relation d'uu Voyage recent des Espagiiols sur les C6tes Nord- ouest de 1'Amerique septentrionale. Paris, 1789, 8vo, p. 78. Third edition. Paris, 1803, 8vo.",1789,printed,,83,unclear
"Riccauees,",,,"German translation — Jena, 1789, 8vo.",1789,printed,,83,unclear
"Riccauees,",,,"Relacion del Viage hecho por las Goletas Sutil y Mexicana en el anno de 1792, para reconocer el estrecho de Fuca, etc. Madrid, en la imprenta real, 1802, 8vo j pp. 172, 173.",1792,printed,,83,unclear
"Riccauees,",,,"P. 127 of: Transactions of the American Ethnological Society, Vol. II.",,printed,,83,unclear
"Riccauees,",,Perouse,"DE LA PEROUSE, Voyage autour du Monde, etc. Paris, 1797, 4 vols. 4to j Vol. I, Chap. 12.",1797,printed,,83,unclear
"Riccauees,",,,"Translation— London, Robinson, 1799, 2 vols. 4to.",1799,printed,,83,unclear
"Riccauees,",,Xxxi,"German translation, by J. R. Forster and Math. Chr. Sprengel. Berlin, Voss, 1799, 1800, 2 vols. 8vo; Vol. I, p. 388. (From: Magazin der inerk- wiirdigsten Reisebeschreibungen. Berlin, Voss, 1790—1810, XXXI, 8vo.)",1799,printed,,83,unclear
"Riccauees,",,Sabuja,104 SABUJA SACRAMENTO INDIANS.,,printed,,83,unclear
"Riccauees,",,Morellet,"Archives Litte""raires de 1'Europe, 1804. (Publies par une Societe de Gens de Lettros, Messrs. Su AED, MORELLET, DEGERANDO, etc.) Paris and Tubingue, 1804— 1808, XVII, 8vo ; No. IV, p. 87 (from BOUEGOING).",1804,printed,,83,unclear
"Riccauees,",,Humboldt,"A. DE HUMBOLDT, Essai Politique sur le Eoyaume de la Nouvelle Espagne. Paris, F. Schoell, 1811, 2 vols. 4to ; Vol. I, p. 321.",1811,printed,,83,unclear
"Riccauees,",,Bouegoing,"Mithridates, Vol. Ill, part 3, p. 205 (from BOUEGOING, and Achastliers from DE LAM ANON) .",,printed,,83,unclear
"Riccauees,",,Balbi,"BALBI, Atlas Ethnographique, Tab. XLI, No. 830.",,printed,,83,unclear
"Sabuja,  Kiribi",,,"Or Cariri. Two tribes of christianized Indians, in the Brazilian province Bahia, near Cochoeira, now inhabiting the villages Caranquejo and Villa da Pedra Branca. Their languages are nearly the same.",,printed,,83,unclear
"Sabuja,  Kiribi",,Heevas,"HEEVAS, Vocabolario Poliglotto, pp. 161 et seq., 237 (numerals 1 — 10). Hervas derives the Kiriri from the Charib).",,printed,,83,unclear
"Sabuja,  Kiribi",,Heryas,"HERYAS, Saggio, p. 108, and "" Dialetto Kozzo,"" p. 109.",,printed,,83,unclear
"Sabuja,  Kiribi",,Spix,"J. B. YON SPIX and F. PH. YON MAETIUS, Eeise in Brasilien. Miinchen, 1823 — 1831, 3 vols. 4to; Vol. II, p. 615 (Sabuja).",1823,printed,,83,unclear
"Sabuja,  Kiribi",,,"Mithridates, Vol. Ill, pp. 466, 469.",,printed,,83,unclear
"Sabuja,  Kiribi",,Kalbi,"KALBI, Atlas Ethnographique, Tab. XLI, No. 509 (Kiriri, dialect Sabuja).",,printed,,83,unclear
"Sabuja,  Kiribi",,Vincencio,"P. Luis VINCENCIO MAMIANI, E S. J., Avte de Graramatica da Lingua Bra- silica da Nacam Kiriri. Lisboa, Miguel les Condes, 1699, 18mo, pp. 124.",1699,printed,,83,unclear
"Sabuja,  Kiribi",,,"The same author has published : Catecismo da Doutrina Christiana, na Lingua Brasil da Na§a5 Kiriri. Lisboa, 1698, 8vo.",1698,printed,,83,unclear
"Sabuja,  Kiribi",,,"German translation — Grammatik der Kiriri Sprache. Aus dem Portugies- ischen des P. Mamiani, iibersetzt von H. C. von der Gabelentz (Beitrage zur Sprachenkunde, 3s Heft). Leipzig, Brockhaus, 1852, 8vo, pp. 62.",1852,printed,,83,unclear
"Sabuja,  Kiribi",,,"Mithridates, Vol. Ill, pp. 468, 469.",,printed,,83,unclear
Sacramento  Indians,,James,"The Indians Hying on the Upper Sacramento River, in California, were .visited by JAMES D. DANA, attached to the United States Exploring Expedition ; DANA could not, however, learn the name",,printed,,83,unclear
Sacramento  Indians,,Saki,SAKI SAINT JOHN'S INDIANS. 165,,printed,,83,unclear
Sacramento  Indians,,Dana,"of the tribe. The Pujuni, Sekumne, and Tsamak live on the western banks. DANA has likewise collected vocabularies of their languages.",,printed,,83,unclear
Sacramento  Indians,,Hale,"HOK. HALE, Ethnography and Philology of United States Exploring Expedi- tion. Philadelphia, Lea and Blanchard, 1846, folio ; pp. 630, 631, 632, 633.",1846,printed,,83,unclear
Sacramento  Indians,,,"Reprinted in : Transactions of the American Ethnological Society, Yol. IT, pp. 122. 124, 125.",,printed,,83,unclear
Sacramento  Indians,,Adam,"Words of the Language of the Indians near to Mag Readings, on the upper water of the Sacramento River, by ADAM JOHNSON, pp. 414, 415 of Vol. IV of : Schoolcraft's Indian Tribes, United States.",,printed,,83,unclear
"Saki,  Ottogami",,,"Also Sanltees, Sacs, Sakewi, Sawkis or Saques, and the latter Onthagamies, Utagami, Foxes. Two Indian tribes, closely related,, west of the Mississippi. The Kikkapoes speak the same language.",,printed,,83,unclear
"Saki,  Ottogami",,William,"WILLIAM II. KEA.TING, Vocabulary of the Sakewi or Sauk, in : Narrative of an Expedition to the Sources of the St. Peter's River, performed in the year 1823, under the command of Major Stephen H. Long. Philadelphia, Carey and Lea, 1824, 2 vols. 8vo ; Vol. I, Appendix IV, pp. 450—459.",1823,printed,,83,unclear
"Saki,  Ottogami",,Balbi,"BALBI, Atlas Etlmographique, Tab. XLI, No. 806.",,printed,,83,unclear
"Saki,  Ottogami",,Maximilian,"Reise des Prinzen MAXIMILIAN zu WIED. Coblenz, 1839—1811, 2 vols. 4to j Vol. II, pp. 522 et seq., 633 et seq.",1839,printed,,83,unclear
"Saki,  Ottogami",,Keating,"No. IV, 24, of Comparative Vocabulary (pp. 305—367). to A. Gallatin's Sy- nopsis, etc. (Archseologia Americana, Vol. II), and (partly) under Q, IV, 4, p. 113, of the Vocabularies in : Transactions of the American Ethnological Society, Vol. II (from KEATING).",,printed,,83,unclear
"Saki,  Ottogami",,Saint,".SAINT JOHN'S INDIANS, ETCHEMINS.",,printed,,83,unclear
"Saki,  Ottogami",,,A tribe of the Etchemins} speaking the same language as the Passamaquoddies. They belong to the Lenape stock.,,printed,,83,unclear
"Saki,  Ottogami",,Joan,"JOAN. DE LAET, Novus Orbis, seu Descriptionis India) occidentalis, libri XVIII. Lnyduni Batavorum, Elzevir, 1633, folio, p. 51.",1633,printed,,83,unclear
"Saki,  Ottogami",,,"French translation— Histoire du Nouveau Monde. Leyde, Elzevir, 1610, folio.",1610,printed,,83,unclear
"Saki,  Ottogami",,Hervas,"Dutch translation — Leyden, Elzevir, 1644, folio. HERVAS, Vocabolario Poliglotto, p. 240 (numerals). SMITH BARTON, New Views, etc. — Comparative Vocabularies.",1644,printed,,83,unclear
"Saki,  Ottogami",,Ellas,"KEV. ELLAS KELLOGG, Vocabulary of Words in the Language of the Quoddy Indians (Passamaquoddi, i. e., Pollock-fish), located in Perry, Pleasant Point, State of Maine, on the waters of the Schoodak, adjoining the British Provinces (Collec- tion of the Historical Society of Massachusetts, Third Series,",1833,printed,,83,unclear
"Saki,  Ottogami",,Kellogg'S,"No. IV, 13 (Etchemius Passamaquoddi), of the Comparative Vocabulary (pp. 305 — 367) to A. Gallatin's Synopsis, etc. (Archgeologia Americana, Vol. II) ; and (partly) under O, IV, 4, p. 109, of Vocabularies, in : American Ethnological Society's Transactions, Vol. II (from KELLOGG'S and TREAT'S MS. not",,manuscript,,83,unclear
"Saki,  Ottogami",,David,"DAVID TENESLES, by Joseph Barratt, M.D., The Indian of New England (see Mikmak).",,printed,,83,unclear
"Saki,  Ottogami",,Hale,"H. HALE, Remarks on the Language of the St. John's or Colastukweck Indians, with a Penobscot Vocabulary. Boston, 1834, 8vo ; printed for the author.",1834,printed,,83,unclear
Saliva,sali1298,,"Indians on the left banks of the Orinoco, between the rivers Guaviare and Meta, in the New Granadian province Boyaca. Dialects of their language are spoken by the Atures, Quaquas (whom the Tamanaques call "" Mapoje""), and the Macos, or Piaroas.",,printed,,83,unclear
Saliva,sali1298,Ilii,"G-ILII, Saggio di Storia Americana, Vol. Ill, p. 212. HERVAS, Saggio, pp. Ill, 230, 231. HERVAS, Vocabolario Poliglotto, pp. 161 et seq. Mithridates, Vol. Ill, pp. 628—629 (from GILII and HERYAS). BALBI, Atlas Ethnographique, Tab. XLI, No. 604.",,printed,,83,no
Saliva,sali1298,,"Mithridates, Vol. Ill, pp. 624—627.",,printed,,83,unclear
Sankikani,,,"Ojibway tribe, late of the eastern banks of the Hudson. A kindred dialect of this language was spoken by some of the Indians of New Sweden.",,printed,,83,unclear
Sankikani,,Joan,"A short Vocabulary, pp. 75, 76 of: JOAN. DE LAET, Novus Orbis, seu Descrip- tionis Indise occidentalis, libri XVIII. Lugduni Batavorum, Elzevir, 1633, folio. French translation — Ibid., 1640, folio. Dutch translation — Ibid., 1644, folio.",1633,printed,,83,unclear
Sankikani,,,"German translation in : (J. Jo. Schwabe) Allgemeine Historic der Eeisen zu Wasser und Lande (Amsterdam, Arkstee, 1747 — 1774, 21 vols. 4to), Vol. XVI, pp. 605 et seq.",1747,printed,,83,unclear
Sankikani,,Smith,"SMITH BAKTON, New Views, etc. — Comparative Vocabularies. Mithridates, Vol. Ill, part 3, pp. 374—376 (from DE LAET). BALBI, Atlas Ethnographique, Tab. XLI, No. 811.",,printed,,83,unclear
Sankikani,,Laet,"No. IV, 19, B, p. 371, of the Vocabularies to A. Gallatin's Synopsis, etc. (ArchaBologia Americana, Vol. II ; from DE LAET).",,printed,,83,unclear
Santa  Barbara,,,Indians of California; Mission S. Barbara.,,printed,,83,unclear
Santa  Barbara,,,"Mithridates, Vol. Ill, part 3, pp. 201, 202, 205.",,printed,,83,unclear
Santa  Barbara,,,"The words taken from : An Historical Journal of the Expeditions by Sea and Land to the North of California, in 1768, 1769, and 1770, when Spanish Establishments were first made at San Diego and Monterey. From a Spanish MS., translated by ""William Revely, Esq. Published by A. Dal- rymple. London, Elm",1768,manuscript,,83,unclear
Santa  Barbara,,,"Extracts translated in : P. F. Bruns and E. A. W. Zimmermann's Reposi- torium fur die Neueste Gfeographie, etc. Tubingen, Cotta, 1792, 1793, 3 vols. 8vo ; Vol. I, p. 25.",1792,printed,,83,unclear
Santa  Barbara,,Balbi,"BALBI, Atlas Ethnographique, Tab. XLI, No. 829.",,printed,,83,unclear
Santa  Barbara,,John,"Vocabulary, by DE. JOHN SCOULER, pp. 247, 249, 251 of : Journal of the Eoyal Geographical Society of London, Vol. XI. London, Murray, 1841, 8vo.",1841,printed,,83,unclear
Santa  Barbara,,,"Reprinted, W, 3, p. 129, of the Vocabularies in : Transactions of the American Ethnological Society, Vol. II.",,printed,,83,unclear
Santa  Barbara,,Sapibokoni,168 SAPIBOKONI SAVANERIC.,,printed,,83,unclear
Sapibokoni,,,Indians of the province of Moxos. Their language is related to the Quichua.,,printed,,83,unclear
Sapibokoni,,Hebvas,"HEBVAS, Vocabolario Poliglotto, pp. 161 et seq. HEEVAS, Aritmetica, p. 102.",,printed,,83,unclear
Sapibokoni,,Heevas,"Mithridates, Vol. Ill, pp. 571, 576 (from HEEVAS). BALBI, Atlas Ethnographique, Tab. XLI, No. 467.",,printed,,83,unclear
Sababeca,,,"Christianized Indians of the Mission of Santa Anna, in the pro- vince of Chiquitos, now Bolivia. Their language is nearly lost, like that of other Chiquito tribes.",,printed,,83,unclear
Sababeca,,D'Orbigny,"Vocabulary of Twenty-three Words : D'ORBIGNY, L'Homme Americain, Vol. I, pp. 163, 164 ; Vol. II, 136, and pp. 172, 173, where a general view of the character of the Sarabeca language is given.",,printed,,83,unclear
"Saste,  Shasties",,,"Indians of south-western Oregon, on the northern frontiers of Upper California.",,printed,,83,unclear
"Saste,  Shasties",,Hale,"No. 10, V, of the Vocabularies of North-western America, pp. 569—629 of: HOE. HALE, Ethnography and Philology of the United States Exploring Expe- dition. Philadelphia, Lea and Blanchard, 1846, folio ; and, F, XXX, pp. 98 — 100, of the Vocabularies in : Transactions of the American Ethnological Soci",1846,printed,,83,unclear
Sayaneric,,,"Indians of the New Granadian province Veraguas, near the village Las Palm as.",,printed,,83,unclear
Sayaneric,,Berthold,"BERTHOLD SEEMANN, The Aborigines of the Isthmus of Panama (Transactions of the American Ethnological Society, Yol. Ill, p. 1, pp. 179—181).",,printed,,83,unclear
Seminoles,cree1270,,"Or, Isty-semole (wild men). Tribe of the Creek Confederacy in Florida. They are said to speak the Muskoghee.",,printed,,83,unclear
Seminoles,cree1270,,"Names of Seminole Chiefs, pp. 9, 10, 30 of : The War in Florida .... by a late Staff Officer. Baltimore, Lewis and Coleman, 1836, 12mo.",1836,printed,,83,unclear
Seminoles,cree1270,,"A Vocabulary of the Seminole Language, pp. 97 — 105 of: Notice of East Florida, with an Account of the Seminole Nation of Indians. By a recent Traveller in the Province. Charleston, South Carolina, 1822, 8vo.",1822,printed,,83,unclear
Seminoles,cree1270,,"A Vocabulary of the Seminole Language, pp. 90 — 108 of : Sketch of the Semi- nole War, and Sketches during a Campaign, by a Lieutenant of the Left Wing .... Charleston, South Carolina, Dan. F. Dowling, 1836, 12mo.",1836,printed,,83,unclear
Senekas,,,"Tribe of the Iroquois, near Buffalo and Niagara, in western New York.",,printed,,83,unclear
Senekas,,Heevas,"HEEVAS, Vocabolario Poliglotto, p. 239 (numerals).",,printed,,83,unclear
Senekas,,Smith,"SMITH BARTON, New Yiews, etc.— Comparative Vocabularies, and Appendix, p. 20.",,printed,,83,unclear
Senekas,,Smith,"Mithridates, Vol. Ill, part 3, pp. 318, 334, 335 (from SMITH BARTON).",,printed,,83,unclear
Senekas,,,"A short Vocabulary in the Language of the Seneca Nation, and in English. Ung-eish-neut ten-au-geh noh-nuh, yoh-weh-neut-sah eng-lish. London, printed by W. and S. Graves, 1818, 8vo, pp. 35.",1818,printed,,83,unclear
Senekas,,,"Annual Report, Civilization of Indian Tribes. Newhaven, 1824, 8vo, pp. 63—65.",1824,printed,,83,unclear
Senekas,,Balbi,"BALBI, Atlas Ethnographique, Tab. XLI, No. 798 (Seneca or Macehachtini).",,printed,,83,unclear
Senekas,,Gallatin'S,"No. V, 29, of the Comparative Vocabulary (pp. 305 — 367) of A. GALLATIN'S Synopsis, (Archseologia Americana, Vol. II). Eeprinted (partly) under E, V, 2, p. 114, of the Vocabularies in : American Ethnological Society's Transactions, Vol. II.",,printed,,83,unclear
Senekas,,Severnovskia,170 SEVERNOVSKIA SHAHAPTAN.,,printed,,83,unclear
Senekas,,,"Seneca Vocabulary (of 452 Words and Phrases), from a MS. in the War Depart- ment of the United States, pp. 381 — 597 of A. Gallatin's Synopsis, etc., in : Archseologia Americana, Vol. II.",,manuscript,"in the War Depart- ment of the United States, pp",83,unclear
Senekas,,Timothy,"Seneca Appellative Words, Note B, pp. 158 — 164, of : Eev. TIMOTHY ALDEN, An Account of sundry Missions performed among the Senecas and Munsees. New York, printed by J. Seymour, 1827, 18mo, pp. 180.",1827,printed,,83,unclear
Senekas,,,"Vocabulary of Concrete Terms and Conversational Forms, 16 pp. at the end of : Diahsawahgwah Gayadoshah. Boston, Crocker and Brewster, 1836, 8vo, pp. 42.",1836,printed,,83,unclear
Senekas,,Pabkee,"Seneca Vocabulary (from ELY S. PABKEE, SCHOOLCEAFT, etc.), in Comparative Vocabulary of the Iroquois, pp. 393— 400 of : H. E. Schoolcraft, Notes on the Iroquois. Albany, Pease and Co., 1847, 8vo.",1847,printed,,83,unclear
Senekas,,Weight,"Diahsawahgwah Gayadoshah. Eeading Lessons, by Eev. A. WEIGHT, Mis- sionary. Boston, Crocker and Brewster, 1836, 8vo, pp. 42.",1836,printed,,83,unclear
Senekas,,Weight'S,"Eev. A. WEIGHT'S System of Writing the Seneca — is given in the preface to : Gaa-na-shoh-ne Deowaahsaonyohgwah Na wen ni yuh (Hymns) Dosyowa (Buffalo Creek). Mission Press, 1843, 18mo, pp. 136.",1843,printed,,83,unclear
Senekas,,Lewis,"Table, exhibiting in the Seneca Dialect the conjugation of the Verb "" Ge-jase,"" "" I shoot,"" Appendix II, pp. 475 — 477 of: LEWIS H. MOEGAN, League of the Ho-de-no-sau-nee, or Iroquois. Rochester, Sage and Brother, 1851, 8vo.",1851,printed,,83,unclear
Senekas,,,"G6-wana Gwo-ih sat' hah you de yas dah' gwah — a Spelling-book in the Seneca Language, with English definitions. Buffalo Creek Reservation, Mission Press, 1842, 12mo, pp. 112.",1842,printed,,83,unclear
"Severnovskia,  Severnovzer",,,"Or, fc Northerners."" Indians. north of Bodega Bay. They call themselves Chwachamaja.",,printed,,83,unclear
"Severnovskia,  Severnovzer",,Kosteomitov,"Woerter aus zwei Sprachen Neu Kaliforniens von KOSTEOMITOV. Severnovzi (Chvachamaja), pp. 234— 254 of: X. E. VON BAEE und GE. VON HELMEESEN, Beitrage zur Kenntniss des Eussischen Reichs, Band I. St. Petersburg, 1839, 8vo. (Russian, German, and Severnovze, printed in Eussian type.)",1839,printed,,83,unclear
"Shahaptan,  Chopunish,  Sahaptin",,,"The Nez-perces of the Canadians. The Kliketat, near Mount Rainier, the Walla- Wallas, and the OJcanagan, on the upper part of Frazer's River, speak kindred dialects.",,printed,,83,unclear
"Shahaptan,  Chopunish,  Sahaptin",,John,"Kliketat, Shahaptan, and Okanagan Yocabularies, by Dr. JOHN SCOTTLER, in : Journal of the Eoyal Geographical Society of London, Vol. XI (London, 1841, 8vo), pp. 236, 238, 240 ; and",1841,printed,,83,unclear
"Shahaptan,  Chopunish,  Sahaptin",,,"Shahaptan, Wallawalla, and Kliketat Words, by same, pp. 250—252 of: Journal of the Ethnological Society of London, Vol. I. Edinburgh, 1848, 8vo.",1848,printed,,83,unclear
"Shahaptan,  Chopunish,  Sahaptin",,Joel,"Words used in the Nez-perce Language, pp. 152 — 157 of: JOEL PALMER, Journal of Travel over the Eocky Mountains to the Mouth of the Columbia Elver. Cincinnati, J. A. and U. P. James, 1847, 12mo.",1847,printed,,83,unclear
"Shahaptan,  Chopunish,  Sahaptin",,Latham,"Salish and Okanagan Words, p. 158 of: E. G. LATHAM, The Languages of the Oregon Territory, pp. 154—166 of: Journal of the Ethnological Society of London, Vol. I. Edinburgh, 1848, 8vo.",1848,printed,,83,unclear
"Shahaptan,  Chopunish,  Sahaptin",,Hokatio,"Sahaptin Vocabulary, divided into — 1, M. Sahaptin (Nez-perces). 2, N. Wal- lawalla, which is again divided into — a. i. Pelus (Peloses) ; b. j. Joakema (Yakemas) ; c. Jc. Tlakatat (Klikatats) ; pp. 569—629 of : HOKATIO HALE, Ethnography and Philology of the United States Exploring Expedition. Phila",1846,printed,,83,unclear
"Shahaptan,  Chopunish,  Sahaptin",,,"The Vocabulary M reprinted in : Transactions of the American Ethnological Society, Vol. II, pp, 88, 90, 92, 94.",,printed,,83,unclear
"Shahaptan,  Chopunish,  Sahaptin",,Samuel,"Vocabulary of the Nez-perce Language, pp. 327 — 330, and Vocabulary of the Clicatat Nation who inhabit the country north of the Cascades, pp. 330 — 333 of: Ecv . SAMUEL PARKER, Journal of an Exploring Tour beyond the Eocky Moun- tains, under the direction of the American Board of Commissioners for F",1835,printed,,83,unclear
"Shahaptan,  Chopunish,  Sahaptin",,Alexander,"Vocabulary of the Languages spoken by the Nez-perces and other tribes inhabiting the country about the Great Forks of Columbia Eiver, pp. 313 — 322 of Vol. I of : The Fur Hunters of the Far West, by ALEXANDER Eoss, 2 vols. 8vo. London, 1855.",1855,printed,,83,unclear
"Shahaptan,  Chopunish,  Sahaptin",,,"Nez-perceV First Book. Designed for Children and New Beginners. Clear Water Mission Press, 1839, 18mo, pp. 20.",1839,printed,,83,unclear
"Shahaptan,  Chopunish,  Sahaptin",,Kokatio,"Sahaptin Family (Grammatical Notes), pp. 542—561 of: KOKATIO HALE, Ethnography and Philology, United States Exploring Expedition. Philadelphia, Lea and Blauchard, 1846, folio ; and : Transactions of the American Ethnological Society, Vol. II, pp. 34—55.",1846,printed,,83,unclear
"Shawanoe,  Shawanees",,,"Formerly of Pennsylvania, Ohio, and Kentucky ; afterwards in Indiana and Illinois, now west of Missouri. They were divided into the tribes — Piqua, Mequachake, Kiskapocoke, and Chili- cothe.",,printed,,83,unclear
"Shawanoe,  Shawanees",,Long,"Shawanee Vocabulary, p. 209 of : J. LONG, Voyages and Travels of an Indian Interpreter and Trader, etc. ; to which is added a List of Words in the Shawanee Tongues. London, Robson, et al., 1791, 8vo.",1791,printed,,83,unclear
"Shawanoe,  Shawanees",,,"German translations — Hamburgh, 1791, 8vo, by G-. Forster. Berlin, Yoss, 1792, 8vo (part of : Geschichte der Reisen die seit Cook an die Nord- westkiiste von America unternommen worden sind. Aus dem Englischen von G. Forster. Berlin, Voss, 1791, 1792, 3 vols. 4to, and 3 vols. 8vo), and together with",1791,printed,,83,unclear
"Shawanoe,  Shawanees",,Heevas,"HEEVAS, Vocabolario Poliglotto, p. 240 (numerals).",,printed,,83,unclear
"Shawanoe,  Shawanees",,Heevas,"HEEVAS, Saggio, p. 126.",,printed,,83,unclear
"Shawanoe,  Shawanees",,Smith,"SMITH BAETON, New Views, etc. — Comparative Vocabularies.",,printed,,83,unclear
"Shawanoe,  Shawanees",,Btjtlab,"Mithridates, Vol. Ill, part 3, pp. 343—346, 360—362 (from Generals BTJTLAB and GIBSON).",,printed,,83,unclear
"Shawanoe,  Shawanees",,John,"Vocabulary of the Language of the Shawanoese, pp. 287 — 292, and : Names of Rivers, by the Shawanoese, pp. 297, 298 of: JOHN JOHNSTON, United States Indian Agent at Piqua, Account of the Present State of the Indian Tribes inhabiting Ohio (Archseologia Americana, Vol. I, pp. 269 — 299).",,printed,,83,unclear
"Shawanoe,  Shawanees",,,"Forty-five Words in Shawanese are given in the : Comparative Vocabulary of Professor T. SAY, in Note 15, pp. 135 — 145, to John Pickering's edition of Dr. Edwards's Observations on the Mohegan Language (Collections of the Massa- chusetts Historical Society, Vol. X of the Second Series. Boston, print",1823,printed,,83,unclear
"Shawanoe,  Shawanees",,Balbi,"BALBI, Atlas Ethnographique, Tab. XLI, No. 805.",,printed,,83,unclear
"Shawanoe,  Shawanees",,Cummings,"Shawnee Vocabulary, by ME. CUMMINGS, Indian Agent, pp. 470 — 481 of Vol. II of: Schoolcraft's Indian Tribes of the United States.",,printed,,83,unclear
"Shawanoe,  Shawanees",,Gallatin'S,"IV, 23, of the Comparative Vocabulary (pp. 305—367) to A. GALLATIN'S Synopsis, etc. (Archseologia Americana, Vol. II) ; and (partly) under Q, IV, 3, p. 113, of the Vocabularies in : Transactions of the American Ethnological Society.",,printed,,83,unclear
"Shawanoe,  Shawanees",,Jeffeeson,"(From MS. Notices of JEFFEESON, in the War Department, and from BAETON, GIBSON, BUTLAE, and PAESONS.)",,manuscript,"in the War Department, and from BAETON, GIBSON, BUTLAE, and PAESONS",83,unclear
"Shawanoe,  Shawanees",,Shebayi,SHEBAYI — SHINICOOKS. 173,,printed,,83,unclear
"Shawanoe,  Shawanees",,Whiffle,"Shawnee Vocabulary, taken by Lieutenant A. W. WHIFFLE, pp. 56 — 60 of: Whipple, Thomas Ewbank, and Professor W. W. Turner's Eeport upon the Indian Tribes ; added to his Report on the Eoute near the 35th Parallel in : Pacific Kailroad Eeports. Washington, 1856, 4to.",1856,printed,,83,unclear
"Shawanoe,  Shawanees",,Heckewelder,"Rev. M. HECKEWELDER, A Vocabulary of the Shawano, taken from the mouth of a white woman who had been twenty years a prisoner with that nation. (MS. in the library of the American Philosophical Society at Philadelphia).",,manuscript,in the library of the American Philosophical Society at Philadelphia),83,unclear
"Shawanoe,  Shawanees",,,"A Comparative Vocabulary of the Lenni Lenape Proper, the Minsi dialect, the Mohicanni, Natik or Nadik, Chippeway, Shawano, and Nanticoke. (MS. in the same library.)",,manuscript,in the same library,83,unclear
"Shawanoe,  Shawanees",,Howse,"J. HOWSE, Vocabularies of certain North American Indian Languages, Shawnee (Miami River), Nipissing, Brunswick, Duplicate Blackfoot, pp. 102—113 : Pro- ceedings of Philological Society, Vol. IV. London, 1850.",1850,printed,,83,unclear
"Shawanoe,  Shawanees",,Btttlar'S,"Mithridates, Vol. Ill, part 3, pp. 354—356 (from General BTTTLAR'S MS.)",,manuscript,,83,unclear
"Shawanoe,  Shawanees",,Johnston,"Siwinowe Eawekitake. Shawnee Speller and Reader, by JOHNSTON LTKINS. Shawanoe Mission. J. Meeker, printer, 1834, 18mo, pp. 54.",1834,printed,,83,unclear
"Shawanoe,  Shawanees",,,"Summary of the same (by Pratt). Ibid., 1838, ISmo, pp. 24.",1838,printed,,83,unclear
Shebayi,,,"Indians of French Guyana,, near Cayenne.",,printed,,83,unclear
Shebayi,,Joan,"A short Vocabulary (compared with Arrowac and Yaoi), pp. 642—643 of: JOAN. DE LAET, Novus Orbis, etc. Lugduni Batavorum, 1633, folio.",1633,printed,,83,unclear
"Shinicooks,  Montauk",,,"Indians of Long Island, neighbours of the Unschagogs and Montauks, who spoke kindred dialects.",,printed,,83,unclear
"Shinicooks,  Montauk",,Silas,"SILAS WOOD, Sketch of the First Settlement of the several Towns on Long Island. Brooklyn, 1824, 8vo. Reprinted, ibid., Spooner, 1828, 8vo, pp. 182.",1824,printed,,83,unclear
"Shinicooks,  Montauk",,John,"Gives a MontauJc Vocabulary (from a MS. of JOHN GARDINEK), which is",,manuscript,,83,unclear
"Shinicooks,  Montauk",,Wood,"Reprinted in : James Macauley, The Natural, Statistical, and Civil History of the State of New York. New York, Gould and Banks, and Albany, Will. Gould and Co., 1839, 3 vols. 8vo ; in Vol. II, pp. 263, 264, 265 ; and (from WOOD) the Montauk Words are given in :",1839,printed,,83,unclear
"Shinicooks,  Montauk",,,"No. IV, 18 (Montaucs, Long Island), of the Comparative Vocabulary (pp. 305 —",,printed,,83,unclear
"Shinicooks,  Montauk",,,"367) to A. Gallatin's Synopsis, etc. (Archseologia Americana, Vol. II) ; and (partly) P, IY, 4 (Long Island), p. Ill, of the Vocabularies in : Transactions of the American Ethnological Society, Vol. II.",,printed,,83,unclear
"Shinicooks,  Montauk",,Thomas,The MS. of THOMAS JEFFERSON'S Vocabulary of the Language of the TJnquachog Indians is in the library of the American Philosophical Society at Philadelphia.,,manuscript,in the library of the American Philosophical Society at Philadelphia,83,unclear
Shoshonees,,,"Also Snake Indians, Serpens. Indians of the Rocky Mountains, on the sources of the Missouri and Columbia rivers. They are divided into the Shoshones Proper and the Gens de Pitie, or Radigeurs (Root- diggers, by the Spaniards called Maradigos}.",,printed,,83,unclear
Shoshonees,,Wobds,WOBDS AND YOCABT7LAHIES.,,printed,,83,unclear
Shoshonees,,Say'S,"P.lxxix of: T. SAY'S Vocabularies in : Astronomical and Meteorological Eecords and Vocabularies of Indian Languages, taken in the Expedition for Exploring the Mississippi and its Western Waters, under the command of Major J. H. Long. Philadelphia, 1822, 4to.",1822,printed,,83,unclear
Shoshonees,,Eafinesque,"C. S. EAFINESQUE, Atlantic Journal, and Friend of Knowledge. Philadelphia, 1832, 12mo, p. 133.",1832,printed,,83,unclear
Shoshonees,,,"No. xxii, 57, p. 378, of the Vocabularies to A. Gallatin's Synopsis, etc. (Archseologia Americana, Vol. II ; from SAT).",,printed,,83,unclear
Shoshonees,,Maximilian,"Eeise des Prinzen MAXIMILIAN zu WIED, etc. Collenz, 1839—1841, 2 vols. 4to ; Vol. II, p. 635.",1839,printed,,83,unclear
Shoshonees,,Hale,"Vocabularies of Languages of North-western America. N. 12, Shoshoni; x, Shoshonees, Snakes ; y, Wihinasht (Western Shoshonees). Pp. 569—629 of: HOE. HALE, Ethnography and Philology, United States Exploring Expedition. Phila- delphia, Lea and Blanchard, 1846, folio. And in the Vocabularies in : Trans",1846,printed,,83,unclear
Shoshonees,,Latham,"Shoshone Words, p. 159, and Shoshone and Sussee Words compared, p. 161 of: B. G-. LATHAM, The Languages of the Oregon Territory (Journal of the Ethnolo- gical Society of London, Vol. I, pp. 154—166. Edinburgh, 1848, 8vo).",1848,printed,,83,unclear
Shoshonees,,Beeghatjs,"Vergleichendes Worter Verzeichniss der Schoshonen und der Komantschen Sprache (Willinascht), p. 54 of: Dr. BEEGHATJS' Geographisches Jahrbuch, No. III. Gotha, Perthes, 1851, 4to.",1851,printed,,83,unclear
Shoshonees,,Alexandeb,"Snake Language. Vocabulary of Forty-nine Words, on pp. 153 — 154, Vol. I, of : ALEXANDEB, Eoss, Fur Hunters of the Far West ; a Narrative of Adventures in the Oregon and Eocky Mountains, 2 vols., crown 8vo. London, 1855.",1855,printed,,83,unclear
Shoshonees,,,"Seventeen Words of Shoshonee Dialects compared with Kioway, by Professor",,printed,,83,unclear
Shoshonees,,Turner,"W. W. TURNER, p. 80 of the : Eeport upon the Indian Tribes (added to Lieute- nant A. W. Whipple's Keport, Pacific Eailroad Eeports, Yol. II. Washington, 1856, 4to).",1856,printed,,83,unclear
"Shyennes,  Cheyennes",,,"Also, Shara, Shaivhays, on the River Cheyenne, one of the tributaries of the Missouri.",,printed,,83,unclear
"Shyennes,  Cheyennes",,Allatin'S,"Names of Shyenne Chiefs who signed the treaty of July, 1825 (with 'correspond- ing Sioux words), No. YI, 9, p. 379, of the Yocabularies to A. G-ALLATIN'S Synopsis, etc. (Archseologia Americana, Yol. II).",1825,printed,,83,unclear
"Shyennes,  Cheyennes",,Maximilian,"Eeise des Prinzen MAXIMILIAN ztr WIED. Coblenz, 1839 — 1841, 2 vols. 4to ; Yol. II, pp. 487—489.",1839,printed,,83,unclear
"Shyennes,  Cheyennes",,,"Affinities of the Shyenne with Languages of the Algonkin Family, pp. cxiv, cxv; and",,printed,,83,unclear
"Shyennes,  Cheyennes",,Abert,"Yocabulary of the Shyenne Language, with some Notes by Lieutenant J"". W. ABERT, Top. Eng., pp. cxvi — cxviiiof •. Transactions of the American Ethnological Society, Yol. II ; originally in Abert's Eeport of his Examination of New Mexico, in the years 1846, 1847, pp. 417 — 548 of : Notes of a Militar",1846,printed,,83,unclear
"Shyennes,  Cheyennes",,,"Langue deslndiens Cheyennes (numerals), Bulletin de la Societe de Geographie (Paris, 1846, 8vo, Third Series), Tome VI, pp. 384—386.",1846,printed,,83,unclear
"Shyennes,  Cheyennes",,John,"JOHN S. SMITH, Cheyennes Yocabulary, pp. 346 — 459 of Yol. Ill of: School- craft's Indian Tribes of the United States.",,printed,,83,unclear
"Shyennes,  Cheyennes",,Abeet,Lieutenant J. W. ABEET (see Yocabularies).,,printed,,83,unclear
"Sicannis,  Sikanni",,,"Dialect of New Caledonia, related to the Tacullies.",,printed,,83,unclear
"Sicannis,  Sikanni",,Howse'S,"Yocabulary of the Sikanni Dialect of New Caledonia, J. HOWSE'S Yocabularies of certain North American Indian Languages— Sikanni, Chepewyan. I and II, Beaver, I and II, Dialect of New Caledonia. Pp. 192 — 198 of : Proceedings of the Philological Society, Yol. 1Y. London, 1850.",1850,printed,,83,unclear
Sitka,,,"Sitka proper is but a name for King George IIFs Archipel, inhabited by Kolusches. In general, the name Sitka is applied to",,printed,,83,unclear
Sitka,,Gallatin'S,"the languages of some ten tribes, who live between the 50th and 55th degrees of northern latitude. The tribes who speak this lan- guage, and who may number some 6500 souls, are the Chilcart, the most numerous and influential tribe ; Sitka, on King George IIPs Island ; Hoodsunhoo, at Hood's Bay ; Ark",,printed,,83,unclear
Sitka,,Ueet,"Vocabulary of the Languages of the Islands of Cadiack and Oonalaschka, the Bay of Kenay and Sitka Sound, Appendix, No. Ill (pp. 329—337), to : UEET LISIANSKY, A Voyage round the World, in the years 1803—1806. London, John Booth, Longman, Hurst, Kees, Orme, and Brown, 1814, 4to.",1803,printed,,83,unclear
Sitka,,Balbi,"BALBI, Atlas Ethnographique, Tab. XLI, No. 851 (Kolouches de Sitka Sound).",,printed,,83,unclear
Sitka,,Xviii,"Sitca (Koulishen) Vocabulary, under a, XVIII, 2, p. 102, of the Vocabularies in : Transactions of the American Ethnological Society, Vol. II.",,printed,,83,unclear
Sitka,,Latham,"' Sitca, Cadiack, and Tunghaase Words, p. 163 of K. G-. LATHAM, The Languages of the Oregon Territory (Journal of the Ethnological Society of London, Vol. I. Edinburgh, 1848, 8vo, pp. 154—166.)",1848,printed,,83,unclear
"Sketapushoish,  Sheshatapoosh",,,"Also Mountaineers (Montagnards) , or Skoffies (Escopies). Indian tribes west of Labrador, speaking a language closely related to the Knistenaux. (See Massachusetts Indians.}",,printed,,83,unclear
"Sketapushoish,  Sheshatapoosh",,,"Specimen of the Mountaineer, or Sheshatapooshshoish, Skoffie, and Micmac Languages (from an Indian boy, Gabriel), pp. 16—33 of: Collections of the Massachusetts Historical Society for the year 1799, Series I, Vol. VI. Boston, printed by Samuel Hall, 1800, 8vo ; and (from this Vocabulary)",1799,printed,,83,unclear
"Sketapushoish,  Sheshatapoosh",,,"Mithridates, Vol. Ill, part 3, p. 344, 418, 419.",,printed,,83,unclear
"Sketapushoish,  Sheshatapoosh",,Gallatin'S,"No. IV, 11, of the Comparative Vocabularies (pp. 305—307), to A. GALLATIN'S Synopsis, etc. (Archseologia Americana, Vol. II).",,printed,,83,unclear
"Sketapushoish,  Sheshatapoosh",,,"And No. O, IV, 1, p. 108, of the Vocabularies in : American Ethnological Society's Transactions, Vol. II.",,printed,,83,unclear
"Sketapushoish,  Sheshatapoosh",,Allatin'S,"Scoffie Vocabulary— IV, g, p. 369, of the Vocabularies to A. G-ALLATIN'S Synopsis,",,printed,,83,unclear
"Sketapushoish,  Sheshatapoosh",,Souriquois,SOURIQUOIS — STONE INDIANS. 177,,printed,,83,unclear
"Sketapushoish,  Sheshatapoosh",,,"etc., and O, IV, 2, p. 108 of the Vocabularies in: American Ethnological Society's Transactions, Vol. II. ^",,printed,,83,unclear
"Sketapushoish,  Sheshatapoosh",,,"Indians of the Algonquin stock at the Bay of Funcly, Nova Scotia. They are sometimes also called Micmacs.",,printed,,83,unclear
"Sketapushoish,  Sheshatapoosh",,Maec,"MAEC L'ESCAEBOT, Histoire de la Nouvelle France. Paris, Jean Milot, 1609, small 8vo, pp. 888 ; p. 688. Keprinted, Paris, Milot, 1612, small 8vo ; Paris, Adv. Perier, 1618, small 8vo.",1609,printed,,83,unclear
"Sketapushoish,  Sheshatapoosh",,Laet,"A short Vocabulary, p. 53 of: J. DE LAET, Novus Orbis, etc. Lugduni Bata- vorum, 1633, folio.",1633,printed,,83,unclear
"Sketapushoish,  Sheshatapoosh",,Heevas,"HEEVAS, Vocabolario Poliglotto, p. 240 (numerals).",,printed,,83,unclear
"Sketapushoish,  Sheshatapoosh",,Smith,"SMITH BAETON, New Views, etc. — Comparative Vocabularies (from DE LAET).",,printed,,83,unclear
"Sketapushoish,  Sheshatapoosh",,L'Escaebot,"Mithridates, Vol. Ill, part 3, pp. 402—404 (from L'ESCAEBOT).",,printed,,83,unclear
"Sketapushoish,  Sheshatapoosh",,,"No. IV, 12, B, p. 369, of the Vocabularies to A. Gallatin's Synopsis, etc. (Archseologia Americana, Vol. II).",,printed,,83,unclear
Squallyamish,,,"Indians at Puget's Sound, related to the Haeeltzuk and the Indians of Nootka Sound.",,printed,,83,unclear
Squallyamish,,Vocabularies,Wt)RDS AND VOCABULARIES.,,printed,,83,unclear
Squallyamish,,John,"Squallyamish Vocabulary, by DE. JOHN SCOULEE, in: Journal of the Eoyal Geographical Society of London, Vol. XI. London, 1841, 8vo ; pp. 242, 244 — 247.",1841,printed,,83,unclear
"Stone  Indians,   Assineboins,  Assini-",,,"The Stone Indians are the most numerous of any of the tribes inhabiting North-western America. They are about 1,200 to 1,400 tents. They inhabit the mid- country from between the Missouri and Assineboin rivers from within fifty miles of Red River, westward, to the sources of Qu'Appelle River, about ",,printed,,83,unclear
A  A,,,"Saskatchewan. The Iroquois, Mohawk, and Huron are mem- bers of the same class of languages. The place of the Stone Indian is more equivocal ; although generally separated by most authors from the Mohawk (or Iroquois) tongues, it has, by some, been connected with that group. (See also under Dahkotah.",,printed,,83,unclear
A  A,,Howse,"J. HOWSE, Vocabularies of certain American Indian Languages— Stone Indian, Iroquois, Mohawk, Huron, pp. 113—121 of: Proceedings of the Philological Society, Vol. IV. London, 1850.",1850,printed,,83,unclear
"Sussee,  Sursee",,,"On the sources of the Saskatchewaine, a tribe of the Cheppe- wyans.",,printed,,83,unclear
"Sussee,  Sursee",,Edwaed,"EDWAED UMFEEVILLE, The Present State of Hudson's Bay ; containing a Specimen of Five Indian Languages. London, Walker, 1790, 8vo, p. 202.",1790,printed,,83,unclear
"Sussee,  Sursee",,,"German translation, by E. A. W. Zimmermann. Helmstedt, Fleckeisen, 1791, 8vo, p. 148. Keprinted in :",1791,printed,,83,unclear
"Sussee,  Sursee",,,"No. Ill, c, p. 374, of the Vocabularies to A. Gallatin's Synopsis, etc. (Archseologia Americana, Vol. II) ; and a few words in :",,printed,,83,unclear
"Sussee,  Sursee",,,"Mithridates, Vol. Ill, part 3, p. 254.",,printed,,83,unclear
"Sussee,  Sursee",,Balbi,"BALBI, Atlas Ethnographique, Tab. XLI, No. 769.",,printed,,83,unclear
"Sussee,  Sursee",,Latham,"Sussee Words and Sussee compared with Shoshone, pp. 160, 161 of: E.. G. LATHAM, The Languages of the Oregon Territory (pp. 154—166 of Vol. I of : Journal of the Ethnological Society of London. Edinburgh, 1848, 8vo) .",1848,printed,,83,unclear
"Sussee,  Sursee",,Umfeeville,"Sussee Vocabulary (from UMFEEVILLE) compared with the other Languages of the Athapascan Stock, pp. 177 — 222 ; and, with the same, the Kinai and Koleschian Languages, pp. 269— 318 of : Buschmann, Athapaskischer Sprachstamm. Berlin, 1856, 4to.",1856,printed,,83,unclear
"Taculltes,  Carriers,  Nagailer",,Mackenzie,"Indians of North-western America, on the sources of Eraser's Kiver. The Sicaunies are related to them. MACKENZIE calls them Nagailer and Carrier Indians.",,printed,,83,unclear
"Taculltes,  Carriers,  Nagailer",,Alexandee,"Nagailer or Chin Indian Words, pp. 257, 258 of : ALEXANDEE MACKENZIE'S Voyages. London, 1801, 4to.",1801,printed,,83,unclear
"Taculltes,  Carriers,  Nagailer",,,"And (from him) Mithridates, Yol. Ill, part 3, p. 424.",,printed,,83,unclear
"Taculltes,  Carriers,  Nagailer",,Daniel,"A Specimen of the Takully or Carrier Tongue, pp. 403 — 413 (p. 413, numerical terms) of : DANIEL WILLIAMS HARMON, A Journal of Voyages and Travels in the Interior of North America ; to which are added a Description of the Inhabitants and considerable Specimens of the Languages most extensively spoke",1820,printed,,83,unclear
"Taculltes,  Carriers,  Nagailer",,Harmon,"Professor W. W. Turner (from HARMON) Comparative Vocabulary of Twenty- five Words of Tacully, Hudson's Bay, Chepewyan, Umkwa, Hoopah, Navajo, and Apache, pp. 84, 85 of the : Report upon the Indian Tribes ; added to Lieutenant A.W. Whipple's Keport, in Yol. II of the : Pacific Railroad Reports. Washi",1855,printed,,83,unclear
"Taculltes,  Carriers,  Nagailer",,Balbi,"BALBI, Atlas Ethnographique, Tab. XLI, No. 822.",,printed,,83,unclear
"Taculltes,  Carriers,  Nagailer",,Harmon,"No. Ill, 5, of the Comparative Vocabulary (pp. 307—367) to A. Gallatin's Synopsis, etc. (Archseologia Americana, Yol. II, from HARMON).",,printed,,83,unclear
"Taculltes,  Carriers,  Nagailer",,Hale,"Tahkali (Carriers) Vocabulary, No. 1, A, of the Vocabularies of Languages of North-western America, pp. 569— 629 of : HOR. HALE, Ethnography and Philo- logy, United States Exploring Expedition. Philadelphia, Lea and Blanchard, 1846, folio.",1846,printed,,83,unclear
"Taculltes,  Carriers,  Nagailer",,,Hale divides the (1) Tahkali Umpqua language into —,,printed,,83,unclear
"Taculltes,  Carriers,  Nagailer",,,"B. Tlatskanai, with the dialects",,printed,,83,unclear
"Taculltes,  Carriers,  Nagailer",,,"The Tahkali Vocabulary was furnished to Hale by Mr. Anderson of the Hudson's Bay Company. It is reprinted, pp. 78, 80, 82, under A, III, in Vol. II of: Transactions of the American Ethnological Society.",,printed,,83,unclear
"Taculltes,  Carriers,  Nagailer",,Mackenzie,"Tacullies Vocabulary (from MACKENZIE, HARMON, and HALE) compared with the other Languages of the Athapaskan Stock, pp. 177—222, 269—318 of: Busch- mann, Athapaskischer Sprachstamm. Berlin, 1856, 4to.",1856,printed,,83,unclear
"Taculltes,  Carriers,  Nagailer",,Hale,"A short notice of the Character of the Language is given, pp. 534, 535 of: HOR. HALE, Ethnography and Philology, United States Exploring Expedition. Phila- delphia, 1846, folio.",1846,printed,,83,unclear
Tah-Le-Wah,,,"California:! tribe, on the Klamath River.",,printed,,83,unclear
Tah-Le-Wah,,George,"GEORGE GIBBS, Vocabulary in : Schoolcraft's Indian Tribes, Vol. Ill, pp- 440-445.",,printed,,83,unclear
Tah-Le-Wah,,Talatu,] 80 TALATU I TAMANAQU E .,,printed,,83,unclear
Talatui,cent2140,,"Indian tribe on the Kassiraa River, a tributary of the Sacra- mento, in California.",,printed,,83,unclear
Talatui,cent2140,Hale,"HOR. HALE, Ethnography and Philology, United States Exploring Expedition. Philadelphia, Lea and Blanchard, 1846, folio, p. 631. (From JAMES D. DANA.)",1846,printed,,83,no
Talatui,cent2140,,"Reprinted in : Transactions of the American Ethnological Society, Vol. II, p. 123.",,printed,,83,unclear
Tamanaque,,,"Indians of South America, on the banks of the Orinoco, near the Mission Encaramada. Their language, related to those of the Charibs and Chaymas, is spoken by the Parechi, Uara- Mukuru, Uaraca-Paccili, Paiure, Acherekotti, and Oje; kindred languages are those of the Palencas, Pariagotos, or Parias, a",,printed,,83,unclear
Tamanaque,,Itji,"G-ITJI, Saggio di Storia Americana, Tomo III, pp. 375—382 386—389. HEEVAS, Origine, pp. 27, 29, 49, Tabb. XLIX, L et seq. HERVAS, Saggio, pp. 112, 113. HEEVAS, Vocabolario Poliglotto, pp. 161 et seq. HEEVAS, Aritmetica, pp. 104, 105.",,printed,,83,unclear
Tamanaque,,Gilii,"Mithridates, Yol. Ill, part 3, pp. 618, 696, 697 ; p. 655 (with some Pajure and Avarigote Words, from GILII).",,printed,,83,unclear
Tamanaque,,Httmboldt,"A. DE HTTMBOLDT and A. BONPLAND, Voyage aux Regions Equinoxiales du •Nouveau Continent (Paris, Schoell, Dufour, Gide, and Maze, 1816—1831, 13 vols 8vo), Yol. I, pp. 482 et seq.",1816,printed,,83,unclear
Tamanaque,,,"German translation — Stuttgart and Tubingen, 1818, Yol. I, pp. 217 et seq.",1818,printed,,83,unclear
Tamanaque,,D'Orbigny,"A. D'ORBIGNY, L'Homme Americain, Yol. I, p. 162.",,printed,,83,unclear
Tamanaque,,Balbi,"BALBI, Atlas Ethnographique, Tab. XLI, No. 581, 582 (Cumanagita), p. 274 (Tamanaque, Pariagotos de la Riviere Omabiche et du Golfe de Paria-Tamaiiaque).",,printed,,83,unclear
Tamanaque,,Robert,"SIR ROBERT II. SCHOMBTJRGK, Comparative Vocabulary of Eighteen Words of Twelve Dialects of the Caribi-Tamanatan Stock, pp. 97, 98 of his Vocabularies of Eighteen Languages and Dialects of Indian Tribes inhabiting Guyana (British Association Report, Swansea Meeting, 1848. London, 1849, 8vo).",1848,printed,,83,unclear
Tamanaque,,Gilii,"GILII, Saggio di Storia Americana, Tomo III, pp. 176 — 185.",,printed,,83,unclear
Tamanaque,,,"G-ilii wrote a Grammar of the Tarnanaka, which, however, was never published.",,printed,,83,unclear
Tamanaque,,Gilii,"Mithridates, Yol. Ill, pp. 656, 662, 666 (from GILII).",,printed,,83,unclear
Dialects,leng1264,Feancisco,"P. Fr. FEANCISCO DE TAUSTE, Arte y Yocabulario de la Lengua de los Indies Chaymas, Cumanagotos, Cores, Farias, y otros Diversos de la Frovincia de Cu- mana 6 Nueva Andalusia ; con un Tratado a lo ultimo de la Doctrina Christiana y Catecismo de los Misterios de Nuestra Santa Fe"". Traducido de Castell",1680,printed,,83,no
Dialects,leng1264,Dionysio,"In : Bibliotheca Scriptorum Capuccinorurn a P. DIONYSIO GENUENSI ; con- testa, retesta et extensa a F.Bernardo a Bononia (Venetiis, Sebast. Coleti, 1747, folio), p. 94, it is stated that this author's name was FBANCISCUS DE HAUSTE, and that, in 1684, he was poisoned by the savages. It is further sta",1747,printed,,83,no
Dialects,leng1264,,"Brunei, however (IV, 404), calls him De Tauste, and he appears under the same name in: Bibliotheca Heberiana, YI, p. 255, No. 3482.",,printed,,83,unclear
Dialects,leng1264,,"A MS. copy of the book is in the Royal Library at Berlin ; the author is named "" De Tauste.""",,manuscript,in the Royal Library at Berlin ,83,unclear
Dialects,leng1264,Manuel,"MANUEL DE YANGUES, Principles y Reglas de la Lengua Cummanagota general en varias Naciones que habitan en la Provincia de Cumana en los Yndios Occi- dentales, con un Diccionario. Burgos, 1683, 4to. The Dictionary bears the following title : M. Ruiz BLANCO, Diccionario de la Lengua de los Indies Cu- ",1683,printed,,83,no
Dialects,leng1264,,"According to Gilii, 1. 1., Yol. Ill, p. 410, P. Ruiz has printed a Grammar of the Cumanaootti language.",,printed,,83,unclear
Taiiahumaea,,,"Language of Nueva Biscaya, or Northern Mexico; related to the Mexican.",,printed,,83,unclear
Taiiahumaea,,Hervas,"HERVAS, Yocabolario Poliglotto, p. 238 (numerals). HERVAS, Saggio, pp. 122, 123. HEEVAS, Origiue, Tabb. L et seq.",,printed,,83,unclear
Taiiahumaea,,Math,"P. MATH. STEFFEL, Tarahumarisches Worterbuch, nebst einigen Nachrichten von den Sittcn und Gebriiucheu der Taralnunaren iuNeu-Biscayain der Audiencia",,printed,,83,unclear
Taiiahumaea,,,"Guadalaxara im Vicekonigreiche Alt-Mexico oder Neu Spanien. Briinn, 1791, 8vo. Reprinted in : Christoph Gottlieb von Murr, Nachrichten von verschie- denen Landern des Spanischen Amerika, aus eigenhandigen Aufsatzen einiger Missionare der Gesellschaft Jesu herausgegeben. Halle, Heudel, Band I, No. 1 ",1791,printed,,83,unclear
Taiiahumaea,,,"Mithridates, Vol. Ill, part 3, pp. 87, 88, 146, 153, 154.",,printed,,83,unclear
Taiiahumaea,,Balbi,"BALBI, Atlas Ethnographique, Tab. XLI, No. 719.",,printed,,83,unclear
Taiiahumaea,,,"Nouvelles Annales des Voyages, Vol. IV (Paris, 1841, 8vo), pp. 261—287.",1841,printed,,83,unclear
Taiiahumaea,,John,"A Vocabulary has been taken by JOHN R. BARTLETT, the United States Boundary Commissioner.",,printed,,83,unclear
Taiiahumaea,,Jose,"Arte y Vocabulario complete de la Lengiia Tarahumara general en toda la Custodia del Parral, por Fr. JOSE VICTOEINO, Lector de Teologia en el Convento de Zacatecas. MS. (De Souza).",,manuscript,,83,unclear
Taiiahumaea,,Geeonimo,"Arte y copioso Vocabulario de la Lengua Tepehuana y Tarahumara, y Catecismo, y Confessionario en dicha Lengua, por Fr. GEEONIMO FIGUEEOA.",,printed,,83,unclear
Taiiahumaea,,,"Figueroa was born in Mexico, 1640 ; went as Jesuit Missionary to Pacaca, among the Tepehuanas, and died in the city of Mexico, in 1683. He left four copies of the above ""Arte "" in his own handwriting.",1640,printed,,83,unclear
Taiiahumaea,,Stepfel,"Mithridates, Vol. Ill, part 3, pp. 146—153 (from P. STEPFEL).",,printed,,83,unclear
Taiiahumaea,,Miguel,"P. Fr. MIGUEL TELLECHEA, Compendio Grammatical para la Inteligencia del Idioma Tarahumar. Mexico, imprenta de la Federacion, 1826, small 4to, pp. 16, 162, 10.",1826,printed,,83,unclear
Taiiahumaea,,Agostino,"Clavigero mentions MS. Grammars of: AGOSTINO DE KOA and GIEOLAMO FIGUEEAS (with Dictionary). P. Steffel mentions a Grammar begun by P. THOMAS GUADALAXABA. De Souza mentions likewise : Arte para aprender el Idioma de los Tarahumares, por P. AUGUSTIN ROA, Misionero. MS. Roa died in 1723.",1723,manuscript,,83,unclear
Tabasca,,,Language spoken in Michoacan. (See also under Pirinda.),,printed,,83,unclear
Tabasca,,Maturing,"Vocabulario de la Lengua Tarasca de Michoacan, dirigido al Illmo. D. Vasco de Quirogo, primero Obispo de aquella Provincia, por Fr. MATURING GILBEETI. Mexico, 1559, 4to.",1559,printed,,83,unclear
Tabasca,,,"Also, by the same author : Dialogo de la Doctrina Cristiana en Lengua Tarasca ; Dedicada al Virey D. Luis de Velasco. Mexico, 1555.",1555,printed,,83,unclear
Tabasca,,Juan,"Vocabulario y Sermones en Lengua Tarasca, por Fr. JUAN RAMIREZ, Maestro en Teologia de la Provincia de S. Nicolas Tolentino de Michoacan. (MS., accord- ing to De Souza.)",,manuscript,,83,unclear
Tabasca,,Kafinesqtje,"C. S. KAFINESQTJE, Atlantic Journal, pp. 9 et seq. Mithridates, Yol. Ill, part 3, p. 129. HEEVAS, Saggio, p. 120. HEBYAS, Origine, Tabb. XLIX, L et seq. HEEVAS, Aritmetica, p. 107.",,printed,,83,unclear
Tabasca,,Juan,"Arte de la Lengua de Michoacan (Tarasca), por Fr. JUAN BEAVO. Mexico, 1574.",1574,printed,,83,unclear
Tabasca,,,"This Grammar formed part of three volumes in 8vo, printed by Pedro",,printed,,83,unclear
Tabasca,,,"Balli, in the same year. It was accompanied by a Confessionario, etc., in",,printed,,83,unclear
Tabasca,,,"the same language. Souza says of the Fr. Bravo, "" fue maestro peritisimo",,printed,,83,unclear
Tabasca,,,"de la lengua Pirinda, llamada Tarasca.""",,printed,,83,unclear
Tabasca,,Chacon,"Arte de la Lengua Tarasca, y Serinones en la Misma, por P. TOM AS CHACON, 1630.",1630,printed,,83,unclear
Tabasca,,,"MS. in the library of the College of San Gregorio, in Mexico. (Souza.)",,manuscript,"in the library of the College of San Gregorio, in Mexico",83,unclear
Tabasca,,Angel,"Manuel trilinque, Latino, Castellan o, y Tarasco, para administrar los Sacra- mentos a los Espanoles y a los Indies, por Fr. ANGEL SEEEA. Mexico, 1697, 4to.",1697,printed,,83,unclear
Tabasca,,Seeba,"SEEBA also wrote : Arte, Diccionario, y Confesonario de la Lengua Tarasco, which was prepared for the press, but never published ; probaby in the city of Queretaro.",,printed,,83,unclear
Tabasca,,Jtjan,"Arte y Diccionario de la Lengua Tarasca, por Illmo. D. Fr. JTJAN ALGOEA. Mentioned by Nicholas Antonio, and quoted by De Souza.",,printed,,83,unclear
Tabasca,,Nicolas,"P. NICOLAS DE QUIXAS, Arte de la Lengua Tarasca, del P. DIEGO BASALENQUE. Mexico, 1714, 8vo.",1714,printed,,83,unclear
Tabasca,,,"An extract of this Grammar is given by A. Gallatin, Appendix I, No. 2, pp. 245 — 252, to : Notes on the Semi-civilized Nations of Mexico, etc. (Transactions of the American Ethnological Society, Vol. I. New York, 1845, 8vo). See also pp. 34, 45—48, ibid.",1845,printed,,83,unclear
Tabasca,,,"Mithridates, Vol. Ill, part 3, p. 126—128.",,printed,,83,unclear
Tabasca,,Matuein,"Clavigero mentions Grammars and Dictionaries by MATUEIN GILBEET and ANGELO SIEEEA (see titles above, from De Souza), and a Grammar of JTJAN",,printed,,83,unclear
Tariana,tari1256,Martius,"Brazilian Indians of the province Rio Negro. (MARTIUS, VII, p. 208.)",,printed,,83,yes
Tariana,tari1256,Alfbed,"Vocabulary (of Ninety-eight Words), pp. 521—541 of: ALFBED E. WALLACE, A Narrative of Travels on the Amazon and Kio Negro. London^ Eeeve and Co., 1853, 8vo.",1853,printed,,83,no
Tariana,tari1256,Tcho,184 TCHO-KO-YEM — TEHUKLHET.,,printed,,83,no
Tcho-Ko-Yem,,,"Indian band of Sonoma Valley, in north-western California.",,printed,,83,unclear
Tcho-Ko-Yem,,Geoege,"GEOEGE GIBBS, Vocabulary (Schoolcraft's Indian Tribes, Vol. Ill, pp. 428 — 434).",,printed,,83,unclear
"Tehuelhet,  Patagonians",,,"Is the general name of the Indians inhabiting Eastern Pata- gonia. They are divided into — Tehuel Cunny, to whom belong the Yacana Cunny, Sehuak Cunny, and Culilan Gunny, and Tehuelhet proper, or Callilehet (mountain people), by the Spaniards called Serranos. Their language is said to be related to ",,printed,,83,unclear
"Tehuelhet,  Patagonians",,Thomas,"THOMAS FALKNEE, Description of Patagonia (see Araucan). Hereford, 1774, 4to, p. 132.",1774,printed,,83,unclear
"Tehuelhet,  Patagonians",,,"German translation, by Scliack H. Ewald. GotJia, Ettinger, 1775, 8vo.",1775,printed,,83,unclear
"Tehuelhet,  Patagonians",,Antonio,"Primo viaggio intorno al globo terracqueo, ossia ragguaglio della navigazione alle Indie Orieutali per la via d'occidente, fatta sulla squadra del Capitano Mag- galianes negli anni 1519 — 1522, dell CAV° ANTONIO PIGAFETTA. Milano, 1800, 4to, pp. 191 et seq.",1519,printed,,83,unclear
"Tehuelhet,  Patagonians",,,"Edited by Dr. Charles Amoretti, from a MS. in the Ambrosian Library of Milan.",,manuscript,in the Ambrosian Library of Milan,83,unclear
"Tehuelhet,  Patagonians",,,"French translation, by the author himself .... suivi de 1'extrait du traite de navigation du meme auteur ; et d'une notice sur le Chevalier Martin Behaim, avec la description de son globe terrestre (par H. J. Jansen). Paris, Jansen, 1801, 8vo ; pp. 241 et seq.",1801,printed,,83,unclear
"Tehuelhet,  Patagonians",,James,"Captain JAMES BFKNEY, A Chronological History of the Discoveries in the South Sea or Pacific Ocean ; Part I commencing with an account of the earliest discoveries of that sea by Europeans, and terminating with the voyage of Sir Francis Drake, in 1579. London, Hansard, 1803 — 1817, 5 vols. 4to; Vol. ",1579,printed,,83,unclear
"Tehuelhet,  Patagonians",,Ealknee,"Mithridates, Vol. Ill, p. 423 (from EALKNEE).",,printed,,83,unclear
"Tehuelhet,  Patagonians",,Balbi,"BALBI, Atlas Ethnographique, Tab. XLI, No. 443 (Patagonien du Port St. Julien).",,printed,,83,unclear
"Tehuelhet,  Patagonians",,D'Oebigny,"Vocabulary of Twenty-three Words, pp. 162, 164 of Vol. I of : A. D'OEBIGNY, L'Homme Americain ; and Eight Words from PIGAFETTA, 1520, and D'OKBIGNY, 1829, compared, p. 59, Vol. II, ibid.",1520,printed,,83,unclear
"Tepeguana,  Tepehuana",,,"Indians of north-western Mexico, in the province of Sinaloa.",,printed,,83,unclear
Fonte,sesf1238,Fernandez,FERNANDEZ. SeeGrammars',,printed,,83,no
Fonte,sesf1238,Juan,"Arte y Vocabulario de la Lengua Tepehuana, by the Padre JUAN FONTE, a Jesuit, and missionary amongst the Tepehuanas, by whom he was killed in 1616.",1616,printed,,83,no
Fonte,sesf1238,Jeeonimo,"Arte y Copioso Vocabulario de las Lenguas Tepehuana y Tarahumara, y Gate- cismo y confesonario en dichas Lenguas, por el Fr. JEEONIMO FIQUEROA.",,printed,,83,no
Fonte,sesf1238,,"Figueroa, born in Mexico, 1604, Jesuit, went to Oaxaca, as missionary amongst the Tepehuanas, and died in the city of Mexico, 1683. He left four copies of the above "" Arte "" in his own handwriting.",1604,printed,,83,unclear
Fonte,sesf1238,Jose,"Arte y Yocabulario de la Lengua Tepehuana, generica en la Sierra Madre, por Fr. JOSE FERNANDEZ, Franciscano.",,printed,,83,no
Fonte,sesf1238,,"Fernandez went to Zacatecas in 1717, where he was Provincial (Arlegui's authority).",1717,printed,,83,unclear
Fonte,sesf1238,Benito,"P. BENITO RINALDINI, Arte de la Lengua Tepeguana, con Yocabulario, confes- sionario y Catechismo. Mexico, vidua de Tgnazio Bernardo de Hogal, 1743, 4to ; pp. 72, 43, and 148.",1743,printed,,83,no
Fonte,sesf1238,Tommaso,N.B. — Clavigero mentions MS. G-rammars and Yocabularies of TOMMASO,,manuscript,,83,no
Fonte,sesf1238,,DE GrUADALAJARA and of GlROLAMO FlGUEROA.,,printed,,83,unclear
"Tequima,  Or  Opata",,,One of the languages spoken in the seventeen Jesuit Missions of Sonora.,,printed,,83,unclear
"Tequima,  Or  Opata",,Natal,"Yocabulario de la Lengua Tequima y Platicas doctrinales en ella, por NATAL LOMBARDO. Mexico, 1702.",1702,printed,,83,unclear
"Tequima,  Or  Opata",,Natal,"Arte de la Lengua Tequima, vulgarinente llamada Opata, por NATAL LOMBARDO. Mexico, 1702, 4to.",1702,printed,,83,unclear
B    B,,Tetons,186 TETONS — TICORILLAS.,,printed,,83,unclear
Tetons,lako1247,,Sioux tribe between the Mississippi and Missouri.,,printed,,83,unclear
Tetons,lako1247,Maximilian,"Eeise des Prinzen MAXIMILIAN zu WIED. Collenz, 1839—1841, 2 vols. 4to ; Yol. II, p. 498.",1839,printed,,83,no
Texas  Indians,,Bartolomeo,"In : Museo Mexicano, Tomo III, p. 537, mention is made of "" Manuel para administrar los SS. Sacramentos a los Indios de las Naciones — Pajalates, Orejones, Pacaos, Pacoas, Filijayas, Ala- sapas, Pamanes y otras muchas, come son : los Pacalmches, Mescalos, Pampopas, Tacames, Chapopines, Venados, Pama",1769,printed,,83,unclear
Ticorillas,,,Apache Indians of western New Mexico. Their language shows affinity with the great Athapaskan stock of languages.,,printed,,83,unclear
Ticorillas,,James,"JAMES H. SIMPSON, Comparative Vocabulary of Words in the Language of the Pueblo, or Civilized Indians of New Mexico, and of the Wild Tribes inhabit- ing its borders, Appendix B, pp. 140 — 143, to: Journal of a Military Recon- naissance from Santa Fe, New Mexico, to the Navajo Country, etc. (Eeports ",1850,printed,,83,unclear
Ticorillas,,Bfschmann,"Comparative Vocabulary of the Athapascan and Kinai Languages (also Navajo and Ticorilla), pp. 269 — 318 of : BFSCHMANN, Athapaskischer Sprachstamm. Berlin, 1856, 4to.",1856,printed,,83,unclear
Ticunas,ticu1245,,"Brazilian Indians on the Amazon. (MARTius,No. 179). Tacunas, Tecunas, Ticonas, Tucunas, on the River Intahy. (See Voyage, Vol. Ill, p. 1196.)",,printed,,83,unclear
Ticunas,ticu1245,Xxiv,"Langue des Ticunas (Cavallo coche), Vocabulary, No. XXIV, pp. 298, 299 of: CASTELNAU, Vol. V, Appendice.",,printed,,83,no
"Tiltjex,  Teguas,  Kiwomi",,,"Pueblo Indians, belonging to the Keres family, residing at the pueblo of Santo Domingo, in New Mexico.",,printed,,83,unclear
"Tiltjex,  Teguas,  Kiwomi",,,"A Vocabulary has been taken by the United States Boundary Commissioner,",,printed,,83,unclear
John  R.  Bartlett,,Whipple,"Kiwomi Vocabularies (one from the chief, the other from another member of the tribe) taken by Lieutenant A. W. WHIPPLE, pp. 86 — 89 of the Report upon the Indian Tribes, added to his Report on the Route near the 35th Parallel (Pacific Railroad Reports, Vol. II. Washington, 1856, 4to).",1856,printed,,83,unclear
"Timbiras,  Grans",,Martius,"Brazilian Indians of the province of Goyaz. They are related to the Ges, and their language shows a close affinity to that of the Ges. Their three principal tribes are called Timbiras de Mat a, Timbiras de Canella fina, and Timbiras de Bocca furada. (MARTIUS, IV, No. 81.)",,printed,,83,unclear
"Timbiras,  Grans",,Balbi,"BALBI, Atlas Ethnographique, Tab. XLI, No. 511 (Timbiras de Canella fina).",,printed,,83,unclear
"Timtjaca,  Timuiquana,  Timtjicana",,,"Language of Florida Indians, in the neighbourhood of S. Augustin.",,printed,,83,unclear
"Timtjaca,  Timuiquana,  Timtjicana",,Hervas,"HERVAS, Aritmetica, p. 113.",,printed,,83,unclear
"Timtjaca,  Timuiquana,  Timtjicana",,Hervas,"HERVAS, Origine, formazione e meccanica degli Idiomi (p. 180, No. LXV) Lingua Timuacana della Florida ; on two tables.",,printed,,83,unclear
"Timtjaca,  Timuiquana,  Timtjicana",,,"Mithridates, Vol. Ill, part 3, p. 285, and (from Mitbridates) in : Norton's Literary Gazette (New York, 4to), 1855, No. 5 (March), p. 95 (Timuacana or Timuaca Language).",1855,printed,,83,unclear
"Timtjaca,  Timuiquana,  Timtjicana",,Balbi,"BALBI, Atlas Ethnographique, Tab. XLI, No. 785.",,printed,,83,unclear
"Timtjaca,  Timuiquana,  Timtjicana",,Feancisco,"Grramatica de la Lengua Timuiquana de Florida, por Fr. FEANCISCO PAEEJA. Mexico, 1614.",1614,printed,,83,unclear
"Timtjaca,  Timuiquana,  Timtjicana",,,"Also, by the same author : Confesonario en Lengua Timuiquana. Mexico, 1612. Catecismo de la Doctrina Cristiana en Lengua Timuiquana. Mexico, 1617.",1612,printed,,83,unclear
"Timtjaca,  Timuiquana,  Timtjicana",,,"Pareja was a native of Toledo, in Spain, and was one of the founders of the Franciscan Order in Sa. Elena, in Florida, and Guardian of the first convent established there.",,printed,,83,unclear
Tinqua,,Gtregorio,"A language of Florida, in which were written a "" Doctrina Cristiana,"" and a book on the administration of the sacraments, by Fray GTREGORIO MORILLA, which were printed, the first at Madrid in 1631, and afterwards reprinted at Mexico in 1635, and the second at Mexico in 1635 (SouzA).",1631,printed,,83,unclear
"Tlaoquatch,  Tloquatch",,,"Indians of the south-western coast of Vancouver's Island. Their language appears to be the same as that of the Nootka Sound Indians, and is related to that of the Haeeltzuk.",,printed,,83,unclear
"Tlaoquatch,  Tloquatch",,John,"Tloaquatch Vocabulary, by Dr, JOHN SCOTJLEE, in : Journal of the Royal Geographical Society of London, Yol. XI (London, 1841, 8vo), pp. 242, -244, 246.",1841,printed,,83,unclear
"Tlaoquatch,  Tloquatch",,John,"Dr, JOHN SCOULEE, Chikeelis and Tlaoquatch Words, p. 236 of: On the Indian Tribes inhabiting the North-west Coast of America (pp. 228 — 252 of the : Journal of the Ethnological Society of London, Yol. I. Edinburgh, 1848, 8vo).",1848,printed,,83,unclear
"Tlaoquatch,  Tloquatch",,Tlapaneka,TLAPANEKA TLATSKANAI. 189,,printed,,83,unclear
"Tlaoquatch,  Tloquatch",,Latham,"Tlaoquatch and Nootka Words, p. 156 of: E. G. LATHAM, The Languages of the Oregon Territory (pp. 154 — 166 of Vol. I of the same Journal).",,printed,,83,unclear
Tlapaneka,,,"Indians of Tlapa, in the Mexican State of Puebla.",,printed,,83,unclear
Tlapaneka,,Humboldt,"HUMBOLDT (Essai politique sur le Koyaume de la Nouvelle Espagne, Vol. I, p. 243) mentions that at Tlapa a particular language is spoken.",,printed,,83,unclear
Tlascaltekas,,,"Indians of San Salvador, who speak a dialect of the Mexican language.",,printed,,83,unclear
Tlascaltekas,,Kael,"Dr. KAEL SCHERZER, Sprache der Tlascaltekas Indianer im Dorfe Isalco im Staate San Salvador, pp. 28—35 of Vol. XV of: Sitzungsberichte der Philo- sophisch-Historischen Klasse der Kaiserlichen Akademie der AVissenschaften. Vienna, 1855, 8vo. A Iso under the separate title of : Sprachen der Indianer C",1855,printed,,83,unclear
"Tlatskanai,  Kwalhioqua",,,"Indians of the Athapaskan stock and the Tacoullie-Umpqua family of north-western America,, speaking different dialects of one language.",,printed,,83,unclear
"Tlatskanai,  Kwalhioqua",,Horatio,"1, B, a, b, pp. 569 — 629, of the Vocabularies of North-western America, in : HORATIO HALE'S Ethnography and Philology, United States Exploring Expe- pedition. Philadelphia, Lea and Blanchard, 1816, folio.",1816,printed,,83,unclear
"Tlatskanai,  Kwalhioqua",,Hale'S,"HALE'S Vocabulary compared with the other Athapaskan, pp. 177 — 222, and with the Kinai Languages and Koloschian, pp. 269 — 318, of: Buschinann's Atha- paskischer Sprachstamm. JBerlin, 1856, 4to.",1856,printed,,83,unclear
"Tlatskanai,  Kwalhioqua",,,"M, III, p. 105, of the same Vocabularies in : Transactions of the American Ethnological Society, Vol. VI.",,printed,,83,unclear
Totonaka,,,"Language of Indians in the districts of Zacatlan, State of Puebla, and in the State of Vera Cruz. The four dialects of this language are the Tatiquilhati , Chacahuaxti, Ypapana, and Tatimolo.",,printed,,83,unclear
Totonaka,,Heevas,"HEEVAS, Saggio, pp. 118, 119. HEEVAS, Origine, Tabb. L et seq.",,printed,,83,unclear
Totonaka,,,"Mitliridates, Yol. Ill, part 3, p. 60 (three dialects of the Sierra Caja, Sierra Alta, and others).",,printed,,83,unclear
Totonaka,,Vater,"J. S. VATER, Proben, etc. ; Seetzen's Linguistischer Nachlass. Leipzig^ Vogel, 1816, 8vo 5 pp. 352—375.",1816,printed,,83,unclear
Totonaka,,Balbi,"BALBI, .Atlas Ethnographique, Tab. XLT, No. 699 (Totonaca, Sierra-alta). Nouvelles Annales des Yoyages. Paris, 1841, 8vo ; Yol. IY, pp. 261—267.",1841,printed,,83,unclear
Totonaka,,Akdeeas,N.B. — Clavigero says that AKDEEAS DE OLMOS and CEISI OVAL DIAZ DE ANAYA have written Grammars and Vocabularies of the Totonaka language.,,printed,,83,unclear
Totonaka,,Joseph,"Arte de Lengua Totonaca, conforme el Arte de Antonio Nebrija. Compuesto por D. JOSEPH ZAMBBANO BONILLA, Cura beneficiado, etc. Dedicado al Exmo. Sr. D. Domingo Pantaleon Alvarez de Abreu, Arzobispo, Obispo de esta Diocesi. Lleva anadido una doctrina de la Lengua Naolingo, con algunas voces de la Len",1752,printed,,83,unclear
Totonaka,,,(Naolingo is the dialect generally called Tatimolo.),,printed,,83,unclear
Totonaka,,,"Mithridates, Yol. Ill, part 3, pp. 46—59.",,printed,,83,unclear
Totonaka,,Eugenic,"Adelung (Mithridates, Yol. Ill, part 3, p. 92) mentions, upon Marsden's authority : EUGENIC KOMEEO, Arte para aprender las Lenguas Mexicana y Totonaca.",,printed,,83,unclear
Totonaka,,Eomeeo,"According to De Souza, the title is as follows : — Arte 6 Gramatica de la Lengua Totonaca, por D. EuaENio EOMEEO, de Antequera, MS.",,manuscript,,83,unclear
Totonaka,,Feancisco,"Arte y Yocabulario de la Lengna Totonaca, y varies Opusculos Catequisticos en la misma, por Illmo. D. Fr. FEANCISCO TOEAL, Obispo de Yucatan. MS. Toral died in Mexico, 1571 (De Souza).",1571,manuscript,,83,unclear
Totonaka,,Ceistobal,"Arte para aprender el Idioma Totonaco, and also : Yocabulario Totonaco-Cas- tellano, by CEISTOBAL DIAZ ANAYA, Cura of Olintla, in the province of Puebla, Mexico. MSS. (De Souza).",,manuscript,"in the province of Puebla, Mexico",83,unclear
Totonaka,,Tschugatschi,TSCHUGATSCHI TSCHUKTCHI. 191,,printed,,83,unclear
Tschugatschi,,,"Eskimo tribe, driven from the Kadjah Islands to Prince Wil- liam's Sound and Cook's Inlet.",,printed,,83,unclear
Tschugatschi,,,"Mitliridates, Yol. Ill, part 3, pp. 340, 341, 458, 459, 466; Yol. IY, pp. 251— 253.",,printed,,83,unclear
Tschugatschi,,Balbi,"BALBI, Atlas Ethnographique, Tab. XLI, No. 857 (Tchougatchi — Konaga).",,printed,,83,unclear
Tschugatschi,,Baee,"K. E. v. BAEE und Gr. v. HELMERSEN, Beitrage zur Kenntniss des Kussischen Eeicbs und der angranzenden Lander Asiens, Band I. St. Petersburg ', 1839, 8vo, p. 259.",1839,printed,,83,unclear
Tschuktchi,,,"They occupy the north-western part of Russian Asia, and the opposite shores of north-western America. A part of them are settled in Asia, and call themselves Namollo. They are un- doubtedly Eskimos. The Wild, or Reindeer, Tchuktchi call themselves Tchouktschee, Tchekto, and have been invaders, possi",,printed,,83,unclear
Tschuktchi,,Smith,"SMITH BARTON, New Views, etc. — Comparative Yocabularies.",,printed,,83,unclear
Tschuktchi,,Billing,"J. BILLING, Puteschestvie, &c. (Kussian edition of his Voyage, by Sarytschev, with Twelve Yocabularies). St. Petersburg, 1811, 4to, pp. 190 ; pp. 102—111. (The Yocabularies collected by the Head Physician, Dr. KOBECK) .",1811,printed,,83,unclear
Tschuktchi,,Kobeck,"Mithridates, Vol. Ill, part 3, pp. 340, 341, 407, 408; Yol. IY, pp. 242, 251— 253 (from KOBECK, MERCK, and KOSCHALEFF).",,printed,,83,unclear
Tschuktchi,,Krusenstern,"A. J. KRUSENSTERN, Wdrter-Sanamlungen aus den Sprachen einiger Volker des oestlichen Asiens und der Nordwestkiiste von Amerika. St. Petersburg, 1813, 4to ; pp. 33—44.",1813,printed,,83,unclear
Tschuktchi,,Vater,"J. S. VATER, Proben deutscher Yolksmundarten and Seetzen's Lin-",,printed,,83,unclear
Tschuktchi,,,"guistischer Nachlass. Leipzic, Yogel, 8vo, 1816 ; pp. 149—167.",1816,printed,,83,unclear
Tschuktchi,,Balbi,"BALBI, Atlas Ethnographique, Tab. XLI, No. 860, Tchouktchi Asiatiquesj 859, Tchouktchi Americains.",,printed,,83,unclear
Tschuktchi,,Allatin'S,"N.B.— No. I, 3, of A. G-ALLATIN'S Comparative Vocabulary, pp. 307—367 of : Archseologia Americana, Yol. II (the Asiatic Tshutchi).",,printed,,83,unclear
"Tubar,",,,"Indians of Sinaloa, speaking a language related to the Tepe- guana and Tarahumara.",,printed,,83,unclear
"Tubar,",,Hervas,"HERVAS, Origine, Tabb. XLIX et seq. HERVAS, Saggio, p. 122. And (from him) in the Mithridates, III, 3, pp. 139—141.",,printed,,83,unclear
Tucano,tuca1252,Martius,"Brazilian Indians of the province Rio Negro. MARTIUS (VII, 196) enumerates them among the tribes of Juris.",,printed,,83,yes
Tucano,tuca1252,Alfred,"Vocabulary (of Ninety-eight Words), pp. 521—541 of: ALFRED E. WALLACE, A Narrative of Travels on the Amazon and Eio Negro. London, Eeeve and Co., 1853, 8vo.",1853,printed,,83,yes
Tunghase,,,Indians of the south-eastern part of Prince of Wales's Archi- pelago. Their language is closely related to that of Sitka.,,printed,,83,unclear
Tunghase,,John,"Vocabulary by Dr. JOHN SCOTJLER, in: Journal of the Eoyal Geographical Society of London, Vol. XI (London, 1841, 8vo), pp. 231, 233—235. •",1841,printed,,83,unclear
Tunghase,,Latham,"Tunghase and Sitka Words, p. 163 of: E. Q. LATHAM, The Languages of the Oregon Territory (pp. 154—166 of: Journal of the Ethnological Society of London, Vol. I. Edinburgh, 1848, 8vo).",1848,printed,,83,unclear
Tuscahoba,,,"Indians formerly of North Carolina. They joined afterwards (A.D. 1714) the Five Nations, or Iroquois, and are now in the west of the State of New York.",1714,printed,,83,unclear
Tuscahoba,,John,"A small Dictionary of Tuskerura, Pampticough, Woccon, pp. 225 — 230 of: JOHN LAWSON, Survey or- General of North Carolina, A New Voyage to Carolina ;",,printed,,83,unclear
Tuscahoba,,,"containing the Exact Description and Natural History of that Country, together with the Present State thereof; and a Journal of a Thousand Miles travelled through several Nations of Indians, giving a particular account of their Customs, Manners, etc. London, 1709, 4to. Keprinted, ibid., 1714, 4to, a",1709,printed,,83,unclear
Tuscahoba,,,"First printed as part of : A New Collection of Voyages and Travels .... by Captain John Stevens .... London, December, 170S, 4to ; to be con- tinued monthly (in Vol. I). German translation, Hamburg, 1772, 8vo. And in the plagiarism upon Lawson's Voyage : John Brickell, M.D., The Natural History of N",1772,printed,,83,unclear
Tuscahoba,,Hervas,"HERVAS, Aritmetica, pp. 113, 114.",,printed,,83,unclear
Tuscahoba,,Smith,"SMITH BARTON, New Views, etc.— Comparative Vocabularies, and Appendix, p. 20.",,printed,,83,unclear
Tuscahoba,,Balbi,"Mithridates, Vol. Ill, part 3, pp. 318, 334, 335. BALBI, Atlas Ethnographique, Tab. XLI, No. 800.",,printed,,83,unclear
Tuscahoba,,Parish,"No. V, 31, of the Comparative Vocabulary (pp. 307 — 367) to A. Gallatin's Synopsis, etc. (Archaeologia Americana, Vol. II) ; and under E, V, 5, p. 115, of the Vocabularies in : Transactions of the American Ethnological Society, Vol. II (from MS. Notes of PARISH).",,manuscript,,83,unclear
Tuscahoba,,Catlin'S,"Tuscarora Vocabulary, Vol. II, Appendix B, pp. 262—265, of: GEO. CATLIN'S Letters and Notes on the Manners, Customs, and Condition of the North American Indians. London and New York, Wiley and Putnam, 1841, 2 vols. 8vo.",1841,printed,,83,unclear
Tuscahoba,,William,"Vocabulary of the Tuscarora, from WILLIAM CHEW, written out by the Kev. Gil- bert Rockwood, Appendix H, pp. 251—258, to : Henry R. Schoolcraft's Notes on the Iroquois. New York, Bartlett and Welford, 1846, 8vo. (New York State Document, 1846, Senate No. 24.) And in the Comparative Vocabulary of the ",1846,printed,,83,unclear
Tuscahoba,,Lawson,"Comparison of Tuscarora (from LAWSON), Pampticough, and Waccoa, pp. 552 — 556 of: Schoolcraft's Indian Tribes of the United States, Vol. V.",,printed,,83,unclear
"Tzen  Dales,  Celdales",,Brasseur,"Indians of Chiapas, speaking a dialect of the Maya. Abbe BRASSEUR considers the Celdal the parent language, and the Maya a dialect.",,printed,,83,unclear
"Tzen  Dales,  Celdales",,Rafikesque,"C. S. RAFIKESQUE, Atlantic Journal, and Friend of Knowledge. Philadelphia, 1832, 1833, 8vo ; pp. 196—198.",1832,printed,,83,unclear
C    C,,Uainambeu,19 i UAINAMBEU — UGALENZI.,,printed,,83,unclear
C    C,,,"A short MS. Vocabulary of the Tzendal Language, brought from Chiapas by John L. Stephens, is mentioned by A. Gallatin, in his Notes on the Semi-civilized Nations of Mexico, etc. (Transactions of the American Ethnological Society, Vol. I, p. 5).",,manuscript,,83,unclear
C    C,,Cepeda,"Fr. DE CEPEDA, Arte de las Lenguas Chiapa, Zoque, Celdales y Cinancateca. Mexico, 1560, 4to.",1560,printed,,83,unclear
Uainambeu,,,Brazilian Indians of the province of Rio Negro.,,printed,,83,unclear
Uainambeu,,Alfred,"Vocabulary (of Ninety-eight Words), pp. 521—541 of: ALFRED R. WALLACE, A Narrative of Travels on the Amazon and Rio Negro. London, Reeve and Co., 1853, 8vo.",1853,printed,,83,unclear
Uchee,,,"Creek Indians, east of the rivers Coosa and Chatahoochee. Their language is very harsh and guttural. They are now partly in Florida, partly in the west.",,printed,,83,unclear
Uchee,,Wabe,"No. XI, 46, of the Comparative Vocabulary (pp. 35—367) to A. Qallatin's Synopsis, etc. (Archseologia Americana, Vol. II ; from WABE, and MS. Notes of RIDGE).",,manuscript,,83,unclear
Uchee,,,"And No. D. XI, pp. 94, 96, of: American Ethnological Society's Transactions, Vol. II.",,printed,,83,unclear
Ugalenzi,,,"Indians of Russian America, west of Cape St. Elias, and near the Island of Kadjak. Their language seems to be a dialect of the Koloschian.",,printed,,83,unclear
Ugalenzi,,Wkangel,"V. WKANGEL, Some (Eleven) Words compared vdth Atna and Kolusch, p. 99 of: K. F. VON BAEE und Gr. v. HELMEKSEN, Beitrage zur Kenntniss des Rus- sischen Reichs und der angranzenden Lander Asiens, Band I. St. Petersburg, 1839, 8vo.",1839,printed,,83,unclear
Ugalenzi,,Buschm,"Comparative Vocabulary of the Athapascan and Kinai (among them the Ugalenze) Languages, pp. 269-318 of: BUSCHM ANN'S Athapaskischer Sprach- stamm. Berlin, 1856, 4to.",1856,printed,,83,unclear
Ugalenzi,,Umpqua,UMPQUA -UNALASCHKA. 195,,printed,,83,unclear
Umpqua,sius1254,,"Indians of Oregon, of the Athapascan stock, family of Tahkali- Umpkwa.",,printed,,83,unclear
Umpqua,sius1254,John,"Umpqua Vocabulary, by Dr. JOHN SCOTTLEK,, in : Journal of the Royal Geogra- graphical Society of London, Vol. XI. London, 1841, 8vo, pp. 237—239, 241.",1841,printed,,83,no
Umpqua,sius1254,Hobatio,"Umpkwa Vocabulary, 1, C, of the Vocabularies of North-western America, pp. 569—629 of : HOBATIO HALE, Ethnography and Philology, United States Exploring Expedition. Philadelphia, Lea and Blanchard, 1846, folio.",1846,printed,,83,no
Umpqua,sius1254,,"And M, III, p. 105, of the Vocabularies of North-western America (Transac- tions of the American Ethnological Society, Vol. II.)",,printed,,83,unclear
Umpqua,sius1254,Hale,"Professor W. W. Turner (from HALE), Comparative Vocabulary of Twenty- five Words of Umpkwa, Hudson's Bay, Chepewyan, Tacully, Hoopah, Apache, and Navajo, pp. 84, 85 of the Report upon the Indian Tribes ; added to Lieutenant A. W. Whipple's Report (Pacific Railroad Reports, Vol. II. Washington, 1856,",1856,printed,,83,no
Umpqua,sius1254,Btischmann,"Umpqua compared with the other Athapascan languages, viz., Chepewyan, Tahkali, Kutchin, Dogrib, Sussee, and Tlatskanai, pp. 174 — 222; and compared with the same, the Kinai languages — Koloschian, Navajo, and Ticorilla, pp. 269 — 318 of: BTISCHMANN, Athapaskischer Sprachstarom. Berlin., 1856, 4to.",1856,printed,,83,no
Umpqua,sius1254,Hokatio,"A Grammatical Notice, see pp. 534, 535 of : HOKATIO HALE, Ethnography and Philology, United States Exploring Expedition. Philadelphia, Lea and Blanchard, 1846, folio.",1846,printed,,83,no
Unalaschka,,,"The largest of the Fox Islands, inhabited by Eskimos. The language of Unalaschka is spoken over all the Fox Islands, and also on the peninsula of Aljaska.",,printed,,83,unclear
Unalaschka,,William,"WILLIAM COXE, Account of Russian Discoveries between Asia and America, etc. London, 1780, 4to (reprinted, ibid., 1784 and 1804), p. 303.",1780,printed,,83,unclear
Unalaschka,,,"French translation — Paris, 1781, 4to. Neufchatel, 1781, 8vo, p. 172. German translation— Frankfurt and Leipzig, Fleischer, 178i, 8vo.",1781,printed,,83,unclear
Unalaschka,,,"A Table to show the Affinity batween the Languages spoken at Oonalashka and Norton Sound and those of the Greenlanders and Esquimaux, Appendix VI to Vol. Ill of: A Voyage to the Pacific Ocean, performed under the direction",,printed,,83,unclear
Unalaschka,,,"of Captains Cook, Clark, and Gore, 1776—1780. London, 1784, 3 vols. 4to ; Vol. II, Appendix VI, p. 554. Edit. Dublin, 1784, 8 vols. 8vo ; Yol. Ill, pp. 554, 555.",1776,printed,,83,unclear
Unalaschka,,Resanoff,"Mithridates, Yol. Ill, part 3, pp. 458, 459 (from RESANOFF).",,printed,,83,unclear
Unalaschka,,Ueet,"Yocabulary of the Languages .... of the Islands .... Oonalaschka Appendix No. Ill, pp. 329—337, of: UEET LISIANSKY'S Yoyage round the World. London, John Booth, 1814, 4to.",1814,printed,,83,unclear
Unalaschka,,Balbt,"BALBT, Atlas Ethnographique, Tab. XLI, No. 858.",,printed,,83,unclear
Unalaschka,,Feed,"FEED. LTTTKE, Yoyage autour du Monde execute sur la Corvette le Seniavine, etc., 1826 et 1829. Traduit du Russe par E. Boye. Paris, Eirmin Didot, 1835, 1836, 3 vols, 8vo, and Atlas ; Yol. I, pp. 236—247. The Russian original— Tedor Litke, Puteschestvie vokrug svj eta— appeared at St. Petersburg, 183",1826,printed,,83,unclear
Unalaschka,,Baer,"Some Words (31 — and numerals 1 — 5) of the Unalachka compared with Eskimo and Kadjak, p. 123 of: YON BAER und YON HELMERSEN, Beitrage zur Kentniss des Russischen Reiches, Band I. St. Petersburg, 1839, 8vo.",1839,printed,,83,unclear
Unalaschka,,,"Oonalashca Yocabulary, sub lit. X, p. 130, of the Yocabularies of North America, in : Transactions of the American Ethnological Society, Yol. II. (Q-allatin says, concerning this language, p. 77, "" not in America."")",,printed,,83,unclear
Unalaschka,,,"Mithridates, Yol. Ill, part 3, p. 460.",,printed,,83,unclear
Utahs,ruta1241,,Wild Indians on the borders of New Mexico.,,printed,,83,unclear
Utahs,ruta1241,James,"Utah Yocabulary .... No. 9 of Appendix B, pp. 140 — 143, of: JAMES H. SIMPSON'S Journal of a Military Reconnaissance from Santa Fe, New Mexico, to the JSavajo Country (Reports of the Secretary of War, with Reconnaissances of Routes from San Antonio to El Paso .... also .... the Report of Lieutenant ",1850,printed,,83,no
Vilela,vile1241,,"Indians of the Argentine province, Cordova, on the banks of the Salado River. They are divided into Ontoampas, Yeconoampas, Ipas, and Pasaines. There are also some wandering tribes of the Yilela in the forests on the banks of the Rio Bermejo ; among them are the Chunupies, Ocoles, Atalalas. The Yile",,printed,,83,unclear
Vilela,vile1241,,"language is related to the Lule, and has several dialects, among which the Vilela proper and the Ontoampa are the most promi- nent.",,printed,,83,unclear
Vilela,vile1241,Gilit,"F. S. GILIT, Saggio di Storia Americana, Vol. Ill, pp. 364—366.",,printed,,83,no
Vilela,vile1241,Hervas,"HERVAS, Vocabolario Poliglotto, pp. 161 et seq.",,printed,,83,yes
Vilela,vile1241,Hervas,"HERVAS, Origine, pp. 27, 29, 37, 41, 44, 45, 48, Tabb. XLIX, L, LI et seq.",,printed,,83,yes
Vilela,vile1241,Hervas,"HERVAS, Aritmetica, pp. 98, 99.",,printed,,83,yes
Vilela,vile1241,Hervas,"HERVAS, Saggio, pp. 103—105.",,printed,,83,yes
Vilela,vile1241,Hervas,"Mithridates, Vol. Ill, part 3, pp. 508, 516, 517 (from HERVAS and GILII).",,printed,,83,yes
Vilela,vile1241,Balbi,"BALBI, Atlas Ethnographique, Tab. XLI, No. 455.",,printed,,83,no
Virginia,,,The words which we find mentioned under this name belong to the Mohegan.,,printed,,83,unclear
Virginia,,Samuel,"The "" Few Words "" given by Captain John Smith are to be found in — • 1, Vol. IV of: D. SAMUEL PTIRCHAS, Hakluytus Postumus (London, 1625, V, folio), p. 1667. 2, p. 40 of his General History of Virginia. London, 1627 (ibid., 1630, 1632), and Vol. I, pp. 147, 148, of the edition published in 3819 at R",1625,printed,,83,unclear
Virginia,,,"Vocabularium Barbaro-Virgineorum, pp. 133 — 154 of: Lutheri Catechismus ofversatt pa American Virginiske Spraket. Stockholm, Burchard,1696, small 8vo.",1696,printed,,83,unclear
Virginia,,Kelandtjs,"H. KELANDTJS, Dissertationes Miscellanese. Trajecti ad Rhenum, 1706—1708, 3 vols. 8vo; Vol. Ill, pp. 208-211.",1706,printed,,83,unclear
Virginia,,Hervas,"HERVAS, Saggio, p. 126. HERVAS, Origine, Tabb. L et seq.",,printed,,83,unclear
Virginia,,Smith,"SMITH BARTON, New Views, etc. — Comparative Vocabularies ; and (from him, as well as from the Virginia Catechism) in :",,printed,,83,unclear
Virginia,,,"Mithridates, Vol. Ill, part 3, pp. 387—389.",,printed,,83,unclear
Virginia,,Court,"Langue des Virginiens : COURT DE GEBELIN, Monde Primitif, Vol. VIII, pp. 515 — 520. Paris, 1772, 4to. Eeprinted, pp. 328— 331 of : J. B. Scherer, Kecherches Historiques et G e'ographiques sur le Nouveau Monde. Paris, Brunet, 1777, 12mo.",1772,printed,,83,unclear
"Vuta,  Huilliche",,,"Indians, west of the Patagonians, and south of the Araucanians,",,printed,,83,unclear
"Vuta,  Huilliche",,,"They are divided into the — Chanos, Chunos, or Chonos, on and next to the island of Chiloe ; Poyus, or Poyes, on the islands of Wellington and Hanover, and the coast opposite ; Keyus, or Keyes, south of the above, and down to the Straits of Magal- haens. Their language is a mixture of Araucan and Te",,printed,,83,unclear
"Vuta,  Huilliche",,Falkner,"TH. FALKNER, Description of Patagonia. Hereford, 1774, 4to, p. German translation — Gotha, 1775, 8vo, p. 124.",1774,printed,,83,unclear
"Wacoes,  Nuecos",,,"Indians of the Great Prairies, belonging to the Pawnee stock, residing between the Washita and lied rivers, in about 98° 20' W. long. They are closely related to their neighbours, the Witchitas.",,printed,,83,unclear
"Wacoes,  Nuecos",,Whipple'S,"Nueco Vocabulary, pp. 65 — 68, and Fifteen Nueco Words compared with Pawnee, Klccaree, Kichai, and Witchita, pp. 68, 69, of the Report upon the Indian Tribes, by Lieutenant A. W. Whipple, Thomas Ewbank, and Professor W. W. Turner, added to Lieutenant A. W. WHIPPLE'S Report on the Route near the 35th",1856,printed,,83,unclear
"Wacoes,  Nuecos",,Kite,"WAI KITE, GUAICUR, MONQT7I,",,printed,,83,unclear
"Wacoes,  Nuecos",,,Indians of Lower California. The Cora and the Aripe speak dialects of their language.,,printed,,83,unclear
"Wacoes,  Nuecos",,Begert,"J. BEGERT, E S. J., Nachriehten von der Amerikanischen Halbinsel Californien, mit einem zwiefachen Anhang falscher Nachrichten. Geschrieben von einem Priester der Gesellschaft Jesu, welcher lang darinn diese letztere Jahr gelebt hat. Mannheim, 1772, 8vo.",1772,printed,,83,unclear
"Wacoes,  Nuecos",,Begeet,"Langue de la Californie (Waikur, from BEGEET), pp. 553—555 of: COURT DE GEBELIN, Monde Primitif. Paris, 1772, 4to.",1772,printed,,83,unclear
"Wacoes,  Nuecos",,,"Mithridates, Vol. Ill, part 3, pp. 198, 199. Cora Vocabulary, ibid., pp. 87, 88, 153, 154.",,printed,,83,unclear
"Wacoes,  Nuecos",,Begert,"Mithridates, Vol. Ill, part 3, pp. 188—192 (from P. BEGERT).",,printed,,83,unclear
"Waiilatpu,  Molele",,,"Indians of western Oregon,, south of Columbia River. The Waiilatpu proper are called, also,, Willetpoos, Caijuse. Their languages bear some affinity to the Sahaptin or Nez-perce language.",,printed,,83,unclear
"Waiilatpu,  Molele",,Whitman,"T. Waiilatpu ; O. Waiilatpu (Willepoos, Cayuse), from Dr. WHITMAN ; P. Molele (see Vocabularies of North-western America, pp. 569— 629 of: Hon. HALE, Ethnography and Philology of the United States Exploring Expedition. Phila- delphia, Lea and Blanchard, 1846, folio).",1846,printed,,83,unclear
"Waiilatpu,  Molele",,,"And U, XXV, p. 120, of the Vocabularies in : Transactions of the American Ethnological Society, Vol. II.",,printed,,83,unclear
"Waiilatpu,  Molele",,Hale,"A Short Notice, p. 561 of: HOB. HALE, Ethnography and Philology of the United States Exploring Expedition (Philadelphia, 1846, folio) ; and, reprinted, p. 56, Transactions of the American Ethnological Society, Vol. II.",1846,printed,,83,unclear
Wabjrows,,,Indians in the interior of British Guyana.,,printed,,83,unclear
Wabjrows,,,"Journal of the Royal Geographical Society of London, Vol. II (London, 1832, 8vo), pp. 247 et seq. Reprinted in R. Montgomery Martin's British Colonial Library, Vol. V (West Indies, II), pp. 155, 156. London, Bohn, 1844, 12mo.",1832,printed,,83,unclear
Wabjrows,,John,"Warrow Words, pp. 140, 141, of: JOHN DTJNMORE LANG, J).D., View of the Origin and Migrations of the Polynesian Nations. London, Cochrane, 1834, 12mo.",1834,printed,,83,unclear
Wabjrows,,Brett,"Vocabulary of Eighteen Words compared with Arowak, Accaway, and Caribisi, pp. 297, 298 of: W. H. BRETT, Indian Tribes of Guyana. New York, Carter Brothers, 1852, 12mo.",1852,printed,,83,unclear
Wabjrows,,Robert,"Sir ROBERT H. SCHOMBURGK, Comparative Vocabulary of Eighteen Warauan Words, in his ; Vocabularies of Eighteen Languages and Dialects of Indian Tribes inhabiting Guiana, pp. 97, 98 of: British Association Report, Swansea Meeting, 1848. London, 1849, 8vo.",1848,printed,,83,unclear
Wee-Yot,,,"Indian band on the mouth of Eel River and near Humboldt Bay, in north-western California. (Eel River is called ""Wee-yot by the Indians residing on it.)",,printed,,83,unclear
Wee-Yot,,George,"GEORGE GIBBS, Vocabulary : Schoolcraft's Indian Tribes, Vol. Ill, pp. 434 — 440.",,printed,,83,unclear
Weits-Pek,,,"Indians of north-western California, on the Klamath, at the junction of the Trinity.",,printed,,83,unclear
Weits-Pek,,George,"GEORGE GIBBS, Vocabulary : Schoolcraft's Indian Tribes, Vol. Ill, pp. 440— 445.",,printed,,83,unclear
"Winnebagos,    Nippegon",,,"Called, by the French, Puans, or Otchagras ; by the Oma- haws, Horoje ; and by themselves, Hochungorah. Indians of the Sioux stock on Fox and Rock rivers, Wisconsin.",,printed,,83,unclear
"Winnebagos,    Nippegon",,,"Professor SAT, Comparative Vocabularies of Various Dialects of the Lenape (or Delaware) Stock of North American Indians, together with a Specimen of the Winnebago (or Nippegon) Language, Note 15, pp. 135 — 145, to John Picker- ing's edition of Dr. Edwards's Observations on the Mohegan Language (Coll",1823,printed,,83,unclear
"Winnebagos,    Nippegon",,,"Note 16, pp. 149 — 151, relates to the Winnebago dialect, which is considered as being of Mexican origin.",,printed,,83,unclear
"Winnebagos,    Nippegon",,,"Professor SAT, Vocabulary, pp. Ixxxvi— Ixxxviii, added to : Astronomical and Meteorological Records and Vocabularies of Indian Languages, taken in the Expedition for Exploring the Mississippi, under the command of Major J. H. Long. Philadelphia, 1822, 4to.",1822,printed,,83,unclear
"Winnebagos,    Nippegon",,Balbi,"BALBI, Atlas Ethnographique, Tab. XLI, No. 775.",,printed,,83,unclear
"Winnebagos,    Nippegon",,Gallatih'S,"No. VI, 33, of the Comparative Vocabulary (pp. 305—367) to A. GALLATIH'S Synopsis, etc. (Archseologia Americana, Vol. II).",,printed,,83,unclear
"Winnebagos,    Nippegon",,,"And under S, VI, 2, p. 116, of the Vocabularies in : American Ethnological Society's Transactions, Vol. II.",,printed,,83,unclear
"Winnebagos,    Nippegon",,Boiloin,"(From SAY, and MS. notices of BOILOIN CASS and in the War Depart- ment.)",,manuscript,in the War Depart- ment,83,unclear
"Winnebagos,    Nippegon",,Elizabeth,"Winnebago .Numerals (1 — billion), by Miss ELIZABETH LOWEY, pp. 214 — 216 of: Schoolcraft's Indian Tribes of the United States, Vol. II.",,printed,,83,unclear
Wish-Osk,,,"Indians of north-western. California, on Humboldt Bay and Mad River.",,printed,,83,unclear
Wish-Osk,,Words,WORDS AtfD VOCABULARIES.,,printed,,83,unclear
Wish-Osk,,Geoege,"GEOEGE GIBBS, Vocabulary : Schoolcraft's Indian Tribes of the United States, Vol. Ill, pp. 434—440.",,printed,,83,unclear
Witchitas,wich1260,,"Indians of northern Texas, near the Red River.",,printed,,83,unclear
Witchitas,wich1260,Maecy,"Captain R. B. MAECY, Vocabularies of Words in the Languages of the Comanches and Witchitas, Appendix H, pp. 273 — 276, of; RANDOLPH B. MAECY and GEOEGE B. M'CLELLAN, Exploration of the Red River of Louisiana, in the year 1852. Washington, Nicholson, public printer, 1854, 8vo (33rd Congr. 1st Sess. H",1852,printed,,83,no
Witchitas,wich1260,,"Specimen of the Caddo and Witchita Languages, pp. 709 — 712 of Vol. V of: Schoolcraft's Indian Tribes of the United States.",,printed,,83,unclear
Witchitas,wich1260,Maecy,"Fifteen Witchita Words (from MAECY) compared with Pawnee, Kichai, Ric* caree, and Hueco, pp. 68, 69 of the Report upon the Indian Tribes ; added to Lieu- tenant A. W. Whipple's Report (Pacific Railroad Reports, Vol. II. Wash- ington, 1856, 4to).",1856,printed,,83,no
"Wokkons,  Waccoa",,,"Indians, formerly of North Carolina, long since extinct. Their language was related to that of the Catawbas. They were neighbours of the Tuscaroras in North Carolina.",,printed,,83,unclear
"Wokkons,  Waccoa",,John,"A small Dictionary of Tuskerora, Pampticough, Woccon, in : JOHN LAWSON,",,printed,,83,unclear
D  D,,,"New Voyage to Carolina (see Tuscarora). London, 1709, 4to, pp. 225—230 et seq.",1709,printed,,83,unclear
D  D,,,"German translation — Hamburg, 1772, 8vo, pp. 341 et seq.",1772,printed,,83,unclear
D  D,,John,"Dr. JOHN BRICKEL, The Natural History of North Carolina. Dublin, 1737, 8vo. New title, Hid., 1743, 8vo.",1737,printed,,83,unclear
D  D,,Heevas,"HEEVAS, Aritmetica, p. 114.",,printed,,83,unclear
D  D,,Smith,"SMITH BAETON, New Views, etc. — Comparative Vocabularies. Mithridates, Vol. Ill, part 3, p. 308 (from LAWSON). BALBI, Atlas Ethnographique, Tab. XLI, No. 793.",,printed,,83,unclear
D  D,,Lawson,"Comparison of the Languages of the ancient Pampticos of North Carolina with the Algonquin Language, and of the ancient Waccoa of that State and the Catawba of South Carolina, pp. 552—558 of: Schoolcraft's Indian Tribes of the United States, Vol. V. (Tuskarora and Waccoa, both from LAWSON, pp. 552 — ",,printed,,83,unclear
D  D,,Allatin'S,"P. 87, and No. XIX, 54, p. 372, of the Vocabularies to A. G-ALLATIN'S Synopsis, etc. (Archseologia Americana, Vol. II).",,printed,,83,unclear
"Yamkallie,  Kallapuiah",,,"Oregon Indians of the plains of the Wallamette, speaking a language related to that of the Cathlascons and Haeeltzuk.",,printed,,83,unclear
"Yamkallie,  Kallapuiah",,John,"Kalapooah and Yamkallie Vocabularies, by Dr. JOHN SCOTJLEE, in : Journal of the Royal Geographical Society of London, Vol. XI. London, 1841, 8?o ; pp. 237, 239, 241.",1841,printed,,83,unclear
"Yamkallie,  Kallapuiah",,Samuel,"Vocabulary of the Calapooa Nation, pp. 333—336 of: Rev. SAMUEL PAEKEE, Journal of an Exploring Tour beyond the Rocky Mountains. Ithaca, New York, printed by Mack, Andrus, and Woodruff, 1838, 12rno.",1838,printed,,83,unclear
"Yamkallie,  Kallapuiah",,Hoeatio,"No. 7, S, 9 (Kalapuya), and r. (Tuhivalati, Follaties), of the Vocabularies of North-western America (pp. 569—629), in : HOEATIO HALE, Ethnography and Philology of the United States Exploring Expedition. Philadelphia, Lea and Blanchard, 1846, folio.",1846,printed,,83,unclear
"Yamkallie,  Kallapuiah",,Xxvii,"And E, XXVII (Kalapuya, Willamef), pp. 97, 99, of the North American Vocabularies (Transactions of the American Ethnological Society, Vol. II).",,printed,,83,unclear
"Yamkallie,  Kallapuiah",,Hoeatio,"Pp. 564—566 of: HOEATIO HALE, Ethnography and Philology, United States Exploring Expedition. Philadelphia, Lea and Blanchard, 1846, folio.",1846,printed,,83,unclear
"Yamkallie,  Kallapuiah",,,"And pp. 58—61, Vol. II, of: Transactions of the American Ethnological Society.",,printed,,83,unclear
Yaguas,yagu1244,,Brazilian Indians on the Amazon.,,printed,,83,unclear
Yaguas,yagu1244,Xxiii,"Langue des Yaguas, Vocabulary, No. XXIII, pp. 297, 298, of: CASTELNATT, Vol. V, Appendice.",,printed,,83,no
Yameos,yame1242,,"Indians on the Upper Maranon, east from the junction of the Tigre River.",,printed,,83,unclear
Yameos,yame1242,Heevas,"HEEVAS, Origine, Tabb. XL VIII, L et seq. HEEVAS, Saggio, pp. 107, 108 ; and (from him) Mithridates, Vol. Ill, pp. 589, 595—597.",,printed,,83,no
Yanktoanans,,,"Sioux tribe, between the Red River and the Missouri.",,printed,,83,unclear
Yanktoanans,,Say'S,"P. Ixxxiv of SAY'S Vocabularies in : Astronomical and Meteorological Ke- cords, and Vocabularies of Indian Languages, taken on the Expedition for Ex- ploring the Mississippi .... under .... Major J. H. Long. Philadelphia, 1822, 4to.",1822,printed,,83,unclear
Yanktoanans,,Balbi,"BALBI, Atlas Ethnographique, Tab. XLI, No. 774.",,printed,,83,unclear
Yanktoanans,,,"No. VI, 35, of the Comparative Vocabulary (pp. 305—367) to A. Gallatin's Synopsis, etc. : Avcha3ojogia Americana, Vol. II (from SAY).",,printed,,83,unclear
Yanktoanans,,,"Keprinted under S, VI, 1, p. 116, of the Vocabularies in : Transactions of the American Ethnological Society, Vol. II.",,printed,,83,unclear
Yanktoanans,,Maximilian,"Keise des Prinzen MAXIMILIAN zu WIED. Coblenz, 1839—1841, 2 vols. 4to ; Vol. II, pp. 491—498.",1839,printed,,83,unclear
"Yaqui,  Hiaqui",,Heiivas,"Christian Indians of Sonora, Mexico. (See also under Cinaloa.) It may be stated, on the authority of HEIIVAS and ANDR. PEIIEZ",,printed,,83,unclear
"Yaqui,  Hiaqui",,Ribas,"DE RIBAS (Historia de los Triumfos de nuestra Santa Fe, Madrid, 1645, folio), that the Hiaqui is the principal language of Sinaloa ; and, on the authority of DE SOUZA, that P. Luis BONIFAZ has written an ""Arte de la Lengua Principal de Cinaloa/' which probably exists only in MS.",1645,manuscript,,83,unclear
"Yaqui,  Hiaqui",,Heevas,"HEEVAS, Origine, Tabb. XLLX, L et seq. HEKYAS, Saggio, pp. 121, 122 ; and (from him) Mithridates, Yol, III, part 3, pp. 156—158.",,printed,,83,unclear
"Yaqui,  Hiaqui",,John,"A Vocabulary of their Language has been taken by JOHN R. BAETLETT, the United States Boundary Commissioner.",,printed,,83,unclear
"Yaqui,  Hiaqui",,Bonifaz,"Arte de la Lengua Principal de Cinaloa, por P. Luis BONIFAZ. (MS., according to De Souza.)",,manuscript,,83,unclear
"Yaqui,  Hiaqui",,,"Mithridates, Vol. Ill, part 3, pp. 156—158 (Lord's Prayer, with Grammatical",,printed,,83,unclear
"Yaqui,  Hiaqui",,,"Indians of New Granada, in the plains of the Meta and Casanare, tributaries of the Orinoco. They call themselves Japurin. Their language bears affinity to the languages of the Betoi, Ele, and Otomaques.",,printed,,83,unclear
"Yaqui,  Hiaqui",,Gilii,"GILII, Saggio di Storia Americana, Yol. Ill, p. 212.",,printed,,83,unclear
"Yaqui,  Hiaqui",,Hervas,"HERVAS, Yocabolario Poliglotto, pp. 161 et seq.",,printed,,83,unclear
"Yaqui,  Hiaqui",,Maeia,"From P. Giov. MAEIA FOENEEI, a missionary among the Yaruras, who had composed a Grammar and a Yocabulary of their language, the MS. of both of which he left at the Mission. Returned to Europe, he gave to Hervas MS, Notices concerning the Yarura language, which were after- wards also used by Adelung ",,manuscript,,83,unclear
"Yaqui,  Hiaqui",,Heeyas,"HEEYAS, Origine, Tabb. XLYIII, L et seq.",,printed,,83,unclear
"Yaqui,  Hiaqui",,Heeyas,"HEEYAS, Aritmetica, pp. 105, 106.",,printed,,83,unclear
"Yaqui,  Hiaqui",,Heeyas,"HEEYAS, Saggio, pp. 109, 110.",,printed,,83,unclear
"Yaqui,  Hiaqui",,Heeyas,"Mithridates, Yol. Ill, p. 650 (from HEEYAS and GILII).",,printed,,83,unclear
"Yaqui,  Hiaqui",,Balbi,"BALBI, Atlas Ethnographique, Tab. XLI, No. 646.",,printed,,83,unclear
"Yaqui,  Hiaqui",,Rafinesque,"C. S. RAFINESQUE, Atlantic Journal, and Friend of Knowledge. Philadelphia, 1832, 1833, 8vo, p. 118.",1832,printed,,83,unclear
"Yaqui,  Hiaqui",,Josiah,"Reprinted, pp. 349 — 351 of: JOSIAH PRIEST, American Antiquities and Dis- coveries in the West. Third Edition, Albany, printed by Hoffman and White, 1833, 8vo.",1833,printed,,83,unclear
"Yaqui,  Hiaqui",,Forkebi,"Mithridates, Vol. Ill, pp. 635-640 (from FORKEBI).",,printed,,83,unclear
"Yaqui,  Hiaqui",,,"A MS. G-rammar of the Yarura Language was in the library of W. von Hum- boldt, and is now in the Royal Library at Berlin.",,manuscript,in the library of W,83,unclear
"Yukai,",,,"Indians on Russian River, in north-western California.",,printed,,83,unclear
"Yukai,",,Eorge,"G-EORGE G-IBBS, Vocabulary : Schoolcraft's Indian Tribes of the United States, Vol. Ill, pp. 428—434.",,printed,,83,unclear
Yule,,,Indians of the Isthmus of Darien.,,printed,,83,unclear
Yule,,Edward,"Vocabulary of the Language of the Yule Indians, inhabiting the rivers and the coast of Darien, from the mouth of the Atrato to the coast of San Bias, by Dr. EDWARD CULLEN, pp. 241, 242 of Vol. XXI of : Journal of the Royal Geographical Society. London, John Murray, 1851, 8vo.",1851,printed,,83,unclear
Yumas,amun1246,,"Indians of the south-western part of California, on the Rio Colorado, down to its entrance in the Gulf of California. They are divided into five tribes, of which the Cuchans are the most important. The others are the Ma-ha-os, Hah-wal-coes, Yam- pai-o, and Co-co-palis. The Camoyes, or Puemaja, are a",,printed,,83,unclear
Yumas,amun1246,Whipple'S,"Vocabulary of about 250 Words in the Yuma (rather Cuchan) Language, pp. 23 — 28 of Lieutenant A. W. WHIPPLE'S Extract from a Journal of an Expedition from San Diego, California, to the Rio Colorado, from September llth to Decem- ber llth, 1849 (Congress. Docutn., 31 Congr., 2nd Sess., Senate Exec. D",1849,printed,,83,no
Yumas,amun1246,Whipple,"Keprinted as : Yuma Vocabulary, with Notices of the Comoyes dialect, taken from Pablo Coelum, a Yuma chief, by Lieutenant A. W. WHIPPLE, pp. 95—101 of: Eeport upon the Indian Tribes, added to Lieutenant Whipple's Report on the Route near the 35th Parallel (Pacific Railroad Reports. Washington, 1855,",1855,printed,,83,no
Yumas,amun1246,John,"The United States Boundary Commissioner, JOHN R. BAETLETT, has also taken a Yocabulary of the Yuma Language.",,printed,,83,no
Yunga,moch1259,Hervas,"Peruvian Indians of the departments Truxillo, Zaiia, Piura, and Catamarca. The Yncas had forced them to leave their old abodes, and placed them in different villages; but they kept their language, which is totally different from the Quichua. In Mithridates, Vol. Ill, p. 548, the language is called Y",,printed,,83,yes
Yunga,moch1259,Heevas,"HEEVAS, Saggio, p. 93, and (from him) Mithridates, Yol. Ill, pp. 549—551. HEEVAS, Origine, Tabb. L et seq.",,printed,,83,no
Yunga,moch1259,Feenando,"FEENANDO DE LA CAEEEEA (cura y vicario de S. Martin de Reque en el corre- gimiento de Chiclayo), Arte de la Lengua Yunga de los valles del obispado de Trujillo, con un confessionario y todas las oraciones cristianas y otras cosas. Lima, Juan de Contreras, 1644, 16mo.",1644,printed,,83,no
Yunga,moch1259,,"Mithridates, Yol. Ill, p. 551.",,printed,,83,unclear
Yunga,moch1259,,(The above Grammar was unknown to the authors of the Mithridates.),,printed,,83,unclear
Yuracaees,,,"Indians of Bolivia, on the eastern slope of the Andes, on the rivers Ibabo, Mamore, Aimore, and Seacri. The Tacana, Maropa, and Apolista are tribes related to them.",,printed,,83,unclear
Yuracaees,,D'Oebigny,"Yocabulary of Twenty-three Words, p. 164 of Yol. I of : A. D'OEBIGNY, L'Homme Americain.",,printed,,83,unclear
Yuracaees,,Ctjeva,"Diccionario Yuracare, by P. LA CTJEVA, 4to, in two parts : Espanol-Yuracare, complete j Yuracare-Espanol, incomplete. (MS. in possession of Alcide D'Orbigny.)",,manuscript,possession of Alcide D'Orbigny,83,unclear
Yuracaees,,D'Orbigny,"A. D'ORBIGNY, L'Homme Americain, Vol. I, p. 359, and p. 376 (Tacana tribe), p. 380 (Maropa tribe), p. 382 (Apolista tribe).",,printed,,83,unclear
"Zamuca,  Samuca",,,"Indians of the South American province Chiquitos. The three dialects of their language are the Zamuca, Caipotorade. and Morotoco.",,printed,,83,unclear
"Zamuca,  Samuca",,Hekvas,"HEKVAS, Vocabolario Poliglotto, pp. 161 et seq., 223 (Zamuca Chiquita).",,printed,,83,unclear
"Zamuca,  Samuca",,Heevas,"HEEVAS, Saggio, pp. 101, 102, 229, 230.",,printed,,83,unclear
"Zamuca,  Samuca",,Heevas,"HEEVAS, Aritmetica, p. 97.",,printed,,83,unclear
"Zamuca,  Samuca",,Hebyas,"HEBYAS, Origine, pp. 37, 41, 45, Tabb. XL1X, L et seq.",,printed,,83,unclear
"Zamuca,  Samuca",,Heetas,"Mithridates, Yol. Ill, pp. 554—570 (from HEETAS).",,printed,,83,unclear
"Zamuca,  Samuca",,Balbi,"BALBI, Atlas Ethnographique, Tab. XLI, No. 462.",,printed,,83,unclear
"Zamuca,  Samuca",,D'Orbigny,"Vocabulary of Twenty-three Samuca Words, Vol. I, pp. 163, 164 j Vol. II, p. 136 (Xanmca), of: A. D'ORBIGNY, L'Homme Americain.",,printed,,83,unclear
"Zamuca,  Samuca",,,"Mithridates, Vol. Ill, pp. 553—557.",,printed,,83,unclear
"Zamuca,  Samuca",,D'Oebigny,"A. D'OEBIGNY, L'Homme Americain, Vol. II, p. 147.",,printed,,83,unclear
Zapaei,,,"Indians of Upper Peru and Equador, between the rivers Mara- rion, Pastaza, and Napo.",,printed,,83,unclear
Zapaei,,Gaetano,"Brevi cenni sull' idioma Zaparo, corredati d'un saggio di diccionario, di alguni dialogi piu necessarii pel viaggiatore, pp. 281 — 297 of: GAETANO OSCULATI, Explorazione delle regioni equatoriali lungo il Napo, etc. Hilano, Bernardoni, 1850, 8vo.",1850,printed,,83,unclear
Zapoteca,popo1292,,"Indian language of Oajaca, Mexico.",,printed,,83,unclear
Zapoteca,popo1292,Juan,"JUAN DE COBDOYA, Yocabulario de la Lengua Capoteca. Mexico,. 1578, 4to.",1578,printed,,83,no
Zapoteca,popo1292,,"Vocabulario de la Lengua Zapoteca, 6 Diccionario Hispauo-Zapoteco. Mexico , 1571, 4to.",1571,printed,,83,unclear
Zapoteca,popo1292,Pedro,"Yocabulario de la Lengua Zapoteca, by Bishop PEDRO FERIA.",,printed,,83,no
Zapoteca,popo1292,,"Feria was born 1524, went to Mexico, joined the Dominicans, became a missionary amongst the Zapotecas, and, after filling many posts of dignity in the Church, was made Bishop of Chiapas, in 1575. Died about the year 1586. He wrote besides : Confessionario en la Lengua Zapoteca ; and: Doc- trina Chri",1524,printed,,83,unclear
Zapoteca,popo1292,Christobal,"Diccionario de la Lengua Zapoteca. Also : Los Evangelios Quadragesimales en Lengua Zapoteca, by Fray CHRISTOBAL AGUERO.",,printed,,83,no
Zapoteca,popo1292,,"Fray Christobal Aguero was born in 1600, in San Luis de la Paz,in Michoacan, became a Dominican monk in Oaxaca, in. 1618, and, according to De Souza, was so perfect in the language of the Zapotecas, that he taught it publicly to his ecclesiastical brothers. He gave his Diccionario to the Bishop of M",1600,printed,,83,unclear
Zapoteca,popo1292,Bafinesque,"C. S. BAFINESQUE, Atlantic Journal, and Friend of Knowledge. Philadelphia, 1832, 1833, 8vo, p. 52.",1832,printed,,83,no
Zapoteca,popo1292,Christobal,"Nouvelles Annales des Voyages, Vol. IV. Pans, 1841, 8vo ; pp. 260—286. The MS. Vocabulary of CHRISTOBAL AGUERO is also mentioned by Clavigero.",1841,manuscript,,83,no
Zapoteca,popo1292,Cordova,"J. DE CORDOVA, Arte de la Lengua Capoteca. Mexico, 1564, 12mo. (De Souza gives the date of 1578.)",1564,printed,,83,no
Zapoteca,popo1292,Pedro,"Arte de la Gramatica de la Lengua Zapoteca, conforme al que de la Gramatica Latina escribio Antonio de Nebrija, por Fr. PEDRO CUEVA. Megico, 1607, 8vo.",1607,printed,,83,no
Zapoteca,popo1292,Antonio,"Arte de la Leiigua Zapoteca, por Fr. ANTONIO Pozo. MS. (According to De Souza, Pozo died in the Convent of Santa Ana Zecahe, in the year 1623. His MS. was preserved in Tentitlan, Valley of Oaxaca.",1623,manuscript,"in the Convent of Santa Ana Zecahe, in the year 1623",83,no
Zapoteca,popo1292,Geronimo,"Tratado curioso de los raices y formacion de los Verbos de la Lengua Zapoteca, por Fr. GERONIMO MORENO.",,printed,,83,no
Zapoteca,popo1292,,"Moreno was a native of Andalusia, went to America in 1597, was a mis- sionary in Oaxaca, and died, in 1631, in the Convent of San Domingo of Antequera.",1597,printed,,83,unclear
Zeona,,,Language of the inhabitants of the north-westerly corner of,,printed,,83,unclear
Zeona,,,"the empire of Brazil, province of Para, on the left bank of the Amazon, between the rivers Putumajo and Caqueta. It may be a dialect of the Omagua, and, like that language, related to the ""Lingoa geral"" of Brazil.",,printed,,83,unclear
Zeona,,,"Diccionario y Doctrina en Lengua Zeona. MS. of pp. 416, in 12mo, in the possession of Colonel Joaquin Acosta of Nueva Granada. The Appendix con- tains a List of Words of the "" Lengua general del Brasil.""",,manuscript,in the possession of Colonel Joaquin Acosta of Nueva Granada,83,unclear
Zoque,chim1300,,"Indian language of Chiapas, Mexico.",,printed,,83,unclear
Zoque,chim1300,Cepeda,"Fr. DE CEPEDA, Arte de las Lcnguas Chiapa, Zoque, Celdales, y Cinacanteca. Mexico, 1560, 4to.",1560,printed,,83,no
E  E,,Turner,"( The Contributions furnished by Professor WM. W. TURNER, of Washington, are enclosed in brackets, thus [ 1, and bear the initials W. W. T.)",,printed,,83,unclear
Abenaki,aben1250,John,"[The Comparative Vocabulary appended to Edwards1 s Mohegan Grammar was compiled, not by "" Professor F. SAY,"" but by Dr. JOHN PICKERING, from various sources, the Winnebago alone having been taken from Say. Of the Abenaki two Vocabularies are given, one from Father Kasle's MS. Dictionary, and the oth",,manuscript,,83,no
Abenaki,aben1250,,"The numerals, from Father Basic's MS. Dictionary, are printed in Collections of Massachusetts Historical Society, Vol. X, first series. Boston, 1809, pp. 137, 138.— W.W.T.]",1809,manuscript,,83,unclear
Abipones,abip1241,Alonzo,"ALONZO DE BARCENA, Arte y Vocabulario de la Lengua delos Indios Abipones y Quiraaguis. Printed, according to Locuno, Descripcion Chorographica del gran Chaco ; and Barcia, in his edition of Leon Pinelo.",,printed,,83,no
Abipones,abip1241,Pott,"[A, F. POTT, Die quinare und vigesimale Zahlmethode bei Volkern aller Welttheile. Halle, 1847, 8vo. On the numerals, pp. 4— 7.— W. W. T.]",1847,printed,,83,no
Algonkin,algo1255,Pott,"[A. F. POTT, Die quinare und vigesimale Zahlmethode. On the numerals, pp. 64—66 ; on the pronouns, p. 109, note.— W. W. T.]",,printed,,83,no
Allentiac,alle1238,Torralva,"Grrammatica y Vocabulario en las Lenguas Allentiac y Milcocayac, por TORRALVA. fjima, 1608, 8vo.",1608,printed,,83,no
Apaches,jica1244,,"[For Vocabulary of the Jicarilla Apaches, see "" Ticorillas,"" p. 186. — W. W. T.]",,printed,,83,unclear
Apaches,jica1244,Appiacas,APPIACAS (BRAZILIAN INDIANS).,,printed,,83,no
Apaches,jica1244,,"Vocabulary of 113 words on page 315 of: Memoria sobre os usos, Costumes e Lmguagem dos Appiacas ; e descobrimento de Novas Minas na provincia de Mato Grosso. Pelo Conego Jose da Silva Guimarez, natural de Cuiaba. Pp. 297 — 317 of: Eevista Trirnensal do Institute do Rio de Janeiro, Tomo VI. Rio de Ja",1844,printed,,83,unclear
Araucans,arau1255,Gabriel,"P. GABRIEL DE LA VEGA, Arte, Gramatica, Vocabulario i retas a la Lengua de Chile. Mentioned in Barcia's edition of Pinelo, but not known to be printed.",,printed,,83,no
Arrapahoes,arap1274,,"[There is no evidence that Dr. Latham "" collated"" Mackenzie's Vocabulary. In ""Varieties of Man,"" p. 344, he only copies Prichard (Vol. V, p. 414) in calling the tribe Ahnenin ; whereas Gallatin (American Ethnological Society's Transac- tions, Vol. II, cvi) calls it Atsina. Which is right ?",,printed,,83,unclear
Arrapahoes,arap1274,Maximilian,"Keise des Prinzen MAXIMILIAN zu WIED, Vol. II, pp. 499, 500.— W. W. T.]",,printed,,83,no
"Arrawaks,",,Pott,"[A. F. POTT, Die quinare und vigesimale Zahlmethode. On the numerals, p. 71.— W. W. T.]",,printed,,83,unclear
Athapascans,,Buschmann'S,"[BUSCHMANN'S Athapaskischer Sprachstamm contains also an exhibition of the pronominal prefixes, pp. 168—170. — W. W. T.]",,printed,,83,unclear
Athapascans,,,"Ueber die Volker und Sprachen Neu- Mexico's und der Westseite des Britischeii Nord Amerika's. Mit einer systematischen Worttafel des Athapaskischen Sprach- stammes. (Paper by J. C. E. Buschmann, read before the Berlin Academy, January 22, 1857.)",1857,printed,,83,unclear
Atnas,ahte1237,Tjkd,"[Reference is erroneously omitted to the larger Vocabulary in BAB TJKD MELMERSEN (97 words, by Von Wrangell), in the Table to p. 259.— W. W. T.]",,printed,,83,no
"Atnahs,  Or  Chin  Indians",,,"[The term ""Kinn,"" retained from Jiilg, is simply a German translation of the English word chin. These people are called by Mackenzie ""Chin Indians,"" apparently on account of the projection of the lower part of the face, caused by flattening the forehead.",,printed,,83,unclear
"Atnahs,  Or  Chin  Indians",,Hale,"H. HALE, Ethnography and Philology of the United States Exploring Expedi- tion, Vocab. E. pp. 570—629. (Words.)",,printed,,83,unclear
"Atnahs,  Or  Chin  Indians",,Hale,"H. HALE, Ethnography, etc., p. 536. (Grammar.)— W. W. T.]",,printed,,83,unclear
"Atnahs,  Or  Chin  Indians",,Dtjflot,"Numerals 1 to 10 in "" Tableau comparatif des Nonas de Nombre,"" Vol. II, p. 401, of : DTJFLOT DE MOFRAS, Exploration duTerritoire de 1'Oregon des Californies et de la Mer vermeille, executee pendant les annees 1840-42, 2 vols. Paris, 1844, 8vo.",1840,printed,,83,unclear
Aymaba,,Diego,"DIEGO DE GTJALDO, Arte de la Lengua Aymara, con una silva de sus frases i su declaracion. Chicuiiu, 1612, 8vo. (Printed, according to Barcia-Pinelo.)",1612,printed,,83,unclear
Aymaba,,Pott,"[A. F. POTT, Die quinare und vigesimale Zahlniethode. On the numerals, pp. 73, 74.— W.W.T,]",,printed,,83,unclear
Batemdakaiee,,,"[The Batemdakaiee, ChoweshaTc, Kulanapo, and YuTcai of Gibbs are identical with the "" SevernovsJcia"" or Chvachamayw, of the Russians, as appears from a com- parison of the Vocabularies. These are all but different names for the same tribe, or of subdivisions of the same tribe. — W. W. T.]",,printed,,83,unclear
Blackeeet,,Pott,"[A. F. POTT, Die quinare und vigesimale Zahlmethode. On the numerals, p. 68. — W. W. T.]",,printed,,83,unclear
Blackeeet,,,"Blackfoot Vocabulary, pp. 348 — 352 of : Die Indianer Nord Amerika's und die wahrend eines achtjahrigen Aufenthalts unter den wildesten ihrer Stamme erlebten Abentheuer und Schicksale, von G. Catlin. Nach der fiinften enghschen Ausgabe deutsch herausgegeben von Dr. Heinrich Berghaus. Mit 24 vom Verf",1851,printed,,83,unclear
Bodega,bode1246,,[The Bodegan or Olamentke Indians of the Russians (p. 20) are the same as the TchoJcoyem of Gibbs (p. 184] and the Scm Eafael Indians of Hale. The Talatui,,printed,,83,unclear
Bodega,bode1246,,"of Hale (p. 180) and the Twolwmne tribes of Johnson (see "" Califomians,"" p. 27) are allied to them, at least in language.",,printed,,83,unclear
Bodega,bode1246,Hale,"H. HALE, Ethnography and Philology of the United States Exploring Expe- dition. San Raphael Yocab. No. 15, pp. 570-629.— W. W. T.]",,printed,,83,no
Brazilian,braz1236,,"Dictionarium Linguae Brasilica?, auctore Emm. Veiga, Lusitan. Cum Gram- matica et Catechismo. 4to. (Communicated by L. Leon de R,osny.)",,printed,,83,unclear
Brazilian,braz1236,,"Memoria sobre a necessidades do Estudo e Ensino das Linguas indigenas do Brasil, por Francisco Adolfo de Yarnhagen. Pp. 53—63 of: Revista Trimensal do Kio de Janeiro, Tomo III, 1841, 8vo.",1841,printed,,83,unclear
Brazilian,braz1236,Pott,"[A. F. POTT, Die quinare und vigesimale Zahlmethode. On the numerals, pp. 3, 4, 7—10, 73 ; on names of the fingers, pp. 302 -304.— W. W. T.]",,printed,,83,no
Brazilian,braz1236,,"Diccionario da Lingua geral dos Indios do Brasil, reimpresso e augmentado com diversos vocabularies, e offerecido a Sua Magestade Imperial por Joao Joaquim da Silva Gkumaraes, Natural da Bahia, EaMa, Typ. de Camillo de Lellis Masson & Ca., Eua de Santa Barbara, n. 2, 1854, 8vo, pp. vi, 60, ii, 36.",1854,printed,,83,unclear
Brazilian,braz1236,,The contents of this volume are :,,printed,,83,unclear
Brazilian,braz1236,,"Diccionario anonymo da Lingua de Na$ao Guarani, pp. 1 - 60. Addenda, pp. i, ii.",,printed,,83,unclear
Brazilian,braz1236,,"Yocabulario da Lingua principal dos Indios do Para, do qual usao differentes tribus da mesma provincia, pp. 1 — 7.",,printed,,83,unclear
Brazilian,braz1236,,"Yocabulario da Nacao Botocuda, pp. 8 — 12. Yocabulario da Na9ao Camacam Civilisada, pp. 12 — 14. Yocabulario da Na9ao Camacam Mongoyos, pp. 14—16. Yocabulario da Na^ao Maconi, pp. 16 — 18. Yocabulario da Na^ao Malali, pp. 18 — 20. Yocabulario da Nacao Patacho, pp. 20, 21. Yocabulario da Nacao Tupina",,printed,,83,unclear
Brazilian,braz1236,Cahita,214 CAHITA CALIFORNIAN LANGUAGES.,,printed,,83,no
Brazilian,braz1236,,"Vocabulario dos Indies das Aldeas de S. Pedro e Almeida, pp. 30, 31.",,printed,,83,unclear
Brazilian,braz1236,,"Dialectos de Sao Pedro, pp. 31, 32.",,printed,,83,unclear
Brazilian,braz1236,,"Dialectos de Almeida, p. 33.",,printed,,83,unclear
Brazilian,braz1236,,"Notas para esclarecimentos, pp. 34, 35.",,printed,,83,unclear
Brazilian,braz1236,,"On page 34 the following curious note occurs : "" Os idiomas das tribus Banebas, e Uruquenas tern alguns nomes Hebreos, como por exemplo— Joa— Jacob — Jacobi — Tome— Tomequi— I>avidii — Joanau — Marianu. O que indica que os seus povos na antiguidade tiverao communica9ao com os Hebreos."" — Credat Jude",,printed,,83,unclear
Cahita,mayo1264,Jesvs,"[Manual para administrar a los Indios del idioma Cahita los santos Sacramentos. .... Compuesto por un Sacerdote de la Compaiiia de JESVS, Missionero en las de la Provincia de Zynaloa. Mexico, 1741, 16mo, pp. 168. (A portion is in Spanish and Cahita, very useful for studying the construction of the l",1741,printed,,83,no
Cahita,mayo1264,Carl,"Die Lautveranderung aztekischer Worter in den sonorischen Sprachen und die sonorische Endung A M E dargestellt von JOH. CARL ED. BUSCHMANN. Aus den Abhandlungen der Konigl. Akademie der Wissenschaften zu Berlin, aus dem Jahre 1856. Berlin, 1857, 4to, pp. 118.",1856,printed,,83,no
Cairnos,,Franc,"FRANC. BE LA PUENTE, Catechismo de la Doctrina Christiana en el Idioma de los Indios Cairnos, Publ. por el Fr. Mateo Anguiano, Capuch., 1703, 4to. Mentioned in Barcia's edition of Pinelo.",1703,printed,,83,unclear
Cairnos,,Xiii,"Philologie ; Diversite des Langues (in California and Oregon). Chap. XIII, pp. 386—402 of: DITFLOT DE MOFRAS, Exploration du Territoire de 1' Oregon, des Californies et de la Mer vermeille. Paris, Bertrand, 1844.",1844,printed,,83,unclear
Cairnos,,Mofeas,"M. DE MOFEAS gives, on pp. 391 — 396 of Vol. II, translations of the Lord's Prayer in the following languages, viz. : Gruiluco, Mission S. Francisco Solano ; Choconyen, Bay del Sacramento ; Jonkiousme, Mission S. Rafael ; Vallee de Tulares ; Mission S. Clara ; Tatche or Telami, Mission S. Antonio de",,printed,,83,unclear
Cairnos,,,"Numerals 1 — 10 (Missions del Carmelo, La Soledad, San Luiz, San Juan, Pima, San Gabriel, Indiens Azteques), in the Tableau comparatif des Nonas de",,printed,,83,unclear
Cairnos,,Camacans,CAMACANS — CHEPEWYAN. 215,,printed,,83,unclear
Cairnos,,Dfflot,"Nombre. Vol. II, p. 401, of : DFFLOT DE MOFRAS, Exploration du Territoire de 1' Oregon des Californies et de la Mer vermeille, executee pendant les annees 1840-42. 2 vols. Paris, 8vo.",1840,printed,,83,unclear
Camacans,,Pott,"[A. F. POTT, Die qninare nnd vigesimale Zahlmethode. On the numerals, p. 72. — W. W. T.]",,printed,,83,unclear
Canada,nort3354,,"The correct title of Ledesme's work is : Doctrine Chrestienne du P. Ledesma, de la Comp. de Jesus ; traduite en langue Canadienne par un Pere de la meme Compagnie (le Pere Breboeuf). Rouen, Richard, 1630, pp. 28, 8vo. Reprinted in Chaplain's Voyage in 1632.",1630,printed,,83,unclear
Canada,nort3354,Rudigek,"[The numerals 1—10 are given in RUDIGEK, GTrundriss einer Geschichte der menschlichen Sprache. Thl. I, p. 123 (Leipzig, 1782) ; and in A. F. POTT, Die quinare und vigesimale Zahlmethode, p. 65. — W. W. T.]",1782,printed,,83,no
Cakebs,,Hetjvel,"[The numerals of Essequibo (from VAN HETJVEL) are given by M. Gallatin, in Transactions of the American Ethnological Society, Vol. I, Table to p. 114.",,printed,,83,unclear
Cakebs,,Pott,"A. F. POTT, Die quinare und vigesimale Zahlmethode. On the numerals, pp. 69-71.— W. W. T.]",,printed,,83,unclear
Cayubabas,cayu1262,Pott,"[A. F. POTT, Die quinare und vigesimale Zahlmethode. On the numerals, p. 74.— W. W. T.]",,printed,,83,no
Chepewyan,,Xvii,"[The first two sentences of what is said under this head apply, not to the Chepewyans, but to the Chippeways. The former, so far from being a courtly language, is one of the rudest and most uncouth that is spoken on the continent. The blunder was probably introduced by Jiilg (see Carver, Chap. XVII)",,printed,,83,unclear
Chepewyan,,,"The last sentence also is not quite correct. It was not a "" theory"" of Gallatin's that the Chepewyan belongs to the Athapascan family of languages. He gave the name of Aihapascas to the tribes who speak the class of languages at the head of which stands the Chepewyan, from Athapasca Lake, which stan",,printed,,83,unclear
Chepewyan,,Chehalis,216 CHEHALIS — CHJAPANECAS.,,printed,,83,unclear
Chepewyan,,,"I would therefore propose to substitute the following heading :— ""The Chepewyans belong to the stock to which M. Gallatin has given the common name of Athapascans. They call themselves Sah-issah-dinne (Rising- sun People), and extend from Hudson's Bay on the east, between the Eskimos on the north an",,printed,,83,unclear
"Chehalis,  Selish",,,"Vocabulary of, in : The North-west Coast ; or, Three Years at Shoal- Water Bay. Containing Personal Adventures, a Description of the Coast from Columbia River to the Straits of Fuca, and an Account of Indian Customs, Superstitions, Music, etc., and of the Vocabularies of the Chehalis and Chinook Lan",1857,printed,,83,unclear
Cherokee,cher1273,Elias,"\Tsa-la-gi Tsu-le-hi-sa-u-hi, Cherokee Phoenix. Edited by ELIAS BOUDINOT. Printed weekly by Isaac H. Harris, for the Cherokee Nation. New Echota, Vol. I, No. 1, Feb. 21, 1828, to Vol. V, No. 52, May 31, 1834 ; folio. (Stopped then, to collect funds ; perhaps not resumed.)",1828,printed,,83,no
Cherokee,cher1273,,"Besides a great number of public documents, passages from Scripture, hymns, and other pieces in the Cherokee language and character, it contains the following : —",,printed,,83,unclear
Cherokee,cher1273,,"On the Cherokee Alphabet, Vol. I, No. 1.",,printed,,83,unclear
Cherokee,cher1273,,"On the Cherokee Numerals, Vol. I, No. 2.",,printed,,83,unclear
Cherokee,cher1273,,"Questions on the Language, by C. S. Rafinesqus, Vol. I, No. 22.",,printed,,83,unclear
Cherokee,cher1273,,"Answers to Prof. Rafinesque's Questions, by W. [Rev. S. A. Worcester], Vol. I, Nos. 23, 25, 27.",,printed,,83,unclear
Cherokee,cher1273,,"Long Words. By the same. Vol. II, No. 1.",,printed,,83,unclear
Cherokee,cher1273,,"Inflections of Cherokee verbs : tsi-ne-ga, I speak, by Gawolihoski, Vol. II, Nos. 33, 34, 35 ; ga-lu-i-Jia, I am tying, by the Rev. S. A. Worcester, Vol. II, Nos. 37, 41.",,printed,,83,unclear
Cherokee,cher1273,,"Cherokee Advocate. Published [weekly] at Tahlequah, Cherokee Nation. Vol. I, No. 1, Sept. 26, 1844, to Vol. IX, No, 22, Dec. 28, 1853 ; folio. The first editor was W. P. Ross. (The publication may have continued longer, but No. 22 of Vol. IX is the last of the copy in Mr. Peter Force's library, Wash",1844,printed,,83,unclear
Cherokee,cher1273,,"This newspaper, like the preceding, contains a great many papers in the Cherokee language, which would be extremely valuable to the student of the language.— W. W. T.]",,printed,,83,unclear
Chiapanecas,,Domingo,"FE. DOMINGO DE LAVA, Obispo, Vocabulario de la Lengua de Chiapa. Men- tioned in Barcia's edition of Pinelo, but not known to be printed.",,printed,,83,unclear
Chinuk,,Duflot,"Numerals 1 —10 in the Tableau comparatif cles Noms de Nornbre. Vol.. II, p. 101, of: DUFLOT DE MOFKAS, Exploration du Territoire de 1' Oregon, des Calif ornies et de la Mer vermeille, exe'cutee pendant les annees 1840-42. Paris, 1844, 2 vols., 8vo.",1840,printed,,83,unclear
Chinuk,,Emmons,"[Lieut. Gr. F. EMMONS gives a brief Klatsop Vocabulary in : Schoolcraft's Hist., etc., of Indian Tribes of the United States, Vol. Ill, pp. 223, 224.",,printed,,83,unclear
Chinuk,,,"The following items are to be added to those on the "" Jargon,"" which should have been put by themselves : —",,printed,,83,unclear
Chinuk,,,"Vocabulary of the Jargon or Trade Language of Oregon [English- French Jargon]. Washington, 1853, 8vo, pp. 22. (Printed by the Smithsonian Institution for private distribution.)",1853,printed,,83,unclear
Chinuk,,,"A Complete Dictionary of the Chinook Jargon [English- Chinook and Chinook - Engh'sh] ; to which is added numerous Conversations, thereby enabling any person to speak the Chinook correctly. 3rd edit. Portland, O. T., published by S. J. McCormick, 1856, 24mo, pp. 24. -W. W. T.]",1856,printed,,83,unclear
Chinuk,,,"A Vocabulary of, in : The North- west Coast ; or, Three Years at Shoal- Water Bay. Containing Personal Adventures, a description of the Coast from Columbia River to the Straits of Fuca, and an account of Indian Customs, Superstitions, Music, etc., and of the Vocabularies of the Chehalis and Chinook ",1857,printed,,83,unclear
Chippeway,chip1241,Evans,"[EVANS, JAMES, The Speller and Interpreter in Indian and English, for the use of the Mission Schools. In the Odjibwa tongue. New York, 1831, 12mo.",1831,printed,,83,no
Chippeway,chip1241,Schoolceaft,"H. R. SCHOOLCEAFT, Summary Narrative of an Exploratory Expedition to the Sources of the Mississippi River in 1820 ; resumed and completed by the Discovery of its Origin in Itasca Lake, in 1832, etc. Philadelphia, Lippincott, Grambo, and Co., 1855, 8vo, pp. 596.",1820,printed,,83,no
Chippeway,chip1241,,"This work contains "" Examination of the Elementary Structure of the Algonquin Language, as it appears in the Chippeway Tongue,"" pp. 442 — 447 ; and also the four Lectures previously published in the "" Expedition to Itasca Lake"" and "" Oneota,"" pp. 453—515.",,printed,,83,unclear
Chippeway,chip1241,Belcourt,"The Rev. G-. A. BELCOURT has composed an elaborate "" Dictionnaire Fra^ais- Sauteux,"" which will probably be published by the Smithsonian Institution. — W. W. T.]",,printed,,83,no
Chippeway,chip1241,Longfellow'S,"A Vocabulary of Chippeway Words, in H. W. LONGFELLOW'S Song of Hiawatha. Boston, 1855, 8vo.",1855,printed,,83,no
F  F,,Diego,"P. DIEGO SAMANIEGO, Yocabulario de la Lengua Chiriguana. Mentioned in Barcia's edition of Pinelo, but not known to be printed.",,printed,,83,unclear
Chocha,,Maetin,"Dramas allegoricos en Lengua Chocha, by the Fray MAETIN ACEVEEEDO, native of San Ildefonso, in the province of Oaxaca, Mexico. He left his MSS. in the con- vent of Oaxaca (De Souza).",,manuscript,"in the province of Oaxaca, Mexico",83,unclear
Choctaw,choc1276,James,"[There are some remarks on the language by JAMES HATTGHTON, in the Massachusetts Historical Collection, Vol. IX, first series, pp. 95—97.",,printed,,83,no
Choctaw,choc1276,Cyetjs,"The Eev. CYETJS BYINGTON wrote, many years ago, a Grammar of the Choctaw Language, which he is now engaged in revising for publication. — W. W. T.]",,printed,,83,no
Cocamas,coca1259,South,(? SOUTH AMERICA-GRAN CHACO.),,printed,,83,yes
Cocamas,coca1259,Raymundo,"P. RAYMUNDO DE SA- CEUZ, Yocabulario de la Lengua de los Indies Cocamas. Mentioned in Barcia's edition of Pinelo, but not known to be printed.",,printed,,83,no
Cochimi,coch1272,Clavigeeo,"[F. S. CLAVIGEEO, Storia della California. Venizia, 1789, 2 vols., 8vo. Gram- matical Notices, Vol. I, pp. 110, 264.— W. W. T.]",1789,printed,,83,no
Coco-Mabicopas,,,"[That this might be an Apache people was a conjecture of M. Gallatin's, from their word for "" man"" (Transactions of the American Ethnological Society, Vol. II, p. xcii) ; but now that we have Apache vocabularies, the Coco-Maricopa language is seen to belong to an entirely different stock. — W. W. T.",,printed,,83,unclear
Comanche,coma1245,Bollaeet'S,"Names of Comanche Chiefs and Numerals (1—20), pp. 273, 274 of ""Wai. BOLLAEET'S Observations on the Indian Tribes in Texas,"" in Vol. II of: The Journal of the London Ethnological Society. London, 1850, 8vo.",1850,printed,,83,no
Cora,elna1235,Pott,"[A. F. POTT, Die quinare und vigesimale Zahlmethode. On the numerals, pp. 89, 90.-W.W. T.]",,printed,,83,no
Cora,elna1235,Gael,"Die Lautverauderung aztekischer Worter in den sonorischen Sprachen und die sonorische Endung A M E dargestellt von JOH. GAEL ED. BUSCHMANN. Aus den Abhandlungen der Konigl. Akademie der Wissenschaften zu Berlin aus dem Jahre 1856. Berlin, 1857, 4to, pp. 118.",1856,printed,,83,no
"Creole,  Negro-English",,Southey,"[R. SOUTHEY gives a sketch of the language in an article on the Negro-English New Testament : Quarterly Review, Yol. XLIII. London, 1830, pp. 553—564. — W. W. T.]",1830,printed,,83,unclear
Cumanas,coas1302,,"The correct title of Yangues' work is : Principios y Reglas de la Lengua Cum- nianagota general en varias iiaciones que habitan en la provincia de Cummana en las Indias Occidentals, con un Diccionario. By Man. de Yangues. Burgos, 1683, 4to.",1683,printed,,83,unclear
Cunacuna,,Pott,"[A. F. POTT, Die quinare und vigesimale Zahlmethode. Numerals 1 — 10, from BALBI, p. 72,— W. W. T.]",,printed,,83,unclear
Dakota,dako1257,Ponceau,"[P. Du PONCEAU, Comparative Table of the Sioux or Nadowessie Stock, com- pi-ehending the ""Winnebago. In Note 16 to Edwards's Mohegan Grammar. (Mass. Hist. Collections, Yol. X, second series, p. 151.)",,printed,,83,no
Dakota,dako1257,Gabelentz,"H. C, GABELENTZ, Grammatik der Dakota Sprache. Leipzig, 1852, 8vo, pp. 64.",1852,printed,,83,no
Dakota,dako1257,Hunfalvi,"P. HUNFALVI, A Dakota nyelv. Kiilon lenyomat a m. acad. ertesitobol. (The Dakota Language, extracted from the Bulletins of the Hungarian Academy.) Pesth, 1856, 8vo, pp. 55.",1856,printed,,83,no
Dakota,dako1257,Pond,"Dakota TawaxitJcu Kin, or The Dakota Friend, published [monthly] by the Dakota Mission. G. H. POND, editor. St. Paul, Minnesota. Yol. I, Nos. 1—12, Nov. 1850 to Oct. 1851, 4to. Yol. II, Nos. 1—8, Jan. 1852 to Aug. 1852, fol. (The publication was suspended at this point, on account of Indian troubles",1850,printed,,83,no
Dakota,dako1257,,"The Dakota Friend contains many articles in the Dakota language, besides specimens of the language in short sentences, with interlinear English transla- tions, etc.",,printed,,83,unclear
Dakota,dako1257,Pott,"A. F. POTT, Die quinare und vigesimale Zahlmethode. On the numerals, pp. 67, 68.— W. W. T.]",,printed,,83,no
Darien,nort2972,Pott,"A. F. POTT, Die quinare und vigesimale Zahlmethode. On the numerals, p. 72. — W. W. T.]",,printed,,83,no
Delaware,muns1251,,"Ad Losskiel, p. 64. The German original was published at Barby, 1789, 8vo. Delaware and Iroquois words, pp. 29, 30.",1789,printed,,83,unclear
Delaware,muns1251,,"Six Delaware words, on page 125 of "" General Parsons' Discoveries made in the Western Country."" Article XI (pp. 119—127) of: Memoirs of the American Academy of Arts and Sciences, Vol. II, Part 1. Boston, 1793, 4to.",1793,printed,,83,unclear
Diegenos,,,"[This name means the Indians of San Diego, so that there is no such name as Deguinos. Their language belongs to what I have termed the Yuma tongue, dialects of which are spoken by various tribes on the Rio Colorado and Gila, e. g., the Mohave, Cuchan, and Coco-Maricopa. All the vocabularies (except ",,printed,,83,unclear
Diegenos,,Buschmann'S,"Dr. BUSCHMANN'S paper on the Kizh and Netela has been published separately under the following title : Die Sprachen Kizh und Netela von Neu Californicn, dargestellt von Joh. Carl Ed. Buschmann (aus den Abhandl. d. Konigl. Akad. d. Wissenschaften zu Berlin, 1855). Berlin, 185G, pp. 31, 4to. — W. W. T",1855,printed,,83,unclear
Eskelen,,Pott,"[A. F. POTT, Die quinare und vigesimale Zahlmethode. On the numerals, pp. 63, 64.— W. W. T.]",,printed,,83,unclear
Eskimos,east2534,,"Schediasma hocce etymologico-philologicum prodromum Americano Grronlandicum in patronis appropriatum insinnat Twarns Abel. Havnice, 1783, 4to.",1783,printed,,83,unclear
Eskimos,east2534,,"Vocabulary of the English, Danish, and Esquimaux Languages. Pp. 61 — 89 of: Appendix to the Narrative of a Second Voyage in Search of a North-West Passage, aad of a Residence in the Arctic Regions during the Years 1829, 1830, 1831, 1832, 1833. By Sir John Ross, C.B., K.S.A., K.C.S., etc., Captain in",1829,printed,,83,unclear
Eskimos,east2534,,"Dialogues in the English, Danish, and Esquimaux Languages. Pp. 91 — 104 of: Appendix to the Narrative of a Second Voyage in Search of a North- West Passage,",,printed,,83,unclear
Eskimos,east2534,Etchemins,ETCHEMINS GORGOTOQUIENSES. 221,,printed,,83,no
Eskimos,east2534,,"and of a Residence in the Arctic Regions during the Years 1829, 1830, 1831, 1832, 1833. By Sir John Ross, C.B., K.S.A., K.C.S., etc., Captain in the Royal Navy. Including the Reports of Commander, now Captain, James Clark Ross, R.N., F.R.S., F.L.S., etc. ; and the Discovery of the Northern Magnetic ",1829,printed,,83,unclear
Eskimos,east2534,Hossler,"Remarks on the Eskimo Language, in the article "" Eskimo,"" by HOSSLER, Ersch und Gruber's Encyclopaedic, 1 Sect,, Band 38, pp. 108 — 132.",,printed,,83,no
Eskimos,east2534,,"Verzeichniss der in Labrador befindlichen Landsaugethiere, Wasservogel, etc., in : Miinchner Grelehrte Anzeigen, 1844, Nos. 52, 53 (with the names in the Eskimo language) .",1844,printed,,83,unclear
Eskimos,east2534,Pott,"[A. F. POTT, Die quinare und vigesimale Zahlmethode. On the numerals, pp. 2, 3.-W. W. T.]",,printed,,83,no
Eskimos,east2534,Sotjtherland,"Greenland Numerals (I— 10, 16—30), pp. 208, 209, of P. C. SOTJTHERLAND, on the Esquimaux, in Vol. IV of the Journal of the London Ethnological Society. London, 1854, 8vo.",1854,printed,,83,no
Eskimos,east2534,Schott,""" Die Sprache der Eskimos auf Grronland,"" article by W. SCHOTT, in : Magazin fur die Literatur des Auslands. Berlin, 1856, Nos. 38, 39.",1856,printed,,83,no
Etchemins,etch1234,Fred,"[FRED. KIDDER, Vocabulary of the Openango or Passamaquoddy Language, in : Schoolcraft's History, Condition, etc., of Indian Tribes, Vol. V, p. 690.— W. W. T.]",,printed,,83,no
Flatheads,kali1308,Howse,"[J. HOWSE, Vocabularies of certain North American Languages, in : Proceedings of Philological Society, Vol. IV. London, 1850, pp. 199— 206.— W. W. T.]",1850,printed,,83,yes
Eox  Islands,,,"[Here, too, should be inserted the title of Sauer's work (see under "" Aleutans,"" p. 4), as Billings's vocabulary was taken in Sithanak, and corrected in TJnalashka, both of which belong to the Fox Islands.— W. W. T.]",,printed,,83,unclear
"Ge,  Geiko",,Pott,"[A. F. POTT, Die quinare und vigesimale Zahlmethode. On the numerals, p. 73. -W. W. T.]",,printed,,83,unclear
Gorgotoquienses,,Gtaspar,"P. GTASPAR Ruiz, Aleman, Gramatica de la Lengua Gforgotoquiense en el Peru. Mentioned in Barcia's edition of Pinelo, but not known to be printed.",,printed,,83,unclear
Gtjarani,,Montoya,"P. ANT. Ruiz DE MONTOYA, L'Arte, Bocabulario, Catecismo y Tesoro de la Lengua Guarani de la Provincia del Paraguay y Eio de la Plata. Madrid, 1639.",1639,printed,,83,unclear
Gtjarani,,Pott,"[A. F. POTT, Die quinare und vigesimale Zahlmethode. On the numerals, pp. 6, 7, 60, 61, 301 ; on the pronouns, p. 109, note.—W. W. T.]",,printed,,83,unclear
Guarapuava,,,"A district in Brazil, inhabited by the Games, Votoroes, Dorins, and Xocrens. The idiom used by these Indians is probably Guarani.",,printed,,83,unclear
Guarapuava,,Francisco,"Words and Grammatical Notices, pp. 53, 54 of : Mcmoria sobre o Descobriniento e Colonia de Guarapuava. Escripta pelo Padre FRANCISCO DOS CHAGAS LIMA. Pp. 43—64 of: Kevista Trimensal, etc., Tomo IV. Eio de Janeiro, 1842.",1842,printed,,83,unclear
Guatusos,male1297,Squiee,""" Les Indiens Guatusos du Nicaragua, par E. G. SQUIEE,"" in : Athenaeum Fran- vais, 22 Dec., 1855 ; and also in : Nouvelles Annales des Voyages.",1855,printed,,83,no
Guaycuuu,,Fbancisco,"A few words on p. 31 of : Ilistoria dos Indios Cavalleiros, ou da Na<jao Guaycui-u. Escripta no real presidio de Coimbra, por FBANCISCO RODEIGTTES DO PEADE. Pp. 21 — 47 of: Revista Trimensal do Institute do Rio de Janeiro, Tomo I. Eio de Janeiro, 1839.",1839,printed,,83,unclear
Guyana,guya1253,Pott,"[A. F. POTT, Die quinare und vigesimale Zahhnethode. On the numerals, pp. 09— VI.— W. W. T.]",,printed,,83,no
Haidah,,Duflot,"Numerals 1 to 10, in the Tableau comparatif des Noms de Nombre. Vol. II, p. 401, of: DUFLOT DE MOFEAS, Exploration duTerritoire de 1' Oregon, des Californies et de la Mer vermeille, executee pendant les annees 1840-42. Paris, 2 vols., 1844, 8vo.",1840,printed,,83,unclear
Huasteca,cent2134,Pott,"[A. F. POTT, Die quinare und vigesimale Zahlmethode. On the numerals, p. 92 ; 011 the names of the fingers, p. 301.— W. W. T.]",,printed,,83,no
Hudson'S  Bay,,,"[The term "" Hudson's Bay Indians "" is, properly, only another name for Chepe- wyans. The vocabulary of Chappell therefore, which is Cree, or Knisteneaux, does not be'long here.— W. W. T.]",,printed,,223,unclear
"Hueons,  Wyandots",,,"Six Wyandot Words, on p. 125 of "" General Parsons' Discoveries made in the Western Country."" Art. XI (pp. 119 — 127) of: Memoirs of the American Academy of Arts and Sciences, Vol. II, Part 1. Boston, 1793.",1793,printed,,223,unclear
"Hueons,  Wyandots",,,"[A MS. Wyandot Grammar of 213 pages, small 4to, is in the possession of Prof. J. W. G-ibbs, of Yale College.— W. W. T.]",,manuscript,in the possession of Prof,223,unclear
"Hueons,  Wyandots",,,"A community of Indians of the Huron-Iroquois family (the same with the "" Five Nations"" and "" Six Nations""), living at Caughiiawaga on the St. Lawrence, nearly opposite Lachine, and a few miles above Montreal.",,printed,,223,unclear
"Hueons,  Wyandots",,,"The settlement dates back to the year 1680, when Louis XV made a grant of it to these Indians. They are advanced in civilization, and, from their staunch loyalty and good services in the troublous year 1837, are in good favour with the British power.",1680,printed,,223,unclear
"Hueons,  Wyandots",,Thomas,"A Vocabulary, consisting of the numerals to above 100, and upwards of forty of the commonest words and brief sentences, is in the possession of THOMAS H. GLADSTONE, Stockwell, near London, collected by him in July, 1856.",1856,manuscript,in the possession of THOMAS H,223,unclear
Inktjltjchltjats,,,"[These belong not to the ""Eskimo,"" but to the Kenai stock, as is correctly stated by Jiilg. Dele the heading "" Kangjulit"" the dialects of which class (spoken by the Tshnagmjuts and by the Kwichpaks and Kuskokwimjuts, see p. 98) are of the Eskimo family.",,printed,,223,unclear
Inktjltjchltjats,,Zagoskin'S,Lieutenant ZAGOSKIN'S Inkilik and Inkalit-jugehmt Vocabularies are printed in the following works : —,,printed,,223,unclear
Inktjltjchltjats,,,"I. Zapiski Kusskago Geographitsheskago Obshtshestva (Memoirs of the Eussian Geographical Society), Vol. II. St. Petersburg ; 1847, 8vo (I cannot give the page of the 1st edition) ; 2nd edition, St. Petersburg, 1849, pp. 246— 249.",1847,printed,,223,unclear
Inktjltjchltjats,,,"II. Denkschriften der Russischen Geographischen Gesellschaft zu St. Peters- burg, Vol. I (German translation of the above, containing Vols. I and II of the original). Weimar, 1849, 8vo, pp. 354—358.",1849,printed,,223,unclear
Inktjltjchltjats,,Schott,"III. A. Erman, Archiv fur Wissenschaftliche Kunde von Russland, Vol. VII. Berlin, 1849, 8vo (from the Russian, by W. SCHOTT), pp. 481—487.",1849,printed,,223,unclear
Inktjltjchltjats,,,"IV. J. C. E. Buschmann, Der Athapaskische Sprachstamin. Berlin, 1856, 4to, pp. 269— 312.— W. W. T.]",1856,printed,,223,unclear
Iroqttois,,,"Ad Losskiel, p. 87. The German original was published at Barly, 1789, 8vo. Delaware and Iroquois words, pp. 29, 30.",1789,printed,,223,unclear
Ioway,iowa1246,Hamilton,"[W. HAMILTON and S. M. IRVIN, An Elementary Book of the loway Language, with an English translation. loivay and Sac Mission Press, Indian Territory, 1843.",1843,printed,,223,no
Ioway,iowa1246,,The title of the Grammar by these gentlemen should read as follows : —,,printed,,223,unclear
Ioway,iowa1246,Hamilton,"W. HAMILTON and S. M. IEYIN, An loway Grammar, illustrating the Principles",,printed,,223,no
Ioway,iowa1246,,"of the Language used by the loway, Otoe, and Missouri Indians. loivay and Sac",,printed,,223,unclear
Ioway,iowa1246,,"Mission Press, 1848, IGmo, pp. 152.— W. W. T.]",1848,printed,,223,unclear
Kachiquel,kaqc1270,,"The following three are mentioned in Barcia's edition of Pinelo, but not known to be printed : —",,printed,,223,unclear
Kachiquel,kaqc1270,,"FR. DoMiNao DE Yico, Dominicano, Vocabularios i Arte de la Lengua Cachiquel i de la Vera Paz i de otras seis.",,printed,,223,unclear
Kachiquel,kaqc1270,Benito,"FR. BENITO DE YILLACANAS, Dominicano, Arte i Yocabulario de la Lengua Cachi- quel (mentioned likewise by Clavigero) .",,printed,,223,yes
Kachiquel,kaqc1270,Alonso,"FR. ALONSO DE BETANCUR, Arte i Vocabulario del Idioma de Guatemala (Quiche?).",,printed,,223,no
Kachiquel,kaqc1270,Philippus,"PHILIPPUS Ruiz DEL CORRAL, Arte y Vocabulario de la Lengua de los Indios de Guatemala, llamada Cachiquel (communicated by L. Leon de Rosny).",,printed,,223,no
Kachiquel,kaqc1270,,"Numerals, in : Nouvelles Annales des Voyages, Vol. IV (1840), pp. 8—36.",1840,printed,,223,unclear
Kadjak,,,"[The reference should not have been omitted to the longer Vocabulary in Bar and Helmersen's Beitrage (97 words, by Von Wrangell), in the table to p. 259 of Vol. I.",,printed,,223,unclear
Kadjak,,,The title of Venjaminov's work should read : —,,printed,,223,unclear
Kadjak,,Ivan,"IVAN VENJAMINOV, Zamjetshania o Koloshenskom u Kadjakskom Jazykakh. St. Petersburg, 1846, 8vo.",1846,printed,,223,unclear
Kadjak,,,"Zagoskin's Kadjak Vocabulary (made up from those of Billings and Lisiansky) is printed also in the Memoirs of the Eussian Geographical Society (Russian), 2nd edition, Vol. II, pp. 250—266; and in the German translation, Vol. I, pp. 359— 374.",,printed,,223,unclear
Kadjak,,Pott,"A. F. POTT, Die quinare und vigesimale Zahlmethode. On the numerals, p. 61. — W. W. T.]",,printed,,223,unclear
Kadjak,,Bernardo,"PR. BERNARDO MANETENSE, Capuch., Catecliismo para los Karitis, Indies de Brasil ; en Portugues i Indio. 1709, 8vo. Printed, according to Barcia-Pinelo.",1709,printed,,223,unclear
Kinai,,,"£That Zagoskin speaks of four dialects of this language is probably a mistake. At all events, he gives Vocabularies only of two, the InJcilik and Inkalit-jugelnut, These were first printed in the Memoirs of the Eussian Geographical Society, Vol. II. St. Petersburg, 1847 (2nd edition, pp. 246 -249).—",1847,printed,,223,unclear
Kinai,,Buschmann,"Ueber die Verwandschaft der Kinai Idiome des Russischen Nordamerika's mit clem grossen athapaskischen Sprachstamme. Paper by J. C. E. BUSCHMANN, read before the Berlin Academy on May 18, 1854 (extract in the Monatsbericht der K. Preuss. Akademie der Wissenschaften, Mai, 1854, pp. 231—236).",1854,printed,,223,unclear
Kiriri,kari1255,Pott,"[A. F. POTT, Die quinare und vigesimale Zahlmethode. On the numerals, p. 72.—W. W. T.]",,printed,,223,no
Knistenos,,Chappell,"[EDW. CHAPPELL, Narrative of a Voyage to Hudson's Bay in H.M.S. "" Rosa- mond ;"" containing some Account of the North-eastern Coast of America, and of the Tribes inhabiting that remote Region. London, J. Mawman, 1817, 8vo, pp. 256—279.",1817,printed,,223,unclear
Knistenos,,,"Say's Vocabularies, appended to Long's Expedition, do not comprise the Knis- teno. The Vocabulary appended by Pickering to Edwards's Mohegan Grammar is made up from Harmon and Mackenzie. — W. W. T.]",,printed,,223,unclear
Koloshes,,Buschmann,"[J. C. E. BUSCHMANN, Die Pima Sprache und die Sprachen der Koloschen (from Abhandlungen der Konigl. Akad. der Wissenschaften zu Berlin, 1856, pp. 321 — 432). Berlin, 1857, 4to. Contains a variety of observations on the language and its affinities, pp. 380—389, and a comparative table of alphabets, w",1856,printed,,223,unclear
Koloshes,,Pott,"[A. F. POTT, Die quinare und vigesimale Zahlmethode. On the numerals, pp. 62, 63.-W. W. T.]",,printed,,223,unclear
Konza,,Pott,"A. F. POTT, Die quinare und vigesimale Zahlmethode. On the numerals, p. 67.— W. W. T.]",,printed,,223,unclear
G   G,,Kuskokwimjuts,226 KUSKOKWIMJUTS — MAYA.,,printed,,223,unclear
Ktjskokwimjuts,,,"[Zagoskin's TsTinagmjut and Kwikhpak-KiisJcoJcwimjut Vocabularies are printed also in the Memoirs of the Russian Geographical Society (Russian), Yol. II, 2nd edition, pp. 250—266, and in the German translation, Vol. I, pp. 359—374.— W. W. T.]",,printed,,223,unclear
Kutchin,gwic1235,Isbestee,"[J. A. ISBESTEE, A short Vocabulary of the Loucheux Language, in : Proceed- ings of the Philological Society, Vol. IV. London, 1850, p. 185.",1850,printed,,223,no
Kutchin,gwic1235,Latham'S,"Also in : R. G-. LATHAM'S Natural History of the Varieties of Man. London, 1850, 8vo, pp. 297, 298.— ""W. W. T.]",1850,printed,,223,no
"Lipans,  Lapanas",,,"Indians of Texas, belonging to the Apache stock. They hunt over the country between the Guadalupe and the Rio Grande.",,printed,,223,unclear
"Lipans,  Lapanas",,Bollaert'S,"A few Lipan Words, p. 278 of: WM. BOLLAERT'S Observations on the Indian Tribes in Texas, in Vol. II of the Journal of the London Ethnological Society. London, 1850, 8vo.",1850,printed,,223,unclear
"Maha,  Omaha",,Pott,"[A. F. POTT, Die quinare imd vigesimale Zahlmethode. On the numerals, p. 67. -W. W. T.]",,printed,,223,unclear
Maipukes,,Pott,"[A. F. POTT, Die quinare und vigesimale Zahlmethode. On the numerals, pp. 14, 15.— W.W. T.]",,printed,,223,unclear
Maya,bali1245,Alonso,"FE. ALONSO DE LA SOLAN A Franciscano, Vocabulario muy copioso de la Lengua de Jucatan o Maia i Epaiiola. Mentioned in Barcia's edition of Pinelo.",,printed,,223,no
Maya,bali1245,Villalpaistdo,"FR. Luis DE VILLALPAISTDO, Franciscano, Arte i Vocabulario de la Lengua de Yucatan. This work and the following are mentioned by both Barcia-Pinelo and Clavigero, but not known to be printed.",,printed,,223,no
Maya,bali1245,Bernardino,"FR. BERNARDINO DE VALLADOLID, Orbis Pictus, in Latin, Spanish, and Maia. "" Un Tomo como al que esta pintado, los ponia su nombre Latino, Castellano i el que le correspondia en esta lengua de los Indios.""",,printed,,223,no
Maya,bali1245,Juan,"FR. JUAN DE ACEBEDO, Franciscano, Arte breve le la Lengua Jucatheca. Men- tioned by Barcia-Pinelo, but not known to be printed.",,printed,,223,no
Maya,bali1245,Antonio,"FE. ANTONIO DE CIUDAD REAL, Vocabulario Castellan-Jucateco i Jucateco- Castellan, i un Calepino en 6 Tomos cada uno de 200 pliegos. According to Barcia-Pinelo and Clavigero, but not known to be printed.",,printed,,223,no
Maya,bali1245,Gaspae,"GASPAE ANTONIO, Yocabulario de la Lengua de Jucatan.",,printed,,223,no
Maya,bali1245,Juan,"FE. JUAN COEONEL, Franciscano, redujo el Arte antiguo de la Lengua Jucateca a mas brevedad i clardad. This and the preceding are mentioned by Barcia-Piuelo, but not known to be printed.",,printed,,223,no
Maya,bali1245,John,"[The American Bible Society, in New York, possesses a MS. Dictionary Maya- Spanish-English and English-Spanish-Maya, compiled by the Rev. JOHN KINGKDON, who died in Monrovia, on the coast of Africa, in the year 1855 ; also a MS. trans- lation of Beltran's Grammar, by the same.",1855,manuscript,in the year 1855 ,223,no
Maya,bali1245,Naeciso,"Ruz, in his Preface, speaks of a Grammar by J. NAECISO, of Herranz and Quiros, printed at Madrid in the year 1838.",1838,printed,,223,no
Maya,bali1245,Gallatin,"A. GALLATIN treats of the numerals in : Transactions of the American Ethno- logical Society, Yol. I, pp. 51—55, and Table to p. 114.",,printed,,223,no
Maya,bali1245,Pott,"A. F. POTT, Die quinare und vigesimale Zahlmethode, pp. 93—96 ; names of the fingers, p. 301.",,printed,,223,no
Maya,bali1245,Hellee,"C. B. HELLEE, Reisen in Mexiko. Leipzig, 1853, 8vo. Grammatical Remarks, pp. 381—385 ; Numerals and a few other words, pp. 386—388 — W. W. T.]",1853,printed,,223,no
Mame,grea1277,Felipe,"DON FELIPE Ruiz COEEAL, Arte i Vocabulario de la Lengua de Guatemala. Printed according to Nic. Antonio and Barcia-Pinelo, and called in the Mithridates III, 2, p. 10, "" Yocabularium Pocornamum."" L. Leon de Rosny communicates the same title, but designates the language as Kacchiquel. (See under.)",,printed,,223,no
Mame,grea1277,,"Lavicos is called Larios by Barcia, and his "" Arte"" stated to be printed in 1607.",1607,printed,,223,unclear
Mame,grea1277,Padee,"An ""Arte y Yocabulario de la Lengua Mam"" is said to have been written by a "" PADEE REINOSO,"" which was printed at Mexico in 1644. No copies known in European libraries. De Souza quotes a few words from it, viz. : —",1644,printed,,223,no
Mame,grea1277,,"A, water ; ha or haa, in the Maya, Kachiqucl, etc.",,printed,,223,unclear
Mame,grea1277,,"Kih, sun ; Maya, kin ; Quiche, kir ; Kachiquel, keile.",,printed,,223,unclear
Mandans,mand1446,Netjwied,""" Details sur la Nation des Indiens Mandans, extraits du Voyage dans 1'interieur de 1'Amerique du Nord, execute pendant les annees 1832, 1833, 1834, par le Prince MAX. DE NETJWIED,"" in : Annales des Voyages, 1841, Vol. IV, pp. 5 — 47.",1832,printed,,223,no
Mandans,mand1446,,"Mandan Vocabulary, pp. 348—352 of: Die Indianer Nord America's und die wahrend eines achtjahrigen Auf'enthalts unter den wildesten Hirer Stamme erlebten Abentheuer und Schicksale, von G. Catlin. Nach der fiinften englischen Ausgabe deutsch herausgegeben von Dr. Heinrich Berghaus. Mit 24 vom Verfasse",1851,printed,,223,unclear
Maramomisios,,Manuel,"P. MANUEL DE VEGA, Catecismo, Diccionario i Gramatica de la Lengua de los Maramomisios, Indies del Brasil. According to Barcia-Pinelo, but not known to be printed.",,printed,,223,unclear
Massachusetts,wamp1249,,"[The Comparative Vocabulary in Note 15 to Edwards's Mohegan Grammar was compiled not by "" T. Say,"" but by the editor, Dr. J. Pickering, who derived the Massachusetts vocabulary from Eliot.— W. W. T.]",,printed,,223,unclear
Matlazinga,,Andres,"FE. ANDRES DE CASTEO, Franciscano, Vocabulario, doctrina Christiana i Sermones en Lengua Matlazinga. — Arte de aprender las Lenguas Mexicana i Matlazinga. Ac- cording to Barcia-Pinelo and Clavigero, but not known to be printed.",,printed,,223,unclear
Messissaugas,,,"[Here, too, the preceding (Massachusetts) remark applies. The few words of this language are taken from Smith Barton. — W. W. T.]",,printed,,223,unclear
Mexican,abaj1234,Molina,"Ad p. 112, line 8, MOLINA : reprinted in 1606, 4to, according to Barcia's edition of Leon Pinelo, where it is also stated that HEENANDO DE UIBAS, an Indian, assisted M olina in compiling his dictionary.",1606,printed,,223,no
Mexican,abaj1234,Sqtjiee,"Ad p. 113, line 16, SQTJIEE, : and pp. 216, 217 of the German translation by Karl Andree. Leipzig, Lorck, 1856, 8vo.",1856,printed,,223,no
Mexican,abaj1234,Molina,"Ad p. 113, line 37, MOLINA : reprinted ibid. 1578, 8vo, according to Barcia- Pinelo.",1578,printed,,223,no
Mexican,abaj1234,Kangel,"Ad p. 115, line 8, KANGEL : mentioned as printed in Barcia-Pinelo.",,printed,,223,no
Mexican,abaj1234,,"The work of Paredes (p. 114) is, properly speaking, only an extract, not a new edition of the "" Arte"" by Carochi.",,printed,,223,unclear
Mexican,abaj1234,Ttjpin,"TTJPIN, CHAEL. DE, Arte Novissima de Lengua Mexicana. Mexico, 1753, 4to.",1753,printed,,223,no
Mexican,abaj1234,Benito,"Numerals (1—21, 30, 800, 8000), Tabla arimetica comparada de los Mejicanos y Tarascos. P. 68 of : D. BENITO MAEIA DE Moxos, cartas Mejicanas, 2da edicion. Geneva, PUlas, s.a. (1839), 8vo.",1839,printed,,223,no
Mexican,abaj1234,Duflot,"Numerals 1 — 10 in the Tableau cornparatif des Noms de Nombre, Vol. II, p. 401, of: DUFLOT DE MOFEAS, Exploration du Territoire de 1' Oregon, des Cali- fornies et de la Mer vermeille, executee pendant les annees 1840-42, 2 vols. Paris, 1844, 8vo.",1840,printed,,223,no
Mexican,abaj1234,Aubin,"An article by Mr. AUBIN, of Paris, "" Langue Americaine ; Langue, Litterature et Ecriture Mexicaines,"" in : Encyclopedic du XIXme Siecle, Tome XXVI, Supple- ment, pp. 500—507.",,printed,,223,no
Mexican,abaj1234,Sqttiek,"An article on Aztec Picture-writing by E. O. SQTTIEK, in : New York Tribune, Nov. 24, 1852.",1852,printed,,223,no
Mexican,abaj1234,Bttschmann,"Die Spuren der Aztekischen Sprache im noerdlichen Mexico, lte Abtheilung. Paper by J. C. E. BTTSCHMANN, read before the Berlin Academy of Sciences, Feb. 9. 1854.",1854,printed,,223,no
Mexican,abaj1234,,"The same. 2te Abtheilung. Kead April 27, 1854.",1854,printed,,223,unclear
Mexican,abaj1234,,"These papers are now printing, and will form a supplementary volume to the Transactions of the Berlin Academy of 1854.",1854,printed,,223,unclear
Mexican,abaj1234,Buschmann,"G-rammatische Darstellung von vier Sprachen des nord-westhchen Mexico's. Paper by J. C. E. BUSCHMANN, read before the Berlin Academy, May 22, 1854.",1854,printed,,223,no
Mexican,abaj1234,Pott,"[A. F. POTT, Die quinare und vigesimale Zahlmethode. On the numerals, pp. 97, 98 ; on the names of the fingers, p. 301.",,printed,,223,no
Mexican,abaj1234,Heller,"C. B. HELLER, Reisen in Mexiko. The numerals and a few other words, pp. 385— 388.— W. W. T.]",,printed,,223,no
Mexican,abaj1234,Leon,"M. L. LEON DE ROSNY, of Paris, announces a new edition of the Dictionary of Molina, preceded by a Grammar of the Mexican language, which will be published in 4to, under the following title : Vocabulario de la Lengua Mejicana por el P. Fr. Alonzo de Molina ; nueva edicion publicada segun el original ",,printed,,223,no
Mexican,abaj1234,,"The following works are mentioned hi Barcia's edition of Pinelo, but are not known to be printed : —",,printed,,223,unclear
Mexican,abaj1234,Antonio,"FE. ANTONIO DAVILA, Dominicano, Arte para saber la Lengua Mexicana, reduciendo sur elegancias a metodo.",,printed,,223,no
Mexican,abaj1234,Juan,"FK. JUAN BAPTISTA, Franciscano, Vocabulario ecclesiastico en Lengua Mexicans.",,printed,,223,no
Mexican,abaj1234,Antonio,"FE. ANTONIO DE LOS EEYES, Dominicano, Arte de la Lengua Mexicana, con algunas curiosidades importantes (chronologicas).",,printed,,223,no
Mexican,abaj1234,Jtjan,"FE. JTJAN FUCHEE, Franciscano, Arte de la Lengua Mexicana.",,printed,,223,no
Mexican,abaj1234,Eugenic,"D. EUGENIC ROMEEO, Canonico de Huaxaga, Arte para aprender las Lenguas Mexicana i Totonaca.",,printed,,223,no
Mexican,abaj1234,Alonso,"FE. ALONSO DE HEEEEEA, Franciscano, Diccionario Mexicano.",,printed,,223,no
Mexican,abaj1234,Clavigeeo,"CLAVIGEEO, in his Catalogue of Grammars and Dictionaries of the Languages of New Spain, mentions : —",,printed,,223,no
Mexican,abaj1234,Feanc,"FEANC. XIMENES, Grammar and Dictionary.",,printed,,223,no
Mexican,abaj1234,Been,"BEEN. DE SAHAGUN, Gl-rammar and Dictionary. (Contradicted by Barcia, who designates it as being a Latin grammar.)",,printed,,223,no
Mexican,abaj1234,Been,"BEEN. MEECADO, Grrammar.",,printed,,223,no
Mexican,abaj1234,Davila,"ANT. DAVILA PADILLA, Grrammar.",,printed,,223,no
Mexican,abaj1234,Toyae,"ANT. DE TOYAE MONTEZUMA, Grammar.",,printed,,223,no
Mexican,abaj1234,Peeez,"Jos. PEEEZ, Grrammar, printed.",,printed,,223,no
Mexican,abaj1234,Aetano,"G-AETANO DE CABEEEA, Grammar.",,printed,,223,no
Mexican,abaj1234,Anton,"ANTON. COETES CANAL, Grammar, printed.",,printed,,223,no
Micmac,mikm1235,,"[For "" Terre Neuve Island,"" read Newfoundland.",,printed,,223,unclear
Micmac,mikm1235,Howse,"J. HOWSE, Vocabularies of certain North American Indian Languages, in : Pro- ceedings of Philological Society of London, Vol. IV, pp. 104— 112.— W. W. T.]",,printed,,223,no
Milcocayac,,,"\Mi~kokayak is an error of Jiilg's, which is corrected in his errata. — W. W. T.]",,printed,,223,unclear
Minsi,,,"[The Comparative Vocabulary in Note 15 to Edwards' s Mohegan Grrammar (as observed before) is not by Say, but by Pickering, who obtained the few words of this dialect from Smith Barton and Heckewelder.— W. W. T.]",,printed,,223,unclear
Mixe,atit1238,Quintan,"AG. QUINTAN A, Gramatica y Diccionario (Clavigero).",,printed,,223,no
Mixteca,amuz1253,Domingo,"FE. DOMINGO DE SANTA MAEIA o DE HINOJOSA, Dominicano, Arte i Ensenanza de la Lengua Misteca. Mentioned in Barcia's edition of Pinelo, but not known to be printed.",,printed,,223,no
Mixteca,amuz1253,Martin,"Autos Sacramentales en Lengiia Mixteca, by the Fray MARTIN ACEVEDO, native of San Ildefonso, in the province of Oaxaca, Mexico. He left his MSS. in the Convent of Oaxaca (De Souza).",,manuscript,"in the province of Oaxaca, Mexico",223,no
Mocorosi,,,"The title, as given by Barcia, is : Arte y Yocabulario de la Lengua Mocorosi. Mexico, 1599, 4to.",1599,printed,,223,unclear
Mohawk,moha1258,,"[Many additional words are given by M. G-allatin, from E. S. D wight, in the "" Supplementary Vocabulary,"" Archseologia Americana, II, pp. 383 — 397.",,printed,,223,unclear
Mohawk,moha1258,Elliot'S,"Rev. A. ELLIOT'S Vocabulary is also reprinted (omitting the numerals) in Schoolcraft's Hist., etc., of Indian Tribes, Yol. II, pp. 482—493.",,printed,,223,yes
Mohawk,moha1258,,"Rev. Mr. Hawley, Mohawk Numbers, from Pres. Stiles' s MSS. ; in Collections of Massachusetts Historical Society, Yol. IX, first series, p. 137.— W. W. T.]",,manuscript,,223,unclear
Mohegan,mahi1248,,"[The Vocabulary of 45 words in Note 15 to Edwards's Mohegan Grammar is extracted by the editor, Dr. Pickering, from the Grammar itself. He also gives another (of 11 words) from Rev. ""W. Jenks.",,printed,,223,unclear
Mohegan,mahi1248,,"For "" T. Say's,"" in the last paragraph of p. 124, substitute "" the Editor's.""",,printed,,223,unclear
Mohegan,mahi1248,,"The full title of the ""American Museum,"" mentioned on p. 125, is ""The American Museum ; or, Repository of Ancient and Modern Fugitive Pieces, etc., Prose and Poetical, Vol. V. Philadelphia : Printed by Mathew Carey, 1789."" 8vo. It was in this volume (pp. 22 — 25, 141 — 144) that the edition of Edwar",1789,printed,,223,unclear
Mohegan,mahi1248,,"The "" Specimen of the Moheagan Language"" in the Massachusetts Historical Society's Collections, Vol. IX, first series, is simply a vocabulary. — W. W. T.]",,printed,,223,unclear
Mohegan,mahi1248,Mundhucus,232 MUNDHUCUS — NANTICOHE.,,printed,,223,no
Mundrucus,,Pott,"[A. F. POTT, Die quinare und vigesimale Zahlmethode. On the numerals, p. 73.— W. W. T.]",,printed,,223,unclear
Muskoghee,,,"[The Vocabularies in Q-allatin's Synopsis are found on pp. 307—367, 382—396, 405, 406.— W. W. T.]",,printed,,223,unclear
Mutsuns,muts1243,,"[A tribe of Indians living in the country around the Mission of San Juan Bautista, in Monterey Co., California. Their lan- guage appears to be identical with that of the Mission of La Soledad, on the Salinas River (see under "" Diegenos/' p. 63), and with that of the Rumsens or Achastlians of the Mis",,printed,,223,unclear
Mutsuns,muts1243,Felipe,"P. FELIPE DE ARROYO, Alfabetico Arroyuelo do espresiones de estos Indios Mutsunes de San Juan Bautista. Afio de 1815, fol., pp. 94. A MS. collection of words and phrases ; to which are appended catechetical exercises, forms of prayer, and specimens of native music, belonging to the library of the Bi",1815,manuscript,library of the Bishop of Monterey,223,yes
Muysca,,Charles,"Ad p. 129, line 25, CHARLES DE PARAVEY. The title is "" Memoire sur 1'Origine Japonnaise, Arabe et Basque des Peuples du Plateau de Bogota ;"" not "" Memoria sobre el origen Japones,"" etc.",,printed,,223,unclear
Muysca,,Medrano,"MEDRANO, Arte de la Lengua del Nuevo Eejno de Granada. Mentioned in Barcia's edition of Pinelo, but not known to be printed.",,printed,,223,unclear
Muysca,,Pott,"[A. F. POTT, Die quinare und vigesimale Zahlmethode, On the numerals, pp. 88, 89.— W. W. T.]",,printed,,223,unclear
Nagrandans,nagr1240,Squier'S,"[E. G-. SQUIER'S Vocabulary is reprinted in the Transactions of the American Ethnological Society, Yol. Ill, pp. 101, 106-110, 112, 113 ; and the grammatical rules and forms in pp. 101-105.— W. W. T.]",,printed,,223,no
Nanticoke,nant1249,,"[The Vocabulary in Note 15 to Edwards' s Mohegan Grammar was derived by the editor, Dr. Pickering, from Murray and Heckewelder. — ""W. W. T.]",,printed,,223,unclear
Narragansett,mohe1244,,"[The Vocabulary in Note 15 to Edwards's Mohegan Grammar was derived by the editor, Dr. Pickering, from that of E. A. Williams.— W. W. T.]",,manuscript,,223,unclear
Navajo,nava1243,Davis,"Vocabulary of upwards of sixty words in Nabajo and English, pp. 419, 420, of : El Gringo ; or, New Mexico and her People. By W. W. H. DAVIS. New York, Harpers, 1857, 8vo, pp. 432.",1857,printed,,223,no
New  Brunswick,,,"[The expression "" all these,"" copied from Howse, refers to the words and phrases of his New Brunswick Vocabulary, or Micmac, under which head this Vocabulary should have been entered.— W. W. T.]",,printed,,223,unclear
New  Granada,,Isaac,"Glossary of Words in use in New Granada, pp. 569—573 of: New Granada : Twenty Months in the Andes. By ISAAC F. HOLTON, M.A., Professor of Chemistry and Natural History in Middlebury College. With Maps and Illustrations. New York, 1856, royal 8vo, pp. 606.",1856,printed,,223,unclear
New  Granada,,,"The above Glossary does not, strictly speaking, fall within the range of our inquiries ; but as the words occurring in it are of Indian origin, or else, being Spanish, are used in a different sense from that given in dictionaries, or applied to objects unknown in the temperate zone, we felt some hes",,printed,,223,unclear
Nutka,nuuc1236,Duflot,"Numerals 1—10 in the Tableau comparatif des Noms de Nombre. Vol. II, p. 401, of: DUFLOT DE MOFBAS, Exploration du Territoire de 1' Oregon, des Californies et de la Mer vermeille, executee pendant les annees 1840-42. Paris, 1844, 2 vols., 8vo.",1840,printed,,223,no
Oneida,onei1249,,". [The Vocabulary in Schoolcraft's "" Indian Tribes"" is the same (omitting the numerals) as in the "" Notes on the Iroquois."" As, however, they are ascribed to different sources, I have applied to Mr. Schoolcraft, who thus explains the apparent discrepancy : "" The Oneida, taken by myself and by my nep",,printed,,223,unclear
H  H,,Otomi,234 ON ON DAG A OTOMI.,,printed,,223,unclear
H  H,,,"was obtained from young Skenando, the grandson of the noted chief of that name, and Johnson. Both are Oneidas, and the authority is equal. Mr. Sherman quoted one person, I another. They were both present while I took my part of the vocabulary, sometimes one giving an explanation, and sometimes the o",,printed,,223,unclear
Onondaga,onon1246,,"[The Vocabulary in the "" Indian Tribes"" is the same (omitting the numerals) as in the "" Notes on the Iroquois."" These also are ascribed to different sources, which Mr. Schoolcraft thus explains : ""I spent several days at Onondaga Keserva- tion (having a census to take, and Indian prejudices to overc",1847,manuscript,"in the "" Indian Tribes"" is the same (omitting the numerals) as in the "" Notes on the I",223,unclear
Osage,kans1243,Pott,"[A. F. POTT, Die quinare und vigesimale Zahlmethode. On the numerals, p. 67.-W. W. T.]",,printed,,223,yes
Oto,iowa1245,,"[The reference to Pickering's Note 16 to Edwards' s Mohegan Grammar should have been inserted, if at all, under the head of "" Words and Vocabularies,"" as it contains nothing about the Oto but eight words in M. Duponceau's Comparative Table, p. 151.— W. W. T.]",,printed,,223,unclear
Otomi,east2556,,"Barcia-Pinelo also mentions the Otomi works of Kangel and Palacios ; so does Clavigero, who, in addition, gives the title of the Vocabulary of P. Juan de Dios Castro, and speaks of an Otomi Dictionary by N. Sanchez.",,printed,,223,unclear
Otomi,east2556,,""" Demonstration y Explicacion del Alfabeto del Idioma Othomi, con sus propios caracteres,"" pp. 1-17 of : Breve Compendio de todo lo que debe saber, y entender el Cristiano, para poder lograr, ver, conocer, y gozar a Dios Nuestro Sefior en el Cielo eternamente. Dispuesto en Lengua Othomi, y construid",,printed,,223,unclear
Otomi,east2556,,"Lengua Castellana por el P. Fr. Antonio de Guadalupe Eamirez, Predicador Apostolico, y ex-Guardian del Apost61ico Colegio de Propaganda Fide de N. S. P. S. Francisco de Pachucha. Villa de Guadalupe, 1784, 4to, pp. xvi, 80.",1784,printed,,223,unclear
Otomi,east2556,Rodiger,"A Grammatical Outline of the Otomi Language, by E. RODIGER, on pp. 358 — 261, Vol. Til, third section, of: Ersch und Gruber's Encyclopaedic. Leipzig, 1836, 4to.",1836,printed,,223,no
Otomi,east2556,Eman,"EMAN. NAXERA'S "" Dissertatio de Lingua Othomitorum"" is also separately printed. Philadelphia, 1838, 4to, pp. 48.",1838,printed,,223,no
Otomi,east2556,,"N.B. For Notices of the same, see: Gottinger Gelehrte Anzeigen, 1836, pp. 321-343 ; and : Journal of the Royal Geographical Society, Yol. V, pp. 355—361.",1836,printed,,223,unclear
Otomi,east2556,Gallatin,"[The numerals are given by M. GALLATIN in the Transactions of the American Ethnological Society, Yol. I, Table to p. 114.",,printed,,223,no
Otomi,east2556,Pott,"A. F. POTT, Die quinare und vigesimale Zahlmethode. On the numerals, pp. 90, 91 ; on the names of the fingers, p. 301.— W. W. T.]",,printed,,223,no
Pawnee,pawn1254,Pott,"[A. F. POTT, Die quinare und vigesimale Zalilmethode. On the numerals, p. 68.— W. W. T.]",,printed,,223,no
Pawnee,pawn1254,Pott,"[A. F. POTT, Die quinare und vigesimale Zahlmethode. On the numerals, p. 64.— W. W. T.]",,printed,,223,no
Penobscot,peno1243,,"[The Vocabulary in Note 15 to Edwards's Mohegan Grammar is derived by the editor, Dr. Pickering, from a MS. of the French Missionaries who had resided with the tribe.— W. W. T.]",,manuscript,,223,unclear
Pima,pima1248,Duflot,"Numerals 1—10 in the ""Tableau comparatif des Nonas de Nombre,"" Vol. II, p. 401, of: DUFLOT DE MOFEAS, Exploration du Territoire de 1' Oregon des Cali- fornies et de la Mer vermeille, executee pendant les annees 1840-42, 2 vols. Paris, 1844, 8vo.",1840,printed,,223,no
Pima,pima1248,,"[The Vocabulary in the Transactions of the American Ethnological Society, Vol. II, is copied by M. Gallatin from Dr. Coulter's, in the Royal Geographical Society's Journal.",,printed,,223,unclear
Pima,pima1248,Buschmann,"J. C. E. BUSCHMANN, Die Pima-Sprache und die Sprache der Koloschen. -(From Abhandlungen der Koniglichen Akademie der Wissenschaften zu Berlin,",,printed,,223,yes
Pima,pima1248,,"aus dem Jahre 1856, pp. 321 — 432.) Berlin, 1857, 4to. Contains the Pirna Texts and Grammatical Observations from Pfefferkorn, in the Mithridates, corrected and greatly extended, pp. 353—365 ; and a Vocabulary, collected from printed sources, with remarks on the same, pp. 367 — 375. — W. W. T.]",1856,printed,,223,unclear
Pina,apin1244,Santiago,"Vocabulario de la Lengua Pina, por P. SANTIAGO SEDELMAIE, Missionario de los Pinas, en la Nueva Viscaya. 1764. MS., according to De Souza.",1764,manuscript,,223,no
Piro,mash1270,,"The pueblos that still speak the Piro language are Taos, Tezuque, Sandia, Isleta, and Isleta of the South. (See W. W. H. Davis, El Gringo j or, New Mexico and her People. New York, Harpers, 1857, 8vo, pp. 432.)",1857,printed,,223,unclear
Popoluca,olut1240,Feancisco,"FE. FEANCISCO DE JOVAL, Arte, Vocabulario, Doctrina Christiana i Sennones en Lengua Popoluca. Both Barcia-Pinelo and Clavigero mention this work as printed.",,printed,,223,no
Pueblo  Indians,,,A Complete Vocabulary of Words in the Languages of the Pueblo or Civilized Indians of New Mexico. In the language of Pueblo Indians of —,,printed,,223,unclear
Pueblo  Indians,,,"1. Santo Domingo, San Felipe, Santa Ana, Silla, Laguna, Acoma, Cochiti.",,printed,,223,unclear
Pueblo  Indians,,,"2. San Juan, Santa Clara, San Ildefonso, Pojuaque, Nambe, Tezuque.",,printed,,223,unclear
Pueblo  Indians,,,"3. Taos, Picoris, Sandia, Isleta.",,printed,,223,unclear
Pueblo  Indians,,,4. Jemez and Old Pecos.,,printed,,223,unclear
Pueblo  Indians,,Davis,"Pp. 157—159 of: El Gringo ; or, New Mexico and her People. By W. W. H. DAVIS Neto York, Harpers, 1857, 8vo, pp. 432.",1857,printed,,223,unclear
Quiche,kich1262,Stephens,"[A brief Vocabulary, extracted from the Lord's Prayer as given by STEPHENS, and the numerals (also from STEPHENS), are given by M. Gallatin, in : Transactions of the American Ethnological Society, Vol. I, pp. 9, 10, 275, and Table to p. 114.",,printed,,223,no
Quiche,kich1262,Pott,"A. F. POTT, Die quinare und vigesimale Zahlmethode. On the numerals, pp. 92, 93.— W. W. T.]",,printed,,223,no
Quiche,kich1262,Quichua,QUICHUA — SAN JUAN CAPISTRANO. 237,,printed,,223,no
Quichua,cald1236,Veoa,"Barcia-Pinelo mentions ""JuAN DE VEOA, Arte e Kudimentos de Gramatica Quichua. Impreso en Lima;"" and states that ""Fit. MABTIN DE VICTOBIA, del Orden de la Merced, fue el primero que redujo a arte la lengua del Inca.""",,printed,,223,no
Riccarees,,,"Kiccaree Vocabulary, pp. 348 — 352 of : Die Indianer Nord America's und die wahrend eines achtjahrigen Aufenthalts unter den wildesten ihrer Stamme erlebteu Abentheuer und Scbicksale, von Of. Catlin. Nach der funften englischen Ausgabe deutsch herausgegeben von Dr. Heinrich Berghaus. Mit 24 vom Yerf",1851,printed,,223,unclear
Rumsen,rums1243,Pott,"[A. F. POTT, Die quinare void vigesimale Zahlmethode. On the numerals, p. 63. — W. W. T.]",,printed,,223,no
Sahaptin,nort1527,Scottler'S,"[Dr. SCOTTLER'S Vocabularies are printed also in the Edinburgh New Philosophical Journal, Vol. XLI, pp. 190-192.",,printed,,223,no
Sahaptin,nort1527,Howse,"J. HOWSE, Vocabularies of certain North American Languages, in : Proceedings of the Philological Society of London, Vol. IV. Okanagan Vocabulary, pp. 199— 204.— W. W. T.]",,printed,,223,no
"San  Gabriel,  Kizh",,,"Californian Indians, mentioned already under "" Diegefios,"" pp. 62, 63, to which add —",,printed,,223,unclear
"San  Gabriel,  Kizh",,Gael,"JOH. GAEL ED. BUSCHMANN, Die Sprachen Kizh und Netela von Neu CaHfornien. Abhandlung gelesen in der BerKner Akademie der Wissenschaften, October 25, 1855, pp. 501 — 531 of the "" Abhandlungen der Philosophisch-historischen Klasse"" of said Academy for 1855, and with separate title. Berlin, Diimmler, 1",1855,printed,,223,unclear
Netela,juan1251,Cael,"Californian Indians, for which see the article "" Diegeiios,"" pp. 62, 63, adding — JOH. CAEL ED. BTTSCHMANN, Die Sprachen Kizh uud Netela von Neu CaHfornien. Abhandlung gelesen in der Berliner Akademie der Wissenschaften, October 25, 1855, pp. 501—531 of the "" Abhandlungen der Philosophisch-historisc",1855,printed,,223,no
Saint  John'S  Indians,,Feedebick,"Vocabulary of the Passamaquoddi, by FEEDEBICK KIDDEE, pp. 689, 690, Vol. V, of: Schoolcraft's Indian Tribes of the United States,",,printed,,238,unclear
Santa  Barbara,,Pott,"[A. F. POTT, Die quinare imd vigesimale Zahlmethode. On the numerals, p. 63. — W. W. T.]",,printed,,238,unclear
Sapibokoni,,Pott,"[A. F. POTT, Die quinare und vigesimale Zalilmethode. Numerals 1 — 10, from Balbi, p. 74.— W. W. T.]",,printed,,238,unclear
Seminoles,cree1270,,"[A letter addressed to the Indian Bureau by Frederic Kidder, of Boston, states that he is in possession of a MS. Vocabulary of the language. He says : "" It contains at least four or five hundred words, and was got up with much care, partly by Lieut. Casey and other persons, one of them an old Indian",,manuscript,possession of a MS,238,unclear
Seneca,sene1264,Moegan'S,"[MOEGAN'S League of the Iroquois contains also words and grammatical remarks, pp. 395— 410.— W. W. T.]",,printed,,238,no
Shawanees,,,"Six Shawanese words on page 125 of "" General Parsons' Discoveries made in the Western Country,"" Article XI, pp. 119 — 127, of: Memoirs of the American Academy of Arts and Sciences, Vol. II, Part 1. Boston, 1793, 4to.",1793,printed,,238,unclear
Shawanees,,,"[The two imperfect Shawanee lists of words in Note 15 to Edwards' s Mohegan Grammar were collected by the editor, Dr. Pickering, from Edwards' s Grammar and from Johnston — W. W. T.]",,printed,,238,unclear
Shoshonees,,Wyeth,"[N. J. WYETH, Indian Tribes of the South Pass of the Eocky Mountains, etc., in : Schoolcraft's History, etc., of Indian Tribes, Vol. I, pp. 216, 218.— W. W. T.]",,printed,,238,unclear
Sioux,dako1258,,"Sioux Vocabulary, pp. 348—352 of: Die Indianer Nord Amerika's und die walirend eines achtjahrigen Aufenthalts unter den wildesten ihrer Stamme erlebten Abentheuer und Schicksale, von G. Catlin. Nach der funften englischen Ausgabe deutsch herausgegeben von Dr. Heinrich Berghaus. Mit 24 vom Verfasser,",1851,printed,,238,unclear
Sitka,,Duflot,"Numerals 1 — 10 (Sitka and King George's Island) in the "" Tableau comparatif des Noms de Nombre,"" Vol. II, p. 401, of: DUFLOT DE MOFBAS, Exploration du Territoire de 1' Oregon des Californies et de la Mer vermeille, executee pendant les annees 1840-42, 2 vols. Paris, 1844, 8vo.",1840,printed,,238,unclear
Sjevernovtsi,,,"[The Russian word "" Severnovskia"" is not the name of a people or language, but a plural adjective agreeing with slova (words). "" Severnovzer "" has a German termination. The proper title for this language would have been the native name, Kvakhamaju. The SatemdaJcaiee, CUoweshak, Kulanapo, and YuTcai,",,printed,,238,unclear
Sonora,sono1245,Feancisco,"Dos Libros de los diferentes Idiomas que se usan en la Provincia de Sonora, by FEANCISCO LOAIZA, Mexican Jesuit, and Missionary in Sonora, in 1736. The MS. exists in the Mission of Yecora (De Souza).",1736,manuscript,in the Mission of Yecora (De Souza),238,no
Sonora,sono1245,Gael,"Parallelen Sonorischer und Mexicanischer Worter. Paper by JOH. GAEL ED. BUSCHMANN, read before the Berlin Academy, Nov. 22, 1855.",1855,printed,,238,no
Sonora,sono1245,Cael,"Die Lautveranderung aztekischer Worter in den sonorischen Sprachen und die sonorische Endung A M E dargestellt von Jon. CAEL ED. BUSCHMANN. Aus den Abhandlungen der Koniglichen Akademie der Wissenschaften zu Berlin, aus dem Jahre 1856. Berlin, 1857, 4to, pp. 118.",1856,printed,,238,no
Squallyamish,,,"[These are the Skwale, or Nasqually, of Hale. See under "" Flatheads,"" p. 73. -W. W. T.]",,printed,,238,unclear
Squallyamish,,Stone,240 STONE INDIANS TAHAHUMARA.,,printed,,238,unclear
"Stone  Indians,  Assineboins",,,"[The Vocabulary mentioned under this head should hare been placed along with the others of the same dialect under the general head of "" Dakota."" It gives no support to the exploded notion of Heckewelder and other early writers, that the Assineboins belong to the Iroquois stock. — W. W. T.]",,printed,,238,unclear
Tabalosa,,Teefel,"P. Luis TEEFEL, Gramatica de la Lengua Tabalosa del Peru. Mentioned by Barcia-Pinelo, but not known to be printed.",,printed,,238,unclear
Tacullies,,Pott,"[A. F. POTT, Die quinare und vigesimale Zahlmethode. On the numerals, p. 66. — W. W. T.]",,printed,,238,unclear
Tamanaki,,Yangtjes,"Ad YANGTJES (written by Barcia, languas). Barcia states that FE. MAETIN Suiz BLANCO published, in 1663, an abbreviated and corrected edition of the Principios, etc., of Yangues ; adding thereto a "" Diccionario de las Lenguas de los Indies Cumanagotes i Palenques ;"" and that in 1683 he published anot",1663,printed,,238,unclear
Tamanaki,,Tatjste,"Ad TATJSTE. Barcia-Pinelo states that Tauste is only the editor of the "" Arte i Vocabulario de la Lengua de los Caribes de Nueva Andalusia"" of FE. JOSEPH DE",,printed,,238,unclear
Caeabantes,,Pott,"[A. F. POTT, Die quinare und vigesimale Zahlmethode. On the numerals, pp. 13, 14 ; on the pronouns, p. 108 note ; on names of the fingers, p. 302. — W. W. T.]",,printed,,238,unclear
Tarahumara,cent2131,Pott,"[A. F. POTT, Die quinare und vigesimale Zahlmethode. On the numerals, pp. 10— 13.— W. W. T.]",,printed,,238,no
Tarahumara,cent2131,Cael,"Die Lautveranderung aztekischer Worter in den sonorischen Sprachen und die sonorische Endung A M E dargestellt von JOH. CAEL ED. BTTSCHMANN. Aus den Abhandlungen der Koniglichen Akademie der Wissenschaften zu Berlin, aus dem Jahre 1856. Berlin, 1857, 4to, pp. 118.",1856,printed,,238,no
Tarasca,tara1323,Benito,"Numerals (1—21, 30—800, 8000), Tabla Aritmetica comparada de los Mejicanos y Tarascos. P. 68 of: D. BENITO MAEIA DE Moxos, Cartas Mejicanas. 2da edic. Genoa, typ. L. Pellas, s.a. (1839), 8vo.",1839,printed,,238,no
Tarasca,tara1323,,Note. — The Grammars by Gilbert! and Lagunas are also mentioned in Barcia's edition of Pinelo.,,printed,,238,unclear
Tchinkitane,,Etienne,"Yocabulaire des Tchinkitaneens. Pp. 587 — 591 of: ETIENNE MARCHAND, Voyage autour du Monde, pendant les anne'es 1790, 1791 et 1792. T. I. Paris, VI. (1798), 4to. (From the Collections of Captain Chanal and Surgeon Roblet.)",1790,printed,,238,unclear
Tehuelhet,,Hale,"[H. HALE, Ethnography and Philology of the United States Exploring Expedi- tion, p. 656.— W. W. T.]",,printed,,238,unclear
Tepeguana,nort2959,Carl,"Die Lautveranderung aztekischer Worter in den sonorischen Spracnen und die sonorische Endung A M E dargesteUt von JOH. CARL ED. BUSCHMANN. Aus den Abhandlungen der Koniglichen Akademie der Wissenschaften zu Berlin, aus dem Jahre 1856. Berlin, 1857, 4to, pp. 118.",1856,printed,,238,yes
Texas,texa1234,Gallatin,"[The numerals of "" certain Indian tribes between the Rio Norte and San Antonio of Texas,"" are given by M. GALLATIN, in the Transactions of the American Ethno- logical Society, Vol. I, p. 53, and Table to p. 114. Also by A. F. POTT, in Die quinare und vigesimale Zahlmethode, p. 69.— W. W. T.]",,printed,,238,no
Jicarillas,jica1244,,"["" Ticorillas"" is a misprint in Simpson's Eeport for Jicarillas, which has been copied by Buschmann. — W. W. T,]",,printed,,238,unclear
Timbiras,cane1242,Pott,"[A. F. POTT, Die quinare und vigesimale Zahlmethode. On the numerals, pp. 72, 73.— W. W. T.]",,printed,,238,no
"Timuaca,  Timuquana",,Andres,"P. ANDRES VITO, (Ingles), Gramatica, Diccionario i Catecismo en Lengua de Mariland en la Florida. 1642. Mentioned in Barcia's edition of Pinelo, but not known to be printed.",1642,printed,,238,unclear
"Timuaca,  Timuquana",,,The complete titles of Pareja's books are :,,printed,,238,unclear
"Timuaca,  Timuquana",,,"Confessionario en Lengua Castellana y Timuquana. Con algunos consejos para animar al penitente. Y assi mismo van declarados algunos effectos y prerrogativas deste sancto sacramento de la Confession. Todo muy vtil y provechoso, assi para que los padres confessores sepan instruyr al penitente como par",1613,printed,,238,unclear
"Timuaca,  Timuquana",,,"Cathecismo y Examen para los que comulgan en Lengua Castellana y Timuquana. Por el Fr. Francisco Pareja. Mexico, en la imprenta de Juan Ruyz, 1627, 8vo.",1627,printed,,238,unclear
"Timuaca,  Timuquana",,Pott,"[A. F. POTT, Die quinare und vigesimale Zahlmethode. On the numerals, p. 66.— W. W. T.]",,printed,,238,unclear
Tlascaltecas,,,"Hundertachtzig Wurzelworter aus der Sprache der Tlaskalteken im Dorfe Isalco im Staate San Salvador (Nahual of the Balsam Coast), aufgezeichnet und zusam- mengestellt nach Grallatin's Systeme zum Grebrauche fiir vergleichende Wort- forschung. Pp. 505 — 507 of: Wanderungen durch die mittel-amerikanis",1856,printed,,238,unclear
Totonaca,cent1397,Andeeas,"ANDEEAS DE OLMOZ, Grammatica et Lexicon Linguae Mexican®, Totonaquse et Huasteca?. Mexico, 1560, 2 vols. 4to.",1560,printed,,238,no
Totonaca,cent1397,,Both Barcia-Pinelo and Clavigero mention this book as printed.,,printed,,238,unclear
Totonaca,cent1397,Eugenio,"D. EUGENIO EOMEEO, Canonigo de Huaxaga, Arte para aprender las Lenguas Mexicana y Totonaca. Mentioned by Barcia-Pinelo.",,printed,,238,no
Totonaca,cent1397,Pott,"[A. F. POTT, Die quinare und vigesimale Zahlmethode. On the numerals, p. 89.— W. W. T.]",,printed,,238,no
Tshuktshi,,,{The article under this heading may be corrected as follows : — They occupy the north-eastern corner of Asia and the opposite shores of Russian America. Those in,,printed,,238,unclear
Tshuktshi,,,"Asia consist of two different races, the sedentary or fishing^ and the nomad or reindeer Tshuktshi. The name Tshuktshi belongs properly only to the latter, who are allied by lineage and speech to the Koriaks. The former call themselves Nammols, and belong, like those in America, to the Eskimo stock.",,printed,,238,unclear
Tshuktshi,,Zagoskin,"Lieut. ZAGOSKIN, Short Comparative Dictionary of the Dialects of the Nammols and Kadjaks with those of the Inhabitants of the Coasts of Bchring's Sea. (The Nammol words from Dr. Eobeck.) Printed in Zapiski Russkago Geograph. Obshtshestva, Yol. II, 2nd edition, pp. 250 — 266. Also in the German trans",,printed,,238,unclear
Tshuktshi,,Klapeoth,"J. KLAPEOTH, Asia Polyglotta, pp. 323—325 ; Atlas, fol. xUx—lvi. (In Julg, but omitted by Ludewig.)",,printed,,238,unclear
Tshuktshi,,Pott,"A. F. POTT, Die quiiiare und vigesimale Zahlmethode. On the numerals, pp. 58—60.— W.W.T.]",,printed,,238,unclear
Tubar,tuba1279,,"Mithridates, Vol. Ill, part 2, pp. 139—141. Lord's Prayer, with some gram- matical annotations.",,printed,,238,unclear
Tucuman,,Pedeo,"P. PEDEO DE ANASCO, Vocabularies, Catecismos, Confesionarios i Gramaticas en diversas Lenguas del Tucuman. Mentioned in Barcia's edition of Pinelo, but not known to be printed.",,printed,,238,unclear
Tularena,,Aeeoyo,"Gramatica del la Lengua Tulareiia, por el P. AEEOYO, de la Mission de S. Ines. MS. mentioned by M. Duflot de Mofras, Note 1 to p. 388, Vol. II.",,manuscript,,238,unclear
Tuscarora,tusc1257,,"Tuscarora Vocabulary, pp. 348 — 352 of : Die Indianer Nord Amerika's und die wahrend eines achtjahrigen Aufenthalts unter den wildesten ihrer Stamme erlebten Abentheuer und Schicksale, von G. Catlin. Nach der fiinften enghschen Ausgabe deutsch herausgegeben von Dr. Heinrich Berghaus. Mit 24 vom Verf",1851,printed,,238,unclear
Ugalentsi,,,[This is the tribe called by some writers Ugaljakhmjuts or UgaljaJchmutsi. They speak a dialect of the Kinai^ under which general head the other vocabularies of their language are referred to.,,printed,,238,unclear
Ugalentsi,,,"Here, as in some other instances, reference to the Comparative Vocabulary (of 97 words) in the Table to p. 259 of Baer und Helmersen's Beitrage, Vol. I, is erroneously omitted. — W. W..T.J",,printed,,238,unclear
Utlateca,,,"Hervas (and after him Vater) classes this language with Quiche* and Kachiquel, as spoken 011 the Pacific side of Guatemala, north of Nicaragua. Squier supposes it to be identical with the Quiche"".",,printed,,238,unclear
Utlateca,,Maeia,"Arte de la Lengua TJtlateca, muy bien ordinada, por el Fray MAEIA MAKTINEZ, Doruinicano. Mentioned by Barcia-Pinelo, but not known to be printed.",,printed,,238,unclear
Utlateca,,Fkanc,"Doctrina Christiana en Lengua tltlateca por FKANC. MABEOQFIN. Mexico, apud Joannem Paulum, 1556, 4to.",1556,printed,,238,unclear
Umpqua,sius1254,Dufi,"Numerals 1 to 10, in "" Tableau comparatif des Noms de Nombre,"" Vol. II, p. 401, of : DUFI OT DE MOFBAS, Exploration du Territoire de 1' Oregon, des Californies et de la Mer vermeille, executee pendant les anne""es 1840-42, 2 vols. Paris, 1844, 8vo.",1840,printed,,238,no
Unalashka,,Pott,"[A. F. POTT, Die quinare und vigesimale Zahlmethode. On the numeral^, pp. 61, 62.— W. W. T.]",,printed,,238,unclear
Tjtahs,,Edwin,"[EDWIN BKYANT, What I saw in California : being the Journal of a Tour, by the Emigrant Koute and South Pass of the Rocky Mountains, across the Continent of North America, the Great Desert Basin, and through California, in the years 1846, 1847. New YorTc, D. Appleton and Co., 1848, 12mo. Contains a V",1846,printed,,238,unclear
Virginian,,,"A Dictionarie of the Indian Language, for the better enabling of such who shal be thither ymployed. Pp. 183—196 (two columns) of: The Historie of Travaille into Virginia Brittania ; expressing the Cosmographie and Comodities of the Country, together with the Manners and Customes of the People, gathe",1849,manuscript,"in the British Museum, by E",238,unclear
Huecos,,,"[The name "" Wacoes"" has no right to an existence, it being but an English transcription of the Spanish appellation Huecos (erroneously printed Nuecos on page 198) applied to these Indians. According to Lieut. Whipple, they call them- selves Tallewitsiis.— W. W. T.]",,printed,,238,unclear
Waicuei,,,"[Father Begert's very curious account of the language is contained on pp. 177 — 194 of the "" Nachrichten."" It comprises, besides the general remarks on the characteristic features of the language, the Lord's Prayer and the Creed, both with literal and free translations, and the conjugation of a verb",,printed,,238,unclear
Weas,miam1252,,"[A small Algonkin tribe, located, with the Piankeshaws, on the Osage Biver.",,printed,,238,unclear
Weas,miam1252,,"The Wea Primer, Weu Mus-nu-M-ne, to teach the Wea Language. Cherokee Nation, Mission Press, 1837, 16mo, pp. 16.— W. W. T.]",1837,printed,,238,unclear
Witchitas,wich1260,,"[The first edition of Capt. Marcy's Eeport is, "" Washington, Kobert Armstrong, public printer, 1853, 8vo (32nd Congress, 2nd Sess., Senate Ex. Doc. No. 54),"" in wliich the vocabularies are on pp. 307— 310.— W. W. T.]",1853,printed,,238,unclear
Woccon,wocc1242,Pott,"[A. B. POTT, Die quinare und vigesimale Zahlmethode. On the numerals, p. 68. — W. W. T.]",,printed,,238,no
"Yaqui,  Hiaqui",,,"Mithridates, Vol. Ill, part 2, pp. 157, 158, "" Lord's Prayer, with grammatical notes.""",,printed,,238,unclear
Yartjea,,Pott,"[A. E. POTT, Die quiuare und vigesimale Zahlrncthode. On the numerals, pp. 15, 16.— W. W. T.]",,printed,,238,unclear
Zacatecas,,Pedro,"Arte y Vocabulario del Idioma de los Zacatecas, por Fr. PEDRO ESFINAREDA. Written about the year 1565, and mentioned by De Souza as having existed in the archives of the Convent of the Villa del Nombre de Dios.",1565,printed,,238,unclear
Zamuca,,Pott,"[A. F. POTT, Die quinare und vigesimale Zahlmethodc. On the numerals, p. 74. — W. W. T.]",,printed,,238,unclear
"Zapoteca,  Zacapula",,Feeia'S,"FEEIA'S Vocabulary is also mentioned by Barcia-Pinelo, and Pozo's Grammar",,printed,,238,unclear
"Zapoteca,  Zacapula",,Salvador,"Barcia-Pinelo mentions moreover that Fr. SALVADOR DE S. CIPEIANO, Domini- cano, wrote "" De los Indios de la Provincia de Zacapula, en la Lengua de ella.""",,printed,,238,unclear
"Zapoteca,  Zacapula",,Abbitibbe,"ABBITIBBE (Knistenaux), 94.",,printed,,238,unclear
"Zapoteca,  Zacapula",,,"Abenaki, or Wapanachki, 1, 210.",,printed,,238,unclear
"Zapoteca,  Zacapula",,,"Acadians, or Souriquois, 177.",,printed,,238,unclear
"Zapoteca,  Zacapula",,,"Acagchemem (Diegeiios), 62.",,printed,,238,unclear
"Zapoteca,  Zacapula",,,"Achastlians (Rumsen), 163.",,printed,,238,unclear
"Zapoteca,  Zacapula",,,"Acherekotti (Tamanaque), 180.",,printed,,238,unclear
"Zapoteca,  Zacapula",,,"Acherigotes (Caribs), 28.",,printed,,238,unclear
"Zapoteca,  Zacapula",,,"Acoma, or Keres (Pueblo Indians), 92.",,printed,,238,unclear
"Zapoteca,  Zacapula",,,"Aglegmutes, Agolegmiites, 8.",,printed,,238,unclear
"Zapoteca,  Zacapula",,,"Agoneaseah (Iroquois), 87.",,printed,,238,unclear
"Zapoteca,  Zacapula",,,"Ahnahaways, Ahwahaways (Crows), 58.",,printed,,238,unclear
"Zapoteca,  Zacapula",,,"Ahnenin (Arrapahoe), 12.",,printed,,238,unclear
"Zapoteca,  Zacapula",,,"Ah-wash-tes (Costanos), 53.",,printed,,238,unclear
"Zapoteca,  Zacapula",,,"Aimbores, or Engerekmung, 67.",,printed,,238,unclear
"Zapoteca,  Zacapula",,,"Alasapas (Texas Indians), 186.",,printed,,238,unclear
"Zapoteca,  Zacapula",,,"Alasar (Minetares;, 119.",,printed,,238,unclear
"Zapoteca,  Zacapula",,,"Allentiac, Guarpes, Milcocayac, 7, 210.",,printed,,238,unclear
"Zapoteca,  Zacapula",,,"Almeida (Brazilian), 214.",,printed,,238,unclear
"Zapoteca,  Zacapula",,,"Al-tah-mos (Costanos), 53.",,printed,,238,unclear
"Zapoteca,  Zacapula",,,"Ameriscoggins (Abenaki), 1.",,printed,,238,unclear
"Zapoteca,  Zacapula",,,"Amores, or Engerekmung, 67.",,printed,,238,unclear
"Zapoteca,  Zacapula",,,"Apaches de Nabojoa (Navajos), 18&",,printed,,238,unclear
"Zapoteca,  Zacapula",,,"Apolista (Yuracare), 206.",,printed,,238,unclear
"Zapoteca,  Zacapula",,,"Aricaras, or Biccarees, 163.",,printed,,238,unclear
"Zapoteca,  Zacapula",,,"Aroaquis (Oregones), 189.",,printed,,238,unclear
"Zapoteca,  Zacapula",,,"Arrawaks, Arrowaks, 13, 211.",,printed,,238,unclear
"Zapoteca,  Zacapula",,,"Assineboins, or Stone Indians, 177.",,printed,,238,unclear
"Zapoteca,  Zacapula",,,"Assinibules, or Stone Indians, 177.",,printed,,238,unclear
"Zapoteca,  Zacapula",,,"Assinipoils, or Stone Indians, 177.",,printed,,238,unclear
"Zapoteca,  Zacapula",,,"Atnah, Chin, or Kinn Indians, 15, 212.",,printed,,238,unclear
"Zapoteca,  Zacapula",,,"Atsina (Arrapahoes), 12.",,printed,,238,unclear
"Zapoteca,  Zacapula",,,"Attikameg* (Knistenaux), 94.",,printed,,238,unclear
"Zapoteca,  Zacapula",,,"Ature, 16 ; (Saliva), 166.",,printed,,238,unclear
"Zapoteca,  Zacapula",,,"Avarigotes (Caribs), 28, 180.",,printed,,238,unclear
"Zapoteca,  Zacapula",,,"Aymores, or Engerekmung, 67.",,printed,,238,unclear
"Zapoteca,  Zacapula",,,"Aztek, or Mexican, 111.",,printed,,238,unclear
"Zapoteca,  Zacapula",,,"Bakra (Creole), 54. Baniba, Baniwa, 17, 214. Barre, 17.",,printed,,238,unclear
"Zapoteca,  Zacapula",,,"Batem-da-kai-ee, 17, 212. Baure (Moxa), 126. Bayano, 18. Beaver Indians, 18. Bethuck, 18. Betoi, 18.",,printed,,238,unclear
"Zapoteca,  Zacapula",,,"Bigbellies (Minetares), 119. BiUechoola (Haeeltzuk), 80 ; (Naass In- dians), 130. Blackfeet, 19, 212. Blackshoes (Crows), 58. Blancos (Costa Rica), 54. Blood Indians, or Kahna (Blackfeet), 19. Bodega, 20, 212. Borrados_ (Texas Indians), 186. Botocudo's, or Engerekmung, 67, 213. Boutomoras (Botocudos",,printed,,238,unclear
"Zapoteca,  Zacapula",,,"Cadodaquious, or Caddoes, 25.",,printed,,248,unclear
"Zapoteca,  Zacapula",,,"Caipotorade (Zamuca), 207.",,printed,,248,unclear
"Zapoteca,  Zacapula",,,"Callilehet (Tehuelhet), 184.",,printed,,248,unclear
"Zapoteca,  Zacapula",,,"Camacans, 27, 213, 215.",,printed,,248,unclear
"Zapoteca,  Zacapula",,,"Caribi-Tamanacan (Guyana), 79.",,printed,,248,unclear
"Zapoteca,  Zacapula",,,"Cariri, or Sabuja, 164.",,printed,,248,unclear
"Zapoteca,  Zacapula",,,"Carriers, or Tacullies, 178.",,printed,,248,unclear
"Zapoteca,  Zacapula",,,"Cavalleros (Guaykuru), 78.",,printed,,248,unclear
"Zapoteca,  Zacapula",,,"Caveres (Maipures), 104.",,printed,,248,unclear
"Zapoteca,  Zacapula",,,"Ca-wi-os, or Cahuillos, 26.",,printed,,248,unclear
"Zapoteca,  Zacapula",,,"Celdales, or Tzendales, 193.",,printed,,248,unclear
"Zapoteca,  Zacapula",,,"Chacahuaxti (Totonaka), 190.",,printed,,248,unclear
"Zapoteca,  Zacapula",,,"Chahtah, or Choctaw, 46.",,printed,,248,unclear
"Zapoteca,  Zacapula",,,"Chapopines (Texas Indians), 186.",,printed,,248,unclear
"Zapoteca,  Zacapula",,,"Charruas (Puelches), 155.",,printed,,248,unclear
"Zapoteca,  Zacapula",,,"Chavantes, or Cherentes, 36.",,printed,,248,unclear
"Zapoteca,  Zacapula",,,"Checalish, Chehalish, or Selish, 72, 216.",,printed,,248,unclear
"Zapoteca,  Zacapula",,,"Chechehet (Puelches), 155.",,printed,,248,unclear
"Zapoteca,  Zacapula",,,"Cherohakah, or Nottoways, 135.",,printed,,248,unclear
"Zapoteca,  Zacapula",,,"Cheyennes, or Shyennes, 175.",,printed,,248,unclear
"Zapoteca,  Zacapula",,,"Chibcha, or Muysca, 128.",,printed,,248,unclear
"Zapoteca,  Zacapula",,,"Chicachas, or Chickasaw, 39.",,printed,,248,unclear
"Zapoteca,  Zacapula",,,"Chichimecs (Mexicans), 111.",,printed,,248,unclear
"Zapoteca,  Zacapula",,,"Chickailis, or Tsihailish (Flatheads), 73.",,printed,,248,unclear
"Zapoteca,  Zacapula",,,"Chikkasas, or Chicachas, 89.",,printed,,248,unclear
"Zapoteca,  Zacapula",,,"Chilake, or Cherokee, 87.",,printed,,248,unclear
"Zapoteca,  Zacapula",,,"Chilicothe (Shawanoes), 172.",,printed,,248,unclear
"Zapoteca,  Zacapula",,,"Chilidugu, or Araucans, 9.",,printed,,248,unclear
"Zapoteca,  Zacapula",,,"Chilts, or Tsihailish (Flathead), 7JI.",,printed,,248,unclear
"Zapoteca,  Zacapula",,,"Chimmesyans,40; (Haeeltzuk),80; (Naass Indians), 130.",,printed,,248,unclear
"Zapoteca,  Zacapula",,,"Chin Indians, or Atnah, 1 5 ; or Nagailer, ] 78.",,printed,,248,unclear
"Zapoteca,  Zacapula",,,"Chinanteka, Cinacantequa, 40.",,printed,,248,unclear
"Zapoteca,  Zacapula",,,"Chinchaisuyu (Quichua), 159.",,printed,,248,unclear
"Zapoteca,  Zacapula",,,"Chiriguana (Guarani), 75, 162, 218.",,printed,,248,unclear
"Zapoteca,  Zacapula",,,"Chopunish, or Sahaptin, 170.",,printed,,248,unclear
"Zapoteca,  Zacapula",,,"Chunupies (Vilela), 196.",,printed,,248,unclear
"Zapoteca,  Zacapula",,,"Chwachamaja, or Severnovskia, 170.",,printed,,248,unclear
"Zapoteca,  Zacapula",,,"Cinakantequa, or Chinanteka, 40.",,printed,,248,unclear
"Zapoteca,  Zacapula",,,"Clamets, or Lutuami, 100.",,printed,,248,unclear
"Zapoteca,  Zacapula",,,"Cocanas, Cocamas, Cocuannas, 49, 218.",,printed,,248,unclear
"Zapoteca,  Zacapula",,,"Cochiti (Pueblo Indians), 154.",,printed,,248,unclear
"Zapoteca,  Zacapula",,,"Cochnewagoes (Mohawk), 122.",,printed,,248,unclear
"Zapoteca,  Zacapula",,,"Cocknawaga, or Cochnewagoes (Mohawk),",,printed,,248,unclear
"Zapoteca,  Zacapula",,,"Coco-maricopas, 50, 218. Coconoons (California), 27. Coconucos, 50. Cocopas, 51 ; (Yuma), 205. Coeurs d'Aleine, or Skitsuish (Flathead),",,printed,,248,unclear
"Zapoteca,  Zacapula",,,"Colastukweck, or St. John's Indians, 165. Coluz (Californiansj, 26. Comanches, 51, 218.",,printed,,248,unclear
"Zapoteca,  Zacapula",,,"Coraeya (California, San Diego), 26, 62. Conchas (Chickasaw), 39. Concho, 52. Conibos, 52. Copeh, 52. Cora, 52, 219. Cora (Waikur), 198.",,printed,,248,unclear
"Zapoteca,  Zacapula",,,"Corneilles, or Crows, OS. Coroados, or Coropos, 03. Coronado (Mainas), 103. Coropos, or Coroados, 53. Correguajes, 03. Costa Eica, 04. Costanos, 03.",,printed,,249,unclear
"Zapoteca,  Zacapula",,,"Coutanies, or Kutanae, 98. Covareca (Chiquitos), 46. Cowelits, or Kawelitsk (Flathead), T3. Craikmouses (Botocudos), 07. Cran-ges (Ges), 70. Crans, or Timbiras, 187. Cree, or Knistenaux, 94. Creek, or Muskoghee, 127. Creole, 04, 219. Crows, 08.",,printed,,249,unclear
"Zapoteca,  Zacapula",,,"Cuchan, or Yuma, 205. Cuciquia (Chiquitos), 46. Culilan Cunny (Tehuelhet), 184. Cumana, 68, 219. Cumanagota (Tamanaque), 180. Cumshawa, or Cumshewar (Queen Char- lotte's Island), 107; (Haidah), 80. Cunacuna, 09, 219. Curaves (Chiquitos), 46. Curetu, 59.",,printed,,249,unclear
"Zapoteca,  Zacapula",,,"Curuininaca (Chiquitos), 46. Cushna, 09. Cuzco (Quichua), 158.",,printed,,249,unclear
"Zapoteca,  Zacapula",,,"Dahkotah, or Sioux, 59, 219.",,printed,,249,unclear
"Zapoteca,  Zacapula",,,"Darien, Dariel, 61, 220.",,printed,,249,unclear
"Zapoteca,  Zacapula",,,"Delaware, or Lenni Lenape, 63, 220.",,printed,,249,unclear
"Zapoteca,  Zacapula",,,"Deguino (California), 26, 62, 220.",,printed,,249,unclear
"Zapoteca,  Zacapula",,,"Diggers (California), 26.",,printed,,249,unclear
"Zapoteca,  Zacapula",,,"Diggers of Napa Valley (California), 26.",,printed,,249,unclear
"Zapoteca,  Zacapula",,,"Dirians (Chorotega), 48.",,printed,,249,unclear
"Zapoteca,  Zacapula",,,"Divihet (Puelches), 105.",,printed,,249,unclear
"Zapoteca,  Zacapula",,,"Djoe tongo (Creole), 06.",,printed,,249,unclear
"Zapoteca,  Zacapula",,,"Dtinne, or Athapascan, 14.",,printed,,249,unclear
"Zapoteca,  Zacapula",,,"Ecolemaches, Eskelen, 68.",,printed,,249,unclear
"Zapoteca,  Zacapula",,,"Ehatsar (Minetares), 11!>.",,printed,,249,unclear
"Zapoteca,  Zacapula",,,"Eijiguaijegi, or Guaykuru, 78.",,printed,,249,unclear
"Zapoteca,  Zacapula",,,"Ekklemaches (Eskelen), 68.",,printed,,249,unclear
"Zapoteca,  Zacapula",,,"Enimaga, or Kochaboth (Guaykuru), 78.",,printed,,249,unclear
"Zapoteca,  Zacapula",,,"Engerekmung, or Botocudos, 67.",,printed,,249,unclear
"Zapoteca,  Zacapula",,,"Escopies, or Skoffies, 170. Eskelen, 68, 220. Eskimos, 69, 220. Eslenes, or Eskelen, 68. Etchemins, or St. John's Indians (Abe- naki), 160, 22L Eudeve (Opata, Pima), 139, 149.",,printed,,249,unclear
"Zapoteca,  Zacapula",,,"Fall Indians, or Alasar (Minetares), 119.",,printed,,249,unclear
"Zapoteca,  Zacapula",,,"Filijayas (Texas Indians), 186.",,printed,,249,unclear
"Zapoteca,  Zacapula",,,"Flatbows, or Kutanae, 98.",,printed,,249,unclear
"Zapoteca,  Zacapula",,,"Florida Indians, or Timuaca, 187.",,printed,,249,unclear
"Zapoteca,  Zacapula",,,"Follaties, or Tuhwalatis, 202.",,printed,,249,unclear
"Zapoteca,  Zacapula",,,"Friendly Village, Mackenzie's (Haeeltzuk),",,printed,,249,unclear
"Zapoteca,  Zacapula",,,"Fucu Strait, 74. Fuegians, or Pescherai, 149.",,printed,,249,unclear
"Zapoteca,  Zacapula",,,"Galzanes, or Koltschanes, 96.",,printed,,249,unclear
"Zapoteca,  Zacapula",,,"Ge, Geiko, Ges, 74, 221.",,printed,,249,unclear
"Zapoteca,  Zacapula",,,"Geiko, Ge, or Ges, 74, 221.",,printed,,249,unclear
"Zapoteca,  Zacapula",,,"Gens de Pitie (Shoshones), 174.",,printed,,249,unclear
"Zapoteca,  Zacapula",,,"Gherins (Botocudos), 67.",,printed,,249,unclear
"Zapoteca,  Zacapula",,,"Gogoyans, or Cayugas, 33.",,printed,,249,unclear
"Zapoteca,  Zacapula",,,"Greenlanders (Eskimo), 69.",,printed,,249,unclear
"Zapoteca,  Zacapula",,,"Grosventre (Minetares), 119.",,printed,,249,unclear
"Zapoteca,  Zacapula",,,"Guaicur, or Waikur, 198.",,printed,,249,unclear
"Zapoteca,  Zacapula",,,"Guaiqueries (Caribs), 28.",,printed,,249,unclear
"Zapoteca,  Zacapula",,,"Guajiquero (Lenca), 100.",,printed,,249,unclear
"Zapoteca,  Zacapula",,,"Guambias (Coconucos), 00.",,printed,,249,unclear
"Zapoteca,  Zacapula",,,"Guarpes, Allentiac, Milcocayac, 77.",,printed,,249,unclear
"Zapoteca,  Zacapula",,,"Guatos, 77 ; Quato, 213.",,printed,,249,unclear
"Zapoteca,  Zacapula",,,"Guentuse (Guaykuru), 78, 222.",,printed,,249,unclear
"Zapoteca,  Zacapula",,,"Guypunavi (Maipure), 104.",,printed,,249,unclear
"Zapoteca,  Zacapula",,,"Haeeltzuk, 80. Hah-wal-coes (Yuma), 200.",,printed,,249,unclear
"Zapoteca,  Zacapula",,,"Hailtsa, or Haeeltzuk, 80.",,printed,,250,unclear
"Zapoteca,  Zacapula",,,"H'hana (California), 26.",,printed,,250,unclear
"Zapoteca,  Zacapula",,,"Hiaqui, or Yaqui, 203, 245.",,printed,,250,unclear
"Zapoteca,  Zacapula",,,"Hietans, or Comanches, 51.",,printed,,250,unclear
"Zapoteca,  Zacapula",,,"Hochungorah, or Winnebago, 200.",,printed,,250,unclear
"Zapoteca,  Zacapula",,,"Hoodsunhoo (Sitka), 176.",,printed,,250,unclear
"Zapoteca,  Zacapula",,,"Horoje, or Winnebago, 200.",,printed,,250,unclear
"Zapoteca,  Zacapula",,,"Huachi, or Chapacura, 34.",,printed,,250,unclear
"Zapoteca,  Zacapula",,,"Hudson's Bay Indians, 83, 223.",,printed,,250,unclear
"Zapoteca,  Zacapula",,,"Huilliche-Vuta (Araucans), 9, 197.",,printed,,250,unclear
"Zapoteca,  Zacapula",,,"Huzzaws, or Osages, 139.",,printed,,250,unclear
"Zapoteca,  Zacapula",,,"laakema, or Wallawalla (Sahaptin), 170.",,printed,,250,unclear
"Zapoteca,  Zacapula",,,"Jaconaiga (Abipones), 2.",,printed,,250,unclear
"Zapoteca,  Zacapula",,,"Japurin, or Yarura, 204.",,printed,,250,unclear
"Zapoteca,  Zacapula",,,"lemez (Pueblo Indians), 154.",,printed,,250,unclear
"Zapoteca,  Zacapula",,,"Jetans, or Comanches, 51.",,printed,,250,unclear
"Zapoteca,  Zacapula",,,"Indiens ventrus (Crows), 58.",,printed,,250,unclear
"Zapoteca,  Zacapula",,,"Indiens du Saijg, or Kabna (Blackfeet), 19.",,printed,,250,unclear
"Zapoteca,  Zacapula",,,"Inkalit-Yugelnut (Kinai), 02.",,printed,,250,unclear
"Zapoteca,  Zacapula",,,"Inkiiliichluats, 86, 223. .",,printed,,250,unclear
"Zapoteca,  Zacapula",,,"Isleta (Pueblo Indians), 154.",,printed,,250,unclear
"Zapoteca,  Zacapula",,,"Isty-semole, or Seminoles, 169.",,printed,,250,unclear
"Zapoteca,  Zacapula",,,"Itapucuru (Brazilian), 213.",,printed,,250,unclear
"Zapoteca,  Zacapula",,,"Juporocas (Botocudos), 67, 213.",,printed,,250,unclear
"Zapoteca,  Zacapula",,,"Kaccbi, or Kachiquel, 89, 224. Kndjak, 90, 224. Kaheten (Brazil), 20.",,printed,,250,unclear
"Zapoteca,  Zacapula",,,"Kallapuiah, or Yamkallie, 302.",,printed,,250,unclear
"Zapoteca,  Zacapula",,,"Kalchaqui (Quichua), 159.",,printed,,250,unclear
"Zapoteca,  Zacapula",,,"Kalina, Kalinago (Caribs), 28.",,printed,,250,unclear
"Zapoteca,  Zacapula",,,"Kalisteno, or Knistenaux, 94.",,printed,,250,unclear
"Zapoteca,  Zacapula",,,"Kangulit, or Inkiiliichliiat, 86.",,printed,,250,unclear
"Zapoteca,  Zacapula",,,"Karaikas (Pescberai), 149.",,printed,,250,unclear
"Zapoteca,  Zacapula",,,"Karalits, or Greenlanders (Eskimo), 69.",,printed,,250,unclear
"Zapoteca,  Zacapula",,,"Kattanahaws (Minetare), 119.",,printed,,250,unclear
"Zapoteca,  Zacapula",,,"Kavasumsenk (Narraganset), 131.",,printed,,250,unclear
"Zapoteca,  Zacapula",,,"Kawelttsk (Flathead), 73.",,printed,,250,unclear
"Zapoteca,  Zacapula",,,"Kechi (California), 26 ; (Diegeiios), 63.",,printed,,250,unclear
"Zapoteca,  Zacapula",,,"Kechua, or Quichua, 158.",,printed,,250,unclear
"Zapoteca,  Zacapula",,,"Keechies, or Kichais, 92.",,printed,,250,unclear
"Zapoteca,  Zacapula",,,"Keesarn (Queen Charlotte's Island), 15T.",,printed,,250,unclear
"Zapoteca,  Zacapula",,,"Kemenetes (Pescherai), 149.",,printed,,250,unclear
"Zapoteca,  Zacapula",,,"Kenaize, or Kinai , 92.",,printed,,250,unclear
"Zapoteca,  Zacapula",,,"Kennekas (Pescherai), 149.",,printed,,250,unclear
"Zapoteca,  Zacapula",,,"Kettlefalls, or Soaiatlpi, 73.",,printed,,250,unclear
"Zapoteca,  Zacapula",,,"Keyes, Keyus, or Kichais, 92, 198.",,printed,,250,unclear
"Zapoteca,  Zacapula",,,"Kigarnee (Queen Charlotte's Island), 157.",,printed,,250,unclear
"Zapoteca,  Zacapula",,,"Killamuks, or Nsietshawus (Flathead), 73.",,printed,,250,unclear
"Zapoteca,  Zacapula",,,"Killamuks (Lower), or lakons, 85.",,printed,,250,unclear
"Zapoteca,  Zacapula",,,"Killisteno, or Knistenaux, 94.",,printed,,250,unclear
"Zapoteca,  Zacapula",,,"King's Kiver Indians (California), 26, 62.",,printed,,250,unclear
"Zapoteca,  Zacapula",,,"Kinn Indians, Chinn, or Atnahs, 15.",,printed,,250,unclear
"Zapoteca,  Zacapula",,,"Kiriri, or Sabuja, 164, 225.",,printed,,250,unclear
"Zapoteca,  Zacapula",,,"Kiskapocoke (Shawanoes), 172.",,printed,,250,unclear
"Zapoteca,  Zacapula",,,"Kitunaha, or Kutanae, 98.",,printed,,250,unclear
"Zapoteca,  Zacapula",,,"Kiwomi, or Tihuex (Keres), 92, 187.",,printed,,250,unclear
"Zapoteca,  Zacapula",,,"Kizh (Kish), or San-Gabriel (Diegenos),",,printed,,250,unclear
"Zapoteca,  Zacapula",,,"Kliketats (Sahaptin), 170. Knistenaux, 94, 225. Kochaboth (Guaykuru), 78. Kokama (Omagua), 137. Kollaguas (Aymara), 16. Koltshanes, 96. Koluches, 96, 225. Konages, or Kadjak, 00.",,printed,,250,unclear
"Zapoteca,  Zacapula",,,"Kristenaux, or Knistenaux, 94.",,printed,,251,unclear
"Zapoteca,  Zacapula",,,"Kulino, or Chimano, 39.",,printed,,251,unclear
"Zapoteca,  Zacapula",,,"Kullespelm (Flathead), 73.",,printed,,251,unclear
"Zapoteca,  Zacapula",,,"Kuskokwims, or Kushkukchwakmutes, 98.",,printed,,251,unclear
"Zapoteca,  Zacapula",,,"Kutahba, or Catawba, 32.",,printed,,251,unclear
"Zapoteca,  Zacapula",,,"Kutanae, Kutneha, Kutani, 98.",,printed,,251,unclear
"Zapoteca,  Zacapula",,,"Kwaiantl (Flathead), 73.",,printed,,251,unclear
"Zapoteca,  Zacapula",,,"Kwalhioqua, or Tlatskanai (Tahkali), 179,",,printed,,251,unclear
"Zapoteca,  Zacapula",,,"Kwenaiwitl (Flathead), 73. Kwigpak (Inkuluchliiat), 86. Kyganies, or Kigarnies (Haidah), 80.",,printed,,251,unclear
"Zapoteca,  Zacapula",,,"La Soledad (Diegenos), 63; see also Mut-",,printed,,251,unclear
"Zapoteca,  Zacapula",,,"Laguna (Pueblo Indians), 154. Lamano (Quichua), 159. Laraissa, or Lamano, 159. Lapanas, or Lipans, 226. Laymon, 99.",,printed,,251,unclear
"Zapoteca,  Zacapula",,,"Lenni Lenape, or Delaware, 63. fenca, 99.",,printed,,251,unclear
"Zapoteca,  Zacapula",,,"Lipans, Lapanas, 226. Loucheux, or Kutchin, 99. Lupakas (Aymara), 16. Lule, 100. Lutuami, 100.",,printed,,251,unclear
"Zapoteca,  Zacapula",,,"Macamecrom (Brazilian),*£l3.",,printed,,251,unclear
"Zapoteca,  Zacapula",,,"Machakalis (Brazilian), 213.",,printed,,251,unclear
"Zapoteca,  Zacapula",,,"Mackenzies (lUinois), 86.",,printed,,251,unclear
"Zapoteca,  Zacapula",,,"Macoussies (Guyana""), 79.",,printed,,251,unclear
"Zapoteca,  Zacapula",,,"Mag Headings, Indians at (California), 27.",,printed,,251,unclear
"Zapoteca,  Zacapula",,,"Mahikan, or Mohegan, 123.",,printed,,251,unclear
"Zapoteca,  Zacapula",,,"Maiongkong (Guyana), 79..",,printed,,251,unclear
"Zapoteca,  Zacapula",,,"Makaw (Upper California), 26.",,printed,,251,unclear
"Zapoteca,  Zacapula",,,"Mame, Pokomam, 105, 227.",,printed,,251,unclear
"Zapoteca,  Zacapula",,,"Mandacaru (Brazilian), 213.",,printed,,251,unclear
"Zapoteca,  Zacapula",,,"Manibas, or Baniwas, 17, 214.",,printed,,251,unclear
"Zapoteca,  Zacapula",,,"Manoas, or Manaos, 105.",,printed,,251,unclear
"Zapoteca,  Zacapula",,,"Manos de Perro (Texas Indians), 186.",,printed,,251,unclear
"Zapoteca,  Zacapula",,,"Marabe (Pueblo Indians;, 155.",,printed,,251,unclear
"Zapoteca,  Zacapula",,,"Maradi9os (Shoshonees), 174.",,printed,,251,unclear
"Zapoteca,  Zacapula",,,"Massachussetts Indians, 107, 228.",,printed,,251,unclear
"Zapoteca,  Zacapula",,,"Massit (Queen Charlotte's Island), 157.",,printed,,251,unclear
"Zapoteca,  Zacapula",,,"Mauvais Monde (Dogrib), 66.",,printed,,251,unclear
"Zapoteca,  Zacapula",,,"Mbaya, or Guaykuru, 78.",,printed,,251,unclear
"Zapoteca,  Zacapula",,,"Mechchaooh (Mohegans), .123.",,printed,,251,unclear
"Zapoteca,  Zacapula",,,"Mequachake (Shawanoes), 172.",,printed,,251,unclear
"Zapoteca,  Zacapula",,,"Mescalos (Texas Indians), 186.",,printed,,251,unclear
"Zapoteca,  Zacapula",,,"Micmac, Mikmak, 117, 230. j",,printed,,251,unclear
"Zapoteca,  Zacapula",,,"Milcocayac, Allentiac, Guarpes, 118, 230.",,printed,,251,unclear
"Zapoteca,  Zacapula",,,"Mins*, Ministi (Delaware), 63, 130, 230.",,printed,,251,unclear
"Zapoteca,  Zacapula",,,"Miramichi (Micmac), 117.",,printed,,251,unclear
"Zapoteca,  Zacapula",,,"Miskito, or Mosquito, 195.",,printed,,251,unclear
"Zapoteca,  Zacapula",,,"Misteco, or Mixteka, 120.",,printed,,251,unclear
"Zapoteca,  Zacapula",,,"Mitlantongo (Mixteka), 120.",,printed,,251,unclear
"Zapoteca,  Zacapula",,,"Mixe, or Mige, 117, 230.",,printed,,251,unclear
"Zapoteca,  Zacapula",,,"Mobilians (Chickasaw^, 89.",,printed,,251,unclear
"Zapoteca,  Zacapula",,,"Mochica (Yunga), 206. Mochono (Moxa), 126.",,printed,,251,unclear
"Zapoteca,  Zacapula",,,"Molele, or Waiilatpu, 190.",,printed,,251,unclear
"Zapoteca,  Zacapula",,,"Molopaque (Brazilian), 213.",,printed,,251,unclear
"Zapoteca,  Zacapula",,,"Moluches, or Araucans, 9.",,printed,,251,unclear
"Zapoteca,  Zacapula",,,"Mongoyoz, or Camacans, 27, 213.",,printed,,251,unclear
"Zapoteca,  Zacapula",,,"Monoas, or Manaos, 105.",,printed,,251,unclear
"Zapoteca,  Zacapula",,,"Monqui, or Waikur, 198.",,printed,,251,unclear
"Zapoteca,  Zacapula",,,"Monsonik (Knistenaux), 94.",,printed,,251,unclear
"Zapoteca,  Zacapula",,,"Montagnards, Mountaineers, 107.",,printed,,251,unclear
"Zapoteca,  Zacapula",,,"Mountaineers, or Sheshatapoosh, 170.",,printed,,252,unclear
"Zapoteca,  Zacapula",,,"Moyave, or Mohavi, 122.",,printed,,252,unclear
"Zapoteca,  Zacapula",,,"Muchquanh (Mohegans), 123.",,printed,,252,unclear
"Zapoteca,  Zacapula",,,"Muchojeones (Mossa), 120.",,printed,,252,unclear
"Zapoteca,  Zacapula",,,"Mucury (Brazilian), 213.",,printed,,252,unclear
"Zapoteca,  Zacapula",,,Muhliekanew Indians (Algonquin Mohe-,,printed,,252,unclear
"Zapoteca,  Zacapula",,,"Munseyi, or Minsi (Delaware), 63, 230. Mundrucus, 127, 232. Muras, 127. Muskoghee, 127, 232. Mutsuns, 232.",,printed,,252,unclear
"Zapoteca,  Zacapula",,,"Muturicus, or. Mundrucus, 137, 232. Muysca, 128, 232. Myncquesar, Mynckussar, 129.",,printed,,252,unclear
"Zapoteca,  Zacapula",,,"Nabadaches (Caddoes), 25.",,printed,,252,unclear
"Zapoteca,  Zacapula",,,"Nadowessies, Sioux, Dahkotahs, 59.",,printed,,252,unclear
"Zapoteca,  Zacapula",,,"Nagailer, or Tacullies, 1 78.",,printed,,252,unclear
"Zapoteca,  Zacapula",,,"Nagrandans (Chorotega), 48, 130, 232.",,printed,,252,unclear
"Zapoteca,  Zacapula",,,"Naguegtgaguehee (Abipones^), 2.",,printed,,252,unclear
"Zapoteca,  Zacapula",,,"Nak-nanouks (Botocudos),^07.",,printed,,252,unclear
"Zapoteca,  Zacapula",,,"Nahuatl, or Mexican, 111.",,printed,,252,unclear
"Zapoteca,  Zacapula",,,"Namollo (Tshuktshi), 191.",,printed,,252,unclear
"Zapoteca,  Zacapula",,,"Nandakoes (Caddoes), 25.",,printed,,252,unclear
"Zapoteca,  Zacapula",,,"Nanticohe, Nanticoke, 130, 232.",,printed,,252,unclear
"Zapoteca,  Zacapula",,,"Natik, Nadik (or Massachusetts Indians),",,printed,,252,unclear
"Zapoteca,  Zacapula",,,"Nangatuck Indians (Pequot), 149. Navajos, 132, 233. Negro-Dutch (Creole), 56. Negro-English (Creole), 54. Negro-French (Creole), 57. Negro-Portuguese (Creole), 66. Negro-Spanish (Creole), 57. Nehethawa (Knistenaux), 94. Nenawehk (Knistenaux), 94. Netela, or San Juan Capistrano (Diegefio)",,printed,,252,unclear
"Zapoteca,  Zacapula",,,"New Brunswick (Mikmak), 117, 133, 233. New Granada, 233. Nez-Perces, or Sahaptin, 170. Nheengaibas (Brazilian), 213. Nihaloitih (Qhinuk), 41. Ningre (Creole), 54. Nipissing (Algonquin), 134. Nippegon, or Winnebagos, 200. Niquirans, 134. Noana (California), 26. Norton Sound, 134. Nottoways, 135.",,printed,,252,unclear
"Zapoteca,  Zacapula",,,"STova Scotia (Mikmak), 117.",,printed,,252,unclear
"Zapoteca,  Zacapula",,,"Souros (Brazilians), 20.",,printed,,252,unclear
"Zapoteca,  Zacapula",,,"Sfsietshawus (Flathead), 73.",,printed,,252,unclear
"Zapoteca,  Zacapula",,,"Nuecos (misprint for ""Huecos""), or Wa-",,printed,,252,unclear
"Zapoteca,  Zacapula",,,"coes, 198; see also page 245. Nusdalum, 135. Nutka, 135, 233.",,printed,,252,unclear
"Zapoteca,  Zacapula",,,"Ocoles (Vilela), 196. Oje (Tamanaques), 180. Ojibois (ChippewayJ, 41. Ojibways, or Chippeways, 41. Okanagan (Salmptin), 170. Ok an a gan (Atnah), 15. Oktolaktcs, or Otoes, 140. Olamentke, or Bodega, 20, 212. Ol-hones (Costanos), 53. Omagua, 136. Omaha, or Maha, 101, 220. Oneida, 137, 233. Onondaga, ",,printed,,252,unclear
"Zapoteca,  Zacapula",,,"Orejones (Texas Indians), 186. Orelhudos (Oregones), 139. Oristine (Lule), 100. Orotinans (Chorotegans), 48. Osages, 139, 234. Osawses, or Osages, 139, 234. Otchagras, or Winnebagos, 200. Othouez, or Otoes, 140.",,printed,,252,unclear
"Zapoteca,  Zacapula",,,"Otakapu, or Attakapas, 15.",,printed,,252,unclear
"Zapoteca,  Zacapula",,,"Oto, Otoes, 140, 234 ; (loways), 87.",,printed,,252,unclear
"Zapoteca,  Zacapula",,,"Ottogami, Onthagamies, or Sacs, 165.",,printed,,252,unclear
"Zapoteca,  Zacapula",,,"Ottomacque, or Ottomaku, 143.",,printed,,252,unclear
"Zapoteca,  Zacapula",,,"Pacahuches (Texas Indians), 186.",,printed,,252,unclear
"Zapoteca,  Zacapula",,,"Pacaos, Pacoas (Texas Indians,), 186.",,printed,,252,unclear
"Zapoteca,  Zacapula",,,"Paduca, or Comanche, 01.",,printed,,252,unclear
"Zapoteca,  Zacapula",,,"Paegans, or Piekans (Blackfeet), 19.",,printed,,252,unclear
"Zapoteca,  Zacapula",,,"Pah- utah, or Chemehnevis, 85.",,printed,,252,unclear
"Zapoteca,  Zacapula",,,"Pajalates (Texas Indians), 186.",,printed,,252,unclear
"Zapoteca,  Zacapula",,,"Paiure (Tamanaque), 180.",,printed,,252,unclear
"Zapoteca,  Zacapula",,,"Palencas (Tamanaque), 180.",,printed,,253,unclear
"Zapoteca,  Zacapula",,,"Pamanes (Texas Indians), 186.",,printed,,253,unclear
"Zapoteca,  Zacapula",,,"Pamaques (Texas Indians), 180.",,printed,,253,unclear
"Zapoteca,  Zacapula",,,"Pampa del Sacramento (Peru),",,printed,,253,unclear
"Zapoteca,  Zacapula",,,"Pampopas (Texas Indians), 186.",,printed,,253,unclear
"Zapoteca,  Zacapula",,,"Papoloka, Popoluka, 152.",,printed,,253,unclear
"Zapoteca,  Zacapula",,,"Parechi (Tamanaques), 180.",,printed,,253,unclear
"Zapoteca,  Zacapula",,,"Pareni Parenes (Maipure), 104, 140.",,printed,,253,unclear
"Zapoteca,  Zacapula",,,"Pariagotos (Tamanaqaie), 180.",,printed,,253,unclear
"Zapoteca,  Zacapula",,,"Parias, (Tamanaque), 180.",,printed,,253,unclear
"Zapoteca,  Zacapula",,,"Passamaquoddi (St. John's Indians), 105.",,printed,,253,unclear
"Zapoteca,  Zacapula",,,"Patagonians, or Tehuelhet, 184.",,printed,,253,unclear
"Zapoteca,  Zacapula",,,"Paunaca (Paiconeca), 145.",,printed,,253,unclear
"Zapoteca,  Zacapula",,,"Paunch Indians (Crows), 58.",,printed,,253,unclear
"Zapoteca,  Zacapula",,,"Payaguas (Guaykuru), 78.",,printed,,253,unclear
"Zapoteca,  Zacapula",,,"Pecos, or Yemes (Pueblo Indians), 154.",,printed,,253,unclear
"Zapoteca,  Zacapula",,,"Pehuenche (Araucans), 9.",,printed,,253,unclear
"Zapoteca,  Zacapula",,,"Pelus, or Wallawallas (Sahaptin), 170.",,printed,,253,unclear
"Zapoteca,  Zacapula",,,"Pend d'Oreilles, or Kullespelm (Flathead), 73.",,printed,,253,unclear
"Zapoteca,  Zacapula",,,"Pennsylvaniaris, 148, 235.",,printed,,253,unclear
"Zapoteca,  Zacapula",,,"Pequod (Narraganset), 131.",,printed,,253,unclear
"Zapoteca,  Zacapula",,,"Petiguaren (Brazil), 20.",,printed,,253,unclear
"Zapoteca,  Zacapula",,,"Pianoghotto (Guyana), 79.",,printed,,253,unclear
"Zapoteca,  Zacapula",,,"Picaneux, or Piekans (Blackfeet), 19.",,printed,,253,unclear
"Zapoteca,  Zacapula",,,"Picori (Pueblos Indians), 154.",,printed,,253,unclear
"Zapoteca,  Zacapula",,,"Pieds noirs, or Blackfeet, 19.",,printed,,253,unclear
"Zapoteca,  Zacapula",,,"Piekans (Blackfeet), 19.",,printed,,253,unclear
"Zapoteca,  Zacapula",,,"Pihniques (Texas Indians), 186.",,printed,,253,unclear
"Zapoteca,  Zacapula",,,"Pikunche, or Puelche (Araucans), 9.",,printed,,253,unclear
"Zapoteca,  Zacapula",,,"Pinalenos (Apaches), 150.",,printed,,253,unclear
"Zapoteca,  Zacapula",,,"Pinols, or Pinalenos, 150.",,printed,,253,unclear
"Zapoteca,  Zacapula",,,"Piquas (Shawanoes), 173.",,printed,,253,unclear
"Zapoteca,  Zacapula",,,"Piros (Chuntaquiros), 49.",,printed,,253,unclear
"Zapoteca,  Zacapula",,,"Piscous, or Piskwans (Flnthead), 73.",,printed,,253,unclear
"Zapoteca,  Zacapula",,,"Pojuaque (Pueblo Indians), 154.",,printed,,253,unclear
"Zapoteca,  Zacapula",,,"Pojuate (Pueblo Indians), 154.",,printed,,253,unclear
"Zapoteca,  Zacapula",,,"Poko-mam (Mame), 105. Pokonchi, Poko-man, 151. Polindaras (Coconucos), 50. Ponchas, Poncars (Maha), 101.",,printed,,253,unclear
"Zapoteca,  Zacapula",,,"Ponderays, or Kullespelm (Flathead), 72.",,printed,,253,unclear
"Zapoteca,  Zacapula",,,"Popoluca, Papoloka, 152, 236.",,printed,,253,unclear
"Zapoteca,  Zacapula",,,"Pouteotamis, or Pottawatome, 158.",,printed,,253,unclear
"Zapoteca,  Zacapula",,,"Poyes, Poyus (Vuta-Huilliche), 198.",,printed,,253,unclear
"Zapoteca,  Zacapula",,,"Prince William's Sound, 154.",,printed,,253,unclear
"Zapoteca,  Zacapula",,,"Puans, or Winnebagos, 200.",,printed,,253,unclear
"Zapoteca,  Zacapula",,,"Pueblo Indians, Keres, 154, 236.",,printed,,253,unclear
"Zapoteca,  Zacapula",,,"Puelche, or Pikunche (Araucans), 9.",,printed,,253,unclear
"Zapoteca,  Zacapula",,,"Puncaws, or Ponchas (Maha), 101.",,printed,,253,unclear
"Zapoteca,  Zacapula",,,"Pujunis (Sacramento Indians), 165.",,printed,,253,unclear
"Zapoteca,  Zacapula",,,"Purys, Puris, 106, 213.",,printed,,253,unclear
"Zapoteca,  Zacapula",,,"Quaquas (Saliva,), J 06.",,printed,,253,unclear
"Zapoteca,  Zacapula",,,"Quato (Brazilian), 213; Guato, 77.",,printed,,253,unclear
"Zapoteca,  Zacapula",,,"Queen Charlotte's Island, 157.",,printed,,253,unclear
"Zapoteca,  Zacapula",,,"Quemaja, or Camoyes (Yusma, Cuchan), 205.",,printed,,253,unclear
"Zapoteca,  Zacapula",,,"Quengues, or Cayuga, 33.",,printed,,253,unclear
"Zapoteca,  Zacapula",,,"Queres, or Keres, 92, 154.",,printed,,253,unclear
"Zapoteca,  Zacapula",,,"Quime, or Cochitemi (Keres), 02.",,printed,,253,unclear
"Zapoteca,  Zacapula",,,"Quintikuk (Narraganset), 181.",,printed,,253,unclear
"Zapoteca,  Zacapula",,,"Quoddi, or Passamaquoddi (St. John's In- dians), 166.",,printed,,253,unclear
"Zapoteca,  Zacapula",,,"Radigeurs (Shoshonees), 174. Ricaras, Riccarees, 163. Riccarees, or Ricaras, 163, 237. Roamaino (Mainas), 103. Ro-mo-nans (Costanos), 63. Root-diggers (Shoshones), 174. Rucahee (Abipones), 2. Rumsen, ""Runsienes, 163, 237; (see also under "" Mutsuns,"" 232).",,printed,,253,unclear
"Zapoteca,  Zacapula",,,"San Aldefonso (Pueblo Indians), K>5.",,printed,,253,unclear
"Zapoteca,  Zacapula",,,"Santa Anna (Pueblo Indians), 155.",,printed,,253,unclear
"Zapoteca,  Zacapula",,,"San Antonio (Diegenos), 62.",,printed,,253,unclear
"Zapoteca,  Zacapula",,,"Santa Barbafa, 167, 23S.",,printed,,253,unclear
"Zapoteca,  Zacapula",,,"Santa Clara (Pueblo Indians), 155.",,printed,,253,unclear
"Zapoteca,  Zacapula",,,"San Diego (Diegenos), 62.",,printed,,253,unclear
"Zapoteca,  Zacapula",,,"San Domingo (Pueblo Indians), 155.",,printed,,253,unclear
"Zapoteca,  Zacapula",,,"San Felipe (Pueblo Indians), If; 5.",,printed,,254,unclear
"Zapoteca,  Zacapula",,,"San Gabriel (Diegenos), 02, 237.",,printed,,254,unclear
"Zapoteca,  Zacapula",,,"Saint John's Indians, 105, 288.",,printed,,254,unclear
"Zapoteca,  Zacapula",,,San Juan (Pueblo Indians) 155.,,printed,,254,unclear
"Zapoteca,  Zacapula",,,"San Juan Capistrano (Diegenos), 02, 237.",,printed,,254,unclear
"Zapoteca,  Zacapula",,,"San Luis Obispo, California (Diegenos),",,printed,,254,unclear
"Zapoteca,  Zacapula",,,"""San Miguel (Diegenos), 62. San Raphael ( Diegenos) , 62, 212. Sabuja, or Kiriri, 164. Sao Pedro (Brazilian), 214. Sacramento Indians, 164. Upper Sacramento Indians (California and",,printed,,254,unclear
"Zapoteca,  Zacapula",,,"Sacramento), 27, 164. Sacs, Saki, Sakewi, 165. Sahaptin, or Shahaptan, 170, 237. Saki, 165. Saliva, 166.",,printed,,254,unclear
"Zapoteca,  Zacapula",,,"Samipaos (Texas Indians), 186. Samuca, or Zamuca, 207. Sankikani, 166. Sapibokoni, 168, 238. Sarabeca, 168. Saramacca (Creole), 56. Saste, or Shasties, 168. Satrahe, or Riccarees, 163. Satsikaa (Blackfeet), 19. Sauks, Sawkis, or Saki, 165. Sauteux (Chippeway), 41. Savaneric, 168.",,printed,,254,unclear
"Zapoteca,  Zacapula",,,"Sehuak Cunny (Tehuelhet, 184. Sekumne (Sacramento Indians), 105. Selish, or Flatheads, 72. Seminoles, 169, 238. Seneca, 169, 238. Seris, or Ceris (Pima), 34, 150. Serpens, or Shoshones, 174. Serranos (Tehuelhet), 184. Setaba, or Passa (Quichua), 162. Severnovskia, 170, 212, 239. Shahaptan, 170. Shai",,printed,,254,unclear
"Zapoteca,  Zacapula",,,"Shawhays, or Cheyennes, 175. Shawanoe, 172, 238. Shebayi, 173. Sheshatapoosh, 176.",,printed,,254,unclear
"Zapoteca,  Zacapula",,,"Shushwapumsh (Tsihaili-Selish), Flat- heads, 73. Shinicooks, 173. Shoshonees, 174, 238. Shushwap (Flathead), 73. Shyennes, or Cheyennes, 175. Sicaunes (Tacullies), 178. Sjevernovtsi, Severnovskia, 239. Silla (Pueblo Indians ), 155. Similaton (Lenca), 100. Sinaloa, or (,'inaloa, 49. • Sioux, or Dahko",,printed,,254,unclear
"Zapoteca,  Zacapula",,,"Sketapushoish, or Skoffies, 176.",,printed,,254,unclear
"Zapoteca,  Zacapula",,,"Skitsuish (Flathead), 73.",,printed,,254,unclear
"Zapoteca,  Zacapula",,,"Skittageets (Queen Charlotte's Island),",,printed,,254,unclear
"Zapoteca,  Zacapula",,,"Skoffies, 176. Skwale (Flathead), 73. Slave Indians (Dogrib), 66. Smallrobes (Blackfeet), 19. Snake Indians, or Shoshnees, 174. Soaiatlpi (Flathead), 73. Soerigong (Guyana), 79. Sonora, 239.",,printed,,254,unclear
"Zapoteca,  Zacapula",,,"Souliers noirs (Crowa), 58. Souriquois, 177. Spokein (Flathead), 72. Squallyamish, 177, 239. Stickeen (Sitka), 176. Stone Indians, 177, 240. Sussee, Sursee, 178.",,printed,,254,unclear
"Zapoteca,  Zacapula",,,"Tabayara (Brazilian), 213.",,printed,,254,unclear
"Zapoteca,  Zacapula",,,"Tacames (Texas Indians), 186.",,printed,,254,unclear
"Zapoteca,  Zacapula",,,"Tachies, or Inies (Caddoes), 25.",,printed,,254,unclear
"Zapoteca,  Zacapula",,,"Tacullies, or Tahkali, 178, 240.",,printed,,254,unclear
"Zapoteca,  Zacapula",,,"Tacunas, or Ticunas, 187.",,printed,,254,unclear
"Zapoteca,  Zacapula",,,"Tahkali, or Tacullies, 179.",,printed,,254,unclear
"Zapoteca,  Zacapula",,,"Talamanca (Costa Rica), 54.",,printed,,254,unclear
"Zapoteca,  Zacapula",,,"Taluhet (Puelches), 155.",,printed,,254,unclear
"Zapoteca,  Zacapula",,,"Tamanaque, Tamanaki, 180, 240.",,printed,,254,unclear
"Zapoteca,  Zacapula",,,"Tamoiae, Tamoyos (Brazil), 21, 213.",,printed,,254,unclear
"Zapoteca,  Zacapula",,,"Taos (Pueblo Indians), 155.",,printed,,254,unclear
"Zapoteca,  Zacapula",,,"Taparita (Ottomaku), 143.",,printed,,254,unclear
"Zapoteca,  Zacapula",,,"Tatimolo (Totonaka), 190.",,printed,,254,unclear
"Zapoteca,  Zacapula",,,"Tatiquilhati (Totonaka), 190.",,printed,,254,unclear
"Zapoteca,  Zacapula",,,"Tchekto (Tschuktchi),191.",,printed,,254,unclear
"Zapoteca,  Zacapula",,,"Tchnagmjutes, or Kuskokwims, 9S.",,printed,,254,unclear
"Zapoteca,  Zacapula",,,"Tchuktchi (Aglegmutes), 3, 191.",,printed,,254,unclear
"Zapoteca,  Zacapula",,,"Tecunas, or Ticunas, 187.",,printed,,254,unclear
"Zapoteca,  Zacapula",,,"Teguas, or Tiluex (Keres), 187.",,printed,,254,unclear
"Zapoteca,  Zacapula",,,"Tehama (California), 26.",,printed,,254,unclear
"Zapoteca,  Zacapula",,,"Tehuetches f Puelches), 155.",,printed,,254,unclear
"Zapoteca,  Zacapula",,,"Tehuel Cunny (Tehuelhet), 18-1.",,printed,,254,unclear
"Zapoteca,  Zacapula",,,"Tepozkolula (Mixteka), 120.",,printed,,255,unclear
"Zapoteca,  Zacapula",,,"Tequima, or Opata, 139, 185.",,printed,,255,unclear
"Zapoteca,  Zacapula",,,"Terre neuve Island (Mikmak), 117.",,printed,,255,unclear
"Zapoteca,  Zacapula",,,"Tesuque (Pueblo Indians), 155.",,printed,,255,unclear
"Zapoteca,  Zacapula",,,"Texas Indians, 186, 241.",,printed,,255,unclear
"Zapoteca,  Zacapula",,,"Thing-e-ha-dtinne, or Dogrib, 66.",,printed,,255,unclear
"Zapoteca,  Zacapula",,,"Tiberacotti (Guyana), 79.",,printed,,255,unclear
"Zapoteca,  Zacapula",,,"Ticorillas, erroneously for "" Jicarillas,""",,printed,,255,unclear
"Zapoteca,  Zacapula",,,"Ticonas, or Ticunas, 187. Tihuex, 92, 187. Tikomeri (Moxa), 126. Tikuna, or Chimano, 39. Timbiras, 187,213,241. Timuaca, 187, 242. Timuicana, or Timuaca, 187, 242. Tinne, or Athapasca, 14. Tinqua, 188.",,printed,,255,unclear
"Zapoteca,  Zacapula",,,"Tiverighotto (Guyana), 79. Tlahiako (Mixteka), 120. Tlakatat, or Kliketat (Sahaptin), 170. Tlamatl, or Lutuami, 100. Tlaoquatch, Tloquatch, 188. Tlapaneka, 189. Tlascaltecas, 189, 242. Tlatsap (Chinuk\ 41. Tlatskanai (Tahkali), 179, 189. Tnaina, or Kinai, 93. Toba, or Mocoby, 121. Tokantin (Omagua),",,printed,,255,unclear
"Zapoteca,  Zacapula",,,"Tuolumne (Californians), 27, 213. Tupis, or Brazilians, 20. Tupinaba, Tubinamba (Brazil), 20, 213. Tupininquins (Brazil), 21, 213.",,printed,,255,unclear
"Zapoteca,  Zacapula",,,"Tuscarora, 192, 243. Tzendales, 193.",,printed,,255,unclear
"Zapoteca,  Zacapula",,,"Uara-Mukuru (Tamanaque), 180. Uaraca-Paccili (Tamanaque), 180. Uchee, 194.",,printed,,255,unclear
"Zapoteca,  Zacapula",,,"Ugalentsi, Ugalenzi, 194, 243. Ugaljachmutzi (Kinai), 93 ; see also un- der ""Ugalentsi,"" 243. Ukahipu, or Kikkapu, 92. Umpqua, or Tahkali, 179, 195, 244. Unalashka, 195, 244. Unalachtgo (Delaware), 63. Unami (Delaware), 63. Unchagog (Shinicooks), 173. Upsaroka (Crows), 58. Urabae (Darien), 61. Uruqu",,printed,,255,unclear
"Zapoteca,  Zacapula",,,"Utagami, or Sacs and Foxes, 165. Utlateca, 244.",,printed,,255,unclear
"Zapoteca,  Zacapula",,,"Valientes (Costa Rica), 54. Venados (Texas Indians), 186. Vilela, 196. Virginians, 197, 244. Vuta-Huilliche, 197.",,printed,,255,unclear
"Zapoteca,  Zacapula",,,"Waccoa, or Wokkons, 201.",,printed,,255,unclear
"Zapoteca,  Zacapula",,,"Wacaway, or Accaway, 2.",,printed,,255,unclear
"Zapoteca,  Zacapula",,,"Wacoes, 198 (ought to be ""Huecos,"" see",,printed,,255,unclear
"Zapoteca,  Zacapula",,,"Wahtani, or Mandans, 106. Wahtohtana, or Otoes, 140. Wahtoktak, or Otoes, 140. Waicuri, Waikur, 198, 245. Waiilatpu, 199. Waiyamara (Guyana), 79. Wakaikams (Chinuk), 41. Wakash, or Nutka, 135. Wallawalla (Sahaptins), 170. Wanami (Delaware), 63. Wapanachki, or Abenaki, 1. Wapisiana (Guyana), 79. Wapi",,printed,,255,unclear
"Zapoteca,  Zacapula",,,"Willetpoos (Waiilatpu), 199. Winnebagos, 200. Wish-osk, 201. Witchitas, 201, 245. Woccons, Wokkons, 201, 245. Woolwa, Chondal. 48. Woyawai (Guyana), 79. Wyandots, or Hurons, 84, 223.",,printed,,256,unclear
"Zapoteca,  Zacapula",,,"Xumanas (Brazilian), 213.",,printed,,256,unclear
"Zapoteca,  Zacapula",,,"Yacana-Cunny (Tehuelhet), 184.",,printed,,256,unclear
"Zapoteca,  Zacapula",,,"Yakanaku, or Pescherai, 149.",,printed,,256,unclear
"Zapoteca,  Zacapula",,,"Yakema, or loakema (Sahaptin), 171.",,printed,,256,unclear
"Zapoteca,  Zacapula",,,"Yankitlan (Mixteka), 120.",,printed,,256,unclear
"Zapoteca,  Zacapula",,,"Yanktons, Yanktonans, 203.",,printed,,256,unclear
"Zapoteca,  Zacapula",,,"Yeconoampas (Vilela), 90.",,printed,,256,unclear
"Zapoteca,  Zacapula",,,"Ypapana (Totonaka), 190.",,printed,,256,unclear
"Zapoteca,  Zacapula",,,"Yugelnut (Kinai), instead of Ingelmut,",,printed,,256,unclear
"Zapoteca,  Zacapula",,,"Yunka-Mochika (Yunga), 206.",,printed,,256,unclear
"Zapoteca,  Zacapula",,,"Yurimagua (Omagua), 136.",,printed,,256,unclear
"Zapoteca,  Zacapula",,,"Zacapula, Zapotcca, 246.",,printed,,256,unclear
"Zapoteca,  Zacapula",,,"Zufii (Pueblo Indians), 154.",,printed,,256,unclear
"Zapoteca,  Zacapula",,,"Zutugil (Kachiquel), 89.",,printed,,256,unclear
The   End,,,"London: Printed by Thomas Harrild, 11, Salisbury Square, Fleet Street.",,printed,,256,unclear
Page      Line,,Accawat,"add to ACCAWAT, ""Wacawoyo.""",,printed,,256,unclear
Page      Line,,,5 40 for Daves read Davies.,,printed,,256,unclear
Page      Line,,,6 10 for Langue read Tongue.,,printed,,256,unclear
Page      Line,,,7 14 for Guarpos read Guarpes.,,printed,,256,unclear
Page      Line,,,8 8 for puellos read pueblos.,,printed,,256,unclear
Page      Line,,,8 10 for Atnapascan read Athapascan . 8 11 for Tinalenos read Pinalenos.,,printed,,256,unclear
Page      Line,,,10 32 after 6 vols. insert Folio.,,printed,,256,unclear
Page      Line,,,11 3 after pp. 330 insert This edition,,printed,,256,unclear
Page      Line,,,"is without the "" Vocabulario aque se anada la Doctrina Christiana.""",,printed,,256,unclear
Page      Line,,,11 19 after 6 vols. insert Folio.,,printed,,256,unclear
Page      Line,,,"12 22- Arda, after Doctrina Christiana,",,printed,,256,unclear
Page      Line,,,"etc., insert This language being entirely unknown, the Lord's Prayer is given from the above book.",,printed,,256,unclear
Page      Line,,,"12 5 from the bottom, for Vol. II read Vol. III.",,printed,,256,unclear
Page      Line,,,14 18 for Ticorillas read Jicarillas.,,printed,,256,unclear
Page      Line,,,"16 33 disconnect the words "" New",,printed,,256,unclear
Page      Line,,,"edition, enlarged (by D. de Gualdo?)"" from the title to which they are attached, and connect them with the subse- quent title, line 34, to which they belong.",,printed,,256,unclear
Page      Line,,,17 23 for Isanno read Isauna.,,printed,,256,unclear
Page      Line,,,28 24 for Purugotos read Purugotes.,,printed,,256,unclear
Page      Line,,,32 10 for Kutahba read Katahba.,,printed,,256,unclear
Page      Line,,,33 14 for Queugues read Quengues.,,printed,,256,unclear
Page      Line,,,"35 head-line and lines 4 and 8, for",,printed,,256,unclear
Page      Line,,,Chemehnevi read Cheme- huevi.,,printed,,256,unclear
Page      Line,,,36 26 for TicoriUa read Jicarilla.,,printed,,256,unclear
Page      Line,,,37 28 for 914 read 415.,,printed,,256,unclear
Page      Line,,,45 17 for L'Ance read 1'Anse.,,printed,,256,unclear
Page      Line,,,50 29 for Nuevo read Nueva.,,printed,,256,unclear
Page      Line,,,52 14 for Putor read Putos.,,printed,,256,unclear
Page      Line,,,52 19 for Najarit read Nayarit.,,printed,,256,unclear
Page      Line,,,54 10 for Koniglichen read Kaiser-,,printed,,256,unclear
Page      Line,,,55 23 for Page 117 read Page 88 of,,printed,,256,unclear
Page      Line,,,Vol. I. 55 24 for 1 vol. read 2 vols.,,printed,,256,unclear
Page      Line,,,57 32 for Dominque read Domingue.,,printed,,256,unclear
Page      Line,,,58 2 for en la langue read en langue. 58 3 after Fran9aises insert Par M.,,printed,,256,unclear
Page      Line,,,59 9 from the botton^ybrNadowessier,,printed,,256,unclear
Page      Line,,,read Nadowessies. 61 3 transpose after line 4.,,printed,,256,unclear
Page      Line,,,"61 last line,/orTJrabao readllrabae.",,printed,,256,unclear
Page      Line,,,"62 26 & 35, for Boscara read Boscana. 64 32 add "" The German original was",,printed,,256,unclear
Page      Line,,,"published at Barby, 1789, in",1789,printed,,256,unclear
Page      Line,,,"67 14 for Ququaro read Quaquaro. 67 article Ele, insert after GHlii,",,printed,,256,unclear
Page      Line,,,"""Balbi Atlas Ethnographique.",,printed,,256,unclear
Page      Line,,,"Tab. XLI, No. 647."" 67 18 for Amores read Aymores.",,printed,,256,unclear
Page      Line,,,"67 13 from the bottom, for plain read",,printed,,256,unclear
Page      Line,,,"68 Last line, for Sutel read Sutil.",,printed,,256,unclear
Page      Line,,,69 2 for pays de read paso del. 69 3 for nordeste read noroeste.,,printed,,256,unclear
Page      Line,,,69 16 for Karalis read Karality,,printed,,256,unclear
Page      Line,,,70 29 for a voyage read a second voy-,,printed,,256,unclear
Page      Line,,,70 30 for 1821 read 1824. 70 30 after 4to add pp. 559—569. 70 42 for Schubert read Schubart.,1821,printed,,256,unclear
Page      Line,,,70 43 for Index read Register.,,printed,,256,unclear
Page      Line,,,71 18 for Helmesen read Helmersen.,,printed,,256,unclear
Page      Line,,,74 9 for Aleutan read Aleutian.,,printed,,256,unclear
Page      Line,,,75 30 for Guararo read Guarano.,,printed,,256,unclear
Page      Line,,,75 31 for Chiviguana read Chiriguana.,,printed,,256,unclear
Page      Line,,,76 34 for Fullah read Foulah.,,printed,,256,unclear
Page      Line,,,79 16/orTamanaken read Tamanacan.,,printed,,256,unclear
Page      Line,,,80 34 for Camshava read Cumshawa.,,printed,,256,unclear
Page      Line,,,81 24 for Chatahsochee read Chata-,,printed,,256,unclear
Page      Line,,,"-86 20 for Inkuluchluate read Inku- luchliiat, and omit Kangjulit. 86 22 for Eskimo read Kenai.",,printed,,256,unclear
Page      Line,,,"86 27 & 28, dele from Kwigpak to 512,",,printed,,256,unclear
Page      Line,,,"and read Vocabulary of theln- kiliks proper and of the Inka- lits-Yugelnut, pp. 481 — 487.",,printed,,256,unclear
Page      Line,,,87 5 for Iowa read loway. 87 6 for Otae read Otoe.,,printed,,256,unclear
Page      Line,,,87 7 for Iowa Mission read loway and Sac Mission Press.,,printed,,256,unclear
Page      Line,,,89 after luris insert Jicarillas. (See,,printed,,256,unclear
Page      Line,,,"under "" Ticorillas "" in the Addenda.)",,printed,,256,unclear
Page      Line,,,90 14 for du read de.,,printed,,256,unclear
Page      Line,,,"90 29 for Eobeck read Eobek,",,printed,,256,unclear
Errata,,,91 11 for d'lle read de 1'ile.,,printed,,258,unclear
Errata,,,91 31 for Kawitschen read Kawitches.,,printed,,258,unclear
Errata,,,92 3 for Tiguex read Tihuex.,,printed,,258,unclear
Errata,,,93 2 for distinguishes four read fur-,,printed,,258,unclear
Errata,,,"nishes vocabularies of two. 93 3 dele among which are, and for Ink ah' t, and Ingelmut read Inkalit-Yugelnut.",,printed,,258,unclear
Errata,,,"93 27 for Inkilik, Inkalit, and Ingel-",,printed,,258,unclear
Errata,,,mut read Inkilit and Inkalit- Yugelnut.,,printed,,258,unclear
Errata,,,94 24 for Moon read Moons.,,printed,,258,unclear
Errata,,,95 40 for Caultere read Carlton.,,printed,,258,unclear
Errata,,,96 11 for and read or.,,printed,,258,unclear
Errata,,,98 4 & 18 for Tchwagmjutes read,,printed,,258,unclear
Errata,,,Tshnagmjutes. 98 7 for Kuskokwina read Kuskok-,,printed,,258,unclear
Errata,,,100 15 for Isiftine read Isistine. 100 24 for IV read III.,,printed,,258,unclear
Errata,,,"103 5 from the bottom, for Kingdom",,printed,,258,unclear
Errata,,,"104 4 for Maranou read Maranon. 104 17 for Avanoe, Kavere, read Avane,",,printed,,258,unclear
Errata,,,104 18/brGuypunavoereacZ Guipunave. 106 26 for Upsasoke read Upsaroka.,,printed,,258,unclear
Errata,,,113 35 for 1855 read 1555.,1855,printed,,258,unclear
Errata,,,114 11 for propiedad read propriedad. 114 12 for Biblioteca read Bibliotheca. 114 16 for Catredratico read Cathe-,,printed,,258,unclear
Errata,,,dratico. 114 17 for Sacalo read Sacado.,,printed,,258,unclear
Errata,,,"117 9 from the bottom,^/* Terre neuve",,printed,,258,unclear
Errata,,,Island read Newfoundland.,,printed,,258,unclear
Errata,,,118 29 dele Mikokayak — (an error of,,printed,,258,unclear
Errata,,,"Jiilg's, corrected in his errata) . 122 6 for the read a. 125 8 dele Columbus, May, 1787, pp.",1787,printed,,258,unclear
Errata,,,"672. 136 2 from the bottom, for Murray",,printed,,258,unclear
Errata,,,"Vans read Vans Murray. 136 7 for anno read ano. 136 9 for nordeste read noroeste. 138 16 for Forst read Fort. 140 5 from the bottom, for ""Winnepago",,printed,,258,unclear
Errata,,,andOtoe Dialects read Wiiine-,,printed,,258,unclear
Errata,,,140 6 for Eovet read Eoret.,,printed,,258,unclear
Errata,,,141 2 after Indians insert to.,,printed,,258,unclear
Errata,,,143 13 for Ottowwaws read Ottawwaws.,,printed,,258,unclear
Errata,,,"148 29 for 198 read 19, 7.",,printed,,258,unclear
Errata,,,149 11 for Kamenetes read Kemenetes.,,printed,,258,unclear
Errata,,,"150 14 for 161, 162 read 461, 462.",,printed,,258,unclear
Page       Lime,,,152 12 for T. read J.,,printed,,258,unclear
Page       Lime,,,152 15 for Hues read Hues.,,printed,,258,unclear
Page       Lime,,,"153 12 & 26, for Pottawatame read Pot-",,printed,,258,unclear
Page       Lime,,,tawatome. 158 3 after Antigua dele the comma.,,printed,,258,unclear
Page       Lime,,,158 38 for Manle read Maule.,,printed,,258,unclear
Page       Lime,,,159 3 for Tucaman read Tucuman.,,printed,,258,unclear
Page       Lime,,,"160 27 & 28, for exploracioni read ex-",,printed,,258,unclear
Page       Lime,,,163 15 for Nueco read Hueco. 163 20 for Achastliers read Achastlians.,,printed,,258,unclear
Page       Lime,,,163 26 for anno read aiio.,,printed,,258,unclear
Page       Lime,,,164 6 for Achastliers read Achastlians. 170 21 for you read yon.,,printed,,258,unclear
Page       Lime,,,"170 26 & 29, for Chwachamaja read",,printed,,258,unclear
Page       Lime,,,171 21 for Clicatat read Klikatat.,,printed,,258,unclear
Page       Lime,,,"175 2 from the bottom, for Archipel",,printed,,258,unclear
Page       Lime,,,176 6 for Eclikino read Eelikino. 176 7 for Kooyen read Kooyou.,,printed,,258,unclear
Page       Lime,,,176 25 for Massachmett read Massa- chusetts.,,printed,,258,unclear
Page       Lime,,,178 11 for Saskatchewaine read Sas- katchewan.,,printed,,258,unclear
Page       Lime,,,180 13 after Acherekotti insert Avari- kotti.,,printed,,258,unclear
Page       Lime,,,180 30 after Paria insert a semicolon.,,printed,,258,unclear
Page       Lime,,,182 24 for Gjrolamo read Jeronimo.,,printed,,258,unclear
Page       Lime,,,185 24 for Girolamo read Jeronimo.,,printed,,258,unclear
Page       Lime,,,"186 16 &29,/or Ticorillas read Jicarillas.",,printed,,258,unclear
Page       Lime,,,187 8 for Tiluex read Tihuex.,,printed,,258,unclear
Page       Lime,,,"190 9 for Caja read Baja,",,printed,,258,unclear
Page       Lime,,,191 2 for Kadjah Islands read Kadjak,,printed,,258,unclear
Page       Lime,,,191 11 for Tschuktchi read Tchuktchi. 191 12 for western read eastern. 191 15 for Wild read Nomade. 191 16 for Tchouktschee read Tchoukt-,,printed,,258,unclear
Page       Lime,,,"191 24 for 407, 408 read 467, 468.",,printed,,258,unclear
Page       Lime,,,193 29 for Document read Documents. 195 19 for Ticorilla read Jicarilla.,,printed,,258,unclear
Page       Lime,,,"197 34 for Vuta, Huilliche read Vuta-",,printed,,258,unclear
Page       Lime,,,"198 9 & 15, for ISTueco read Hueco.",,printed,,258,unclear
Page       Lime,,,201 5 for Boiloin read Boilvin ; and,,printed,,258,unclear
Page       Lime,,,insert commas after Boilvin and after Cass.,,printed,,258,unclear
Page       Lime,,,202 18 for Kallapuiah read Kalapuiah. 202 28 for 9 read q.,,printed,,258,unclear
Page       Lime,,,204 9 for 3 read 2.,,printed,,258,unclear
Page       Lime,,,"London : Printed by Thomas Harrild, 11, Salisbury Square, Fleet Street.",,printed,,258,unclear
J  H,,,University of Toronto Library,,printed,,258,unclear
Pocket,,,Acme Library Card Pocket,,printed,,258,unclear
