language,glottocode,author,title,year,kind,location_as_stated,bib_page,in_glottolog,compendium
"Amanahea,  Apollonia",nzim1238,Assinenflufs,"Ankobra- und Assinenflufs, dessen Bewohner zum Neger- stamme der Aschanti gehören.",,printed,,14,no,False
"Amanahea,  Apollonia",nzim1238,Bowdich,"•Bowdich, Mission p. 504, 505. •Balbi, Atlas ethnogr. T>b. xxxix. no. 250.",,printed,,14,compendium,True
"Amboina,  Imbun",ambo1250,berühmte,"Eine durch ihre Produkte berühmte, Bonst aber we- nig bekannte Insel der Molukkcn mit Einwohnern vou heller Gesichtsfarbe und langem Haar, die Malayischen Ursprungs, aber zum Theil mit Negritos vermischt sind.",,printed,,16,no,False
"Amboina,  Imbun",ambo1250,Valentyn,"*Valentyn, Fr., Oud en Nieuw Oost Indien, benevens eene ßeschryvinge der Moluccos, Amboina, Banda celr. 8 VoU. fol. Dordr. en Amsterd. 1724 — 26.",1724,printed,,16,no,False
"Amboina,  Imbun",ambo1250,Marsden,"*Marsden, W., Mise works p. 100.",,printed,,16,yes,False
"Amboina,  Imbun",ambo1250,Lasta,"vinzen Lasta, Schewa, Samen u. a. Im Vergleich mit der Gheez- Sprache, von der sie das Alphabet und sehr viele Wörter entlehnt hat, kürzt sie die letztern sehr häufig ab und elidirt die gutturalen und quiescirenden Buchstaben. — Ihre hauptsächlichsten Dialekte sind die von Gondar, Gojam, Schewa und ",,printed,,16,no,False
"Amboina,  Imbun",ambo1250,109,"♦Mithridates DI. 109, 110; IV. 432.",,printed,,16,compendium,True
"Amboina,  Imbun",ambo1250,Salt,"♦Salt, Voyage cetr. Uebers. S. 440 — 446.",,printed,,16,no,False
"Amboina,  Imbun",ambo1250,Balbi,"*Balbi, Atlas ethnogr. Tab. xxxvn. no. 12.",,printed,,16,compendium,True
"Amboina,  Imbun",ambo1250,Ludolfus,"♦Ludolfus, J., Lexicon Amharico-Latinum, cum indice la- tino copioso. fol. Francof. ad M. 1698.",1698,printed,,16,no,False
"Amboina,  Imbun",ambo1250,Bruce,"* Bruce, J., Travels to discover the sonree of the Nil. 5 Voll. 4. Edinb. 1790. — 2. Ed. 7 Voll. 8. Lond. 1805. Vocabulary of the Amharic language II. 491.",1790,printed,,16,no,False
"Amboina,  Imbun",ambo1250,Isenberg,"*Isenberg, C. W., Dictionary of the Amharic language. 4. Lond. 1841.",1841,printed,,16,no,False
"Amboina,  Imbun",ambo1250,Ludolfus,"♦Ludolfus, Gw, Grammatica lingnae Amharieae, qüae ver- nacnla est Habessinorum. fol. Franeof. ad M. 1698.",1698,printed,,16,no,False
"Amboina,  Imbun",ambo1250,Jacquet,"♦Jacquet, E., Observatiofis gramntaticales su* im speci- men des dialectes Abyssins de Tigre, iih Journal Asiatique, 1830. V. 284 — 298.",1830,printed,,16,no,False
"Amboina,  Imbun",ambo1250,Fanti,"Fanti, Fetu u. a. zur Aschanti- Familie, gehört. .. k",,printed,,16,no,False
"Amboina,  Imbun",ambo1250,Oldendorp,"♦Oldendorp, Gesch. der Mission I. 346.",,printed,,16,no,False
"Amboina,  Imbun",ambo1250,186,"♦Mithridates ni. 186, 193.",,printed,,16,compendium,True
"Amboina,  Imbun",ambo1250,Balbi,"*Balbi, Atlas ethnogr. Tab. xxxix. no. 249.",,printed,,16,compendium,True
"Anam,  Armani",viet1252,Köchinchina,"Reiche Tunkin und Köchinchina, iti denen dieselbe Spra- che herrscht, welche auch über den. gröfsten Theil von , Kambodja in abweichenden Mundarten sich verbreitet hat Wie. die Gesichtsbilckrag der Bewdhner an die Chinesen erinnert, so auch die Sprache durch Aufnahme vieler Chinesischer Wörter, für ",,printed,,16,no,False
"Anam,  Armani",viet1252,Hervas,"*Hervas, Vocabolario poligl. p. ' * Vokabularium Catharinae no. 182. ' ' '':",,printed,,16,compendium,True
"Anam,  Armani",viet1252,Xv'264,"♦Asiatic Research. Xv'264, 273-^275. *v. Klaproth, Asia pölygl. IS. 379; Atlas 'Fol. lviii, lix. *Marsden, Miscellaneotis wbrks p. 9Q:-""",,printed,,16,no,False
"Anam,  Armani",viet1252,Taberd,"•Taberd, J. L., Dictionariuti Anamüico* Latinum 4t La- tino«AnamUicum« 4* Ftedericaagoii (Srttmpore) 1838..",1838,printed,,18,yes,False
"Anam,  Armani",viet1252,Maraden,"♦Maraden, IffiseeUaneoiis worka p. U4< . « . r • .",,printed,,18,no,False
"Anam,  Armani",viet1252,Klaproth,"*v. Klaproth, J., Archiv L 39. — * Reise in den Kau- kasus Th. II. Anh. S. 35 ff. v , ! ■",,printed,,18,no,False
"Anam,  Armani",viet1252,Klaproth,"*v. Klaproth, J., Beschreibung der Rassischen Pravipsen zwischen dem kaspiseh* u, «ehwar^en JMeexe. & Bert 1814. * v. Klaproth, Asia $oJygl. jAtlas FxjjL i — r»vi.. \ ,» , ■ ♦Balbi, Atlas eth»ogrr Taty. xs$yfl. no. 26. ....,,",1814,printed,,18,compendium,True
"Anam,  Armani",viet1252,ANDREANOWBK,"ANDREANOWBK, IHBBLSf — AÜfGELSAECHS. 19",,printed,,18,no,False
"Anam,  Armani",viet1252,Jahrhund,"Mitte des 5.. Jahrhund, die Angeln im Norden j' die Sachsen mTöttäeri der Themse fest uria* gäben durch Vermischung mit den einheimischen Ketten der eigent- lichen Angelsächsischen Sprache ihre Entstehung, welcher abgesehen warn .Rteischen und FrSnktocbdn Ele- menten, spfeWr (787) besondörs in North",,printed,,18,no,False
"Anam,  Armani",viet1252,ältesten,"Aoä ihrer ältesten, reiu$ten Periode blitzen wir lei-* der keine oder doch nur wenige Ueberreste, desto meto aber acte den spätem, dte, mit Unrecht ebenfalls schlecht- weg Angelsächsisch geharnt, in literarischer Beziehung für <te* Mittelalter höchst bedeutend sind. Nach ihnen ist (fieSpriÜhö Jreich",,printed,,18,no,False
"Anam,  Armani",viet1252,Browne,"Browne, Th., Of languages and particularly of the Saxon tongue, in seinen Certain miscellany tracts. 8. Lond. 1684.",1684,printed,,20,no,False
"Anam,  Armani",viet1252,Henshali,"Henshali, S., The Saxon and English languages recipro- cally illustratrre of each other. 4. Lond. 1798. — *1808.",1798,printed,,20,no,False
"Anam,  Armani",viet1252,Turner,"♦Turner, Sh.9 The history of the Angk>-Sax#ns. 4 Voll. 8. Lond. 1799 — 1801. — 2. Ed. 2 Yoü. 4. 1807. T. IL p. 447 — 472.",1799,printed,,20,no,False
"Anam,  Armani",viet1252,Kemble,"Kemble, J. M., History of the English langnage. First, or Aftglo -Saxon period. 8»! Cambridge 1834.",1834,printed,,20,no,False
"Anam,  Armani",viet1252,Thommerel,"♦Thommerel, J. P«, Recherches sur la fusion du franco- normand et de l'anglo- saxon. 8. Paris 1841.",1841,printed,,20,no,False
"Anam,  Armani",viet1252,Junii,"Junii, Fr., Etymologicum Anglicanum. Ex antographo de*",,printed,,20,no,False
"Anam,  Armani",viet1252,Somner,"♦Somner, G., Dictionarium Saxonico - Latino - Anglicum vo- ces phrasesque praecipuas Anglo-Saxonicas e libris mpts. cetr. collectas cont. Access. Aelfrici abbatis (fl051) Grammatica Latino - Saxonica cum Glossario suo ejusdem generis. fol. Oxon. 1659.",1659,printed,,20,no,False
"Anam,  Armani",viet1252,Behson,"*Behson, Th«, Vocabularium Anglo-Saxomcum lexico G. Somneri magna parte auctius. 4. Oxon. ,1701.",1701,printed,,20,no,False
"Anam,  Armani",viet1252,Lye,"*Lye, E., Dictionarium Saxonico- et Gotbico - Latjnura cetr. Ed. et Grammaticam utriusque linguae praemisit O. Man- ning. 2 Tom. fol. Lond. 1772. , *Bosworth, X, A dictionary of the Anglo -Saxon lan- guage. 8. Lond, 1838.",1772,printed,,20,no,False
"Anam,  Armani",viet1252,Mone,"♦Mone, F. J., Quellen und Forschungen zur Geschichte der teutschen Literatur und Sprache cetr. I. Bd. 1. Abth. 8. Aachen u. Leips. 1830. Angelaächs. Glossen S. HO- ff.",1830,printed,,21,no,False
"Anam,  Armani",viet1252,Kemble,"Kemble, J. M., A translation of the Anglo- Saxon poem of Beowulf, with a copious Glossary, preface and philologi- cal notes. 8. Lond. 1837.",1837,printed,,21,no,False
"Anam,  Armani",viet1252,Leo,"*Leo, H., Altsächsische und Angelsächsische Sprachproben. Mit e. erläuternden Verzeichnifs der Wörter. 8. Halle. 1838.",1838,printed,,21,compendium,True
"Anam,  Armani",viet1252,Hickesius,"*Hickesius, G. , Institution es grammaticae Anglo -Saxoni- cae et Moeso-Gothicae. 4. Oxon. 1689. — Auch in dessen *Linguar. vett. septentr. Thesaurus grammatico-criticus. 3 Tom. fol. Oxon. 1703 — 1705. Tom. I.",1689,printed,,21,compendium,True
"Anam,  Armani",viet1252,Elstob,"*Elstob, E., The rudiments of Grammar for the English/- Saxon tongue. 4. Lond. 1715. .",1715,printed,,21,no,False
"Anam,  Armani",viet1252,Rask,"*Rask, R. Kr., Angelsaksisk Sproglaere tilligemed en kort Laesebog. 8. Stockh. 1817. — English transl. by B. Thorpe. 8. Kopenh. 1830.",1817,printed,,21,no,False
"Anam,  Armani",viet1252,Sisson,"Sisson, J. L., The elements of Anglo -Saxon grammar; with a Praxis and Vocabulary. 12. Leeds 1819.",1819,printed,,21,no,False
"Anam,  Armani",viet1252,Bosworth,"*Bosworth, J., The elements of Anglo- Saxon Grammar with copious notes, illustrating the structure of the Saxon and the formation of the English language cetr. 8. Lond. 1823.",1823,printed,,21,no,False
"Anam,  Armani",viet1252,Bosworth,"•Bosworth, J., A compendious grammar of the primitive English or Anglo -Saxon language. 8. Lond. 1826.",1826,printed,,21,no,False
"Anam,  Armani",viet1252,Gwilt,"*Gwilt, J., Rudiments of a grammar of the Anglo -Saxon tongue. 8. Lond. 1829.",1829,printed,,21,no,False
"Anam,  Armani",viet1252,er,"Hunt er, W., An Anglo -Saxon grammar, and Derivatives; with Proofs of the Celtic dialects's being of Eastern origin; and an Analysis of the style of Chaucer, Douglas and Spen- cer. 8. Lond. 1832.",1832,printed,,21,unclear,False
"Angola,  Bunda",kimb1241,selbständiges,"Ein theils selbständiges, theila von den Portugiesen abhängiges Negervolk Süd-Guineas zwischen dem Paode- und Koanza-Flufs. Die darin herrschende Sprache, zum Kongo-Stamme gehörig, zerfällt in die drei Hauptdialekte Angola, Mahnnga und Kassange, welche letztere «ach Giaga, Schaga oder Agag genannt w",,printed,,82,no,False
"Angola,  Bunda",kimb1241,223,"♦Mnhridates HI. 223, 254.",,printed,,82,no,False
"Angola,  Bunda",kimb1241,Balbi,"*Balbi, Atlas ethnogr. Tab. xxxix. no. 280.",,printed,,82,compendium,True
"Angola,  Bunda",kimb1241,Dias,"Dias, P., Arte da lingua de Angola. 8. Lisb: 1697. ' *de Cannecattim, F. B. M., CoQec$9o de observagöes gram- maticaes sobre a lingua Bunda ou Angolense. 4. Lisb. 1805. ♦Mithridatea ffl. 219 — 222.",1697,printed,,82,compendium,True
Annatom,anei1239,NUrsden,"*NUrsden, MiscellAneous works p« 02, 105.",,printed,,82,no,False
Annatom,anei1239,Bowdich,"*Bowdich, Mission p. 503 sqq.",,printed,,82,no,False
Kairo,,Burckhardt,"♦Burckhardt, J. L., Arab. Sprüchwörter oder die Sitten und Gebräuche der neueren Aegyptier, erklärt aus den zu Kairo umlaufenden Sprüchwörtern, herauf, v. W. Ouseley, deutsch mit. Anm. von H. 6. Kirmss. 8, Weimar 1834.",1834,printed,,28,no_code,False
Marokko  (Moghrib-el-Aksa),,Höst,"*Höst, G., Nachrichten von Maroko und Fez cetr. Aus dem Dänischen. 4. Kopenh. 1781.",1781,printed,,28,no_code,False
Marokko  (Moghrib-el-Aksa),,Norberg,"Norberg, M., Disputatio de gente et lingua Maroccana. 4. Lund. 1787.",1787,printed,,28,no_code,False
Marokko  (Moghrib-el-Aksa),,Hemsö,"♦Graberg de Hemsö, Du dialeete Arabe da Moghrib et Aksa, im Journal Asiat 1828. T. II. p. 188 — 2&3. .",1828,printed,,28,no_code,False
Marokko  (Moghrib-el-Aksa),,Sionita,"♦Sionita, G., et J. IJe$rönitaj Grammatica Arabica Ma- ronitarum. 4. .Paris 1616.",1616,printed,,28,no_code,False
Maurisch,,Niebuhr,"♦Niebuhr, C, Besehreibung von Arabien. . 4. Kopenh. 1772. S. 85 ff.",1772,printed,,28,no_code,False
Maurisch,,Herbin,"*Herbin, A. F. J., Developpemens p. iv. '""-",,printed,,28,no_code,False
Maurisch,,Ärakan,"Ärakan, Arrakan",,printed,,28,no_code,False
Maurisch,,derselben,"Die ursprünglichen Bewohper derselben , Mug der Ben- galen, und Europäer, nennen sich selbst Yakain. Ihre Sprache, Ruk'heng, hat mit der verwandten Birmani- schen einerlei Schrift, weicht aber in der Aussprache und einigen andern Punkten von ihr ab. Als Mundar- ten werden das Tanengsari oder Tanaynt",,printed,,28,no_code,False
Maurisch,,Paton,"♦Paton, Chr., Historical and Statistical sketch oi Araetu, in Asiat Ees. 1828. XVI- 373.",1828,printed,,80,no_code,False
Maurisch,,Buchanan,"♦Buchanan, Fr., Comparative vocabulary oi* the lärigua- ges o£ the Burma emnire, in Asiat« Res. V. 224. ,",,printed,,80,no_code,False
Maurisch,,Leyden,"*Leyden, J.rÖn the languages and literature of thelndo- chinese nations,' in Asiat. Res. X. 226, 236, 2?3. ,",,printed,,80,no_code,False
Maurisch,,JL,"* Vater. J. JL, Proben deutsch, Volksmundarten, t)r% Seet- zen's lingu. ftachlafs cetr. 6. Lp*. 1816, Sr 22Ö. ..J.v. l£lapro{tl}„ ^sja. p#lygL AtJ. FoLlvj» u..lix<. -,,(•:",1816,printed,,80,no_code,True
Maurisch,,Balbi,"♦Balbi, Atlas ethnogr. Tab. xx^xvii., no. ßl. ■ . , t* .,",,printed,,80,no_code,True
Maurisch,,8,"♦Tower 8, J., Obervations on the alphabetical syfcteni sof foe larigufcfce bf Act* and Rac'baln, im Asiat. Res. Vi 143 *Leydeu, J., L c> p.24l. '""-' 5 .!.i,/",,printed,,80,no_code,False
Maurisch,,Aram,"Aram, im weitesten Umfange Jas Landergebiet vom n^^ländiachen Meer« ■ bis an Medien* .. und flerajens Grinse urid, von/ Kkin-Aßkn und ArttehleÄ Iws Palästina* begreift Chaldäa und AöBytie« im Osten ySy^eh oebät Mesopotamien im Westen, und bildet sprachlich den nördlichen Afin des grofsen Semitischen",,printed,,80,no_code,False
Maurisch,,Buxtörfiüs,"♦Buxtörfiüs, J., fll., Lexicon CnälÜäicüm et Syriäcüin.",,printed,,80,no_code,False
Maurisch,,Bertramus,"*Bertramus, B. C, ComparaÖD gttmmitica* Hdbttfeae et Aramicae, atque *deo dialectortai Arainicanim ü&ßt so. 4. (Genevae) 1574. . i .",1574,printed,,80,no_code,False
Maurisch,,Buxtorfius,"♦Buxtorfius, J.9 Grammaticae Chaldaicae et Syriacae li- bri tres. 8. Basil. 1615, — 2. Ed. J650.",1615,printed,,80,no_code,False
Maurisch,,Myricaeus,"Myricaeus, J. C, Gramm. Syro-Chald! 4, Genev. 1619.",1619,printed,,80,no_code,False
Maurisch,,Erpenius,"Erpenius, Th», Grammatica Cnaldaica et Syriaca. J3. «^m- stelod. 1628. -r *2. Ed. 8. tugd. ßat. J6&,",1628,printed,,80,no_code,False
Maurisch,,Scbaaf,"*Scbaaf, C., Opu$ Aramaeam, compl. grammaiicam Chab. daicQ-Syiiacam, lexicon Chaldaicum cetr. 8« jLgd. Bat. 1686.",1686,printed,,80,no_code,False
Maurisch,,Alting,"Alting, 7-? Synopsis insütutionum Chaldaearum et Syra^ rum. 8. Francof. ad M. 1676. — 1692! — 1701. ^ *Ed^ G, Otho. 1717. — 173Q. — 1747. ' ! ' /",1676,printed,,80,no_code,False
Maurisch,,Jahn,"*Jahn, J.9 Aramäische od. Chald. u,Jäyrische Sprachlehre^ 8. Wien 1793. — Xafc redd^ et auqta ab A. Oberleiber. 1820.",1793,printed,,80,no_code,False
Maurisch,,Chijiduga,"Chijiduga, welche' äieÜr^ewohner^biliß spiet un4 uoch jetzt den gTöfsten Theil der unaWiänjig^q Bevölkerung diesig* j L^idg^, >Udenr; r Sie ;b£s$eh<H* aWß dep Stfnpuen der Pikunche, zum Theil auch Puelche tgenaottt, \vl *kw Bergen von Koquimbo und dfetf NatAbnüsehiift «Sfc'Ya- gos; Pehuenche südwärt",,printed,,80,no_code,False
Maurisch,,Danper,"♦Danper, O», Die unbßkann^e JSißue JVelt o<ier Beschr^k bang des WelttKells Amerika und des Südlandes.. . fol. Am- sterdam 1673. S. 629. 5X i *Be<^ds7uOni^M p. l«4<,»H65f ^ ^^iteifetik p. W} — ♦Vocabol. p. 163, 220. >* — ;r 7r",1673,printed,,80,no_code,False
Maurisch,,402,"♦Mithridates HI. 402, 422. ,",,printed,,32,no_code,True
Maurisch,,Balbi,"♦Balbi, Atlas ethnogr. Tab. xli. no. 439.",,printed,,32,no_code,True
Maurisch,,Marsden,"*Marsden, Misceüaneous works p. 104.",,printed,,32,no_code,False
Maurisch,,Febres,"*Febres, A., Arte de la lengua general del reyno de Chile, con un dialogo Chileno-Hispano cetr. y un Vocabulario Hi- spano-Chileno. 12. Lima 1765.",1765,printed,,32,no_code,False
Maurisch,,Falkner,"♦Falkner, Th., A description of Patagonia, and the ad- joining parte of South America cetr. An äccount of the lan- guage of the Moluches, with a, grammar and short vocatm- lary. 4. Hereford 1774. p. 132 — 144. — »Deutsch. 8. Go- tha 1775. S. 163 — 181.",1774,printed,,32,no_code,False
Maurisch,,Havestadt,"♦Havestadt, B.9 Chilidügu s. res Chilenses vel descriptio regni populique Chilensis inserta suis locis perfecta ad Chi- lensem linguam manuductione. 2 Tom. 8. Monast. 1777.",1777,printed,,32,no_code,False
Maurisch,,Gilij,"♦Gilij, F. S.9 Saggio di storia Americäna. 4 Tom. 8. Rom. 1780 — 84. ffl. 261, 383.",1780,printed,,32,no_code,False
Maurisch,,Molina,"♦Molina ,~G. J., Saggio sulla storia del Chili. 8. Bologn. 1782. p. 334 — 367.",1782,printed,,32,no_code,False
Maurisch,,404,"♦Mithridates IQ. 404, 416.",,printed,,32,no_code,True
Arkiko,tigr1271,Salt,"♦Salt, Voyage cetr.; Uebers. Append. I. S. xvm. ff.",,printed,,34,no,False
Arkiko,tigr1271,433,"♦Mithridates IV. 433, 434.",,printed,,34,compendium,True
Arkiko,tigr1271,Balbi,"*Balbi, Atlas ethn. Tab. xxxvn. no. 14.",,printed,,34,compendium,True
"Aschanti,  Assianthi",akan1250,Warsau,"Warsau, Akkim, Assin, Aquapim u. a. Einen Stamm mit gemeinschaftlicher, in verschiedene Mundarten gespaltener Sprache, unter denen die eigentliche Aschanti-Spräche für die wohlklingendste und gebildetste gehalten wird.",,printed,,37,no,False
"Aschanti,  Assianthi",akan1250,Isert,"♦Isert, P.E., Reise nach Guinea. 8. Kph. 1788. S. 203. ♦Mithridates in. 230. *Bowdich, Mission p. 344, 503. *Balbi, Atlas ethnogr* Tab. xxxix. no. 249.",1788,printed,,37,compendium,True
Assamesen,assa1263,Assams,"Die Bewohner Assams, des nordwestlichsten Gebie- tes von Hinter -Indien, mit einer nach W. Jones dem Bengalischen zunächst stehenden eigentümlichen Schrift- sprache.",,printed,,37,no,False
Assamesen,assa1263,es,"* Jon es, W., Abhandlangen über Geschichte und Alterth. Asiens cetr. Deutsch von J. C. Fick und J. F. Kleuker. 4 Bde. 8. Riga 1795 — 97. AI. 86.",1795,printed,,37,unclear,False
Assamesen,assa1263,206,"♦Mithridates I. 206, 207.",,printed,,37,compendium,True
Augila,awji1241,Afrika,"Oase im nordöstlichen Afrika, im Westen von Siwa und im Süden der Hochebene von Barka. Ihre Ausdeh- nung von O. nach W. beträgt nur eine Tagereise« Die",,printed,,98,no,False
Augila,awji1241,Muller,"♦Muller, Fr., Vocabulaire du langage des habitans d'Aud- jelah, revu par Mr. Agoub. Vgl. *J. R. Pacht», Voyage idans la Marmarique cetr. 4. Paris 1827. p. 343.",1827,printed,,98,yes,False
Augila,awji1241,Awarschi,"Die A waren oder Awarschi, vielleicht Abkömmlinge der alten Aorsi, bilden einen Hauptzweig der Lesghischen Völkerschaften im Kaukasus zwischen Georgien, den Flüs- sen Aksai, Koisu, Szamur und den Bergen Schadagh, Endery und Tilbak. Das eigentliche A warische in Awar, Kaseruk u. a. O. ist grofsenthei",,printed,,98,no,False
Augila,awji1241,Klaproth,"*v. Klaproth, Archiv S.395 — *ReiseTh.II. Anh. S. 35$ - *Asia polygl. S. 133 — 137 u. Atlas Fol. i — vi. ♦Balbi, Atlas ethnogr. Tab. xxxvn. no. 24.",,printed,,98,compendium,True
Augila,awji1241,Klaproth,"*v. Klaproth, 11. ce. S.3l$ 26 (vgl. MUhrid. IV. 147).",,printed,,98,no,False
Augila,awji1241,Antzug-,"Antzug-, Tschari-Kabutsch -Wöft er. *Vocabulariunv Catharinae no. 50, 61. *Mithridates I. 449.",,printed,,98,compendium,True
Augila,awji1241,Klaproth,"*v. Klaproth, IL cc. S> 31* 26; Fol. i— vi. *Balbi, Atlas ethnogr. Tab. xxxvii. no. 24,",,printed,,98,compendium,True
Augila,awji1241,Bolivia,"Ein in Bolivia, den nördlichen Distrikten der Ar- gentinischen Republik und im südlichen Peru weit ver- breitetes Volk in mehreren mundartlich geschiedenen Stämmen, als Kanchis, Kanas, Kollaguas, Pakasas, Lu- pakas u. v. a., von denen die beiden letzten die reinsten Dialekte reden.",,printed,,98,no,False
Augila,awji1241,Bertonio,"Bertonio, L., Vocabulario de la lengua Aymara; lengua Espanola y Aymara, lengua Aymara y Espanola. 4. Juli 1612.",1612,printed,,40,no,False
Augila,awji1241,Bayer,"* Bayer, W., Oratio Aymara cum vers. latina, in C. G. von Murr, Journal für Kunst und Literatur. 17 Bde. 8. Nürnb. 1775—89. I. 112$ IL 277; HL 55 ff.",1775,printed,,40,no,False
Augila,awji1241,Hervas,"*Hervas, Origine p. 58, 177; — *Aritmetica. p, 101; — *Saggio p. 60$ — *Vocabolario p. 163 sqq. *Mithridates DI. 547 ff. *Balbi, Atlas ethnogr. Tab. xu. no. 460.",,printed,,40,compendium,True
Augila,awji1241,Bertonio,"Bertonio, L., Arte breve de la lengua Aymara para in- troduction del arte grande de la misma lengua. 8. Rom. 1603.",1603,printed,,40,no,False
Balaibalan,,gehörig,"Race gehörig, als solcher sich des Kam bedient.",,printed,,41,no_code,False
Balaibalan,,Rademaker,"*Rademaker, J. E., in Verhandel. van het Bataviaasch Genootschap. 8. Batav. 1780 — 86. IV. 265 sqq. ♦Crawfnrd, Archipel. I. 264 — 71; IL 69, 125 — 91. *Balbi, Atlas ethnogr. Tab. xl. no. 326. *Marsden, Miscellaneous works p. 89.",1780,printed,,41,no_code,True
Bambarra,bamb1269,Senegambien,"Senegambien, zum Mandingo-Stamme gehörig, reden den am wenigsten gemischten Dialekt der Mandingo-Sprache.",,printed,,41,no,False
Bambarra,bamb1269,Bowdich,"*Bowdich, Mission to Ashantee p. 505. *Balbi, Atlas ethnogr. Tab. xxxix. no. 230. *Dard, J., Dictionnaire Francis -Wolof et Francais *Bam- bara cetr. 8. Paris 1825.",1825,printed,,41,compendium,True
Banga,,wohnendes,"Ein im Norden Hinterindiens wohnendes, von den Birmanen abhängiges Volk, dessen Sprache Hindostani- schen Einflufs zeigt.",,printed,,41,no_code,False
Banga,,Vater,"*Vater, Proben deutscher Mundarten cetr. S. 222. *Balbi, Atlas ethnogr. Tab. xxxvn. no. 71.",,printed,,41,no_code,True
Banga,,Inseln,"Ein Kanal mit Inseln, auf der NW. Küste von Ame- rika, der zu Neu -Kalifornien gerechnet wird.",,printed,,41,no_code,False
Barraky,,JLeech,"♦JLeech, B.f A vocabulary of the Baraky Janguage, im Journ. of the Asiat Soc of BengaL 1838. p. 727—731.",1838,printed,,41,no_code,False
Bashi,,Marsden,"*Marsden, Miscellaneous works p. 95.",,printed,,41,no_code,False
"Batta,  Batakt",bata1289,den,"* Mar s den, W., Remarks on the Snmatran languages; in a letter to Sir J. Banks. 4. Lond. 1782. (* Archaeologia VI. 154.)",1782,printed,,44,no,False
"Batta,  Batakt",bata1289,Marsden,"*Marsden, W., History of Sumatra. 4. Lond. 1783. — *3. Ed. 1811. — »Deutsch. 8. Lpzg. 1785. S. 217. Marsden, W., Travels of Marco Polo. 4. Lond. 1818.",1783,printed,,44,no,False
"Batta,  Batakt",bata1289,Balbi,"*Balbi, Atlas ethnogr. Tab. xl. no. 329» *Marsden, Miscellaneous works p. 92.",,printed,,44,compendium,True
Bebber,berb1260,Timor,"Nahe dem nördlichen Ende von Timor, von deren Sprache nur einige Zahlwörter bekannt sind.",,printed,,44,no,False
Bebber,berb1260,Marsden,"*Marsden, Miscellaneous works p. 110.",,printed,,44,no,False
"Begirma,  Begharmi,  Bagherme",bagi1246,Denham,"*Denham, D., and EL Clapperton, Narrative of travels and discoveries in Northern and Central Africa. 4. Lond* 1826. p. 179, 180.",1826,printed,,44,yes,False
"Begirma,  Begharmi,  Bagherme",bagi1246,Klaproth,"*v. Klaproth, J., Essai sur la langue du Bornou, suivi des Vocabulaires du Begharmi cetr. 8. Paris 1826*",1826,printed,,44,yes,False
"Begirma,  Begharmi,  Bagherme",bagi1246,Balbi,"*Balbi, Atlas ethnogr. Tab. xxxix. no* 313.",,printed,,44,compendium,True
Belutschen,balo1260,Afghanen,"von den Afghanen, mit einer zunächst dem Neupersi- schen verwandten Sprache.",,printed,,44,no,False
Belutschen,balo1260,Klaproth,"*v. Klaproth, Asia polyglotta p. 74, 75.",,printed,,44,compendium,True
Belutschen,balo1260,187,"* Journal Asiat. 1833. XII. 187, 188.",1833,printed,,44,no,False
Bengalisch,beng1280,Gaura,"Die Sprache der Bengalen oder Gaura, am Ausflusse des Ganges, literarisch kultivirt und mit eigentümlichem, dem Dewanagari nachgebildeten Schriftcharakter, ist we- niger vermischt als die übrigen Indischen Sprachen und gilt für eine Tochter des Altindischen, obgleich die Grammatik mit dem Sanskrit n",,printed,,45,no,False
Bengalisch,beng1280,Sen,"*Ram Comul Sen, History of the Bengalee language, in dessen Dictionary Beng. 1834 und im * Asiat. Journal 1835.",1834,printed,,45,no,False
Bengalisch,beng1280,er,"* Alt er, J. C, Ueber die Samskrdamische Sprache. 8. Wien",,printed,,45,unclear,False
Bengalisch,beng1280,Manoel,"Manoel, F., Vocabnlario em idioma Bengala e Portugueza. 8. Lisb. 1743.",1743,printed,,45,no,False
Bengalisch,beng1280,er,"Forst er, H. P., A vocabulary English and Bengalee, Ben- galee and English. 2 Vols. 8. Calc. 1799 — 1802.",1799,printed,,45,unclear,False
Bengalisch,beng1280,Takoor,"Mohunpersaud Takoor, A vocabulary Bengalee and Eng- lish. 8. Calc 1810. — *2. Ed. ib. 1815.",1810,printed,,45,no,False
Bengalisch,beng1280,language,"Dictionary of the Bengalee language, in which the words are traced to their origine and their various meanings given. 3 Vols. 4. Calc. 1815.",1815,printed,,45,no,False
Bengalisch,beng1280,Sorma,"*Ram Chondro Sorma, A vocabulary of the Bengalee laoguage. 8. Calc. 1820.",1820,printed,,45,no,False
Bengalisch,beng1280,San,"R am- Kissen San, A vocabulary English, Portuguese and Bengalese. 4. Calc. 1821.",1821,printed,,45,no,False
Bengalisch,beng1280,Haughton,"*Haughton, Ch., A glossary Bengali and English cetr. 4. Lond. 1825.",1825,printed,,45,no,False
Bengalisch,beng1280,Carey,"*Carey, W., Dictionary of the Bengalee language. 2. Ed. 3 Vols. 4. Seramp. 1825. — 1 Vol. ib. 1826.",1825,printed,,45,yes,False
Bengalisch,beng1280,Chukruküftee,"♦Tarachand Chukruküftee, A dictionary in Bengalee and English language. 8. Calc. 1827,",1827,printed,,45,no,False
Bengalisch,beng1280,Morton,"Morton, W., A dictionary in Bengalee lg. 8. Calc 1828.",1828,printed,,45,no,False
Bengalisch,beng1280,Haughton,"*Haughton, Cb.> A dictionary Bengali and Sanskrit, ex- plained in English and adapted for students of either language; to which is afdded an index, serving as a reversed dictionary. 4. Lond. 1833.",1833,printed,,45,no,False
Bengalisch,beng1280,Sen,"*Kam Comnl Sen, A dictionary in Englisn and Benga- lee; translat. from Todd's edition of Johnson's EngHsh dictio- nary, 2 Yols. 4. Seramp. 1834. (4. Lond. 1835.)",1834,printed,,45,no,False
Bengalisch,beng1280,Rozario,"Rozario, Dictionary English, Bangali and Hiadostane©, in the Roman character. 8. London 1839.",1839,printed,,45,no,False
Bengalisch,beng1280,Halhed,"*Brassey Halhed, N., A grammar of the Bengal Iangu. 4. Hoogly in Bengal 1178.",,printed,,45,yes,False
Bengalisch,beng1280,Carey,"♦Carey, W., A grammar of the Bengalee language. 2. Ed. 4. Seramp. 1805.",1805,printed,,45,no,False
Bengalisch,beng1280,Haughton,"*Haughton, €h., Rudiments of a Bengali grammar. 4. Lond. 1821.",1821,printed,,45,no,False
Bengalisch,beng1280,Roy,"Rammohun Roy, A grammar of the Bengali language (BengaL). 8. Calc. 1826. — *2. Ed. 1833.",1826,printed,,45,no,False
"Berber ,  Breber",berb1260,Afrika,"An der Nordküste von Afrika, von Marokko bis gegen Aegyptens Gränzen hin,. sind drei verschiedene Sprachen im Gebrauch: das Türkische in den wenigen noch von den Türken besetzten Küstenpunkten; das Arabische in den Ebenen zwischen dem Meere und dem Gebirge ; die Berbersprache in den Gebirgen selbst,",1822,printed,,45,no,False
"Berber ,  Breber",berb1260,Jones,"♦Jones, J.9 Disseitatio de tiBgua Shiihensi, in Cbamber- layne, Oratio Dominica. 4. Amftel. 1715». p. ISA.",1715,printed,,47,no,False
"Berber ,  Breber",berb1260,Shaw,"♦Shaw, Travels into Barbary cetr. p. 52.",,printed,,47,no,False
"Berber ,  Breber",berb1260,Host,"Host, J., Efterretninger on Marokos og Fez. 4. Kiobh. 1779. p. 128. — * Deutsch ebd. 1781. S. 136.",1779,printed,,47,no,False
"Berber ,  Breber",berb1260,Hornemann,"♦Hornemann, Fr., Heise von Caitd Bach Murzuch cetr. Herausgeg. von C. König. 8. Weimar 1802. S. 24 ff. — ♦Voyage dans FAfrique septentrionale, tradL par L. Lang leg. 2 Voll. 8. Paris 1803.",1802,printed,,47,no,False
"Berber ,  Breber",berb1260,Jackson,"♦Jackson, J. Gr., Account of the empire ofMfarocco and the districts of Suse and Tafilet cetr. 4. Lond. 1811.",1811,printed,,47,no,False
"Berber ,  Breber",berb1260,426,"»Mithridates IV. 426, 427.",,printed,,47,compendium,True
"Berber ,  Breber",berb1260,Balbi,"♦Balbi, Atlas ethnogr. Tab. xxxix. no. 223 sqq.",,printed,,47,compendium,True
"Berber ,  Breber",berb1260,Cailliaud,"♦Cailliaud, F., Voyage ä Meroe cetr. 4 Tom. 8. Paris 1826 — 27. I. 409.",1826,printed,,47,no,False
"Berber ,  Breber",berb1260,Delaporte,"♦Delaporte, J. H.f filsy Vocabulaire Berbere, im Journal Asiat. 1836. L 100 — 122.",1836,printed,,47,no,False
"Berber ,  Breber",berb1260,Gräberg,"♦Gräberg, J., Remarks on the langiiag& ef tbe Amaiirgbs, commonly called Berebbers, im Jeurn. of the R. Asiat. Soc. 1836. III. 106 — 161.",1836,printed,,47,no,False
"Berber ,  Breber",berb1260,Hodgson,"♦Hodgson, W. B., Grammadcal Sketch and Specimens of the Berber language, preceded by four Letters on Berber ety- mologies, in Transact. of the Aineric. Philosoph. Soc. 4. Phi- lad. 1834. IV. 1 — 49.",1834,printed,,47,no,False
"Berber ,  Breber",berb1260,benachbarter,"Ein den Korana benachbarter, an den Ufern des Maloppo im Innern Südafrikas wohnender, seit dem Jahre 1801 entdeckter Kaffernstamm.",1801,printed,,47,no,False
"Berber ,  Breber",berb1260,Lichtenstein,"♦Lichtenstein, IL,. Brisen im eidlichen- Afrika. 8. Ber- lia 1811. 12. S. 620 ff.",1811,printed,,47,no,False
"Berber ,  Breber",berb1260,ein,"♦Licht engt ein, H., Bemerkk. über die Sprachen der sud- afrik. wilden Völkeistämme, nebst einem kleinen Wörterverz. aas den gebräuchlichsten Dialecten der Hottentotten u. Kaffern, in Bertuch und Vater, Allgem. Archiv für Ethnogr. u. Lin- guistik. 8. Weimar 1808. I. 306.",1808,printed,,47,no,False
"Berber ,  Breber",berb1260,Balbi,"♦Balbi, Atlas ethnogr. Tab. xxxix. no, 285.",,printed,,48,compendium,True
"Berber ,  Breber",berb1260,Archbeil,"Archbeil, Bechuana grammar. 8. Grab. Tovra. 1837.",1837,printed,,48,no,False
"Biadjuk,  Wyago,  Bayak",ngaj1237,Crawfurd,"♦Crawfurd, The Ind. archip. I. 264—271; II. 125—191. ♦Balbi, Atlas ethnogr. Tab. xl. no. 36L",,printed,,48,compendium,True
Bima,bima1247,Vater,"♦Vater, Proben deutscher Mundarten S. 202, 243, 244. * Balbi, Atlas ethnogr. Tab. xl. no. 336. *Marsden, Miscellaneous works p. 89.",,printed,,48,compendium,True
"Birmanisch,  Bomanisch",nucl1310,Barma,"Die Sprache von Barma, Burma oder Birma (auch Awa) dem mächtigen Reiche, welches den Westen der Hinterindischen Halbinsel beherrscht. Die Birmanen sol- len sich selbst Mjammaw nennen (nach Humboldt Mranmä, gew. Mrainmä geschr. und Bjamma gespr.).",,printed,,48,no,False
"Birmanisch,  Bomanisch",nucl1310,Buchanan,"*Buchanan, Fr., Od the religion and literature of th« Burmas, in Asiat. Res. VI. 163 sqq.",,printed,,48,yes,False
"Birmanisch,  Bomanisch",nucl1310,Crawfurd,"♦Crawfurd, J., Embassy toAva. 4. Lond. 1829. p.387sqq.",1829,printed,,48,no,False
"Birmanisch,  Bomanisch",nucl1310,Ritler,"♦Ritler, C, Erdkunde. 8. Berl. 1835. V. 283.",1835,printed,,48,no,False
"Birmanisch,  Bomanisch",nucl1310,Humboldt,"*v. Humboldt, W., üeber die Kawi- Sprache. 4. Berlin 1836. Th. I. S. cccl — ccclxxxix.",1836,printed,,48,no,False
"Birmanisch,  Bomanisch",nucl1310,Klaprotli,"*v. Klaprotli, Archiv I. 143—150; — *Asia polyglotta 8. 369 — 379. *Balbi, Atlas ethnogr. Tab. xxxvir. no. 91. * Mars den, Miscellaneous works p. 95.",,printed,,48,compendium,True
"Birmanisch,  Bomanisch",nucl1310,Malayu,"Malayu, and T'hai langtiages. 8. Seramp. 1810.",1810,printed,,48,no,False
"Birmanisch,  Bomanisch",nucl1310,Hough,"*Hough, G. H., An Englisli and Burman vocabulary, pre- ced. by a concise grammar. 4. Seramp. 1825.",1825,printed,,48,no,False
"Birmanisch,  Bomanisch",nucl1310,Judson,"*Judson, A., Dictionary of the Burman language, with explanations in English. 8. Calc. 1826.",1826,printed,,48,no,False
"Birmanisch,  Bomanisch",nucl1310,Carey,"*Carey, F., A grammar of the Burman language with a list of the simple roots of the language. 8. Seramp. 1814.",1814,printed,,48,no,False
"Birmanisch,  Bomanisch",nucl1310,Schleiermacher,"*Schleiermacher, A. A. E., De Tiniluence de l'ecriture sur le language cetr. suivi de grammaires Barmane et Malaie cetr. 8. Darmst. 1835.",1835,printed,,48,no,False
Bischari,beja1238,Burckhardt,"•Burckhardt, J. L., Travels in Nubi«. 4. Land. 1819. p. 160, 161. ♦Baibi, Atlas ethnogr. Tab. xxx,ix. bo. 211.",1819,printed,,50,no,False
Bischari,beja1238,Sprache,"Eine Sprache, welche über viele Philippinische In- seln verbreitet und mit der Tagala verwandt oder ver- mischt ist.",,printed,,50,no,False
Bischari,beja1238,Humboldt,"*v. Humboldt, W., Ueber die Kawi-Sprache. 4. Berl. 1836.",1836,printed,,50,no,False
Bischari,beja1238,Pigafetta,"*Pigafetta, Premier voyage autour du monde. 8. Pari» 1801. p. 243.",1801,printed,,50,no,False
Bischari,beja1238,Hervas,"♦Hervas, Aritmetica p. 140; — *Vocabolario p. 163. ♦Baibi, Atlas ethnogr. Tab. xl. no. 373. *Marsden, Misccllaneous works p. 94.",,printed,,50,compendium,True
Bischari,beja1238,Metrida,"Alonzo de Metrida, Vocabulario de las lenguas de Phi- lippinas. 4. Manilla 1637.",1637,printed,,50,no,False
Bischari,beja1238,Sanchez.,"Sanchez., M., Vocabulario de la leogua Bisaya. Fol. Ma- nilla 1711.'",1711,printed,,50,no,False
Bucharen,bukh1238,Jeffremow,"*Jeffremow, Reisen nach der Bucharay, Chiwa, Persien , *nd Indien (Russisch). 8. St.. Petersb. 1786. *Vocabularium Catharinae no. 102. *v. Klaproth, Asia polyglotta p. 242, 245 — 254. *Balbi, Atlas ethnogr. Tab. xxxvii. no. 35. *Chanikow, N., Beschreibung des Bucharischen Chanati (Russisch). 8. St. ",1786,printed,,57,compendium,True
"Bugis,  Wugit",bugi1244,Humboldt,"*v. Humboldt, W.9 Die Kawi-Sprache. Berl. 1836. II.",1836,printed,,58,no,False
"Bugis,  Wugit",bugi1244,Crawfiird,"♦Crawfiird, Archip. I. 264—271; II. 59—65, 125—91. ♦Balbi, Atlas ethnogr. Tab. xl. no. 354, 355. *Marsden, Miscellaneous works p. 98.",,printed,,58,compendium,True
Burum,,Volta,"Ufer des Rio Volta, mit der Hauptstadt Guia. Neben ihr ist auch die Aschantisprache im Gebrauch.",,printed,,60,no_code,False
Burum,,Bowdich,"*Bowdich, Mission p. 503, 506 — 511. ♦Balbi, Atlas ethnogr. Tab. xxxix. no.355.",,printed,,60,no_code,True
Buton,woli1241,Balbi,"*Balbi, Atlas ethnogr. Tab. xl. no. 360. ♦Marsden, Miscellaneous works p. 99.",,printed,,60,compendium,True
Buton,woli1241,Gonsalvos,"Cabo Lobo Gonsalvos, Kalbra, Kamakon.",,printed,,60,no,False
Buton,woli1241,Arthus,"♦Arthus, G., Historia Indiae orientalis. 8. Colon. Agr. 1608. — Mogunt. 1610. p. 112. ♦Mithridates III. 206, 207.",1608,printed,,60,compendium,True
Buton,woli1241,Ceram,"Ceram, Sirang.",,printed,,60,no,False
Buton,woli1241,Balbi,"*Balbi, Atlas ethnogr. Tab. xl. no. 349. ♦Marsden, Miscellaneous works p. 99.",,printed,,60,compendium,True
Buton,woli1241,us,"* Walt on us, Br., Dissert. de lingua Chaldaica et Targu- mim, in Prolegg. ad Biblia polygl. Fol. Lond. 1657 (*Ed. n. 8. Lips. 1777); u. im * Apparates biblicus. Fol. Tiguril673.",1657,printed,,61,unclear,False
Buton,woli1241,Hirzel,"Hirzel, L., De Chaldaismi biblici origine et auetoritato comment. 4. Lips. 1830.",1830,printed,,61,no,False
Buton,woli1241,Levita,"* Elias Levita, Germanus, Lexicon Chaldaicum, quo the- mata et significationes omni um vocabulorum Chald*, quae in paraphrasibus Bibliorum reperiuntur, annotata et voeibus Hebr. interpretata sunt. Fol. Col. Agr. 1560.",1560,printed,,61,no,False
Buton,woli1241,Buxtorfius,"*Buxtorfius, J., Lexicon Chaldaicum, Talmud, et Rabbi- nicum. Fol. Argentor. 1639.",1639,printed,,61,no,False
Buton,woli1241,Pantavitius,"Pantavitius, J., Thesaurus synonymicus Hebr., Chald., Rabbinicus. Fol. Lodevae 1640. •",1640,printed,,61,no,False
Buton,woli1241,Landau,"♦Landau, M. J., Rabbinisch- Aramäisch -Deutsches Wör- terbuch zur Kenntnifs des Talmuds, der Targumim cetr. 3 Th. 8. Prag 1819. 20.",1819,printed,,62,no,False
Buton,woli1241,Munster,"♦Munster, S., Chaldaica grammatica. 4. BasiL 1527.",1527,printed,,62,no,False
Buton,woli1241,Terentius,"♦Terentius, J., Gymnasium Chaldaicum (grammat. etma- nuale). 8. Franequ. 1664.",1664,printed,,62,no,False
Buton,woli1241,Guarinus,"♦Guarinus, P.9 Grammatica Hebr. et Chaldaica. 2 Tom. 4. Lutet. Paris. 1724.",1724,printed,,62,no,False
Buton,woli1241,Zanolini,"Zanolini, A., Ratio et instit. addiscendae linguae Chaldai- cae et Rabbin. -Talmud. 4. Patav. 1750.",1750,printed,,62,no,False
Buton,woli1241,Michaelis,"♦Michaelis, J. D., Grammatica Chaldaica. 8. Gott. 1771.",1771,printed,,62,no,False
Buton,woli1241,er,"♦Win er, G. W., Grammatik des bibl. und targum. Chal- daismus. 8. Lpz. 1824. — 2. Aufl. 1842.",1824,printed,,62,unclear,False
Buton,woli1241,Riggs,"Riggs, E., A manual of the Chaldee language; with a chrestom. an<) vocabulary. 8. Boston 1832.",1832,printed,,62,no,False
Buton,woli1241,st,"♦Für st, J., Lehrgebäude der Aram. Idiome, mit Bezug auf die Indo-Germ. Sprachen. — Auch u. d. T. Formenlehre der Chald. Grammatik. 8. Lpz. 1835.",1835,printed,,62,unclear,False
Buton,woli1241,Petermann,"♦Petermann, J. H., Brevis linguae Chald. grammatica, literat., chrestom. cum glossario. 16. Berol. 1840.",1840,printed,,62,no,False
Buton,woli1241,Balbi,"♦Balbi, Atlas ethnogr. Tab. xli. no. 850.",,printed,,62,compendium,True
Hok-keen,minn1241,Medhurst,"Medhurst, W. H., Dictionary of the Hok-keen dialect, according to the reading and colloquial idioms cetr. 4. Ma- cao 1832. — 1839.",1832,printed,,69,no,False
Hok-keen,minn1241,Engl.,"A lexilogus of the Engl., Mal. and Chinese language 1. c.",,printed,,69,no,False
Hok-keen,minn1241,Dean,"Dean, W., First lessons in the Tie-chew dialect. 8. Ban- kok 1841.",1841,printed,,69,no,False
Cingalesisch,sinh1246,Knox,"Knox, R., Historical relation of the Island of Ceylon. Fol. Lond. 1681. p. 104 sqq. — *Uebers. 8. Lpz. 1689.",1681,printed,,72,no,False
Cingalesisch,sinh1246,Relandus,"*Relandus, H., Dissertationes miscellaneae. 8. Traj. ad Rhen. 1706 — 1708. ffl. 82.",1706,printed,,72,no,False
Cingalesisch,sinh1246,words,"*English and Cingalese words, questions and answers cetr. for the use of native schools. 4. Colombo 1818.",1818,printed,,72,no,False
Cingalesisch,sinh1246,Clough,"*Clough, B., A dictionary of the English and Singhalese, and Singhalese and English languages. 2 Voll. 8. Colombo",,printed,,73,yes,False
Cingalesisch,sinh1246,J.,"Ruell. J. , Grammatica of Singaleesche Taal -Kunst zynde eea körte methode am the voornaamste fondamenten van de Singaleesche Spraak te leeren. 4. Amsterd. 1708.",1708,printed,,73,unclear,False
Cingalesisch,sinh1246,Chamberlayne,"*Chamberlayne, J., Oratio dominica, com praefat D. Wilkinsii. 4. Amstelod. 1715.",1715,printed,,73,no,False
Cingalesisch,sinh1246,Chater,"*Chater, J., A grammar of the Cingalese language. 8. Co- lombo 1815.",1815,printed,,73,yes,False
Cingalesisch,sinh1246,Rask,"*Rask, R., Singalesisk Skriftlaere. 8. Kolombo 1821.",1821,printed,,73,yes,False
Cingalesisch,sinh1246,Burnouf,"*Burnouf, E., et Lassen, Observation grammatic. cetr. sur le Pali; avec une planche represent. les alphabets Pali et Singalais. 8. Paris 1826. — Auch im * Journal Asiat. 1826. DL 257 sqq.",1826,printed,,73,no,False
"Dagwumba,  Degombah",dagb1246,-Sudans,"Ein Negervolk Hoch -Sudans, dessen Hauptstadt Yahndy der Mittelpunkt eines bedeutenden Verkehrs ist — - Verwandt mit dieser ist die Sprache des zum Dag- wumba-Reiche gehörigen Bezirks Ingwa.",,printed,,76,no,False
"Dagwumba,  Degombah",dagb1246,Bowdich,"*Bowdich, Mission to Ashantee p. 505. ♦Balbi, Atlas ethnogr. Tab. xxxix. no. 260. 261.",,printed,,76,compendium,True
Dankali -Adaiel,afar1241,Arkiko,"von Bab-el-Mandeb bis Arkiko, unter deren 13 Stäm- men die Duinhoeta, Taieniela, Hadarein die wichtigsten sind; und 2) die Sprache der Adaiel von Bab-el-Man-",,printed,,76,no,False
Dankali -Adaiel,afar1241,Salt,"*Salt, Voyage cetr.; Uebers. S. 424.",,printed,,77,yes,False
Dankali -Adaiel,afar1241,Balbi,"*Balbi, Atlas ethnogr. Tab. xxxix. no. 215.",,printed,,77,compendium,True
Dankali -Adaiel,afar1241,Rüppell,"*Rüppell, £.9 Reise in Abyssinien. 2 Bde. 8. Frankf. a. M. 1838. 40.",1838,printed,,77,no,False
Dankali -Adaiel,afar1241,Isenberg,"*Isenberg, C. W., A small vocabulary of the Dankali language. 8. Lond. 1840.",1840,printed,,77,yes,False
Kordofan,,Browne,"Browne, W. G., Travels in Africa, Egypt and Syria. 4. Lond. 1799. — *2. Ed. 1806. — * Deutsch. 8. Leipz. u. Gera 1800.",1799,printed,,77,no_code,False
Kordofan,,ff.,"♦Mithridates III. 243 ff., IV. 445.",,printed,,77,no_code,True
Kordofan,,Salt,"*Salt, Voyage cetr. Append. I. p. xvi$ Uebers. S. 437.",,printed,,77,no_code,False
Kordofan,,Vater,"* Vater, Proben deutscher Volksmundarten S. 319.",,printed,,77,no_code,True
Kordofan,,Balbi,"*Balbi, Atlas ethnogr. Tab. xxxix. no. 315.",,printed,,77,no_code,True
Kordofan,,Rüppell,"*Rüppell, E., Reisen in Nubien cetr. 8. Frankf. a. M. 1829. S. 370.",1829,printed,,77,no_code,False
Kordofan,,Wafer,"*Wafer, L., Voyage and description of the Isthmus of",,printed,,77,no_code,False
Kordofan,,Balbi,"*Balbi, Atlas ethnogr. Tab. xli. no. 616. 631.",,printed,,78,no_code,True
Kordofan,,Browne,"Browne, W. G., Travels in Africa, Egypt and Syria. Lond. 1799. p. 311. — *üebers. 8. Leipz. und Gera 1800. S. 428 ff. ♦Mithridates IH. 243.",1799,printed,,78,no_code,True
"Dizzela,  Dar-mitchequa",,Salt,"*Salt, Voyage cetr. Append. I. p. xxin —- xxvi.",,printed,,98,no_code,False
"Dizzela,  Dar-mitchequa",,Balbi,"»Balbi, Atlas ethnogr. Tab. xxxix. no. 217.",,printed,,98,no_code,True
Dory,biak1248,Neuguineas,"Neuguineas, mit mehreren sehr abweichenden Dialekten. Sie hat Aehnlichkeit mit der Harafora in der Umgegend von Kabare, auf der Insel Waihiu.",,printed,,98,no,False
Dory,biak1248,Balbi,"*Balbi, Atlas ethnogr. Tab. xl. no. 418.",,printed,,98,compendium,True
Dynke,dink1262,Rüppell,"*Rüppell, E., Reisen in Nubien. 8. Frankf. a. M. 1829. S. 370.",1829,printed,,99,no,False
"Ende,  Flores",ende1246,Balbi,"*Balbi, Atlas ethnogr. Tab. xl. no. 338. *Marsden, Miscellaneous works p. 69, 110, 111.",,printed,,99,compendium,True
Engerekmung,,Neuwied,"*v. Neuwied, M., Reise nach Brasilien in den Jahren",,printed,,100,no_code,False
Engerekmung,,Balbi,"*Balbi, Atlas ethnogr. Tab. xu. no. 501.",,printed,,100,no_code,True
"Eyeos,  Eyo",yoru1245,Bowdich,"♦Bowdich, Mission p. 505. *Balbi, Atlas ethnogr. Tab, zxzix. no. 320.",,printed,,116,compendium,True
"Eyeos,  Eyo",yoru1245,Raban,"*Raban, J., Vocabnlary of the Eyo, or Ako, a dialect of Western Africa. 8. Lond. 1830.",1830,printed,,317,yes,False
"Eyeos,  Eyo",yoru1245,soll,"Aethiopisch sein soll, ist sehr wenig gekannt.",,printed,,317,no,False
Fanti,akan1250,Bowdich,"♦Bowdich, Mission p. 344 — 360* 506 — 512.",,printed,,317,yes,False
Fanti,akan1250,Protten,"*Protten, Chr., En nyttig grammaticalsk indledelse til tyende hidindtil gandske ubekiendte sprog, Fanteisk og Acra- isk. 8. Kiobenh. 1764.",1764,printed,,317,yes,False
Fanti,akan1250,Rifaud,"*Rifaud, J. J., Tableau de l'Egypte, de la Nubie et des",,printed,,317,no,False
Fanti,akan1250,Felop,"Felop, Flüp.",,printed,,317,no,False
Fanti,akan1250,Westafrikas,"Ein Volk Westafrikas, in Senegambien an den Ufern des Kasamanka.",,printed,,317,no,False
Fanti,akan1250,Park,"*Park, Reisen im Innern von Afrika S. 14. ♦Mithridates IH. 170. *B*lbi, Atlas ethnogr. Tab. xxxix. no. 239.",,printed,,317,compendium,True
Fertit,,Rüppell,"•Rüppell, Reisen in Nubien S. 370.",,printed,,118,no_code,False
Fertit,,Fidschi-,"Fidschi-, Blighs- Inseln.",,printed,,118,no_code,False
Fertit,,weich,"Inselgruppe wird bald als sehr weich, bald wieder als äufserst hart bezeichnet, und soll von den Vornehmeren auf Tongatabu als Bildungssprache erlernt werden.",,printed,,118,no_code,False
Fertit,,Balbi,"*Balbi, Atlas ethnögr. Tab. xl. üo. 390. *Mar8den, Miscellaneoua works p. 106.",,printed,,118,no_code,True
Fertit,,Stammes,"Der Zweig des Tschudischen Stammes, der sich seit der Völkerwanderung zwischen dem Bothnischen und Finnischen Meerbusen und dem Weifsen Meere ausge- breitet hat, zerfällt in die nördlichen (s. Lappen) und südlichen Finnen. — Die Sprache der südlichen oder Germanisirten Finnen (Samen, Suomen, Suomala",,printed,,118,no_code,False
Fertit,,Schlözer,"♦Schlözer, Nordische Geschichte S. 246, 301 ff. Frost erus, On tbe affinity of the f ins oetr. (s. Esthnisch). *Gyarmathus, Affinitas linguae Hangar, et Fenn. ♦Sjögren, A. J., Ueber die finnische Sprache und ihre Literatur. 8. St Petersburg 1821. >",1821,printed,,118,no_code,False
Fertit,,Thunmann,"*Thunmann, J., Untersuchungen über die Geschichte der östlichen Europäischen Volker. 8. Leipz. 1774. S. 89 ff. *Vocabnlarium Catharinae no. 54. *v. Klapro th, Asia polygl. S. 182 ff.; Atlas Fol. xn— xxii.",1774,printed,,118,no_code,True
Fertit,,Jüslenius,"*Jüslenius, D., Tentamen lexicl Fennici. 4. Höhn. 1745.",1745,printed,,118,no_code,False
Fertit,,Renvall,"*Renvall, G., Suomalainen Sana-Kirja. Lexicou llngttäe Finnicae, cum interpret. lat. et germ. 2 Tom. 4. Aboae 1826.",1826,printed,,118,no_code,False
Fertit,,Petraeus,"Petraeus, A., Linguae Fennicae institutio. 8. Abo 1649.",1649,printed,,118,no_code,False
Fertit,,M.,"Martini us9 M., Hodegus Fennicus; u. Grammatica linguae Fenn. 8. Holm. 1689.",1689,printed,,118,no_code,False
Fertit,,Vhael,"*Vhael, B. G., Grammatica Fennica. 8. Aboae 1733.",1733,printed,,118,no_code,False
Fertit,,Strahlmann,"*Strahlmann, J., Finnische Sprachlehre für Finnen und Nicht- Finnen; mit Beziehung auf die Aehnlichkeit der Flnn. Spr. mit d. Ungarischen. 8. St. Petersb. 1816. — Haue 1818.",1816,printed,,118,no_code,False
Fertit,,JudSn,"JudSn, J., Försök tili Utredanda af Finska SprSkets Gram- matik. 8. Viborg 1818.",1818,printed,,118,no_code,False
Fertit,,56,"* Vocabularium Catharinae rio. 56, 57. .",,printed,,118,no_code,True
Fertit,,Balbi,"*Balbi, Atlas ethnogr. Tab. xxxyiii. no. 192.",,printed,,118,no_code,True
Fertit,,Possart,"Possart, P. A. F. K«, Kleine lappländische Grammatik, aut kurter Vergleiehung der finnischen Mundarten. 8* Statt« gart 1840.",1840,printed,,118,no_code,False
Fertit,,Flamisch,"Flamisch, Flamttffdisch.",,printed,,118,no_code,False
Fertit,,Sprache,"Pjp Niederländische Sprache, e£n 3£weig dßf Nieder- oder Plattdeutschen, theilt sieh in deg Holländischen und Flamischen, Vlämischen oder auch Brabantischen Ast. Der letztere, vorzüglich am Hofe von Flandern und Bra- bant ausgebildet, herrschte als Schrift- und höhere Um- gangssprache in den ehemali",,printed,,118,no_code,False
Fertit,,Belgique,"De Ja laogue. Belgique, lettre de.J. F* Willems, h S. van de Weyer. 18. et 8. Braxell. 1829.",1829,printed,,118,no_code,False
Fertit,,Vandenhoven,"♦Vandenhoven, H. (Delcourt), La lg. Flamande, son passe et son avenir. Avec une carte. 8. Bruxell. 1844.",1844,printed,,118,no_code,False
Fertit,,Kilian,"Kilian, C, Duffl., Etymologicum Teutonicae linguae. 8. Antw. 1588. — *3. Ed. 1599. — *4. Ed. L. Pott er.. Ale- mar. et Amst. 1613. — fMiddelburg. 1620. — *Ed. G. Has- selt. 2 Tom. 4. Utrecht 1777.",1588,printed,,118,no_code,False
Fertit,,langages,"*Dictionnaire des six langages, c'est a scavoir Latin, Fla- men, Fran$. cetr. JN. ed. 12. Rom 1631.",1631,printed,,118,no_code,False
Fertit,,Halma,"*G Rouxel en F. Halma, Le grand dict. Frang. et Fla- mand. 4. Amst. 1708. ~- Leyde 1778. 81. — 6. Ed. Amst et Haye 1821.",1708,printed,,118,no_code,False
Fertit,,Boone,"Boone, L., Nouv. dictionnaire Flamänd-Franc,. 4. Ed. 12. Hazebrouck 1841.",1841,printed,,121,no_code,False
Fertit,,Olinger,"♦Olinger, Nouv. dirti. de poche Flamand- Franc., et Fr.- Flamand. 2. Ed, 12. Malines 1842.",1842,printed,,121,no_code,False
Fertit,,Halma,"Halma, F., Nouvelle grammaire Francoise et Flamande. 12. Bruxelles 1773.",1773,printed,,121,no_code,False
Fertit,,rscheid,"Heide rscheid, P., Vlaemsche Spraekkunst. Redeneer- kundige onüeding. 12. Mecheln 1843. .",1843,printed,,121,no_code,False
Fobi,,Hochsudan,"Ein Afrikanisches Volk in Hochsudan, östlich der",,printed,,121,no_code,False
Mosi  und  nördlich  von  Dagwumba,moss1236,Bowdich,"*Bowdich, Mission p. 505. *Balbi, Atlas ethnogr. Tab*, xxxix. no. 305.",,printed,,121,compendium,True
Formosa,,gelegenen,"von China östlich gelegenen, ""abhängigen Insel (Tai-wan), gehört zum Malayischen Stamme. Sie zerfällt in mehrere Dialekte und besitzt ein eigentümliches Alphabet, das, gleich dem Chinesischen, in senkrechten Kolumnen von der Rechten zur Linken, geschrieben wird.",,printed,,121,no_code,False
Formosa,,Gravius,"Gravius, D., Formulier des Christendoms met de verkla- gen van dien, in de Sideis-Formosaansche tale. 4. Am- sterdam 1662.",1662,printed,,121,no_code,False
Formosa,,Formose,"Formose, im Journal Asiat 1822. I. 193 — 202* *— *Asia polygl. p. 380 — 382; — *M6m. relatifa ä PAsie. L 354, 369. *Marsden, Miscellaneous works p. 108.",1822,printed,,122,no_code,True
"Gafat,  Gaffate",gafa1240,Damot,"Gojam und Damot, an den Ufern des Nil. Sie ist dem Amhari8chen nahe verwandt.",,printed,,137,no,False
Gallas,west2721,Kielmaier,"*Kielmaier, im Ausland 1840. no. 76.",1840,printed,,137,no,False
Gallas,west2721,Ludolf,"*Ludolf, J., Historia Aethiopiae. Fol. Frankf. 1681. L. I. c 15, 16.",1681,printed,,137,no,False
Gallas,west2721,Balbi,"*Balbi, Atlas ethnogr. Tab, xxxix. no. 294.",,printed,,137,compendium,True
Gallas,west2721,Krapf,"*Krapf, J. L., An injperfect outline of the elements of the Galla language. Prefced. by a few remarks concern. the nation of the Gallaa. By C. W* Isenberg. 8, Lönd. 1840.",1840,printed,,137,no,False
Gallas,west2721,Krapf,"♦Krapf, J. L., Vocab. of the Galla langu. 8. Lond. 184Ä - ♦""TntscEek, IL, Lexicon der Galla Sprache. Hrg. von L. Tütsehek. Th. I. GaUa - Englisch * Deutsch. 8. Mü* ehe» 1844.",1844,printed,,137,no,False
Gallas,west2721,Tutschek,"♦Tutschek, K., A grammar of the Galla language. Ed. by L. Tütsehek. 8. München 1845:",1845,printed,,137,no,False
"Gaman,  Buntuku",,Oberguinea's,"Negervolk im Innern Oberguinea's, von den Asdkanti",,printed,,137,no_code,False
"Gaman,  Buntuku",,Balbi,"*Balbi, Atlas ethnog*. Tab. xxxix. no. 257.",,printed,,137,no_code,True
Garangi,,Bowdich,"*Bowdich, Mission p. 505. *Balbi, Atlas ethnogr. Tab. xxxtx. no. 901.",,printed,,137,no_code,True
"Garo,  Garrow",garo1247,Spix,"*v. Spix, J. B., n, K. F. Ph. y. Martins, Reise in Bra- silien. 3 Bde. 4. München 1823 — 31. *Balbi, Adas etbnogr. Tab, xii. no. 513.",1823,printed,,139,compendium,True
"Haoussa,  Haussa",haus1257,Timbuktu,"von Timbuktu, thetls von Arabern, theils von Negern bewohnt, die zu den gebildetsten Afrikas gehören. Die Sprache, vielleicht ein Ueberrest der alten Punischen °der Karthagischen, zerfällt in die eigentliche Haoussa und die von Kaschna oder Afnu, und besitzt eine eigen- tümliche Schrift von der Rech",,printed,,156,no,False
"Haoussa,  Haussa",haus1257,138,"♦Mithridatfis UJ. 138, 153. *ßalbi, Atlas ethnogr, Tab. xxxix. no. 307.",,printed,,156,compendium,True
"Harafora,  Alfiui",,Humboldt,"*v. Humboldt, W., Üeber die Kawi- Sprache. 3 Bde. 4. Berlin 1836 — 39. I. S. iv. ff.",1836,printed,,156,no_code,False
"Harrer,  Hurrur",hara1271,Salt,"♦Salt, Voyage cetr. Append. I. p. xxm — xxvi. ♦Balbi, Atlas ethnogr. Tab. xxxix. no. 297. ♦Ausland 1840. no. 76 (Kielmaier).",1840,printed,,156,compendium,True
Hawaiisch,hawa1245,-Inseln,"Die Sandwich -Inseln, deren vorzüglichste Owaihi ist, bilden die Hauptgruppe der Oceanischen Inselwelt in der Mitte des Stillen Oceans. Die Sprache ist in etymologischer Beziehung dem Malayischen ähnlich und mit der Sprache auf Neuseeland und den Societäts- In- seln so nahe verwandt, dafs sie fast a",,printed,,156,no,False
Hawaiisch,hawa1245,Cook,"♦Cook, Voyage towards the South -Pole. II. App. no. 5. ♦Cook, Voyage to the pacific Ocean. III. 547 sqq. Dixon, J., Voyage round the world. London 1789. pag- 268 sqq. — ♦Uebers. v. J. R. Porster. 4. Berlin 1790. ♦Vocabularram Catharinae no. 200.",1789,printed,,156,no,False
Hawaiisch,hawa1245,Campbell,"Campbell, A., Voyage round ikt World cetr, 8. Lon- don 1816.",1816,printed,,156,no,False
Hawaiisch,hawa1245,den,"♦Mars den, Miscellaneons works p, 101, 102- *v, Humboldt, W.7 Kawi- Sprache. IL 241 ff,",,printed,,156,yes,False
Hawaiisch,hawa1245,blech,"Mo 8 blech, B., Vocabulaire Oceanien-Franc. et Franc.-Oc. des dialectes partes aax flesMarquises, Sandw., Gambier cetr.",,printed,,156,no,False
Hawaiisch,hawa1245,Chamisso,"v. Chamisso, A., Ueber die Hawaiische Sprache. 4. Lpa. 1837. — Auch in *Abhandl. der Berl. Akad. 1837.",1837,printed,,156,yes,False
Hawaiisch,hawa1245,Islands,"Islands, (s. t. 1. et a.)",,printed,,156,no,False
Hawaiisch,hawa1245,Hebräer,"Die Hebräer, die Vorfahren der heutigen Jaden, gehören zum Semitischen Volks- und Sprachstamme. Schon seit der Rückkehr aus der Babylonischen Ge- fangenschaft um die Mitte des 6. Jahrh. v. Chn konn- ten sie, von mächtigen Nachbarvölkern bedrangt oder unterjocht, die Reinheit ihrer Sprache nicht mehr",,printed,,156,no,False
Hawaiisch,hawa1245,Simonis,"♦Simonis, J., Introductio grammatico»critiea in Hnguam Hebr., qua de linguae illius appellatione, origine et antiqui- tate, fatis et subsidiis disseritur. 8. Hai. 1753.",1753,printed,,160,no,False
Hawaiisch,hawa1245,Michaelis,"Michaelis, J. D., Beurtheilung der Mittel, welche man anwendet, die ausgestorbene Hebr. Sprache zu verstehen. 8. Göttingen 1757.",1757,printed,,160,no,False
Hawaiisch,hawa1245,Hezel,"♦Hezel, W. F., Geschichte der Hebr. Sprache und Lite- ratur. 8. Halle 1776.",1776,printed,,160,no,False
Hawaiisch,hawa1245,Gesenius,"♦Gesenius, W., Krit. Geschichte der Hebr. Sprache und Schrift. 8. Leipzig 1815.",1815,printed,,160,no,False
Hawaiisch,hawa1245,Hartmann,"♦Hartmann, A. Th., Linguistische Einleitung in das Sta- dium der Bücher des A. T. 8. Bremen 1818.",1818,printed,,160,no,False
Hawaiisch,hawa1245,Blogg,"♦Blogg, S. E., Geschichte der Hebr. Sprache und Litte- ratur, nebst einem Anhange, die Targumen betr. 2. Aufl. 4. Hannover 1826.",1826,printed,,160,no,False
Hawaiisch,hawa1245,Blogg,"♦Blogg, S. E., Aedificium Salomonis, enth. eine vollstand. Gesch. der hebr. Spr., des Thalmuds cetr. 4. Hannov. 1832.",1832,printed,,160,no,False
Hawaiisch,hawa1245,Wolf,"♦Wolf, J. Chr., Historia lexicorum Hebraicorum. 8. Vi- teb. 1705. (Cf. Biblioth. Hebr. IL 546 sqq.)",1705,printed,,160,no,False
Hawaiisch,hawa1245,er,"♦Mey er, G. W., Hermeneutik des A. T. 2 Thle. 8. Lübeck 1799. 1800. I. 448, 500 sqq.",1799,printed,,160,unclear,False
Hawaiisch,hawa1245,er,"♦Oppenheim er, D., Collectio Davidis, i.e. CatalogusBi- bliothecae Hebraeae cetr. 8. Hamb. 1826.",1826,printed,,160,unclear,False
Hawaiisch,hawa1245,ns,"♦Schulte ns, A., Origines Hebraeae s. Hebr. linguae anti- quissima natura et indoles cetr. 2 T. 4. Franeq. 1724. — ♦2. Ed. Lugd. Bat. 1761.",1724,printed,,160,unclear,False
Hawaiisch,hawa1245,Michaelis,"♦Michaelis, J. D., Supplementa ad lexicä Hebraica. 6T. 4. Gott. 1784 — 1792.",1784,printed,,160,no,False
Hawaiisch,hawa1245,d'Ollivet,"Fabre d'Ollivet, La langue Hebraique restituee, et levc- ritable sens des mots Hebreux rctabli et prouve par leur ana- lyse radicale. 2 Voll. 4. Paris 1815. 16.",1815,printed,,160,no,False
Hawaiisch,hawa1245,Lexika.,"Lexika., • ♦Pagnini, J., Thesaurus linguae sanctae, s. Lexicon Hebr., opera J. Merceri, A. Cavalleri et C. Bertrami. Fol. Lugd. Bat. 1575. — ♦1577. — ♦Colon. 1614.",1575,printed,,160,no,False
Hawaiisch,hawa1245,Buxtorf,"♦Buxtorf, J., Lexicon Hebr. et Chaldaicum. BasiL 1631- — ^8. 1645. — ♦1735.",1631,printed,,160,no,False
Hawaiisch,hawa1245,Simonis,"* Simonis, J., Lexicon manuale Hebr. et Chald. in V. T. libros. 2 Tom. 8. Amstelod. 1757. — *Ed. J. G. Eichhorn. Hai. 1793. — *Ed. G. B. Winer. Lips. 1828.",1757,printed,,161,no,False
Hawaiisch,hawa1245,Moser,"♦Moser, P. C, Lexicon manuale Hebr. et Chaldaicum. 8. Ulm 1795.",1795,printed,,161,no,False
Hawaiisch,hawa1245,Gesenius,"*Gesenius, W.9 Hebräisch-deutsches Handwörterbuch über die Schriften des A. T. mit Einschlafe der geogr. Namen u. der chald. Wörter bei Daniel u. Esra. 2 Thle. 8. Leipzig 1810. 12. — * Thesaurus philologicus criticus Linguae Hebraeae et Chaldaeae V. T. Editio IL secundum radices digesta priore Germa",1810,printed,,161,no,False
Hawaiisch,hawa1245,Gesenius,"Gesenius, W., Neues hebr. -deutsches Handwörterbuch; ein Auszug aus 'dem gröfseren Werke. 8. Leipz. 1815. — *3. Aufl. u. d. T. Hebr. u. Chald. Handwörterbuch über das A. T. 2 Thle. 1828. (Lat. u. d. T. * Lexicon manuale He- braicum et Chaldaicum in V. T. libros. 8. Lips. 1833.) — 4. Aufl. 1834. '",1815,printed,,161,no,False
Hawaiisch,hawa1245,Parkhurst,"Parkhurst, Hebrew and English lexicon; with a Hebr. and a Chaldee grammar wii&out points. 8. Lond. 1823.",1823,printed,,161,no,False
Hawaiisch,hawa1245,Glaire,"Glaire, abbe, Dicdonnaire h£breu-latin. 8. Paris 1830. ""•",1830,printed,,161,no,False
Hawaiisch,hawa1245,Biesenthal,"*Biesenthal, J. H.R., Hebr. u. Chald. Handwörterbuch über das A. T. 8. Berlin 1834 — 37.",1834,printed,,161,no,False
Hawaiisch,hawa1245,Robinson,"Robinson, Hebrew and Engl, lexicon. 8. Boston 1839, N. ed. 1844.",1839,printed,,161,no,False
Hawaiisch,hawa1245,Lee,"*Lee, A lexicon Hebrew, Chaldee and English; compiled from the most approyed sources, Oriental and European, Je- wish and Christian. 8. Lond. 1840.",1840,printed,,161,no,False
Hawaiisch,hawa1245,Fürst,"Fürst, J., Hebr. und chaldäisches Wörterbuch über das A. T. 16. Leipzig 1842.",1842,printed,,161,no,False
Hawaiisch,hawa1245,Buxtorf,"Buxtorf, J., Thesaurus grammaticus linguae sanctae He- braeae. 8. Basil. 1615. — *4. Ed. 1629 cetr.",1615,printed,,161,no,False
Hawaiisch,hawa1245,Glafs,"*Glafs, S., Philologia sacra s. Institutiones grammatices hebraeae. 4. Jen. 1623. — 1713. — 8. Lips. 1776.",1623,printed,,161,no,False
Hawaiisch,hawa1245,Dänz,"Dänz, J. A., Literatur Ebraeo-ChaMaicus. 8. Jen. 1094.",,printed,,162,no,False
Hawaiisch,hawa1245,Schultens,"Schultens, A., Institutiones ad fundamenta linguae He- braicae. 4. Lugd. Bat. 1737.",1737,printed,,162,no,False
Hawaiisch,hawa1245,Michaelis,"Michaelis, J. D., Hebräische Grammatik. 8. Halle 1745. * 1768. — * 1778.",1745,printed,,162,no,False
Hawaiisch,hawa1245,Schroeder,"Schroeder, N. G., Institutiones ad fundamenta linguae Hebr. 8. Groning. 1766. — Ulm 1792.",1766,printed,,162,no,False
Hawaiisch,hawa1245,Hezel,"♦v. Hezel, W, F., Ausfuhrliche Hebr. Sprachlehre. 8. Halle 1777.",1777,printed,,162,no,False
Hawaiisch,hawa1245,Storr,"♦Storr, G. C, Obserrationes ad analogiam et syntaxin Hebr. pertinentes. 8. Tübing. 1779. — 1805.",1779,printed,,162,no,False
Hawaiisch,hawa1245,Vater,"Vater, J. S., Hebr. Sprachlehre. 8. Lpzg, 1797. — * 1814.",1797,printed,,162,no,False
Hawaiisch,hawa1245,Hartmann,"♦Hartmann, J. M., Anfangsgründe der Hebr. Sprache. 8. Marburg 1798. — *2. Aufl. 1819.",1798,printed,,162,no,False
Hawaiisch,hawa1245,Jahn,"Jahn, J., Grammatica linguae Hebraicae. 8. Vienn. 1809.",1809,printed,,162,no,False
Hawaiisch,hawa1245,Ge8enius,"*Ge8enius, W., Hebräische Grammatik. 8. Halle 1813.",1813,printed,,162,no,False
Hawaiisch,hawa1245,Gesenius,"♦Gesenius, W., Ausführt, grammatisch -kritisches Lehrge- bäude der Hebräischen Sprache, mit Yergleichung der ver- wandten Dialekte. 2 Bde. 8. Leipz. 1817.",1817,printed,,162,no,False
Hawaiisch,hawa1245,Ewald,"♦Ewald, J. H. A., Kritische Grammatik der Hebr. Spra- che. 8. Leipz. 1827.",1827,printed,,162,no,False
Hawaiisch,hawa1245,Ewald,"Ewald, J. H. A., Grammatik Her Hebr. Sprache des A. T. 8. Leipzig 1829. — *1835. — 1838. — TransL by J. Ni- cholson. 8. Lond, 1836.",1829,printed,,162,no,False
Hawaiisch,hawa1245,Roorda,"♦Roorda, Tac, Grammatica hebraea. 2 Tom. 8. Lngd- Bat. 1831. 33.",1831,printed,,162,no,False
Hawaiisch,hawa1245,Hurwitz,"Hurwitz, A grammar of the Hebrew language. 8. Lond. 1832.",1832,printed,,162,no,False
Hawaiisch,hawa1245,Stier,"♦Stier, R., Neu geordnetes Lehrgebäude der hebr. Spra- che. Nach den Grundgesetzen der Sprachentwickehmg als durchgäng. Hinweisung auf eine allgem. Sprachlehre darge- stellt. Th. I. u. II. Laut- u. Wortlehae. 8. Leipz. 1833.",1833,printed,,162,no,False
Hawaiisch,hawa1245,Freytag,"♦Freytag, G. W., Kurzgefafste Grammatik d. Hebräischen Sprache. 8. Halle 1835.",1835,printed,,162,no,False
Hawaiisch,hawa1245,Kalthoff,"Kalthoff, J. A., Grammatik der Hebr. Sprache. Th. I. 8. Regensb. 1837.",1837,printed,,162,no,False
Hawaiisch,hawa1245,Nordheimer,"Nordheimer, Critical grammar of tl^e Hebrew language. 2 Voll. 8. Lond. 1840. 41.",1840,printed,,162,no,False
Hawaiisch,hawa1245,Hupfeld,"Hupfeld, IL, Ausfuhr!, hebr. Gramm. Th. I. 1. Absehn. Schriftlehre ia histor. Entwicfcelung. 8. Cassel 1843,",1843,printed,,163,no,False
Hawaiisch,hawa1245,Ewald,"Ewald, J# H. A., Ausführliches Lehrbuch der Hebr. Spra- che des alten Bandes. 5. Ausg. 8. Leipz. 1844. (Eise Ver- schmelzung 4er beiden obigen Werke; daher als 5. Aufl. be- zeichnet.)",1844,printed,,163,no,False
Hottentottisch,nama1264,Hottentotten,"Die Hottentotten, oder Quaiquai nach einheimischer Benennung1, sind allmählig nach der Südspitze Afrika's hinabgedrängt, und viele ihrer Stämme verschwunden. Ihre Sprache zeichnet sich durch auffallende Kehltöne und ein ganz eigentümliches Schnalzen mit der Zunge aus. Die bekanntesten Dialekte sind ",,printed,,171,no,False
Hottentottisch,nama1264,Herbert,"Herbert, Th,, Travels into divers parts of Asia and Af-",,printed,,171,yes,False
Hottentottisch,nama1264,Kolbe,"*Kolbe, P., Caput bonae spei hodiernum, d. i. Vollständ. Beschreibung des Afric Vorgebirges der guten Hoffnung. Fol. Nürnb. 1719. — Holland. Beschryving cetr. Fol. Amst. 1727. I. 429 sqq.",1719,printed,,172,no,False
Hottentottisch,nama1264,Sparrmann,"Sparrmann, A., Resa til goda Hopps-Udden. 8. Stockli. 1782. p. 76 t — *üebers. Berl. 1784. S. 618 flt",1782,printed,,172,no,False
Hottentottisch,nama1264,Thunberg,"Thunberg, CR, Resa uti Europa, Africa, Asia. 8. Upsal 1789 --93. — *Uebers. Berl. 1792. T. I. P. H. p. 62.",1789,printed,,172,yes,False
Hottentottisch,nama1264,Vaillant,"*Le Vaillant, Premier voyage dans Finterieur de FAfri- que. 2. T. 4. Paris 1790. — üebers. Berl. 1790. S. 288 ff.",1790,printed,,172,yes,False
Hottentottisch,nama1264,Ehrmann,"♦Ehrmann, Geschichte der merkwürdigsten Reisen. 8. Frankf. a. M. 1791 — 98. XVII. 84.",1791,printed,,172,yes,False
Hottentottisch,nama1264,Barrow,"*Barrow, J., Account of travels into the interior of Sou- thern * Africa. 2 T. 4. Lond. 1801. 04. — * üebers. Leipz. 1801. 05. I. 272.",1801,printed,,172,yes,False
Hottentottisch,nama1264,Hervas,"♦Hervas, Vocab. poligl. p. 234 sqq. — *MXthrida*es III. 304. — *Balbi, Atl. ethnogr, Tab. xxxix. no. 288. 89. — *Marsd""en, Miscell.-'works p. 92, 114.",,printed,,172,compendium,True
Hottentottisch,nama1264,Lichtenstein,"*Lichtenstein, H. , Bemerkk. über die Sprachen der süd- afrik. wilden Völkerstämme, nebst e. kl. Wörterverz. aus den gebräuchlichsten Dialecten der Hottent u. Kaffern, in Ber- tuch u. Vater, Allgem. Archiv für Ethnogr. u. Linguistik. 8. Weimar 1808. I. 259.",1808,printed,,172,yes,False
Hottentottisch,nama1264,Lichtenstein,"*Lichtenstein, H., Reisen im südlichen Afrika. 8. Berl. 1811. 12. T. H. Anhang über die Sprachen der wilden Hot- tentotten-Stämme, insonderheit d. Koranen u. Buschmänner.",1811,printed,,172,yes,False
Hottentottisch,nama1264,Wörter,"Wörter, Lexikon, Grammatik, de Ol mos, A., Grammatica et lexicon linguac Mexic, To- tou. et Huaxtecae cetr. 2 Voll. 4. Mexic. 1560.",1560,printed,,172,no,False
Hottentottisch,nama1264,Balbi,"*Balbi, Atlas ethnogr. Tab. xli. no. 704.",,printed,,173,compendium,True
Hottentottisch,nama1264,Umfreville,"*Umfreville, E., The present state of Hudson's Bay (with a specimen of Five Indian languages). 8. Lond. 1790. — Uebers. v^n E. *Ä. W. Zimmermann. 8. Helmstedt 1791.",1790,printed,,173,no,False
Hottentottisch,nama1264,Chappel,"Chappel, E., Narrative of a voyage to Hudson's Bay. 8. Lond. 1817. .",1817,printed,,173,no,False
"Jallonka,  Jallunkan",yalu1240,Mandinge,"Mandinge, mit deren Sprache die der Jallonka ver- wandt ist.",,printed,,174,no,False
"Jallonka,  Jallunkan",yalu1240,Oldendorp,"♦Oldendorp, Geschichte der Mission I. 346. ♦Park, Reisen in Afrika. Uebers. Hamb. S. 395; Berlin, S. 301. *Mithridates III. 169. *Balbi, Atlas ethnogr. Tab. xxsix. no. 231.",,printed,,174,compendium,True
"Jalofen,  Wolofen",wolo1247,Barbot,"Barbot, J., Description de Guinea p. 416 sqq. — ' Engl. Uebers. p. 413 sqq. — Vgl. *Allg. Hist. d. Reisen IIL 222 ff.",,printed,,174,no,False
"Jalofen,  Wolofen",wolo1247,Golberry,"*Golberry, S. M. H., Fragmens d'un voyage en Afr^ne. 2 Tom. 8. Paris 1802. I. 103. — *Üebers. v. J. A. Bergk. Leipzig 1803.",1802,printed,,174,no,False
"Jalofen,  Wolofen",wolo1247,Balbi,"*Balbi, Atlas ethnogr. Tab. xxinc. no.<235*",,printed,,174,compendium,True
"Jalofen,  Wolofen",wolo1247,Dard,"*Dard, J., Dictionnaire Franc. .- Wolof et Franc,. -Bambara, suivi du dict. Wolof - Francis. 8. Paris 1825.",1825,printed,,174,no,False
"Jalofen,  Wolofen",wolo1247,Dard,"*Dard, J., Grammaire Wolofe, ou mlthode ponr Studier la langue des noirs qui habitent les royaumes de Bourba-Yo- lof, de Walo, de Damel, de Boure Sine, de Saloume, de Ba- ole, en Senegambie. 8. Paris 1826.",1826,printed,,174,no,False
"Jalofen,  Wolofen",wolo1247,grofsen,"Die Bewohner der grofsen, der Küste von Korea und der Mandschurei gegenüberliegenden und gewöhn-",,printed,,174,no,False
"Jalofen,  Wolofen",wolo1247,Jeso,"Jeso, so wie einiger benachbarten kleinern Inseln, wer« den unter dem Namen der Japanesen zusammengefafst. — Ihre Sprache ist den Wurzeln nach, wenn auch Chi- nesische und andere Wörter in ihr Zugang fanden, doch eine ganz selbständige; Syntax und Schrift aber (letz- tere modificirt) sind dem Chines",,printed,,175,no,False
"Jalofen,  Wolofen",wolo1247,Thunberg,"Thunberg, CR, Observationes in linguam Japonicam, in Nova Acta Upsal. 1792, V. 258, 273.",1792,printed,,175,no,False
"Jalofen,  Wolofen",wolo1247,Relatdus,"♦Relatdus, Dissert. miscell. ÜI. 103, 119.",,printed,,175,no,False
"Jalofen,  Wolofen",wolo1247,Meister,"*Meister, G., Oriental. Kunst- und Lustgfirtner. 4 Dres- den 1692. S. 186 — 192.",1692,printed,,175,no,False
"Jalofen,  Wolofen",wolo1247,Thunberg,"Thunberg, C. P., Resa uti Europa, Asia, Africa. 8. Ups. 1789-93. III. 296. — *Ueb. von C. H. Groskurd, 2 Bde. 8. BerL 1792* (Aaszug in *Sprengel's Magazin der Rei- sen. VI. 221 ff.)",1789,printed,,175,no,False
"Jalofen,  Wolofen",wolo1247,Klaproth,"*Klaproth, Asia polygl. S. 328 — 333.",,printed,,175,compendium,True
"Jalofen,  Wolofen",wolo1247,Japou,"Vocab alario de Japou, dcclajado primero en Portugues por los padres de la compama de Jesus de aquel reyno, y agora en Castellano en el Colegio de St. Thomas de Manila. 4, Ma- nila 1630.",1630,printed,,175,no,False
"Jalofen,  Wolofen",wolo1247,Collado,"Collado, Fr. DicL, Dictronarium s.* Thesauri linguae Ja- Ponicae compendium. 4. Rom/ 1632. — 1638. — Dazu *Ad. foion«* ad Diet. Japonicum. s. 1. et a.",1632,printed,,175,no,False
"Jalofen,  Wolofen",wolo1247,Medhurst,"Medhurst, W. H., Translation of a komparative vocabu- laiy of the Chinese, Corean and Japanese languages. 8. Ba- tav. 1835.",1835,printed,,176,no,False
"Jalofen,  Wolofen",wolo1247,Ko,"Ko, Thesaurus lingaae Japonicae s. illusfratio omnium qnae libris recepta sunt verborum ac dictionum loquelae tarn Japo- nicae quam Sinensis, addita synonymarum literarum ideogra- phicarum copia. Opus Japonicum in lapide exaralum a Si- nensi Ko Tsching Dsehang. Fol. Lngd. Bat. 1835.",1835,printed,,176,unclear,False
"Jalofen,  Wolofen",wolo1247,Alvarez,"Alvarez, Em., De institntione grammatica libri III» cum versione Japonica. 4. In collegio S. J, Amacnsano. 1593.",1593,printed,,176,no,False
"Jalofen,  Wolofen",wolo1247,Rodriguez,"Rodriguez, J., Arte breve da lingoa Japona». 4. Ama- cao 1620. , •",1620,printed,,176,no,False
"Jalofen,  Wolofen",wolo1247,o,"* Coli ad o, Did., Ars grammatica Japonicae linguae. 4. Rom. 1632. f",1632,printed,,176,unclear,False
"Jalofen,  Wolofen",wolo1247,Ines,"♦Oyangüren de Santa Ines, Melch., Arte de la len- gna Japona con algunas voces proprias de la escritur* y otras de los lenguages de Ximo y dcl Cami. 4. Mexico 1738.",1738,printed,,176,no,False
"Jalofen,  Wolofen",wolo1247,Japonäise,"♦Elements de la grammaire Japonäise, par le P. Rodri- guez, trad. dn Portugals par M. C. Landresse; precedes d'une explication des. syllabaires Japonais cetr. par Ab el- Re- na usat. 8. Paris 1825.",1825,printed,,176,no,False
"Jalofen,  Wolofen",wolo1247,Broughton,"♦Broughton, W. R., A voyage of discovery to the North Pacific Ocean cetr. 4. London 1804. p. 390.",1804,printed,,176,no,False
"Javanisch,  Javanesisch",java1254,Sprachen,"Die Javanischen Sprachen, welche ihren Haupteitx auf der Ostindischen Insel Java, im Süden von Sumatra",,printed,,176,no,False
"Javanisch,  Javanesisch",java1254,Insel,"Insel, so wie die Sprachen von Madura nebst Sume- nap, Bali und Loinbock oder Sasak. — Als eigen- thüraliche Sprechweisen des Javanischen unterscheidet W. v. Humboldt 1) Bhäsa krama, die (gewifs künst- lich gemachte) Sprache der Höflichkeit, Ehrenbezeugung, deren sich Niedere gegen Höhere bedienen, ",,printed,,177,no,False
"Javanisch,  Javanesisch",java1254,Dulaurier,"*Dulaurier, E., Mejnoire, lettres et rapports relatifs au cours de langues Malaye et Javanaise. 8. Paris 1843.",1843,printed,,177,no,False
"Javanisch,  Javanesisch",java1254,Heemskerk,"van Heemskerk, C, Journal of a voyage. Fol. Amst. 1603., Append.",1603,printed,,177,no,False
"Javanisch,  Javanesisch",java1254,livre,"Le second livre, Journal ou Comptoir, conten. le vray dis- coars et narration hist. da Voyage cetr. sous la conduite de J. C. Nee et de Wibrant de Warwic cetr. Fol. Amst. 1609. Append. Vocabul. des mots Javans et Malayts.",1609,printed,,177,no,False
"Javanisch,  Javanesisch",java1254,Bry,"De Bry, India orientalis. 12 Tom. fol 1628. V. 57 sqq.",1628,printed,,177,no,False
"Javanisch,  Javanesisch",java1254,Raffles,"*Raffles, Th. St., The history of Java. 2 Volt. 4. Lon- don 1817. n. Append. 72—174.",1817,printed,,177,no,False
"Javanisch,  Javanesisch",java1254,Crawfurd,"*Crawfurd, History of tkelnd. archip. I. 264—71; II. 125 - 91. ( Grammatik. II. 1 — 39 , 68. )",,printed,,177,yes,False
"Javanisch,  Javanesisch",java1254,Balbi,"*Balbi, Atlas ethnogr. Tab. xl. no. 321—327.",,printed,,177,compendium,True
"Javanisch,  Javanesisch",java1254,Marsden,"*Marsden, Miscell. works p. 87 — 89.*",,printed,,177,yes,False
"Javanisch,  Javanesisch",java1254,Eysinga,"♦Roorda van Eysinga, P. P., Algemeen Nederdtritech en Javaanack Weordenboek.. 4* Kämpen 1834.",1834,printed,,178,no,False
"Javanisch,  Javanesisch",java1254,Brückner,"♦Brückner, G.. Proeve eener Javaansche Spraakkoiist. 8. Seramp. 1830.",1830,printed,,178,yes,False
"Javanisch,  Javanesisch",java1254,Gericke,"♦Gericke, J. F. C, Eerste Gronden der Javaansche Taal, benevens Javaansch Leer- en Leesboek, met eene Wordenlijst cetr. 4. Baiav. 1831.",1831,printed,,178,yes,False
"Javanisch,  Javanesisch",java1254,Groot,"♦Cornets de Groot, A. D., Javaansche Spraakkunst ; uitg. door J. F. C. Gericke, met eene Woordenli jst von Roorda v. Eysinga. 8. Batav. 1833. (*Verhandel. van het Batav. Genootsch. T. XVI.)",1833,printed,,178,yes,False
"Javanisch,  Javanesisch",java1254,Eysinga,"♦Roorda van Eysinga, P. P., Javaansche Spraakkunst toegelicht door autogr. Tafelen. 4. Ainsterd. 1835.",1835,printed,,178,no,False
"Javanisch,  Javanesisch",java1254,Humboldt,"*v. Humboldt, W., Kawi-Sprache IIL 241, 320 ff.",,printed,,178,no,False
"Hoka,  Yloko.  -",ilok1237,Wörter,"Wörter, Grammatik.",,printed,,178,no,False
"Hoka,  Yloko.  -",ilok1237,Lopez,"Fray Lopez, Compendio y methodo de la summa de las reglas del arte del ydioma Ylocano. 4. Manilla 1617. — ' 12. ib. 1702.",1617,printed,,178,no,False
"Hoka,  Yloko.  -",ilok1237,Marsden,"♦Marsden, Miscell. works p. 94.",,printed,,178,no,False
"Hoka,  Yloko.  -",ilok1237,Humboldt,"*v. Humboldt, W., Ueber die Kawi-Sprache IL 315.",,printed,,178,no,False
Indochinesisch,,Halbinsel,"Halbinsel, der Andämanischen und Nikobarischen Inseln zu nennen. Ob die Sprachen dieser Völker Töchter- oder Mischlingssprachen des Chinesischen sind, mufs bei der geringen Kenntnifs derselben dahin gestellt bleiben. Ethnographisch und geographisch zerfallen die Indochi-'",,printed,,178,no_code,False
Indochinesisch,,e,"Die erster e, oder Anam- Gruppe, umfafst die Tonfcme* sen, Cocbiochinesen und das Karabodya-Volk, welche vielfach getrennte Dialekte reden, zur Schrift- und Ge- lehrtensprache aber des Chinesischen sich bedienen. — Die westliche Gruppe^ aus den Siamesen, Laos, Birma- nen, Peguanern (Moan) und Ruk'he",,printed,,179,no_code,False
Indochinesisch,,Leyden,"♦Leyden, On the languages and literature of the Indo- Chinese nations, in Asiat. Research. Vol. X.",,printed,,179,no_code,False
Indochinesisch,,Sprachstamm,"Dieser grofse Völker- und Sprachstamm, welcher auch Indo-Europäisch, Japetisch, Arisch und Sanskritisch genannt wird, reicht vom Ganges bis zum Tajo, von den Südrändern des Himalaja bis zu den $äulen des Herkules, von Island bis Sicilien, und beherrscht, durch Romanische, Germanische und Russisch-Sl",,printed,,179,no_code,False
Indochinesisch,,Griech.,"Griech., Germ an. 8. Frankf* a. M. 1816.",1816,printed,,179,no_code,False
Indochinesisch,,Bopp,"*Bopp, Fr., Analyt. Verglekhung des Sanskr., des Griech., Lat. u» der German» Dialecte, welche die ursprüngl. Ueber- einstimirarag ihres grammat.; Baues beweist; aus den Annals of Orient. Liter, Lond. 1820, übers, von Pacht, in See- bo de' s Neuem Archiv 1827. Bd. III. IV.",1820,printed,,179,no_code,False
Indochinesisch,,cnner,"*Schmitth cnner, Fr., Ursprachlehre. Entwurf zu einem System der Grammatik,. mit besond. Rucks, auf die Sprachen des Indisch -Teutschen Stammes: das Sanskr., Pers., die Pe- lasg., Slaw. u. Teutschen Sprachen. 12. Frankf. 1827. ' *v. Kennedy, Researches into the origin and affmily of the principle la",1827,printed,,179,no_code,False
Indochinesisch,,Pott,"♦Pott, A. F., Etymolog. Forschungen auf dem Gebiete der Indo- German. Sprachen. 2 Bde. 8. Lemgo 1833. 36.",1833,printed,,179,no_code,False
Indochinesisch,,Bopp,"♦Bopp, Fr., Vergleichende Grammatik des Sanskr., Zend, Griech., Lat., Litthau., Altslaw., Gothischen und Deutseben. 4. Abth. 4. Berlin 1833 — 42.",1833,printed,,179,no_code,False
Indochinesisch,,Eichhoff,"♦Eichhoff, F. G., Parallele des langues de l'Europe et de Finde, ou etude des prineip. langues romanes, germani- ques, slavonnes et celtiqnes compar. entre elles et a la langue sanscrit. 4. Paris 1836. — Uebers/vön J. H. Kaltschmidt. 4. Leipzig 1840.",1836,printed,,179,no_code,False
Indochinesisch,,Lepsius,"♦Lepsius, R., Zwei Sprachvergleich. Abhh. I. Ueber die Anordnung und Verwandtsch. des Semitischen, Indischen, Ae- t Atopischen, Altpersischen u. Altägypt. Alphabets. H. Ueber den Urspr. u. d, Verwandtsch. der Zahlw. in den Indogerm., Semit, u. Kopt. Sprachen. 8. Berlin 1836.",1836,printed,,179,no_code,False
Indochinesisch,,Bnpp,"*Bnpp, Fr., Vocalismus oder sprachvergl. Kritiken über J. Grimm's deutsche Grammatik u. Graffs althochdeutschen Sprächschatz, mit Begründung einer neuen Theorie des Ab- lauts. 8. Berlin 1836.",1836,printed,,179,no_code,False
Indochinesisch,,Wüllner,"♦Wüllner, Fr., Ueber die Verwandtsch. des Indogerm., Se- mitischen und Tibetanischen, nebst einer Einl. über den Urspr. der Sprache. 8. Münster 1838.",1838,printed,,179,no_code,False
Indochinesisch,,Dünizer,"♦Dünizer, H., Die Deklination der Indogerm. Sprachen, nach Bedeut. u. Form entwickelt. Ein Beitrag zur Formlehre",,printed,,179,no_code,False
Indochinesisch,,er,"* Hof er, A., Beiträge zur Etymologie n. vergleichenden Grammatik der Hauptsprachen des Indogermanischen Stammes. 8. Berl. 1839. Bd. I. Zur Lautlehre.",1839,printed,,179,no_code,False
Indochinesisch,,Dorn,"♦Dorn, B., Ue*ber die Verwandtschaft des pere., german. u. griech.- lateinischen Sprachstammes. 8. Hamb. 1827.",1827,printed,,179,no_code,False
Indochinesisch,,Jenisch,"* Jenisch, D., Philos. krit. Vergleich, u. Würdigung von 14 alt. u. neueren Sprachen Europas, namentl. der Griech., Lat, ItaL, Span., Portug., Franz., Engl., Deutsch., Holland., Dan., £chwed., Poln., Russ., Litth. 8. Berlin 1796.",1796,printed,,179,no_code,False
Indochinesisch,,Denina,"*Denina, Ch., La clef des langues, ou obserw. sur Fori- gine et la formation des princip. langues qu'on parle et qu'on ecrit eu Europe. 3 Voll. 8. Berlin 1803.",1803,printed,,179,no_code,False
Indochinesisch,,Arndt,"*v. Arndt, C. G., Ueber den Ursprung u.' die verschie- deuart. Verwandtschaft der Europäischen Sprachen. Herausg. von J. L. Kl üb er. 8. Frankf. 1818. '",1818,printed,,179,no_code,False
Indochinesisch,,Bernd,"*Bernd, C S.^Th., Die Verwandtschaft der german. und slawischen Sprachen mit einander und zugleich mit der grie- chischen und römischen. 8. Bonn 1822.",1822,printed,,179,no_code,False
Indochinesisch,,Murray,"* Murray, A., History of the European languages.' 2 Voll. 8. Edinburgh 1823.",1823,printed,,179,no_code,False
Indochinesisch,,Wagner,"Wagner, A., Zum Europ. Sprachenbau; oder Forschun- gen über die Verwandtschaft der Teutonen, Griechen cetr. Nach A. Murray bearbeitet. 2 Bde. 8. Leipzig 1826.",1826,printed,,179,no_code,False
Indochinesisch,,Hamaker,"*Hamaker, H. A., Akadem. Voorlezingen dVer' het nut c» de belangrijkheid der grammatische Vergelijking van het Grieksch, hen Latijn en de Germaansche tongvallen met het",,printed,,179,no_code,False
"Juriba,  Yotirriba",yoru1245,Nordafrika,"Völkerschaft im Innern von Nordafrika, im Norden des Niger.",,printed,,194,no,False
"Juriba,  Yotirriba",yoru1245,Clapperton,"♦Clapperton, See. exped. to Africa p. 341 (140 Wörter).",,printed,,194,yes,False
"Ekafir,  Gaur,  Geber  (Ungläubige),  das  wichtigste  Volk",,Sparrmapn,"Sparrmapn, A., Resa cefr. p. 761 sqq.; *Uebers. S. 623 ff.",,printed,,194,no_code,False
"Ekafir,  Gaur,  Geber  (Ungläubige),  das  wichtigste  Volk",,Barrow,"*Barrow, Account cetr. — *Uebers. I. 272 ff.",,printed,,194,no_code,False
"Ekafir,  Gaur,  Geber  (Ungläubige),  das  wichtigste  Volk",,White,"White, W., Journal of a Voyage perform, from Madras to Colombo and Lagoa Bay cetr. With a vocabulary. 4. London 1800.",1800,printed,,194,no_code,False
"Ekafir,  Gaur,  Geber  (Ungläubige),  das  wichtigste  Volk",,Lichtenstein,"*Lichtenstein, Bemerkk. I. 299, 304 ff. — * Reisen I. 641; II. 620 ff. (s. o. Hottentott.)",,printed,,194,no_code,False
"Ekafir,  Gaur,  Geber  (Ungläubige),  das  wichtigste  Volk",,ein,"* Liebten st ein, Reisen I. 637 ff.",,printed,,194,no_code,False
"Ekafir,  Gaur,  Geber  (Ungläubige),  das  wichtigste  Volk",,Boyce,"Boyce, B., Gramm, of the Kafir lg. 8. Grahamstown 1834.",1834,printed,,194,no_code,False
"Ekafir,  Gaur,  Geber  (Ungläubige),  das  wichtigste  Volk",,Gabon-Flusse,"Ein Negerstamm am Gabon-Flusse, nicht ohne alle Kultur und Industrie, aber noch Menschenfresser.",,printed,,194,no_code,False
"Ekafir,  Gaur,  Geber  (Ungläubige),  das  wichtigste  Volk",,Bowdich,"♦Bowdich, Mission p. 505 (Zahlwörter). .",,printed,,194,no_code,False
"Ekafir,  Gaur,  Geber  (Ungläubige),  das  wichtigste  Volk",,Bowdich,"♦Bowdich, Mission p. 305 (Zahlwörter). . #",,printed,,194,no_code,False
"Ekafir,  Gaur,  Geber  (Ungläubige),  das  wichtigste  Volk",,Balbi,"♦Balbi, Atlas ethnogr. Tab, xxxix. no. 304.",,printed,,194,no_code,True
"Ekafir,  Gaur,  Geber  (Ungläubige),  das  wichtigste  Volk",,Sudan,"Ein Afrikanisches Volk in Sudan, östlich von Tom- buktu auf dem Nordufer des Gambaru.",,printed,,194,no_code,False
"Ekafir,  Gaur,  Geber  (Ungläubige),  das  wichtigste  Volk",,Bowdich,"♦Bowdich, Mission p. 505 (Zahlwörter). ♦Balbi, Afläs ethnogr. Tab. xxxix. no. 306.",,printed,,194,no_code,True
"Ekafir,  Gaur,  Geber  (Ungläubige),  das  wichtigste  Volk",,Loango,"Königreichs Loango, mit einer zum Kongo -Stamme ge- hörigen Sprache.",,printed,,196,no_code,False
"Ekafir,  Gaur,  Geber  (Ungläubige),  das  wichtigste  Volk",,Oldendorp,"♦Oldendorp, Geschichte der Mission S. 346. ♦Balbi, Atlas ethnogr. Tab. xxxix. no. 277.",,printed,,196,no_code,True
"Ekafir,  Gaur,  Geber  (Ungläubige),  das  wichtigste  Volk",,Itülmen,"Benennung Itülmen, Itelmän, bilden einen besondern Volks- und Spracheostamin, der in mehrere mundartlich verschiedene Zweige zerfällt.",,printed,,196,no_code,False
"Ekafir,  Gaur,  Geber  (Ungläubige),  das  wichtigste  Volk",,Billings,"♦Billings, Reise p. 111$ — ♦Uebers. S. 399. ♦Klaproth, Asia polygl. S. 321. 22* AU. fol. 49—57.",,printed,,196,no_code,True
"Karnata,  Jtarnara",nucl1305,Reeve,"Reeve, Dictionnaire anglais et Cernataka. 4. Madras 182?",,printed,,198,no,False
"Karnata,  Jtarnara",nucl1305,Estevano,"Estevano, Tb., Arte da lingoa Canarina. 4. Rachol (Goa) 1640.",1640,printed,,198,no,False
"Karnata,  Jtarnara",nucl1305,M'Kerrell,"*M'Kerrell, J., Grammar of the Carnataca language. 4. Madras 1820.",1820,printed,,198,no,False
"Karnata,  Jtarnara",nucl1305,Vater,"♦Vater, Analekten, Heft f. Taf. I. (Verb, subst.)",,printed,,198,no,False
"Karnata,  Jtarnara",nucl1305,Marsden,"*Marsden, MiscelJ. works pag» 108. (Aus Wilson, Mis- sion voy.)",,printed,,198,no,False
Karwar,,Ostindien,"Bejul in Ostindien, zwischen Berar, Orissa und den nörd- lichen Ciliare, nicht sehr fern von dem Dorfe Udgegur.",,printed,,198,no_code,False
Karwar,,65,"♦Asiat. Journal Vtt. 65, 90. — *Mithridates IV. 67.",,printed,,198,no_code,True
Kaschmir,kash1277,Vater,"* Vater, Analekten der Sprachk. Heft I. Taf. 1. (Verb, substant.)",,printed,,198,no,False
Kaschmir,kash1277,Edgeworth,"*Edgeworth, P., Grammar andVocabul. of the Gashmiri lauguage, im Journ. of the Asiat. Soc. of Bengal, 1841. X. 1038 — 64,",1841,printed,,198,yes,False
Kaschmir,kash1277,Kassianthen,"Kassianthen, Tjemba*",,printed,,198,no,False
Aschanti,akan1250,i,"* B a 1 b i , Atlas« ethuogr. Tab. xxxix. * no. 258.",,printed,,198,unclear,False
Aschanti,akan1250,Barton,"*Barton, New views of America. 1798.",1798,printed,,198,no,False
Aschanti,akan1250,Balbi,"*Balbi, Atlas ethnogr. Tab. xli. no. 794.",,printed,,198,compendium,True
Aschanti,akan1250,Abassen,"Abassen, Tscherkessen, Osseten, Mkdeghen, Georgier,",,printed,,206,no,False
Kawi,kawi1241,Raffles,"♦Raffles, Th. St., History of Java I. 367. ♦Crawfurd, J., in Asiat. Res. (ed. Calc.) XIII. 144, 166. *v. Schlegel, W., Indische Bibliothek I. 400. *v. Humboldt, W., Ueber die Kawi-Sprache auf der In- sel Java. 3 Bde. 4. Berlin 1836 — 39.",1836,printed,,201,no,False
Kawi,kawi1241,Brasiliens,"Gräuzen Brasiliens, streifender Indianerstannii.",,printed,,201,no,False
Kawi,kawi1241,Hefrvas,"*Hefrvas, Catalogo p. 56; — *Sagg. prat. p. 63, 64. *Mithrid. III. 571, 577. — *Balbi, Atl. xli. 466.",,printed,,201,compendium,True
Kawi,kawi1241,Kayuga,"Kayuga, Goyogans, Qjieiigues.",,printed,,201,no,False
Kawi,kawi1241,Nationen,"Nationen, südlich von den grofsen Kanadischen Seen, dessen 'Wohnsitze am westlichsten, bis au den Nordarm des Susquehannah, reichen.",,printed,,201,no,False
Kawi,kawi1241,S.,"♦Barton. B. S., New views of America. 8. Philad. 1798. ♦Mithridates III. 3. Abth. S. 318. *Balbi, Atlas ethnogr. Tab. xli. no. 799.",1798,printed,,201,compendium,True
Kawi,kawi1241,Kelten,"Die Kelten, welche früher, auch in sprachlicher Hinsicht, irriger Weise für ein Urvolk gehalten wur- den, sind, gleich ihren längst verschollenen Galatischen Brüdern Klein -Asiens, aus ihren einstigen Hauptsitzen in Oberitalien, Helvetien, Süddeutschland, Frankreich uud der Pvrenäischen Halbinsel vo",,printed,,201,no,False
Kawi,kawi1241,Fontette,"*Le Long et F. de Fontette, Bibliotheque historique dela France. 5 Voll. fol. Par. 1768— 78. 1.219—248. (Litterator.)",1768,printed,,201,no,False
Kawi,kawi1241,Denina,"♦Denina, C. J. M., Sur la langue Celtique et Celles qu'on pretend en etre sorties. 4. Berol. 17b7.",,printed,,201,no,False
Kawi,kawi1241,Goldmann,"*Goldmann, G. A. J. , Comment. qua~trin. lingu. Vascon., Belgarum et Celiarum discrimen et diversa cujusque indoles do.cetur. 4. Goiting. 1808.",1808,printed,,201,no,False
Kawi,kawi1241,Celtique,"Celtique, Gauloise et Tudesque. 2 Voll. 4. Gand 1815. 16.",1815,printed,,201,no,False
Kawi,kawi1241,Diefenbach,"♦Diefenbach, L., Celtica. I. Sprachl. Doeumente zur Geschichte der Kelten. II. Versuch einer genealog. Gesch. d. Kelten. 8. Stuttg. 1839. 40.",1839,printed,,201,no,False
Kawi,kawi1241,Maclean,"Maclean, L., History of the Celtic langu. 12. Lond. 1840.",1840,printed,,201,no,False
Kawi,kawi1241,Chapin,"*Chapin, A. B., On the studes of the Celtic languages. 8. New- York 1840. (From the N. York Review. Apr. 1840.)",1840,printed,,201,no,False
Kawi,kawi1241,Galli,"Galli, G, Essai sur le nom et la langue des anciens Cel-",,printed,,201,no,False
Kawi,kawi1241,Prjchard,"♦Prjchard, J. C, The eastern origin of the Celtic nations. proved by a comparaison of their dialects (Irish and Welsh) with the Sanscr., Greek, Lat. and Teutonic languages. 8. Ox- ford 1831.",1831,printed,,201,no,False
Kawi,kawi1241,Pictet,"*Pictet, A., De Taffinitc des langues Celtiques avec le Sanscrit. 8. Par. 1837. (Cf. *Journ. Asiat. 1836. p. 263-90, 417 — 48.)",1836,printed,,201,no,False
Kawi,kawi1241,Bopp,"*Bopp, Fr., Die Keltischen Spracheu in ihrem Verhall». ' zum Sanskr., Zend, Griech., Lat., German., Litth. u. Slawi- schen. 4. Berlin 1839.",1839,printed,,201,no,False
Kawi,kawi1241,Edwards,"*Edwards, W. F., Recherches sur les langues Celtiques. 8. Paris 1844.",1844,printed,,201,no,False
Kawi,kawi1241,Alteserra,"♦Alteserra, A.D., Rerum Aquitanicarum libri V. 4. Tou- louse 1648. p. 127 sqq.",1648,printed,,103,no,False
Kawi,kawi1241,Leibnitius,"*Leibnitius, G. G., Collectanea etymologica, illustrat. lin- guarum veteris Celticae, German.', Gaiicae aliaruraque inser- vientia. 2 Part. 8. Hannov. 1717.",1717,printed,,103,no,False
Kawi,kawi1241,Bullet,"♦Bullet, J. B., Memoires de la langue Celtique (l'hist. de la langue; descript. etymol. des villes, rivieres cetr. des Gau- les; dictionnaire Celtique). 3 Tora. fol. Besang. 1754—60.",1754,printed,,103,no,False
Kawi,kawi1241,Bardetti,"*Bardetti, St., Della lingua de' priori abitatori dell' Ita- lia. 4. Modena 1772. p. 58, 67 sqq.",1772,printed,,103,no,False
Kawi,kawi1241,Parrot,"*Parrot, Versuch über Li wen cetr. II. no. 6 — 13, 21.",,printed,,103,no,False
Kawi,kawi1241,Wernsdorf,"♦Wernsdorf, G., De republica Galataruni. 4. Norirab. 1743. pag. 326 — 338. (Galatische Wörter.)",1743,printed,,103,no,False
Kawi,kawi1241,Leclerc,"Leclerc, J. B., Archeologie Celto- Romaine de Farrondis- semeut de Chätillon-sur- Seine (Cöte d'Or). 8. 1. Part. suiv. d'un glossaire Celtique. Chatillon 1839.",1839,printed,,103,no,False
Kensy,,Sebuah,"Die Sprache der vom Wadi Sebuah, den Nil ent- lang, bis nach Obcr-Aegypten wohnenden Kenu's (auch Barabras, Barbary genannt, verschieden von Berber) weicht von der Arabischen ganz ab. Die Dongola- und N üb a -Sprache sind nur wenig von ihr verschieden.",,printed,,103,no_code,False
Kensy,,Vater,"* Vater, Proben deutscher Volksmundarten S. 247.",,printed,,103,no_code,True
Kensy,,Burckhardt,"*Burckhardt, J. L., Travels in Nubia. 4. l^ond. 1819. Kensy- und Nuba-Vocab. S. 153 — 159.",1819,printed,,103,no_code,False
Kensy,,Minutoli,"*v. Minutoli, J. H. M., Reise zum Tempel des Jupiter Amnion u. nach Ober- Aegypten. Hrg. von £. H. Tölken. 4. Berlin 1824. Nachtr. 1827. — S. 324.",1824,printed,,103,no_code,False
Kensy,,Cailliaud,"♦Cailliaud, F., Voyage a McVoe cetr. 4. Tom. 8. Pa- ris 1826 — 27. II. 427.",1826,printed,,103,no_code,False
Kensy,,Jterrapi,"Jterrapi, Krepi,",,printed,,204,no_code,False
Kensy,,Isert,"*Isert, Reise S. 203. — * Mithridates III. 232.",,printed,,204,no_code,True
Kensy,,Bowdieh,"♦Bowdieh, Miss. p. 505. — *Balbi, xxxix. n. 264.",,printed,,204,no_code,True
Kong,,Hochsudans,"Ein Kulturvolk Hochsudans, dessen Sprache Bow dich für ein verdorbenes Gemisch der Mandingo- und Bambarra- Sprache hält.",,printed,,204,no_code,False
Kong,,Bowdich,"♦Bowdich, Mission p. 505. (Zahlwörter.) ♦Balbi, Atlas etlinogr. Tab. xxxrx. no. 233.",,printed,,204,no_code,True
Kongo,,mächtiges,"Ein besonders ehemals mächtiges , Negerreich Süd- guinea's zwischen dem Zaire- und Logeflusse. Die Spra- che seiner Bewohner bildet den Hauptstock einer Fa- milie, deren übrige Glieder die Loango-, Kainba-, An- ziko-, Bünda- oder Angola-, Benguela- und Mandongo- Sprache sind.",,printed,,204,no_code,False
Kongo,,IIa,"Mar o IIa, <?., Relazione del viaggio nel Congo. 8. Neap. 1726. pag. 311 — 316.",1726,printed,,204,no_code,False
Kongo,,Oldendorp,"♦Oldendorp, Gesch. der Mission S. 346.",,printed,,204,no_code,False
Kongo,,Vetralla,"♦Bru8ciottus ä Vetralla, Hvac, Regulae quaedam pro",,printed,,204,no_code,False
Kreolisch,,Inseln,"Das auf den Westindischen Inseln, namentlich auf St. Croix von den Negersklaven geradebrechte Hollan- dische (auch wol Englische).",,printed,,211,no_code,False
Kreolisch,,Wörter,"Wörter, v Grammatik. Kingos, J. C, Kreool ABC -Buk. 8. St Croix 1770. J. M. , f Grammatica over de Creolske Sprog pä de Danske Eilande i America. 8. Kjöbenh. 1770. ♦Oldendorp, Gesch. der Mission L 424.",1770,printed,,211,no_code,False
Kurdisch,kurd1259,Kurdistan,"Kurdistan, im westlichen und nördlichen Persien, zer- streut über Mesopotamien, Syrien und das östliche Klein- asien, und scheinen mit den alten nicht Semitischen Nord- cbaldäern und* Kasdirn im wesentlichen dasselbe Volk zu sein. Ihre Sprache hat mit dem Persischen vieles gemein, ist aber noch weit",,printed,,213,no,False
Kurdisch,kurd1259,Güldenstadt,"♦Güldenstadt, Reisen II. 545 — 552. ♦Fundgruben des Oriente IV. 312—21, 244. (Klapr.) _*v. Klaproth, Asia polygl. S. 76 — 81. *Baibi? Atlas ethnogr. Tab. xxxvn. no. 36. *Rich, J., Narrative of a residence in Koordistan. 2 Voll. 8. Loud. 1836. I. 394 — 398.",1836,printed,,213,compendium,True
Kurdisch,kurd1259,Garzoni,"*Garzoni, M., Grammatica e vocabulario della lingua Kurda. 8. Rom. 1787.",1787,printed,,213,yes,False
Kurdisch,kurd1259,Anton,"* Anton, C. G., Unterscheidungszeichen der occident. und oriental. Sprachen. 8. Leipzig 1792. S. 33. (Conjug.)",1792,printed,,213,no,False
Kurdisch,kurd1259,Rödiger,"*Rödiger, E., u. A. F. Pott, Die feurd. Lautlehre, in Zeitechr. f. K. d. Morgen!. II. 25 — 63 j IV. 1— 43, 259 — 81. (Allg. üebers. d. Kurd. Spr., Statist, u. Litter. .ebd. IL 1—25.)",,printed,,213,no,False
Kurdisch,kurd1259,Benennung,"Aino nach einheimischer Benennung, heiüsen die Bewoh- ner der nach ihnen benannten Inseln zwischen Japan und der Südspitze Kamtschatka^, so wie der gegenüber* liegenden Küsten des Mandschu- Landes. Die letztern werden von dea Mandschu Chedjen und Fiaka ge-",,printed,,213,no,False
Kurdisch,kurd1259,Krnsenstern,"*v. Krnsenstern, Wörtersammlungen S. 1 ff. *v. Klaproth, Asia polygl S. 303 — 315. *Balbi, Atlas ethn. Tab. xxxvn. no. 151 —53.",,printed,,214,compendium,True
Kurdisch,kurd1259,Lantpan,"Lantpan, Lampong.",,printed,,214,no,False
Kurdisch,kurd1259,Marsden,"*Marsden, W., History of Sumatra. 4. Lond. 1784. p«g. 168. — *üebers. S. 217. .",1784,printed,,214,no,False
Kurdisch,kurd1259,Crawfurd,"♦Crawfurd, History of the Ind. archipel. I. 264 — 271; U. 125 — 91.",,printed,,214,no,False
Kurdisch,kurd1259,Balbi,"*Balbi, Atlas ethnogr. Tab. xl. no. 332. . *Marsden, Miscellanequs works p. 28, 82, 90.",,printed,,214,compendium,True
Ruk'heng,,Vater,"* Vater, Proben deutscher Mundarten S. 230 ff.",,printed,,215,no_code,True
Ruk'heng,,Finnischen,"Finnischen, und noch mehr der Madjarischen verwandt, zerfällt aber bei de* sporadischen Lebensweise des Volks in ungleich schärfer gesonderte Dialekte.",,printed,,215,no_code,False
Ruk'heng,,Högström,"*Högström, P., Beschreibung des Schwed. Lapplands. Uebers. v. Templin. 8. Stockh. u. Leipz. 1748. S. 69—86.",1748,printed,,215,no_code,False
Ruk'heng,,Leem,"*Leem, K., De Lapponibus Finmarchiae, eorumque lingua, vita et religione comment. 4. Hafn. 1768.",1768,printed,,215,no_code,False
Ruk'heng,,Sajnovics,"*Sajnovics, J., Demonstratio idioma Ungarorum et Lap- ponnm idem esse. 4. Hain. 1770.",1770,printed,,215,no_code,False
Ruk'heng,,Oehrling,"Oehrling, £. J., Dissert. de convenientia linguae Hungar. cum Lapponica. 4. Upsal 1772.",1772,printed,,215,no_code,False
Ruk'heng,,Gyarmathi,"*Gyarmathi, Affinitas lingu. Hungar. cetr. p. 1.",,printed,,215,no_code,False
Ruk'heng,,Klaproth,"*v. Klaproth, Asia polygl. Atlas foL 12 — 22.",,printed,,215,no_code,True
Ruk'heng,,Fiellström,"Fiellström, P., Dictionarium Sueco- Lapponicum, euer en Orda-Bok. 8. Holm. 17*8.",,printed,,215,no_code,False
Ruk'heng,,Leem,"*Leem, C. et 6. Sandberg, Lexicon Läpp.- Dan. -Lat. et IW-LaL-Lappicum c. indic. Lat. 2 P. 4. Nidros. et Havn. H6S — 1781.",1781,printed,,215,no_code,False
Ruk'heng,,Lindahl,"*Lindahl, E., et J. Oehrling, Lexicon Lapponicum c. Interpret. Sueco -Lat. et ind. Sueco -Läpp., nee non auetum Grammatica Läpp. ,4. Holm. 1780.",1780,printed,,215,no_code,False
Ruk'heng,,Fiellström,"*Fiellström, P., Grammat. Lapponica. 8. Holm. 1738.",1738,printed,,216,no_code,False
Ruk'heng,,Ganander,"♦Ganander, H., Graramalica Lapponica. 8. Holm, 1743.",1743,printed,,216,no_code,False
Ruk'heng,,Leem,"Leem, K., Lappisk Grammatica efter den Dialect, som bru- ges of Field-Lapperne udi Porsanger Fiorden. 8. Kiobh. 1748.",1748,printed,,216,no_code,False
Ruk'heng,,Rask,"*Rask, R., Raesoneret Lappisk Sproglaere cetr. £n Omar- bejdelse af K. Leems Grammatipa. 8. Kjobenh. 1832.",1832,printed,,216,no_code,False
Ruk'heng,,Possart,"Possart, P. A. F. K., Kleine Lappl. Grammatik, mit Ver- gleichung der Finn. Mundarten. 8. - Stuttg. 1840.",1840,printed,,216,no_code,False
"Lepchas,  Limbus",lepc1244,Campbell,"'Campbell, A., Note on die Lepchas of Süddm, with a vocabulary of their langu.; u. dess. Note on the Limboos aud othern hill tribes hitherto undescribed — im Joorn. of ,the Asiat. Spc. of Bengal. IX. 379 — 93, 594 — 615.",,printed,,225,yes,False
Loango,vili1238,Dialekte,"Dialekte, von welchen die von Loango und Kakongo am bekanntesten sind.",,printed,,290,no,False
Loango,vili1238,Proyart,"♦Proyart, Hist. de Loango, Kakongo et autres royaumes d'Afrique. 8. Par. 1776. Ch. XIX. — »Uebers. Leipz. 1777. S. 150 ff.",1776,printed,,290,no,False
Loango,vili1238,zahlreiches,"Ein früher sehr zahlreiches, jetzt fast ausgerottetes Südamerikanisches Volk in Paraguay unweit des Flus- ses Vermejo. Sie zerfielen in die Lule, Isistine, Toki- stine, Oristine und Tonokote, und sollen mit den g* fürchteten Mataras. ein und dasselbe Volk sein. Iure Sprache ist mit der Vjlela verwan",,printed,,290,no,False
Loango,vili1238,Hervas,"*Hervas, Vocab. poligl. p. 163. — * Mithrid. III. 516. *Balbiv Atlas ethnogr. Tab. xli. no. 456.",,printed,,290,compendium,True
Loango,vili1238,Machoni,"Machoni, A., Arte y vocabulario de la lengua Lule yTo- nocote. 12. Madrid 1732. *Mithridates HI. 510 — 512.",1732,printed,,290,compendium,True
Madegassisch,plat1254,Madagaskar,"Madagaskar, deren Sprache, wenn sie auch einigen Einflute des Arabischen erfahren hat und sich Arabischer Schrift- zeichen bedient, doch reinen Malayischen Ursprungs ist und eine besondere Verwandtschaft zu der Nias- und anderen Sumatra -Sprachen hat.",,printed,,281,no,False
Madegassisch,plat1254,Megiser,"♦Megiser, H., Beschreybung der Insel Madagascar, nebst Dict. 8. Leipa. 1609. — 12. ib. 1623. S. 75 — 179.",1609,printed,,232,no,False
Madegassisch,plat1254,Herberts,"Herberts, Th, Travels into divers parts of Asia and Af- rica. Fol. Lond. 1638. p. 22. — *Holl. von L. V\ Bosch. 4. Dordr. 1658.",1638,printed,,232,no,False
Madegassisch,plat1254,Cauche,"Cauche, Fr., Relation da voyage k Madagascar. 4. Paris 1651. p. 101.",1651,printed,,232,no,False
Madegassisch,plat1254,Relandi,"*Relandi, Dissertationes miscell. IH. 121 sqq.",,printed,,232,no,False
Madegassisch,plat1254,Hervas,"♦Hervas, Vocab. petögl. p. 164 sqq.",,printed,,232,compendium,True
Madegassisch,plat1254,Parkinson,"* Parkinson, S., Journal of a voyage to the South -Seas. 4. London 1784. — 1793. p. 201 sqq.",1784,printed,,232,no,False
Madegassisch,plat1254,Rochon,"Rochon, Voyages k Madagascar et aux Indes Orient. 8. Paris 1791 — 1802. T. H. — *Uebers. von G. Forster. 8. N Berlin 1792.",1791,printed,,232,no,False
Madegassisch,plat1254,Crawfurd,"♦Crawfurd, Indian Archipelago I. 264-71; II. 125-91.",,printed,,232,no,False
Madegassisch,plat1254,Marsden,"*Marsden, Miscellaneous works p. 91, 92.",,printed,,232,no,False
Madegassisch,plat1254,Humboldt,"*v. Humboldt, Kawi-Spracke II 241 ff.",,printed,,232,no,False
Madegassisch,plat1254,Challand,"Challand, Vocabulaire Fran$. et Malgache. 4. Isle de France 1773.",1773,printed,,232,no,False
Madegassisch,plat1254,Chapeliers,"Chapeliers, Grammar Madeg., in d. Annais marif. -et Co- lon. 1827.",1827,printed,,232,no,False
Madegassisch,plat1254,theilen,"Finnen den Ruhm theilen, vor allen verwandten Stäm- men allein die angeerbte Sprache zu einer Schrift- uud Literatursprache erhoben zu haben. Sie wohnen unge- mischt in der Ebene am Theifs und gemischt mit Ger- manischen und Slawischen Völkern in ganz Ungarn, Siebenbürgen, in der Bukowina und der an",,printed,,232,no,False
Madegassisch,plat1254,Beregszäszi,"*Beregszäszi, P., Ueber die Aehnlichkeit der Hangar. Sprache mit den morgenländischen. 4. Leipzig 1796.",1796,printed,,232,no,False
Madegassisch,plat1254,Gyarmathi,"*Gyarmathi, S., Affinitas linguae Hungaricae cum unguis Fennicae originis grammatice demonstrata, nee non vocabula- ria dialectorum Tataricarum et Slavicarum cum Hungarica com- parata. 8. Gott. 1799.",1799,printed,,232,no,False
Madegassisch,plat1254,Gubernath,"Gubernath, A., Linguae et literat. Hungar. in regia Po- somens. 2 Tom. 8. Prefsb. 1803.",1803,printed,,232,no,False
Madegassisch,plat1254,er,"v. Grub er, C. A-, Historia linguae Ungaricae. 8. Poso- nii 1830.",1830,printed,,232,unclear,False
Madegassisch,plat1254,Klemm,"*Klemm, J. E., Die magyar. Sprache u. die etymolog. Sprachvergleichung. 8. Prefsburg 184$.",,printed,,232,no,False
Madegassisch,plat1254,Molnar,"Molnar, A. , Dictionarium Ungarico- Latinum. 8. Norimb. 1604. — *Heidelb. 1621. — *1644. — *Ed. F. Pa>iz-Pa- pai. Leutschov. 1708.",1604,printed,,234,no,False
Madegassisch,plat1254,Päriz-Päpai,"♦Päriz-Päpai, Fr., Dictionarium Latino -Hangar, et Hun- gar.-Lat. 8. Leutschov. 1708. — 1767. — Ed. J. C Eder. 2 Voll. 8. Poson. 1799. 1801.",1708,printed,,234,no,False
Madegassisch,plat1254,Szabo,"♦Szabo, D., Kisded Szo-Tar (Ungar. Wörterbuch). 8. Kassan 1792.",1792,printed,,234,no,False
Madegassisch,plat1254,Gyarmathi,"*Gyarmathi, S., Vocabularium, in quo plurima Hungaricis voeibus consona variarum linguarum collegit. 8. Betsben 1816.",1816,printed,,234,compendium,True
Madegassisch,plat1254,Bqrnolak,"Bqrnolak, A., Lexicon Slavicum-Bohem.-Lat.-German.* Ungaricum. 6 T. 8. Ofen 1825 — 27.",1825,printed,,234,no,False
"Magindanao,  Mindanao",magu1243,Hillunag,"Hillunag, 2) von schwarzbraunen Magindanao und 3) von Ilyanern bewohnt, zu denen auch noch Bissayer, Ma- kassaren u. a. kommen. Die Sprache der Magindanao soll in 14 Dialekte zerfallen und sich, ähnlich wie das Tagala und Pampanga, zu dem Bissayischen verhalten.",,printed,,236,no,False
"Magindanao,  Mindanao",magu1243,Forrest,"♦Forrest, Th., Voyage to New Guinea and the Moluccas. 4. Lond. 1779. — *8; Par. 1780. Append. — Vgl. *G.For- ster's Kleine Schriften. 8. Berl. 1795. IV. 1 ff.",1779,printed,,236,yes,False
"Magindanao,  Mindanao",magu1243,Crawfurd,"*Crawfurd, Indian archipel. I. 264 — 71.",,printed,,236,no,False
"Magindanao,  Mindanao",magu1243,Balbi,"♦Balbi, Äti. xl. 376. — *Marsden, M. works p. 43,-94.",,printed,,236,compendium,True
Mahrattisch,mara1378,Gondwana,"Theil der Provinzen Gondwana, Malwa, Kandesh, Au- rungabad, Bejapur, Guzerate und Berar verbreitet. Sie enthält viele Sanskrit- oder vielmehr Prakrit- Wörter,",,printed,,236,no,False
Mahrattisch,mara1378,Abstammung,"Abstammung, und bedient sich für gewöhnlich des Mur- Alphabets, für heilige Schriften aber des Balabandi, wes- halb die Sprache selbst auch wohl die Balabandi- 8 che genannt wird.",,printed,,237,no,False
Mahrattisch,mara1378,Pavie,"*Pavie, Th., Quelques observations sur le Gouzerati et le Mabaratti, im Journ. Asiat. 1841. XI. 193 sqq.",1841,printed,,237,no,False
Mahrattisch,mara1378,Carey,"*Carey, W., Dictionary of the Mahratta language. 8. Se- ramp. 1810.",1810,printed,,237,no,False
Mahrattisch,mara1378,Kennedy,"*Kennedy, V., Dictionary of the Marat'ha lauguage. I. Mar; and Engl. II. Engl, and Mar. 2 Voll. fol. Bombay 1824.",1824,printed,,237,no,False
Mahrattisch,mara1378,Molesworth,"*Molesworth,»J. F., A lexicon Muhrat'hee and Engl. 4. Bomb. 1831.",1831,printed,,237,no,False
Mahrattisch,mara1378,Marasta,"*Grammatica Marasta, a mais. vulgär, que se practica dos reinos do Nizamaxa e Idalax a cetr. 8« Rom. 1778. — *Lis- boa 1805.",1778,printed,,237,no,False
Mahrattisch,mara1378,Carey,"*Carey, W., Grammar of the Mahratta language. 8. Se- ramp. 1805.",1805,printed,,237,no,False
Mahrattisch,mara1378,Drummond,"*Drummond, R., Hlustrations of the grammatical parts of the Gazer., Mahratta and Engl, languages. Fol. Bombay 1806.",1806,printed,,237,no,False
Mahrattisch,mara1378,langu.,"A grammar of the Mahratta langu., by Mahomed Ibrahum Makba, revis. by Vans Kennedy. 8. Bomb. 1826.",1826,printed,,237,no,False
Mahrattisch,mara1378,Ballantyne,"*Ballantyne, J. R., A grammar of the Mahratta language. 4- Edinb. 1830. — (1839?)",1830,printed,,237,no,False
Makoby,,Hervas,"♦Hervas, Vocab. p. 163. — *Mithrjd. III. 497, 501 ff.",,printed,,239,no_code,True
Makoby,,JHalabarisch,"JHalabarisch , . Tamulisch.",,printed,,239,no_code,False
Makoby,,ff.,"♦Mithridates I. 209 ff., 223 ff.",,printed,,239,no_code,True
Makoby,,Portugueza,"Grammatica Portugueza, hum vocabulario* em Portuguez e Malabar. 8. Tranquebar 1733.",1733,printed,,239,no_code,False
Makoby,,Agaradi,"The Sadur Agaradi, a dictionary of thejiigher, explained in the lower Tamil dialect. Fol. Madras 1827.",1827,printed,,239,no_code,False
Makoby,,Blin,"*Blin, M. A., Dictionnaire Franc..-Tamoal et Tamoul-Fran- ?»». 8. Paris 1831.",1831,printed,,239,no_code,False
Makoby,,Rottler,"*Rottler, J. P., Dictionary of the Tamil and English lan- ges. 4. Madras 1834.",1834,printed,,239,no_code,False
Makoby,,Ziegenbalg,"♦Ziegenbalg, B., Grammatica Damulica s. Malabarica. 4. Hai. Sax. 1716.",1716,printed,,240,no_code,False
Makoby,,Beschi,"Beschi, C. J., Grammatica Latino-Tamulica, ubi de vul- gari Tamul. linguae idiomate cetr. agitur. 8. Trangamb. 1738.",1738,printed,,240,no_code,False
Makoby,,Walther,"Walther, C. Th., Observationes grammaticae, quibos lin- guae Tamulicae idioma vulgare cetr. illustratur. 8. Trangam- bar. 1739.",1739,printed,,240,no_code,False
Makoby,,Drummond,"Drummond, R., Malabar grammar. Fol. Bombay 1799.",1799,printed,,240,no_code,False
Makoby,,Beschi,"♦Beschi, C. J., Gramm. Lat.-Tamulica. 4. Madras 1813.",1813,printed,,240,no_code,False
Makoby,,Anderson,"* Anderson, R., Rudiments of Tamul grammar, combining with the rules of Kodun Tamul, or the ordinary dialect, an introduct. to Shen Tamul, or the elegant dialect of the lan- guage. 4. Lond. 1821.",1821,printed,,240,no_code,False
Makoby,,Beschi,"*Beschi, C. J., Grammar of the high dialect of the Ta- mil language, termed Shen- Tamil cetr. Transl. by G. Ba- bington. 4. Madras 1822.",1822,printed,,240,no_code,False
Makoby,,Rhenius,"Rhenius, C. T- E-, Gramnar ofrthe Tamil language. 8. Madras 1836. (1839?)",1836,printed,,240,no_code,False
Malayisch,mala1479,Madegassen,"Ausnahme der Madegassen, welche Arabische Schriftzei- chen angenommen, bedienen sich die Malayen der Indi- schen Buchstaben. Ihre Sprache ist weder reine Flc-",,printed,,240,no,False
Malayisch,mala1479,Stamme,"Stamme, als aach zwischen diesen and den Amerikani- schen Sprachen die Mitte, ihrer geographischen Lage voll- kommen entsprechend. In Bezug auf letztere kann man die Malayen mit vollstem Rechte den Oceanischen Menschenstaram nennen, denn sie werden hauptsächlich nur auf den Inselmeeren von Madagaska",,printed,,240,no,False
Malayisch,mala1479,Nak,"Nak, Babi und Baniak an der Westseite Sumatras.",,printed,,240,no,False
Malayisch,mala1479,Javi,"Javi, welche, frei von fremden Wörtern, gleichmä- ßig von den Molukken bis Sumatra und Java im .Ge- brauch ist < . . - • """,,printed,,240,no,False
Malayisch,mala1479,Marsdeu,"♦Marsdeu, W., Bemarks on the Sumatran laaguage*, in Arehaeol. 1782. VI, 154.",1782,printed,,240,no,False
Malayisch,mala1479,Crawfurd,"*Crawfurd, Ind. archipel. I. 264 — 71$ II. 125—91 (Grammat. II. 40 — 58).",,printed,,240,yes,False
Malayisch,mala1479,Jacquet,"♦Jacquet, Bibliothfeque Malaye. 8. Paris 8. a. Abdr. ans ♦Jourii. Asiat. 1831. 32. 34 ff.",1831,printed,,240,no,False
Malayisch,mala1479,Humboldt,"*v. Humboldt, W., Kawi-Sprache. Th. I.",,printed,,240,no,False
Malayisch,mala1479,Bopp,"*Bopp, Fr., Lieber die Verwandtschaft der Malayisch-Po- lynes. Sprachen mit den Indisch-Europ. 4. Berlin 1842. (Abb. der Akademie.)",1842,printed,,240,no,False
Malayisch,mala1479,Dnlaurier,"*Dnlaurier, E., Memoire*, lettres et rapports relatifs au cours de langues Malaye et Javanaise. 8. Paris 1843.",1843,printed,,240,no,False
Malayisch,mala1479,Ogilby,"♦Ogilby, J., Asia. FoL Lond. 1673. p. 129.",1673,printed,,240,no,False
Malayisch,mala1479,Dapper,"♦Dapper, O., Asia. Fol. Amst. 1670.",1670,printed,,240,no,False
Malayisch,mala1479,Reland,"♦Reland, Dissertationes miscell. III. 57.",,printed,,240,no,False
Malayisch,mala1479,Thunberg,"♦Thunberg, C. P., Besä uti Europa, Africa, Asia. 8. Ups. 1788 — 93. II. 260.",1788,printed,,240,no,False
Malayisch,mala1479,Parkinson,"♦Parkinson, Journal of a voyage cetr. p. 184.",,printed,,240,no,False
Malayisch,mala1479,Labillardiere,"*Labillardiere, J. J., Voyage ä la recherche äVla Pe- rouse. 4. Paris 1800. II. Appeud.",1800,printed,,240,no,False
Malayisch,mala1479,Klaproth,"*v. Klaproth, Asia polygl. p. 383, 384.",,printed,,240,compendium,True
Malayisch,mala1479,den,"* Mars den, Miscellaneous works p. 87.",,printed,,240,yes,False
Malayisch,mala1479,livre,"Le second livre, Journal ou comptoir, cont. le vray dis- cours du voyage fait par les huit navires d 'Amsterdam, sous la conduite de J. C. Nee et de Wibrant de Warwic cetr. Append. Vocabulaire des mo(s Javans et Malayts cetr. Fol. Amsterd. 1609.",1609,printed,,240,no,False
Malayisch,mala1479,Wiltens,"Wiltens, C, Vocabularium ofte Wportboeck naer ordre",,printed,,240,no,False
Malayisch,mala1479,ex,"♦Ha ex, Dav., Dictionarium Malaico-Lat. et Latino<»Malai- cum; adjeetae sont dictiones aliquot Tarnatae. 4. Bomae 1631. - * Batavia 1707.",1631,printed,,240,unclear,False
Malayisch,mala1479,Heurnius,"Heurnius, J., Vocabularium ofte Woordenboek in'tDuytsch en Maleys. 4. Amsterdam 164Q.",,printed,,240,no,False
Malayisch,mala1479,Gueynier,"Gueynier, Fr., Vocabulaer ofte Woordenboek in't duytscb ende maleys. 4. Batavia 1677. — N. ed. Batavia 1708*",1677,printed,,240,no,False
Malayisch,mala1479,Bowrey,"*Bowrey, Th., A dictionary Englisch and Malay o, Ma* layo and Englisch; to which is added some short Grammar rules of this langu., and tlie Malayo aiphabet. 4. Land. 17G1.",,printed,,240,no,False
Malayisch,mala1479,Loder,"*Loder, W. A. L., Maleische Woord-boek Sameling. Col- lectanea Malaica Vocabularia, h. e. Congeries omnium Diotio- nariorum Malaicorum hactenus editorum. 2 Part. 4. Bata- viae 1707 — 1706.",1706,printed,,240,no,False
Malayisch,mala1479,Howjson,"Howjson, J., A dictionary of the Malay tongue, as spon- tan in the Peninsula of Malacca, the Islands of Sumatra* Bor- neo, Pulo Pinang cetr., in two parts. Engl, and Malay, and Malay and English; to which is prefixed a grammar of the Malay langnage. 4. London 1801.",1801,printed,,240,no,False
Malayisch,mala1479,Marsden,"*Marsden, W., A dictionary of the Malayan language. 4. London 1812. (Nebst Grammatik cetr.)",1812,printed,,240,no,False
Malayisch,mala1479,Roorda,"*Roorda, P. P., vän Eysinga, Maleisch en Nederduitscb, enNederd. en Maleisch Woordenboeck. 8. Batavia 1824— 25. (Enthält auch eine kurze Grammatik.)",1824,printed,,240,no,False
Malayisch,mala1479,Boze,"♦Boze, P., Dictionnaire Francis et Malais, contenant des dialognes familien. 16. Paris 1825.",1825,printed,,244,no,False
Malayisch,mala1479,out,"♦El out, C P. X, Dictionnaire Holland ais et Malai, suivi d1un dict. Francis et Malai, d'aptes le Dietionn. Anglais et Malai de W. Marsden. 2 Voll. 4. Harlem 1826.",1826,printed,,244,no,False
Malayisch,mala1479,English,"A lexilogus of the English, Malay and Chinese langoages. compreh. the vernacolar idioma of the last in the Hok-kcen and Canton dialects. 8. Malacca 1841.",1841,printed,,244,no,False
Malayisch,mala1479,11,"Roy 11, A. C, Spieghel van de Maleysche Taal. 4. Amster- dam 1612.",1612,printed,,244,unclear,False
Malayisch,mala1479,Roman,"♦Roman, J., Grondt ofte kort Bericht van de Maleysche Tale. 4. Amsterdam 1674.",1674,printed,,244,no,False
Malayisch,mala1479,Lorber,"Lorber, J. Cp., Grammatica Malayca. 8. Vinariae 1689.",1689,printed,,244,no,False
Malayisch,mala1479,Werndly,"♦Werndly, G. H. , Maleische Spraakkonst. 8. Amsterdam 1736. — ♦Neue Ausgabe von C. van Angelb eck. 4. Ba- tavia 1823.",1736,printed,,244,no,False
Malayisch,mala1479,Howison,"Howison, J., A grammar of the Malay tongue, as spoken in the Peninsula of Malacca cetr. Compiled from Bovmy's dictionary and other anthentic docnments. 4. London 1800.",1800,printed,,244,yes,False
Malayisch,mala1479,den,"♦Mars den, W., A grammar of the malayan langnage, with an introdnction and praxis. 4. Lond. 1812. — Ins Holland, n. Franz. übers, voll Elont. 4. Harlem 1824.",1812,printed,,244,no,False
Malayisch,mala1479,Thomasin,"Thomasin, H., An aiphabet, syllabarium and praxis in the Malayan language and character. 12. Malacca 1818.",1818,printed,,244,no,False
Malayisch,mala1479,Robinson,"♦Robinson, W., An attempt to elacidate the principles of Malayan orthography. Fort Marlborough 1823. In 2 Aus- gaben 8. u. 4.",1823,printed,,244,no,False
Malayisch,mala1479,Elont,"Elont, C. P. J., Grammaire malaie-francaise et hollandaise. 4. Harlem 1824.",1824,printed,,244,no,False
Malayisch,mala1479,Schleiermacher,"♦Schleiermacher, A. A. E., De Hnflnence de rScriture snr le langage cetr., suivi de grammaires Barmane et Malaie. 8. Darmstadt 1835.",1835,printed,,244,no,False
Malayisch,mala1479,vanEysinga,"Roorda vanEysinga, Noodzakelijk haudboek der laag Ma- leische taal. 18. Kämpen 1897.",1897,printed,,245,no,False
Malayisch,mala1479,Pyrard,"*Pyrard, Fr., Voyage aux Indes Orient., Maldives, Molti- ques celr. N. ed. 3 T. 4. Par. 1679. T. II. avec un petit dict.",1679,printed,,245,no,False
Malayisch,mala1479,Owen,"*Owen, W. F. W., Remarks on the Maldiva Islands, im Journ. of the Boy. Geogr. Soc. of London. 1832. Vol. IL '",1832,printed,,245,no,False
Malayisch,mala1479,Balbi,"*Balbi, xxxvii. no. 62. — * Ausland, 1840. no. 185.",1840,printed,,245,compendium,True
Malayisch,mala1479,Christopher,"*Christopher, W., Vocabular^ of the Maldivian language, im Journ. of the Asiat. Soc. of Bengal. 1841. VI/ 42 — 76.",1841,printed,,245,no,False
"Mallikolo,  Manikolo",,Cook,"*Cook, Voyage to the Pacif. Ocean. IL Append. no. 2. * Forster, J. R., Bemerkungen auf seiner Reise um die Welt. 8. Berlin 1783. S. 254. *VocabuI. Cath. no. 194. — *Balbi, Atl. lx. no, 433. *Marsden, Miscellaneous works p. 105.",1783,printed,,245,no_code,True
Mandara,wand1278,Afrika,"Landschaft im innern Afrika, im SW. des grofsen Binnensees Tsad.",,printed,,246,no,False
Mandara,wand1278,Denham,"*Denham, D., and H. Clapperton, Narrative of travels and discov. in North, and Central-Afr. 8.* Lond. 1826. p. 180. *v. Klaproth, J., Essai cur la lg. du Boraou, suivi de vo- cab. du Begfaarmi, du Mandara et du Tünbuctu. 8. Par. 1826. *Balbi, Atlas etlmogr. Tab. xxxix. no. 311.",1826,printed,,246,compendium,True
Mandingo,mand1436,mächtiges,"Ein mächtiges, industriöses Negervolk Senegambiens, dessen Sprache als ziemlich allgemein verständliches Mit- theilungsmittel in diesen Gegenden weit verbreitet ist. Als Dialekte derselben sind die Bauibub- und Bambarra- Sprache anzusehen. — Nach Adanson sollen die Man- dingo sich Susu nennen.",,printed,,246,no,False
Mandingo,mand1436,Barbot,"Barbot, Description de Guinee p. 415 sqq. *AUgem. Historie der Reisen III. 430. *01dendorp, Geschichte der Mission I. 346. *Jackson, J. G., Aceount of the etnpire of Maroceo. 8. London 1814. ♦Park, Travels cetr. Append. — * *Uebers. S. 426 ff. ♦Mithrid. m. 16»; IV. 437. — *Balbi, Atl. xxxix. 230. *M",1814,printed,,246,compendium,True
Mandingo,mand1436,Macbrair,"Macbrair, Mandingo grammar. 8. Lond. 1837.",1837,printed,,248,no,False
Bongolo,,Oldendorp,"♦Oldendorp, Geschichte der Mission p. 346. • *Mithrid. III. 210, 223. — *Balbi, AÜ. Tab. xxxix. 282.",,printed,,248,no_code,True
Mangia  und  Wahitao,,Marsden,"*Marsden, Miscellaneous works p. 57, 101.",,printed,,248,no_code,False
Mangia  und  Wahitao,,West-Afrika's,"Negervolk West-Afrika's, südlich vom Gambia, den",,printed,,248,no_code,False
Fulah  und  Mandingo  benachbart,fula1264,Marianen-,"Marianen-, Diebs- oder latronen- Inseln.",,printed,,248,no,False
Fulah  und  Mandingo  benachbart,fula1264,Hervas,"♦Hervas, Vocab. poligl. p. 163 ff, — *Mithrid, I. 627. *Marsden, Miscellaneous works p. 108.",,printed,,248,compendium,True
Fulah  und  Mandingo  benachbart,fula1264,Maros,"Maros, Marros.",,printed,,249,no,False
Fulah  und  Mandingo  benachbart,fula1264,Marsden,"*Marsden, Miscellaneous works p. 91.",,printed,,249,no,False
Fulah  und  Mandingo  benachbart,fula1264,Societäts-Inseln,"Im Nordosten der Societäts-Inseln, mit Malayischen Bewohnern und einer Sprache, welche der auf den ge- nannten Inseln gleicht. Die gröfste dieser Inseln ist",,printed,,249,no,False
Fulah  und  Mandingo  benachbart,fula1264,Forster,"*Forster, J. R., Bemerkungen auf seiner Reise um die Welt. 8. Berlin 1783. S. 254.",1783,printed,,249,no,False
Fulah  und  Mandingo  benachbart,fula1264,Marchand,"*Marchand, E., Voyage autour du monde. 4 Voll. 4. Paris 1798 — 1800. I. 654.",1798,printed,,249,no,False
Fulah  und  Mandingo  benachbart,fula1264,Shillibeer,"' Shillibeer, Narrative of the Brilons voyage to Pitcaimes Islands, p. 57 ff.",,printed,,249,no,False
Fulah  und  Mandingo  benachbart,fula1264,Balbi,"*Balbi, Atl. xl. 394. — *Marsden, Mise, works p. 103.",,printed,,249,compendium,True
Fulah  und  Mandingo  benachbart,fula1264,MosMech,"MosMech, B., Vocab. Oc&nien-Fran£. erFran$.-Ocean. des dialectes partes aux iles Marquises cetr. 8. Paris 1843.",1843,printed,,249,no,False
Fulah  und  Mandingo  benachbart,fula1264,Buschmann,"*Buschmann, G. C. E., Apercu de la langue des iles Mar- qoises et de la lg. Taitienne cetr. 8. Berlin 1843.",1843,printed,,249,no,False
Fulah  und  Mandingo  benachbart,fula1264,deGerabloux,"Pierquin deGerabloux, Idiomologie des iles Marquises. 8. Bourges 1843.",1843,printed,,249,no,False
Fulah  und  Mandingo  benachbart,fula1264,Vater,"* Vater, Analekten Hft. I. Taf. 1. (Verb, subst.)",,printed,,249,no,False
Fulah  und  Mandingo  benachbart,fula1264,Cotton,"*Cotton, J., Vocabulary of the Massachusetts (or Natick) Indian langu. 8. Cambr. 1829 (schon c. 1670 entstanden).",1670,printed,,250,no,False
Fulah  und  Mandingo  benachbart,fula1264,Vail,"* Vail, E. A., Nolice sur les Indiens de l'Amerique du nord. 8. Paris 1840. Conjugat. p. 55.",1840,printed,,250,no,False
Massina,,Hodgson,"*Hodgson, On Northern Africa p. 75 (Wörter).",,printed,,250,no_code,False
"Mech,  Dmali",,Campbell,"♦Campbell, AM- Note on the Meehis; together with a small vocabulary of their langu. , im Journ. of the As. Soc. of Bengal. 8. Calc. 1840. VIII. 623 — 31.",1840,printed,,250,no_code,False
Menieng,,Messisauger,"Messisauger, Messisagues.",,printed,,261,no_code,False
Menieng,,Barton,"*Barton, New views of America. 1798. ♦Mithridates m. 3. Abth. S. 415.",1798,printed,,261,no_code,True
Mizdeghen,chec1245,Diese,"Diese, auch Kisten, Kistinzen genannte, Völkerschaft bewohnt einen Theil des östlichen Kaukasus zwischen den Lesghiern und Osseten. Ihre schriftlose, der Les- ghischen verwandte Sprache zerfällt in die Dialekte: 1) der Inguschen, Inguschowzi oder Galgai, Halba, La- mur; 2) der Karabulaken oder Arsch",,printed,,254,no,False
Mizdeghen,chec1245,Güldenstädt,"♦Güldenstädt, Reisen durch Rufsland II. 504 ff. *v. Klaproth, Reise in den Caucasus IL Append. S. 145, 169 ff. — *Asia polygl. S. 12g — 137 u. Atlas fol. I— vi. ♦Balbi, AtLis ethnogr. Tab. xxxvn. no. 30. *v. Parrot, Versuch II. no. 29.",,printed,,254,compendium,True
Mizdeghen,chec1245,Borgu,"Ein von den Nachbarn Borgu, von den Arabern Szehleh genanntes Negervolk Sudans* im Südosten von Tombuktu.",,printed,,254,no,False
Mizdeghen,chec1245,Burckhardt,"*Burckhardt, J. LM Travels in Nubia. 4. London 1819. pag. 484 sqq. ,",1819,printed,,254,no,False
Mizdeghen,chec1245,Moxofr,"Moxofr, mit sehr harter Sprache.",,printed,,254,no,False
Mizdeghen,chec1245,Hervas,"♦Hervas, Vocaholario poligl. p. 163 sqq. ♦Milhrid. m. 576. — *Balbi, Atl. Tab. xu. no. 464.",,printed,,254,compendium,True
Mizdeghen,chec1245,T,"♦Philosoph. Transact T, lxiii. P. I. p. 142. A primer for the use of the Mohawk children (with nume- rals). 16. Montreal 1781. — London 1786. *Barton, New views of America. 1798.",1781,printed,,254,unclear,False
Mizdeghen,chec1245,332,"♦Mithrid. III. 3. Abth. S. 332, ^ *Balbi, u. no. 795.",,printed,,254,compendium,True
Mohilian,,Herberts,"♦Herberts, Travels cetr. p. 27.",,printed,,256,no_code,False
Mokko,,Oldendorp,"♦Oldendorp, Gesch. der Mission S. 346. -",,printed,,256,no_code,False
Mokoby,,Hervas,"*Hervas, Vocabolario poligl. p. 163 sqq.",,printed,,257,no_code,True
Mokoby,,497,"♦Milhrid. m. 497, 505. — *Balbi, Atl. Tab. xu. no. 449.",,printed,,257,no_code,True
Mokoby,,Asiens,"Völkerschaften des mittleren Asiens, die von den Kü- sten des Japanischen Meeres bis an die Wolga wohnen (eigentliche Mongolen, Tungusen) und als Türken nach Europa und Afrika vorgedrungen sind."" — Im engern hier gemeinten Verstände bezeichnet man mit diesem Namen die zahlreichen Nomadenvölker, welc",,printed,,257,no_code,False
Mokoby,,Witsen,"♦Witsen, Noord en Ost Tartaryen p. 103.",,printed,,258,no_code,False
Mokoby,,Strahlenberg,"♦Strahlenberg, Nord- u. oestl. Europa u. Asien. S. 137 f.",,printed,,258,no_code,False
Mokoby,,Falk,"♦Falk, J. P., Beyträge zur Kenntnüs des Ross. Reichs. 3 Thle. 4. St. Petersb. 1785. S. 575.",1785,printed,,258,no_code,False
Mokoby,,Bergmann,"♦Bergmann, B., Streifereien unter den Kalmücken. 4 Tb. & Riga 1804. II. Append.",1804,printed,,258,no_code,False
Mokoby,,Güldeustädt,"♦Güldeustädt, Reisen durch Rußland II. 545 ff.",,printed,,258,no_code,False
Mokoby,,Klaproth,"*v. Klaproth, Reise in den Caucasus II. Anh. S. 275 ff — *Asia polygl. S. 273—285.",,printed,,258,no_code,True
Mokoby,,Parrot,"*v. Parrot, Versuch II. no. 24 (auch Oeloet- Wörter).",,printed,,258,no_code,False
Mokoby,,Schmidt,"♦Schmidt, J. J./ Mongolisch -Deutsch- Russisches Wörter- buch. 4. St. Petersb. 1835.",1835,printed,,258,no_code,False
Mokoby,,Kovalevsky,"♦Kovalevsky,J. E., Dictionnaire Mongol-Russe-Francais. 4. Tom. I. Casan 1844.",1844,printed,,258,no_code,False
Mokoby,,Thevenot,"♦Thevenot, M., Relation de diyers voyages curieax. 4 Voll fol. Paris 1663 — 96. III. 28 sqq.",1663,printed,,258,no_code,False
Mokoby,,Remusat,"♦Remusat, A., Recherches sur les langues Tartares, ou Memoires sur differens points de la grammaire et de la litte- rature des Mandchous, des Mongols, des Ouigours et des Tibe- tains. 4. Paris 1820. (♦Journ. Asiat. II. 150—248.)",1820,printed,,258,no_code,False
Mokoby,,Schmidt,"♦Schmidt, J. J., Grammatik der Mongolischen Sprache. 4. St. Petersburg 1831.",1831,printed,,258,no_code,False
Mokoby,,Kovalevsky,"Kovalevsky, J. £., Grammaire abregee de la langue sa- yante des Mongholes. (Russ.) 8. Casan 1835.",1835,printed,,258,no_code,False
Mokoby,,Schott,"♦Schott, W., Versuch über die Tartarischen Sprachen. 4. Berlin 1836. •",1836,printed,,258,no_code,False
Mokoby,,den,"♦Mars den, Miscell. works p. 107.",,printed,,258,no_code,False
Mokoby,,Hochsudana,"Ein mächtiges Kriegervolk Hochsudana, im Norden der Aschanti, dessen Sprache angeblich eine Schwester der benachbarten Kumsallaho ist",,printed,,258,no_code,False
Mokoby,,Bowdich,"♦Bowdich, Mission p. 505. (Zahlwörter.) *Balbi, Atlas ethnogr. Tab. xxxrx. no. 303.",,printed,,258,no_code,True
Mokoby,,Henderson,"*Henderson, Account of the British settlement of Hon- daras cetr.? to which are added sketches of the manners and cnstoms of the Mosquito Ihdians cetr. 2. Ed. 8. Lond. 1811.",1811,printed,,258,no_code,False
Mokoby,,Young,"*Young, Th., Narrative of a residence on the Mosquito shore. 8. London 1842. Append.",1842,printed,,258,no_code,False
Mokoby,,grofse,"Eine ehemals grofse, aber auch jetzt noch über viele Missions-Dörfer zahlreich verbreitete Nation in der Pror",,printed,,258,no_code,False
"Mosotie  und  Mochono,   sämmtlich   in  der  Mission  St",,Gilij,"♦Gilij, Saggio ID. 367 ff. — *Hervas, Vocab. p. 164 sq. ♦Mithrid. m. 670, 617. — *Balbi, Ad. 2x1. no. 612.",,printed,,260,no_code,True
"Mosotie  und  Mochono,   sämmtlich   in  der  Mission  St",,Gilij,"♦Gilij, Saggio p. 238. — *BCthrid. ffl. S. 664 ff.",,printed,,260,no_code,False
"Mosotie  und  Mochono,   sämmtlich   in  der  Mission  St",,Multan,"Multan, Wucht",,printed,,260,no_code,False
"Mosotie  und  Mochono,   sämmtlich   in  der  Mission  St",,gleichnamigen,"Diese beiden in den gleichnamigen, zu Kabul ge- hörigen Provinzen gesprochenen Sprachen sind stark mit Bengalischen, Persischen, Malabarischen und auch eini- gen Afghanischen Wörtern gemischt.",,printed,,260,no_code,False
"Mosotie  und  Mochono,   sämmtlich   in  der  Mission  St",,Alter,"* Alter, Üeber Samskrd. Sprache. 8. Wien 1799. ♦Vater, Analekten pag. 112. Tab. I. (Verb, subst.)",1799,printed,,260,no_code,False
"Myncquesar,  Mynckussar",maka1311,Campanius,"*Campanius, Th., Kort Beskrifmng om provincien Nya",,printed,,260,no,False
"Myncquesar,  Mynckussar",maka1311,wessier,"Nado wessier, Sioui, Dahkotah.",,printed,,260,no,False
"Myncquesar,  Mynckussar",maka1311,freies,"Ein freies, zwischen dem Missuri und Missisippi ver- breitetes Indianer-Volk, von welchem 11 besondere Stämme aufgezählt werden. Heckewelder betrachtet sie als einen Irokesen-Zweig, L. Ca ss dagegen mit guten Grün- den als einen Hauptstamm. — Die Assinipoilen (As- sinibulen, Stone- Indianer) am Wini",,printed,,260,no,False
"Myncquesar,  Mynckussar",maka1311,Carver,"*Carver, J., Travels in North -America. 8. Lond. 1778. p. 420 ff. — *üebers. Hamb. 1780. S. 356 ff.",1778,printed,,260,no,False
"Myncquesar,  Mynckussar",maka1311,Umfreville,"*Umfreville, E., The present State of Hudson's Bay. 8. London 1790.",1790,printed,,260,no,False
"Myncquesar,  Mynckussar",maka1311,Wood,"Wood, W., New England** Proepect A true, lively and ezperimeotal descript of New England cetr. (with a smallno- mencl. or vocabulary). 4. London 1634.",1634,printed,,282,no,False
"Myncquesar,  Mynckussar",maka1311,Williams,"♦Williams, R., A key into the language of Amerika, or an help to the langu. of the natives in that part of America called New England cetr. 8. London 1643. — Repr. by the Rhode-Island Histor. Soc. 1$27. VoL L",1643,printed,,282,no,False
"Myncquesar,  Mynckussar",maka1311,Nassau-,"Nassau-, Poggy-Insebi",,printed,,282,no,False
"Myncquesar,  Mynckussar",maka1311,Ehrmann,"♦Sprengel und Ehrmann, Bibliothek der Reisebeschr. Th. XXXVI. no. III.",,printed,,282,no,False
"Myncquesar,  Mynckussar",maka1311,bilden,"Familie bilden, sind sie in die inneren und gebirgigen Theile der Inseln zurückgedrängt. Sie stehen- auf der untersten Stufe der Kultur, und ihre Rohheit, Grausam- keit und schwere Zugänglichkeit hat bisher genauere Un- tersuchungen über ihre Sprachen verhindert, die übrigens in den Wurzeln dieselbe",,printed,,282,no,False
Nepal,nepa1254,Aytön,"♦Aytön, J. A.9 A grammar of the Nepalese language. 8.",,printed,,282,no,False
Nepal,nepa1254,Vater,"♦Vater, Analekten Hft. 1, S. 112. (Verb, subst.) *Hodgson, B. H.9 Notices of the languages, literat. and",,printed,,282,no,False
Nepal,nepa1254,Relandi,"*Relandi, Dissert. misc. IIL 129 — 133. *Dalrymple, Hist. collection T. IL App. p. 20. *Forrest, Th., Voyage to New Guinea and the Moluc- cas. 4. London 1780. Append. p. 12. *Vocab. .Catharinae no. 189.",1780,printed,,282,no,False
Nepal,nepa1254,Marsden,"*Marsden, Misc. works p. 107 (cf. p. 4, 64, 65). *Philological Society 1843. I. 44.",1843,printed,,282,no,False
Nepal,nepa1254,-Holland,"Neu -Holland, Australien.",,printed,,282,no,False
Nepal,nepa1254,Hawkesworth,"•Hawkesworth, Geschichte der Reisen cetr. Uebers. . Berlin 1774. IL 283; III. 250. 'Parkinson, Journal p. 148. — *Vocab. Cath. no. 190l •La Billardiere, Voyage IL App. p. 44 — 46. •Balbi, Adas ethnogr. Tab. xl. nö. 407 — 416. *Marsden, Miscellaneous works p. 111, 112.",1774,printed,,282,compendium,True
Nepal,nepa1254,Threlkeld,"•Threlkeld, L. £., Specimens of a dialect of the abori- gines of New South Wales. 4. Sydney s. a.",,printed,,282,no,False
Nepal,nepa1254,Marsden,"•Marsden, Mise, works p. 71, 72. (Grammat)",,printed,,282,no,False
Nepal,nepa1254,Williams,"Williams, W., A yocabulary of the language of the Ade- laide district and other friendly tribes of the provinc. of South Australia. 8. South Australia 1839.",1839,printed,,282,no,False
Nepal,nepa1254,Teichelraann,"♦Teichelraann, C. G., and C. W. Schürmann, Outli- ne* of a grammar, yocab. and phraseology of the aborig. lan- guage of South Australia. 8. Adelaide 1840.",1840,printed,,282,no,False
Nepal,nepa1254,Moore,"Moore, Vocabul. of Western Australia. 8. Lond. 1842.",1842,printed,,282,no,False
Nepal,nepa1254,Meyer,"•Meyer, U. A. E., Yocabulary of the langu. spoken by the aborig. of the Southern and Eastern portions of South Australia cetr. 8. Adelaide 1843,",1843,printed,,282,no,False
Nepal,nepa1254,mann,"•Schür mann, C. W., A vocabulary of the Parnkalla lan- guage, spoken by the natives inhab. the Western Shores of Spencer's Gulf. To wtiieh is prefix. a collect, of grammatical rules, hitherto ascertained. 8. Adelaide 1844.",1844,printed,,282,no,False
Nepal,nepa1254,Forster,"•Forster, Bemerkk. auf s. Reise um die Welt. S. 254. •Vocabularium Catharinae no. 191. •La Billardifere, Voyage II. App. p. 44 — 46. •Balbi, Atlas ethnogr. Tab. xl. no. 434, 435. •Marsden, Miscellaneous works p. 106.",,printed,,282,compendium,True
Nepal,nepa1254,Hawkesworth,"♦Hawkesworth, Reisen II. 283; IQ. 641",,printed,,282,no,False
Nepal,nepa1254,Parkinson,"♦Parkinson, Journal p. 126. — * Vocabul. Cath. no. 191.",,printed,,282,no,False
Nepal,nepa1254,Cook,"♦Cook, Voyage I. 164:",,printed,,282,no,False
Nepal,nepa1254,er,"♦Forst er, Bemerkk. auf s. Reise S. 254.",,printed,,282,unclear,False
Nepal,nepa1254,den,"♦Mar 8 den, S., and J. L. Nicholas, Narrative of a voyage in New Zealand cetr. 8. London 1817.",1817,printed,,282,no,False
Nepal,nepa1254,Balbi,"♦Balbi, xl. no. 389. — ♦Marsden, Mise, works p. 102.",,printed,,282,compendium,True
Nepal,nepa1254,Sprache,"♦Grammatik der Neu- Seeland. Sprache, in Vater's Ana- lekten 2. Hft. 2. Abth. S. 7 — 14.",,printed,,282,no,False
Nias,nias1242,BaIbi,"*BaIbi, Atlas ethnogr. Tab. xl. no. 334.",,printed,,282,no,False
Nias,nias1242,Marsden,"♦Marsden, Miscellaneoos works p. 30, 31, 91.",,printed,,282,yes,False
Nias,nias1242,156,"*Aaiatic Researches ÜI. 156, 303. Marsden, Miscellaneous works p. 113.",,printed,,282,no,False
Nias,nias1242,Kolumbia,"Missuri und Kolumbia, 4) in den Gebieten der Alleghani und grofsen Seen, 5) an den westlichen Küsten und end- lich 6 ) in den nördlichsten Regionen des Erdtheiles, ha- ben in neuerer Zeit besonders die östlich von dem Alis- sisippi geredeten die Aufmerksamkeit der Sprachforscher auf sich gezogen. — ",,printed,,206,no,False
Pali,pali1273,aasgestorbene,"Die alte aasgestorbene, jetzt nur noch gelehrte und religiöse Buddhisten -Sprache von Ava, Arrakan, Birma, Pegu, Siain, Laos, besonders von Ceylon und vielleicht auch von Kanibodja und Tschampa ist, selbst nach ihrer Flucht mitten unter monosyllabische Sprachen, die rein- ste Tochter der Sanskrit ge",,printed,,272,no,False
Pali,pali1273,den,"* Mars den, Miscellaneous works p. 88. (Birman.) *The Mahäwanso in Roman characters with the traaslat. subjoined and an essay od Pali Buddhistical literat. 2 Voll. 4. Ceylon 1837. Index and glossary p. 1 — 30.",1837,printed,,272,no,False
Pali,pali1273,Clough,"♦Clough, B., A compendious Pali grammar, with a co- pious vocabulary. 8. Colombo 1824. — N. ed. 1832.",1824,printed,,272,no,False
Pali,pali1273,Burnouf,"*Burnouf, E., et Chr. Lassen, Essai sur le Pali,"" oulan- gue sacree de la presqu'ile au-delä da Gange. 8. Paris 1826. . *Burnouf, E., Observation» grammatic. sur quelques pas- sages de l'Essai sur le Pali*. anree une planche repi&ent. les",1826,printed,,272,no,False
Pampanga,pamp1243,Ursprungs,"Eine Sprache Malayischen Ursprungs, die neben dein ?agalischen, Bissayischen und anderen Sprachen auf d6n Philippinen geredet wird.",,printed,,272,no,False
Pampanga,pamp1243,Humboldt,"*v. Humboldt, Kawi-Spracbe IL 315.",,printed,,272,no,False
Pampanga,pamp1243,Balbi,"*Balbi, xl. no. 365. — *Marsden, Mise works p. 94.",,printed,,272,compendium,True
Pampanga,pamp1243,o,"Bergan o, D., Vocabulario de Pampango en Romance, y de Romance en Pampango. Fol. Manila 1732.",1732,printed,,272,unclear,False
Pampanga,pamp1243,Bergano,"*Bergano, D., Arte de la lengua Pampanga. 4. Baco- lor. 1729. — 2. Ed. Manüa 1736.",1729,printed,,272,no,False
Pampanga,pamp1243,Lawson,"Lawson, New view of Carolina. 4. Lond; 1709. p.231 sq. Brickel, Naturafhistory of North-Carolina. 8. Dubl. 1737. * Bar ton, New views of America. 1797. ♦Mithrid. IH. 3. S. 360. — *Balbi, Tab. xu. no.809.",1709,printed,,272,compendium,True
Parsi,,Perron,"♦Aäquetil du Perron, ZeadavesU, 4. Pari« 1771. HI. 423. — »liebere, von Kleuker. Riga 1775.",1771,printed,,874,no_code,False
Parsi,,Wahl,"»Wahl, Gesch. der MorgeoL Spr. S. 238, 303. .",,printed,,874,no_code,False
Parsi,,Alter,"♦Alter, Samskrdam. Sprache. Wien 1799».",1799,printed,,874,no_code,False
Parsi,,Heeren,"♦Heeren, De unguis regui Persici, in Comment. Soc. Got- ting. Vol. XIII.",,printed,,874,no_code,False
Parsi,,Jones,"♦Jones, W., in Asiat. Res. I. 500; II. 200.",,printed,,874,no_code,False
Parsi,,Leech,"♦Leech, B., Vocabulary of the Paschai language, inJourn. of (he Asiat. Soc of Bsngal 1838. p. 731 — 732.",1838,printed,,874,no_code,False
Parsi,,Volksstamin,"Völker gehöriger Volksstamin, der sich selbst Moan nennt, dessen Sprache, aber nur wenig gekannt ist.",,printed,,874,no_code,False
Parsi,,235,"♦Asiatic Research. V. 235, *v. Klaprotb, Asia polygL, Atlas fol. 59. ♦Balbi, Atlas ethnogr. Tab. xxxvu. no. 93. ♦Mars den, Miscellaneous works p. 95. ♦Low, J., History of Tennasserim, im Journ. of the Roy.' As. Soc. Lond. 1837. IV. 43. (Grammat.)",1837,printed,,874,no_code,True
Pe-y,,Klaproth,"*v. Klaproth, Asia polygl. p. 369— 379. AU. f. 59.",,printed,,282,no_code,True
Pe-y,,us,"* Po 8 teil us, G., De linguae. phoenicis eive hebraicae ex- cellentia. 4. Viennae Austr. 1554,",1554,printed,,282,no_code,False
Pe-y,,Reinesius,"*Reinesius,Th., 'IatoQoituva linguae Punicae, ed . T. S e i - fart. 4. Alienburg 1637. — ed. J. G. Graevius. 4. Ul- traj. 1702.",1637,printed,,282,no_code,False
Pe-y,,chart,"*Bo chart, S., Geographiae sacrae pars altera. Chanaan, sen de coloniis et sermone Phoeoicum. fol. Cadomi 1646. — Aach in dessen Werken, fol. Lugd. Bat. *1692, — ebend. fol. 1712.",1646,printed,,282,no_code,False
Pe-y,,Steck,"Steck, J. R., Periculum Phoenicium, sive literaturae Phoe- niciae erueodae specimen; Praeside J. Rhenferdio. 4. Fra- nequ. 1706.",1706,printed,,282,no_code,False
Pe-y,,Bayer,"♦Bayer, Fr. Perez, Del Alfabeto y leogua de los Feni- ccs, y de sus colonias. fol. Madr. 1772.",1772,printed,,282,no_code,False
Pe-y,,Bellermann,"♦Bellermann, J.J., Versuch einer Erklärung der puni- schen Stellen im Poenulus des Plautus. 8. Berlin 1809.",1809,printed,,282,no_code,False
Pe-y,,Bellermann,"♦Bellermann, J. J., Phoeniciae linguae vestigiorum in Melitensi specimen. 8. Berlin 1809.",1809,printed,,282,no_code,False
Pe-y,,ermann,"*B eil ermann, J. J., De Phoenicum et Poenoruin inscr. cum duaram explic. periculo. 8. Berlin 1810.",1810,printed,,284,no_code,False
Pe-y,,Bellermann,"♦Bellermann, J. J., Bemerkungen über die phdnizischen und panischen Münzen. 2 Stücke. 8. Berlin 1812 — 14.",1812,printed,,284,no_code,False
Pe-y,,Lindberg,"*Lindberg, J. Chr., De inseriptione Melitensi Phoenicio- Graeca comment Mit 6 Kupfern und 1 SchrifttafeL 8. Hav- niae 1822.",1822,printed,,284,no_code,False
Pe-y,,Hamaker,"*Hamaker, H. A., Diatribe philorogico-critica, monumen- torum aliquot Punicorum nuper in Africa repertorum inter- pretationera exhibens. Cum Reuvensii periculo. 4. Lugd. Bat. 1822.",1822,printed,,284,no_code,False
Pe-y,,Kopp,"*Kopp, U. Fr., Bemerkungen über einige Punische Stein- schriften aus Karthago. 8. Heidelberg 1824.",1824,printed,,284,no_code,False
Pe-y,,Hamaker,"♦Hamaker, H. A., Lettre ä Mr. Raonl-Rochette sur une iriscription en carocteres Pbeniciens et Grecs, räcemment de- oouverte ä Cyrfene. 4. Lugd. Bat. 1826.",1826,printed,,284,no_code,False
Pe-y,,Gesenius,"♦Gesenius, GuiL, Progr. de inscript Phoenicio -graeca in Cyrenaica nuper reperta äd Carpocratianonim haeresm per- tinente. 4. Halae 1825.",1825,printed,,284,no_code,False
Pe-y,,Hamaker,"♦Hamaker, H. A., Miscellanea Phoenicia sive commenta- rii de rebus Phoenicium. 4. Lugd. Bat. 1828.",1828,printed,,284,no_code,False
Pe-y,,Wihi,"♦Wihi, L., De gravissimis aliquot Phoenicum inscript. com- ment. 8. Monachii 1831.",1831,printed,,284,no_code,False
Pe-y,,Gesenius,"♦Gesenius, W., Paläographische Studien über phönizi- sche und punische Schrift. 8. Leipzig 1835. Darin 1) Fr. P. Bayer über Schrift und Sprache der Phönizier; aus dem Span, von H. Hollmann, mit Anm. von Gesenius. 2) W. Gesenius, lieber die punisch-numidische Schrift, und die damit geschriebenen Insc",1835,printed,,284,no_code,False
Pe-y,,Gesenius,"♦Gesenius, GuiL, Disputatio de inseriptione punica li- byca. 4. Lips. 1836.",1836,printed,,284,no_code,False
Pe-y,,Gesenius,"♦Gesenius, GuiL, Soripturae linguaeque Phoeniciae mo- numenta quotquot supersunt edita et inedita. Pars I — III. 4. Lips. 1837;",1837,printed,,284,no_code,False
Pe-y,,Wex,"*Wex, F. K., De Punicis Planums meletemata. Ad W. Geseniam. 4. Leipz. 1839.",1839,printed,,985,no_code,False
Pe-y,,Judas,"Judas, A. C, Essai snr la langue pheriicieniie,*avec deine inscriptioD8 püniques. 8. Senlis 1842.",1842,printed,,985,no_code,False
Pe-y,,Movers,"*Movers, F. C, Die punischen Texte im Poenulus des Plautus kritisch gewürdigt und erklärt. 8. Breslau 1845.",1845,printed,,985,no_code,False
"Saki,  Ottogami",,Saukis,"Erstere auch unter den Namen Saukis, Saukees, Sacs, Sakewi, Sawkis und Saqties, und Letztere unter den der Onthagamies, Utagami, Fuchsindianer, sind so miteinander verbunden, dafs* /sie als Eine Nation ange- sehen werden können. Sie sprechen dieselbe Sprache mit geringer Dialektverschiedenheit. Ihr ",,printed,,320,no_code,False
"Saki,  Ottogami",,H.,"♦Keatiqgy G. H., Narraüve of an expeditipn to the fource of St. Peter's River cetr. performed in« the year 1823 under thecoromand of Steph. H. Long. 2 voll. 8. Phiiadelph. 1824. II. Append. p. <lo0 — 50.",1823,printed,,320,no_code,False
"Saki,  Ottogami",,Üalbi,"*Üalbi, Atlas ethnogr. Tab. xü. no. 806. *",,printed,,320,no_code,False
"Saki,  Ottogami",,Gilij,"*Gilij, Saggio di storia Americ. T. III. p. 212 u. 383 sq. ♦Hervas, Vocäbulario poligl. p. 164 sqq. ♦Mithridates III. 2. Abth. 8. «£8 f. ftBftlbi« Atlas ethndgi». Tab. xl*. no. 604.",,printed,,322,no_code,True
Salwatti,,Balbi,"*Balbi, Atlas ethuogr. Tab. xl. no. 424. ~",,printed,,322,no_code,True
Samojedisch,,merkwürdiger,"Kleinheit ihres Körpers merkwürdiger, in physischer und moralischer Cultur von allen Nationen Europa's und Asienß auf der niedrigsten Stufe stehender Volksstaauri, der, ungefähr 30,000 Seelen stark, das nördliche Eismeer entlang vom weifsen Meere * oder Archangel an der Dwina durch die weiten Streck",,printed,,324,no_code,False
Samojedisch,,Tomsker,"Tomsker, Narymschen, vom Ket,.Tymsker, Karassen und die fälschlich sogenannten Laak-Ostjaken (s. Ostjaken) rechnet, und in eine südliche Gruppe, wozu die Kaina- schen, Koibaleti, Taiginsker und MotoreuT gehören/",,printed,,324,no_code,False
Samojedisch,,Witten,"♦Witten, Noord ea Oost-Tartarye. Ton*, 0. p-8».",,printed,,324,no_code,False
Samojedisch,,Strahlenberg,"♦Strahlenberg, PI». J., Das Nord- und ösÜ. Theii von Europa und Asia. S. 56.",,printed,,324,no_code,False
Samojedisch,,Fischer,"♦Fischer, J. E., Sibirische Gesch. 2 Bde. 8. Petersburg 1768. S. 137, 169. — Uebers. ♦Recherche* sür les principale* nations etablies en Siberie. 8. Paris s. a. p. 206* , 211, 250.",1768,printed,,324,no_code,False
Samojedisch,,Schlözer,"♦Schlözer, A. L., Allgem. Geschichte von dem Norden. 8. Halle 1771 (der Allgem. Weltgesch. T.fcXXI.). p.297.",1771,printed,,324,no_code,False
Samojedisch,,Pallas,"♦Pallas, P. S., Reise durch verscb. Provinzen cetr. HI S. 54 — 57; 280 — 283.",,printed,,324,no_code,True
Samojedisch,,Barton,"♦Smith Barton, New views cetr. 8. PhilafL 1798.",1798,printed,,324,no_code,False
Samojedisch,,Gyarmathi,"♦Gyarmathi, S., Affinität linguae Hungaricae ce^r. p* 214.",,printed,,324,no_code,False
Samojedisch,,Klaproth,"♦v. Klaproth, Reise in den Kauk. II. Anhang, p. 13 sqq.",,printed,,324,no_code,False
Samojedisch,,Vater,"♦Vater, J. S., Proben cetr. p. 113 — 136 u. p. 147 — 167.",,printed,,324,no_code,True
Samojedisch,,Erdmann,"♦Erdmann, J. Fr., Beiträge zurKenntnils des Innern vod Rufsland. II. 2. 8. Leipzig 1826. p. 233 — 39.",1826,printed,,324,no_code,False
Samojedisch,,Balbi,"♦Balbi, Atlas ethnogr. Tab. xmvii. no. 127 — 136.",,printed,,324,no_code,True
Samojedisch,,Parrot,"♦v. Parrot, Versuch II. no. 21.",,printed,,324,no_code,False
Samojedisch,,Prichard,"♦Prichard, J. C, Researches into the phystc. bist of man- kind. 8. — *3. Ausg. IV. London 1844. p. 300 u. 441 q",1844,printed,,324,no_code,False
Samojedisch,,Kruse,"♦Kruse, Fr., Urgeschichte des esthnischen 'Volksstammes cetr. 8. Moskau 1846. p. 196 sq.",1846,printed,,324,no_code,False
Samojedisch,,Vater,"Vater, J. S., Bruchstücke einer Samojedischen Grammatik im ♦Königsberger Archiv. I. 1812. p. 208 — 212.",1812,printed,,324,no_code,False
Samojedisch,,Döleke,"♦Döleke, W. H., Schreiben an Herrn Professor Vater über die von ihm herausgegebene Sämojedische Original -Er- zählung mit ihrer Uebersetzung und grammatischen Bemerkun- gen. 8. Hethgenstadt 1812.",1812,printed,,324,no_code,False
Samojedisch,,Mandschuren,"Mandschuren, das im Westen durch hohe Gebirge, iß",,printed,,324,no_code,False
Samojedisch,,Japaners,"Japaners, in- * Verhandelingen van hei Bataviaasch Genootsch. cetr. Batav. 1832. XIII. p. 185 — 275.",1832,printed,,324,no_code,False
Samojedisch,,Stamme,"Die etügebornen Stamme, die in dei» Umgegend dar kleinen Stadt diesem Namens in Calffomien wöbneh, ge- hören zu den wildesten Völkerstämmen, im Süden Von Columbia. Ihre Sprache ist fast noch gar nicht be- kannt. In derselben Gegend in Californien unterschei- det man noch die Eingebornen um San Juan ",,printed,,324,no_code,False
Samojedisch,,Nienreyer,"*Nienreyer, H. A., Neuere Gesch. der evang. Missious- anstalten. 4. HaUe 1845. St 91. VIII. 7. p. 426 sq< *",1845,printed,,324,no_code,False
"Sangir,  Sasak»",sang1336,Inseln,"Die Sprache dieser beiden Inseln, die an den [.ent- gegengesetzten Seiten von Celebes liegen, ist nicht sehr",,printed,,324,no,False
"Sangir,  Sasak»",sang1336,Philippinen,"Philippinen, besonder*, dton Bisaayböhen, zu .habe».",,printed,,328,no,False
"Sangir,  Sasak»",sang1336,Raffles,"•Raffles, Th. St., The history of Java. 2 voll. 4. Lon- don 1817. IL App. F. • ♦ "" •Balbi, Atlas ethöogr. Tab. xL.-ho. 3271 347. •Mar* den, MfeceHaneons wbrks p. 99. ' '",1817,printed,,328,compendium,True
"Sangir,  Sasak»",sang1336,Volk,"Nordatnerikafnisctas Volk, zum ' Chippeway -Stamme gehörig, das ehemals östlich vom Hudson lebte ;; die Spra- che in dem ehemals sogenannten Neuschweden, dem jet- zigen Neu- Jersey, war ein Nebendralekt davon.",,printed,,328,no,False
"Sangir,  Sasak»",sang1336,Laet,"•De Laet, J., Novus Orbis. Lpgd.-ßatav. 1633. p. 75 sq. — Uebers. in *AlIgem. Historie der Reisen. T. XVI. S. 605.",1633,printed,,328,no,False
"Sangir,  Sasak»",sang1336,Simth-Barton,"*Simth-Barton, New views' öf lhe tribes of America. Phüad. 1797. — *2. Anfl. 1798. '",1797,printed,,328,no,False
"Sangir,  Sasak»",sang1336,Balbi,"♦Balbi, Atlas ethnogr. Tab. xü. no.8ll.",,printed,,328,compendium,True
"Sangir,  Sasak»",sang1336,Gestaltung,"Gestaltung, welche er im Dienste der Reitgirti arid Li- teratur erhalten hat; es ist die gelehrte und religiöse",,printed,,328,no,False
"Sangir,  Sasak»",sang1336,verfolgen,"verfolgen, auf welches namentlich die reiche, epische hh teratur (van der besonders , die beiden, kplossalei^ .Epfc poen Mahfcbhärata und R am ä ja na. bekannt sind), so wie das Gesetzbuch des Manu hinweisen. D^.wo WJ* ihm znat*t begegnen* in den ,Vedas# hat es eine be- soadere uj*d zwar injch älter",,printed,,328,no,False
"Sangir,  Sasak»",sang1336,Tamulischen,"Tamulischen, Orissa, Carnata, Mahratta, Telinga, Goza- rate u. a. von bedeutendem Einflüsse gewesen ist; we- nigstens mag nur ein verhttltnifsm&fsig sehr kleiner Theil der Wörter derselben in ursprünglicheren Laüdesspra- eben seine Quelle haben ; indessen darf man es sich zu denselben keineswegs im ",,printed,,328,no,False
"Sangir,  Sasak»",sang1336,er,"* Alt er, Fr. K., Ueber Samskrdamisehe Sprache, vulgo Samskrit. 8. Wien 1799.",1799,printed,,328,unclear,False
"Sangir,  Sasak»",sang1336,Schlegel,"* Schlegel, Fr., Ueber die Sprache und Weisheit der In- der. 8. Heidelberg 1808.",1808,printed,,328,no,False
"Sangir,  Sasak»",sang1336,Colebrooke,"Colebrooke, H. T., On the Sanskrit and Prakrit Lau- guages in: * Asiat. Research. T. VII. p. 199 — 231; u. in sei- nen Miscellaneous Essays II. S. 1 — 85.",,printed,,328,no,False
"Sangir,  Sasak»",sang1336,Bohlen,"*v. Bohlen, PM Das alte Indien. 8. Königsberg 1830. tt p. 432 — 472.",1830,printed,,328,no,False
"Sangir,  Sasak»",sang1336,Adelung,"♦Adelung, Fr., BibÜotheca Sauscrita. Versuch einer Lit- teratur der Sanskritsprache. 8. Pelersb. 1830. — *2. A. 1837-",1830,printed,,328,compendium,True
"Sangir,  Sasak»",sang1336,MN9KRrr,"*MN9KRrr, SSI",,printed,,328,no,False
"Sangir,  Sasak»",sang1336,Hema-Tschandra-Kösha,"'Hema-Tschandra-Kösha, or the wcabalaty>«f<the Beina* Tschandra. 8. Calcutla 1807, ~* ibicL 1818.",1807,printed,,328,no,False
"Sangir,  Sasak»",sang1336,Yoäatmlary,"SabdasindiM v a sanskrit Yoäatmlary, contünidg the wrofrds of the Aattrakesha, atphabttteally anrtnged and «*pkrii»d hi Bengali. Calcutta 1808.",1808,printed,,328,no,False
"Sangir,  Sasak»",sang1336,Anarakoaha,"*Ibe Anarakoaha, Trikandasescha, Mediiia awd ötravali (von Pnrnshottamaa), foor original ▼ocabulariea: 8« KMmw- puiynear Caloatta 1817.",1817,printed,,328,no,False
"Sangir,  Sasak»",sang1336,Amarakocha,"*Amarakocha, ou Vocabulaire d'Amarasinfea, pubtie en Sanskrit, avee eine traduct Franc., dea netea, nn index et des vocabolaires par A. Loiseleur Deslongchamp». 2 Parties: 8. Paria 1839 — 45.",1839,printed,,328,no,False
"Sangir,  Sasak»",sang1336,Rousseau,"Rousseau, S., Sanskrit and Hindoo dictioriary. 4. Lon- don 1812.",1812,printed,,328,no,False
"Sangir,  Sasak»",sang1336,Wilson,"•Wilson, H. H., A dictionary Sariscrit and English. 4. Calcutta 1819. — *2. ed. 1832. (Böpp Rec. in G6tt. G. A. 1821. N. 36. Schlegel Ind. Bibl. I, 3. II, 1.)",1819,printed,,328,no,False
"Sangir,  Sasak»",sang1336,Yates,"*Yates, William, A Sungscrit vocabulary cetr. with au explanation in Bengalee and English. 8. Calcutta 1820. — Dazu: J. Klaproth, Table alphabetique im Journal asiat. 1829. p. 112 — 135.",1820,printed,,328,no,False
"Sangir,  Sasak»",sang1336,n,"* R o s e n , Fr., Corporis radicum sanscritarum prolusiö. 6. Berolini 1826.",1826,printed,,328,unclear,False
"Sangir,  Sasak»",sang1336,Rosen,"*Rosen, Fr, Radircs sanscritae. 8. Berol. 1827.",1827,printed,,328,no,False
"Sangir,  Sasak»",sang1336,Bopp,"*Bopp, Fr., Glossarium sanscritum in quo omnes radices",,printed,,328,no,False
"Sangir,  Sasak»",sang1336,Haughton,"♦Haughton, Ch., A dictionary .Bengali and Sanskrit, ex- plained ia English, to wbkh is added an index, serving as a ceyersed dictieaary . . 4. London. 1833.",1833,printed,,328,no,False
"Sangir,  Sasak»",sang1336,Westexgaafd,"♦Westexgaafd, N. L.» Radices lingnae saascritae, ad de- creta grapMtiaticornm defiüivit atqne illustraVit cetr. ..Fase. I.",,printed,,328,no,False
"Sangir,  Sasak»",sang1336,Crawfurd,"Crawfurd, A.> Notice of the prinzipal gramaferiatis •£ tbc Sanscrit language, in dessen: *Rea^aktiw»tconcern«g anrieot and modern India. .Vol. I. p. 163 — 176« i .• »",,printed,,328,no,False
"Sangir,  Sasak»",sang1336,Deva,"♦Vopa Deva, Mooghdhu boodha,, a Sanscrit Grammar. 8. Calcutta 1802, — 12. Serampore 1868. — * Calcutta ,1826.",1802,printed,,328,no,False
"Sangir,  Sasak»",sang1336,er,"Forst er, G. H., A translation of the Mugdabodafe a cele- brated treatise on Sanscrit Grammar. 8. 'Calcutta 1810.",1810,printed,,328,unclear,False
"Sangir,  Sasak»",sang1336,Diksbita,"*Bhattojj Diksbita, Siddhanta Kaumudi, a grammar confor- mable to the System of Pänini, ed. by Baburäm Pandit. 4. Calcutta 1812. (In Nagari -Schrift.)",1812,printed,,328,no,False
"Sangir,  Sasak»",sang1336,Vadaraja,"*Vadaraja, The Laghu Kaumudi*, a Sanscrit Grammar.",,printed,,328,no,False
"Sangir,  Sasak»",sang1336,Colebrooke,"♦Colebrooke, ""H. T., A grammar of the Sanscrit lan- guage. fol. Calcutta 1805. — Loiid. 1815. — Calcutta 1825.",1805,printed,,328,no,False
"Sangir,  Sasak»",sang1336,Carey,"*Carey, Wi, A Grammar of the Suhgscrit language and a complete list of the dhatoos or roots. 4. 2 Voll. Serampore 1806. — wiederholt Calcutta 1808. — London 1813.",1806,printed,,328,no,False
"Sangir,  Sasak»",sang1336,Wilkins,"♦Wilkins, Ch., A grammar of the Sanscrita language. 4. London 1808. — 1813. — 1815. — Dazu: Terms of sanscrit grammar. 4. London 1815.",1808,printed,,328,no,False
"Sangir,  Sasak»",sang1336,Förster,"♦Förster, H. P., An essay on tlie principles of Sanscrit Gramiria*; 4. V.l. Cateotta 1810. (.Rec. v. Bopp. HeMelb. Jahrb. 1818. N. 30.) i",1810,printed,,328,no,False
"Sangir,  Sasak»",sang1336,Majewski,"*Majewski, W. S., O Sfowianach i ick pobratymcach. 8. Warschau 1816. Th. I. (lieber die Sanskrit spräche; Gram- matik und kurze* Wörterbuch Dach P. a St. Barth olomaeo.)",1816,printed,,328,no,False
"Sangir,  Sasak»",sang1336,Yates,"*Yates, W., A Grammar of the Sunscrit language on a um plan. 8. Cajetitta 1820.",1820,printed,,328,no,False
"Sangir,  Sasak»",sang1336,Frank,"* Frank, .0., Graniniatica Sanscrita, nunc primnni in Ger- mania edita. 4. Wirceb. et Lips. 1823.",1823,printed,,328,no,False
"Sangir,  Sasak»",sang1336,Bopp,"*Bopp, Fr., Ausführliches Lehrgebäude der Sanscritspra- che. 3 Hfte. 4. Berlin 182* r- 27.",,printed,,328,no,False
"Sangir,  Sasak»",sang1336,Price,"Price, W., Elemeat« of tfce Sanscrit langnage, ©x an easy guide to the Indian, tongues. 4« London 1827,",1827,printed,,328,no,False
"Sangir,  Sasak»",sang1336,Bopp,"*Bopp, Fr., Grammatica critica lioguae sanscritae. Fasel. IL 4. Berolini 1829 —.82. . : -",1829,printed,,328,no,False
"Sangir,  Sasak»",sang1336,Bopp,"*Bopp, Fr,, Vergleichende Grammatik des Sanskrit* Zend, Griech., Lat., Litth., Altslav., Gothischen und Deutschen. 4. Abth. 4. Berlin 1833. 35. 37. 42. — Englisch von Eastwick und H. H. Wilson. 8. London 1845.",1833,printed,,328,no,False
"Sangir,  Sasak»",sang1336,Bopp,"*Bopp, Fr., Kritische Grammatik der Sanskritsprache in kürzerer Fassung. 8. Berlin 1834. — 2. Aufl. Berlin 1845.",1834,printed,,328,no,False
"Sangir,  Sasak»",sang1336,Hoefer,"*Hoefer, A., Vom Infinitiv besond. im Sanskr., eine ety- mol.-syntact. Abb. als Probe e. Sanskritsyntax. 8. Berl. 1840.",1840,printed,,328,no,False
"Sangir,  Sasak»",sang1336,Wilson,"* Wilson, H. H., An introduetion to the Grammar of the sanscrit language. 8. London 1841.",1841,printed,,328,no,False
"Sangir,  Sasak»",sang1336,Boehtlingk,"Boehtlingk, O., Ein erster Versuch über den Accent im Sanskrit. 4. St. ^Petersburg 1843.",1843,printed,,328,no,False
"Sangir,  Sasak»",sang1336,Boehtüngk,"Boehtüngk, <X, Die Dedination im Sanskrit. 4. St. Pe, tersburg 1844.",1844,printed,,328,no,False
"Sangir,  Sasak»",sang1336,Paris.1845,"Paris.1845, '.. . . ,, .. , • .",1845,printed,,328,no,False
"Saparua,  Honimoa»       i  ■■",,kleinen,"Die Sprache dieses kleinen, 2« den Molacken ge- hörigen, südlich von Ccram (Sirang) liegenden Eilandes, schliefst sich, obwohl etwas ferner,, an jde.ii Polynesischen öprachstamm an.",,printed,,328,no_code,False
"Saparua,  Honimoa»       i  ■■",,571,"•Mithridates in. 2. Abthi S. 571, 57«.",,printed,,334,no_code,True
"Saparua,  Honimoa»       i  ■■",,Sttawftl,"Sttawftl, Setewal",,printed,,334,no_code,False
"Saparua,  Honimoa»       i  ■■",,Insel,"von Timor gelegenen Insel, bat entschiedene Ähnlich- keit mit der auf letzterer Insel und aqf dem nabe lie- genden Eilande von Rotti; sie trägt besonders starken Negritiscben Charakter an sich.",,printed,,334,no_code,False
"Saparua,  Honimoa»       i  ■■",,Marsden,"*Marsden, Miscellaneous works- p. 110.",,printed,,334,no_code,False
"Saparua,  Honimoa»       i  ■■",,Schaao,"Schaao, Thaurape.",,printed,,334,no_code,False
"Saparua,  Honimoa»       i  ■■",,Volksstamm,"Dieser Volksstamm, der sich selbst Plaau nenpf, gewöhnlich aber unter dem Namen Shaan bekannt ist und im Distrikte von Thaumpe im nordöstlichen , Ge- biete Ava's wohnt, hat eine mehr dem Siamesischen sich nähernde Sprache, .obgleich er sich hejm Schreiben der Birmaptechep Charaktere bedient. Die Spr",,printed,,334,no_code,False
"Saparua,  Honimoa»       i  ■■",,Rüppell,"*Rüppell, Ed., Reisen in Nubien cetr. 8. Frankf. a. M. 1829. S. 370 — 73. <",1829,printed,,334,no_code,False
"Schelah,  &hilh*,  Schilahh",tach1250,ShiUah,"ShiUah, die Sprache der Sqhelluhs, Shelouhh, Shoulouhhs, Shuluh, Cbellouhs, od<r der Dialekt des uoter dem all* gemeinen Namen der Berbersprache begriffenen Sprach* stamme«, welcher in. den südlichen Gebirgen von Ma- rokko bis in. die Wüste hinein gesprochen wird; von den eigentlichen Berbern wird e",,printed,,334,no,False
"Schelah,  &hilh*,  Schilahh",tach1250,Glas,"*Glas, G., The history of the discovery and conquest of the Canary Islands. 4. Lohdon 1764. p. 174 — 80: A cöl- leetion of all the words extant in the langoages of anefent in- habitants of tbe Canary Islands,, with the words of the same meaniog in Shiltha or Libyan tongue.",1764,printed,,334,no,False
"Schelah,  &hilh*,  Schilahh",tach1250,Chenier,"*Chenier, L., Recherches historiques sur les Maares. 8. Paris 1787. tome III. p. 183 — 190: Comparaison entre la fongue arabe dp-Majoc et la langue des Brebes et des Cheüu. - *Uebere. 8. Leipa« 1788. .",1787,printed,,334,no,False
"Schelah,  &hilh*,  Schilahh",tach1250,Badia,"Badia, D., Voyages d'Ali Bey el Abbasi. 8. Paris 1814. Lp. 281 — 84 (Wörter).",1814,printed,,334,no,False
"Schelah,  &hilh*,  Schilahh",tach1250,Jackson,"*Jackson,J. G., An aecount of Timbuctoo and Hoosa by £1 Hage abd Salam Shabeeny. 8. London 1820. p. 366 -70 und p. 377 — 81 (Wörter).",1820,printed,,334,no,False
"Schelah,  &hilh*,  Schilahh",tach1250,Washington,"Washington, Geographical notiee of the empire #f Mar",,printed,,334,no,False
"Schelah,  &hilh*,  Schilahh",tach1250,Prichard,"*Prichard, J. C-, Researches into the physical history of mankind. 8. — *3. Ausg. Lond. 1837. II. p. 36, 39, 41 sq. (Wörter). — ""Uebers. 8. Leipz. 1840. 42. 45.",1837,printed,,334,no,False
"Schelah,  &hilh*,  Schilahh",tach1250,Hodgson,"*Hodgson, B., Notes on northern Africa, the Sahara and Soudan, in relation to the ethnogr., langoages, history cetr. of the natives . of those countries. 8. New- York 1844. p. 102 (Wörter).",1844,printed,,334,no,False
"Schelah,  &hilh*,  Schilahh",tach1250,Mibo,"Mibo, Itaorte.",,printed,,334,no,False
"Schelah,  &hilh*,  Schilahh",tach1250,sind,"von Massowa und Arkiko. Sie sind, obgleich sie ge- wöhnlich als Araber bezeichnet werden, doch ein von ihnen verschiedenes Volk, das verbältnifauiäfsjg nur we- nig Arabische Wörter aufgenommen hat; manche Wör- ter hat die Sprache mit dem Idiom von Danafcil gemein.",,printed,,334,no,False
"Schelah,  &hilh*,  Schilahh",tach1250,Salt,"♦Salt, H, AVoyage to Abyssin. 4. Lond. 1814. p. xmsq. — *Uebers. 8. Weimar 1815. S. 431 — 35. ♦Mitnridates IV. Sl 455, 457. *Balbi, Atlas ethnogr. Tab. xxxix. no. 214.",1814,printed,,334,compendium,True
"Schelah,  &hilh*,  Schilahh",tach1250,Kielmaier,"Kielmaier, Aasland. 16. Man 1840. Nu. 76. 8.303.",1840,printed,,334,no,False
Quedah,mala1479,Crawfurd,"♦Crawfurd, J., History of the Indian Archjpelago. If. p. 125—191.",,printed,,348,yes,False
Quedah,mala1479,Balbi,"*Balbi, Atlas ethnogr. Tab. xxxwi. no. 103.",,printed,,348,compendium,True
Quedah,mala1479,Marsden,"*Marsden, Miscellaneous works p. 113.",,printed,,348,yes,False
Quedah,mala1479,Roberts,"*Roberts, Edm., Embassy to the eastern eourts of Co- chinchina, Slam and Mascat. 8. New- York 1837. Append. p. 413 sq.",1837,printed,,348,no,False
Quedah,mala1479,Newboid,"*Newboid, T. J., Political and Statistical account of the british Settlements in the straits of Afalacca. 8. 2 voll. Lon- don 1839. IL p. 422 — 31.",1839,printed,,348,no,False
Quedah,mala1479,Scholz,"'Scholz, J. M. A., Reise in die Gegend zwischen Ale* xandrien und Paräionium. 8. Leipzig 1822. p. 116. *Balbi, Atlas ethnogr. Tab. xxxvii. no. 13.",1822,printed,,348,compendium,True
"Sarakule,  bei  den  Engländern  Sereculehs,  Serawoollies",soni1259,Serrawallis,"Serrawallis, dem Anscheine nach das intelligenteste und betriebsamste Volk unter den Negerstämmen, im Kö- nigreiche Gällam oder Kadschaga. Die Sprache ist reich an Gutturalen; sie hat in Folge der grofsen Handels- tätigkeit des Volkes auch in den Nachbarländern viel- fache Verbreitung gefunden, und ",,printed,,852,no,False
"Sarakule,  bei  den  Engländern  Sereculehs,  Serawoollies",soni1259,Park,"*Mungo Park, Travels in the inter. of districts of Africa. !• 4. London 1817. p. 63. — *Uebers. Berlin, p. 55.",1817,printed,,852,no,False
"Sarakule,  bei  den  Engländern  Sereculehs,  Serawoollies",soni1259,Dard,"*Dard, J., Grammaire wolofe. 8. Paris 1826. p. 149 sq.",1826,printed,,852,no,False
"Sarakule,  bei  den  Engländern  Sereculehs,  Serawoollies",soni1259,Balbi,"*Balbi, Atlas ethnögr. Tab. xxxix. no. 227.",,printed,,852,compendium,True
"Sarakule,  bei  den  Engländern  Sereculehs,  Serawoollies",soni1259,Dwight,"Dwight, Th., Remarks on the Sereculehs, an African na-, non, aecomp. by a vocabulary of their language in: Ameri- can Annais of eclucation and Instruction. Oct. 1835. V. pag. 451 — 456.",1835,printed,,852,yes,False
"Sereres,  Serrerest",sere1260,Franzosen,"Seraires der Franzosen, Negervolk in der Nähe der Mandingos und der Jaloffen auf der Westküste von Afrika, vorzüglich aber um das grüne Vorgebirge, des- sen Sprache mit 'der der Jaloffen die meisten Berührun- gen hat.",,printed,,300,no,False
"Sereres,  Serrerest",sere1260,Balbi,"*Balbi, Atlas elhnogr. Tab. xxxix. no. 236.",,printed,,300,compendium,True
"Sereres,  Serrerest",sere1260,Mollien,"♦Mollien, G., Voyage cetr. II. p. 278 — 80.",,printed,,300,no,False
"Sereres,  Serrerest",sere1260,Prichard,"*Prichard, J. C, Researches into the physical history of mankind. 8. — *3. Ausg. 8. Lond. 1837. IL p. 79 — 60. — 'Uebere. v. Rud. Wagner. Bd. 1. 2. 3. Lpz. 1840. 42. 45.",1837,printed,,300,no,False
Siamesen,thai1261,Leyden,"Leyden, J., On the langnsges and literarare of the Indo- chinese nations in * As. Res. X. p. 158 — '- 289.",,printed,,360,no,False
Siamesen,thai1261,Brown,"Brown, N., Comparison of the Indo- Chinese languages io Journal of the As. Soc. of Bengal 1837.",1837,printed,,360,no,False
Siamesen,thai1261,an,"Bu chan an, Fr., A comparative vocabulary ofsomeof the languages spoken in the Burma empire in *As. Besearch. V. p. 228 sq.",,printed,,360,unclear,False
Siamesen,thai1261,Vater,"♦Vater, J. S., Proben cetr. 8. Leipz. 1816. p. 229 sqq.",1816,printed,,360,compendium,True
Siamesen,thai1261,Balbi,"♦Balbi, Atlas ethnogr. Tab. xxxvn. no. 94.",,printed,,360,compendium,True
Siamesen,thai1261,Klaproth,"*v. Klaproth, Ada polygl. p. 369 — 79; Atlas fol. ux.",,printed,,360,no,False
Siamesen,thai1261,den,"* Mars den, Miscellaneous works p. 96. ♦Robinson, W., A descriptive account of Asam. 8. Cal-",,printed,,360,yes,False
Siamesen,thai1261,Low,"♦Low, J., A grammar of the T'hai or Siamese language. 4. Calcutta 1828. (Vergl. dazu: £. Burnonf in *Nouveaa Journal Asiat. 1829. IV. p. 210 — 228.)",1828,printed,,360,yes,False
Siamesen,thai1261,Burnes,"Burnes, Alex.> A memoir od tue Siah-Pösh Kafirs, with specimens of their language and costume in Journal of the As. Soc. of Bengal. 1838. April.",1838,printed,,360,no,False
Siamesen,thai1261,Ritter,"Ritter, G, Ueber die Siah-pösh in * Monatsbericht der Berliner geograph. Gesellschaft. 8. Berlin 1840. I. p. 1 — 6.",1840,printed,,360,no,False
Siamesen,thai1261,Burnes,"Burnes, Alex., Vocabnlary of the Kaffir langu. in *Ca- bool, being a personal narrative of a journey to, and resi- dence in that city. 8. London 1842. 4",1842,printed,,360,no,False
Siamesen,thai1261,Prichard,"*Prichard, J. C, Researches into the physical history of mankind. 8. London. — *3. Ansg. 1844. IV. pag. 216. — *Uebers. von Rad. Wagner. 8. Bd. 1. 2, 3. Leipz. 184a 1842. 1845.",1842,printed,,360,no,False
Siamesen,thai1261,Sikelier,"Sikelier, Sikuler.",,printed,,360,no,False
Siamesen,thai1261,Müller,"♦Müller, K. O., Etrusker. 2 Bde. 8. Breslau 1828. I. pag. 10 sq.",1828,printed,,360,no,False
Siamesen,thai1261,Grotefend,"Grotefend, G. F., Die Sprachen Mittelitaliens im Neuen Archiv für PhÜologie und Pädagogik. 1829. No. 26.",1829,printed,,360,no,False
Siamesen,thai1261,Multan,"Provinz Sindh bis nach Multan, westwärts herrscht sie in Kuch-Gandava, Shal, Mastang und Pishin. Das Siudh ist zugleich Sprache der Baiijanen, die sich aufs er- halb Indiens des Handels wegen aufhalten. Nach Wa-",,printed,,360,no,False
Siamesen,thai1261,Prinsep,"Prinsep, J., Journal of the Asiat. Soc. <Jf Bengal. 1837. VI. p. 347.",1837,printed,,302,no,False
Siamesen,thai1261,S.,"* Vater. J. S., Analekten der Sprochenkunde. Heft 1. Tab. 1. (Verb um substantivum.)",,printed,,302,unclear,False
Siamesen,thai1261,Eastwick,"Eastwick, J. B., A vocabulary of the Scindee language in * Journal of the As. Soc. of Bengal. XII. .1843. p. 1 — 22.",1843,printed,,302,no,False
Siamesen,thai1261,Wathen,"Wathen, W, H., A grammar of the Siudhi language. 8. Bombay 1836.",1836,printed,,302,no,False
Siamesen,thai1261,Stämme,"Einer der mächtigsten Stämme, jener Hügelbewoh- ner, die sich im Osten von Bengalen uud Butan in den Gebirgsthälern des Brahmaputra niedergelassen haben. Die Singphos, die sich in die Tribus der Thengais, Mi- yungs, Labrungs und Mirups theilen, werden nördlich vom Lohit begränzt, östlich von der Lan",,printed,,302,no,False
Siamesen,thai1261,Robinson,"*Robinson, W., A descriptive account of Asam. 8. Cal-",,printed,,302,no,False
Siwah,siwi1239,Amnion,"Die Oase des Jupiter Amnion, im Westen von Alexan- drien, heifst jetzt die Oase von Siwah (Syouah). Ob- gleich die Bewohner derselben wegen des beständigen Verkehrs mit den Arabern die Sprache derselben ver- stehen und auch manche Ausdrücke aufgenommen ha- ben, und sich ihres Alphabets bedienen, so ",,printed,,302,no,False
Siwah,siwi1239,septentrionale,"Voyage dans l'Afrique septentrionale, tratl. de l'anglais par L. Langles. 2 voll. 8. Paria 1803. I. p.36 — 38. u. W. Mars- den, Observation« sur la langue de Syouah. U. p. 405— 12.",1803,printed,,302,no,False
Siwah,siwi1239,Jackson,"* Jackson, J. 6., An account of the empire of Marocco. 2. ed. 4. London 1811. p. 220 — 223; p. 233. — *3. Ausg. 1814. p. 219 — 233.",1811,printed,,302,no,False
Siwah,siwi1239,Jackson,"♦Jackson, J. G., An account of Timbuctoo and Housa by £1 Hage abd Salam Shabeeny. 8. London 1820. p. 370.",1820,printed,,302,no,False
Siwah,siwi1239,Scholz,"♦Scholz, J. M. A., Reise in die Gegend zwischen Alexan- drien und Parätonium. 8. Leipzig 1822. p. 84. — Französ. in: *Nouvelles Annales des voyages. T. XX. p. 74 — 76.",1822,printed,,302,yes,False
Siwah,siwi1239,Minutoli,"♦v. Minutoli, H., Reise zum Tempel des Jupiter Ammon; herausgeg. von £. H. Tölken. 4. Berlin 1824. p. 313— 21: Verzeichn. v. Wörtern der Siwahspr., aus d. Munde des geistl. Oberhauptes von Siwah und mehreren Scheiks aufgezeichnet.",1824,printed,,302,yes,False
Siwah,siwi1239,Balbi,"♦Balbi, Atlas ethnogr. Tab. xxxix. no. 226.",,printed,,302,compendium,True
Siwah,siwi1239,Caiiliaud,"♦Caiiliaud, Fr., Voyage a Meroe et au Fleuve-Blanc. 8. Paris 1826. I. p. 409 — 418.",1826,printed,,302,no,False
Siwah,siwi1239,Minutoli,"♦v. Minutoli, IL, Nachträge zur Reise zum ■ Tempel des Jupiter Ammon. 8. Berlin 1827. p. 349 — 371: Vezeichnifs von Wörtern der Siwahsprache, nach einer handschriftlichen Mittheilung des geistlichen Oberhauptes der Oase. — ♦Beson- derer Abdruck des Verzeichnisses. 4. Berlin 1827.",1827,manuscript,,302,no,False
Siwah,siwi1239,Pacho,"♦Pacho, J. R., Relation d'un voyage dans la Marinariqne, la Cyrenaique cetr. 4. Paris 1S27. p. 358 — 6fl: Fragment d'un vocabulaire dn langage des habitanls de Toasts de Sy- ouah par Fred. Müller.",,printed,,302,no,False
Siwah,siwi1239,König,"König, Vocabulaire du dialecte de Syouah in ♦Recneil de voyages et de memoire* public par la Soc. de geographic 4. Paris 1S39. IV. p. 31 - 34; p. 133; p. 135 sq.",,printed,,302,no,False
Siwah,siwi1239,Hodgson,"♦Hodgson, W. B., Notes on Northern Africa cetr. 8, New- York 1844. p. 102.",1844,printed,,302,no,False
Siwah,siwi1239,Priohard,"♦Priohard, J. C, Researches into ihe physical histoty of mankind. 8. — *3. Ausg. 8; London 1837. II. p. 41 sq. — *Uebers. von Rud. Wagner. 8. Leipz. 1840. 42. 45.",1837,printed,,302,no,False
Socotra,soqo1240,Wellsted,"* Wellsted, J. B., Travels to the city of the Caliphs cetr. 2 voll. 8. London 1840. II. App. I. p. 334 — 343.",1840,printed,,373,no,False
Sokko,,Balbi,"♦Balbi, Atlas ethnogr. Tab. xxxix. no. 232.",,printed,,373,no_code,True
Sokna,sawk1238,Lyon,"♦Lyon, G. F., A narrative of travels in Northern Africa 4. London 1821. p. 314 — 16.",1821,printed,,373,no,False
Sokna,sawk1238,Bälbi,"♦Bälbi, Atlas ethnogr. Tab. xxxix. no. 224.",,printed,,373,no,False
"Somali,  Somauli",soma1255,Gallas,"Gallas, wie dies auch ihre Sprache fast zu bestätigen",,printed,,374,no,False
"Somali,  Somauli",soma1255,Salt,"•Salt, H., A voyage to Abyssinia. 4. Lond. 1814. App. p. it — vi. — *Uebers. p. 422 sq.",1814,printed,,374,yes,False
"Somali,  Somauli",soma1255,Balbi,"*Balbi, Atlas ethnogr. Tab. xxxix. no. 296. ^♦Prichard, J. C, Researches ioto the physical history of mankind. 8. — *3. Ausg. London 1837. H. p. 161 sq. — ♦Uebere. von Rud. Wagner. 8. Leipz. 1840. 42. 45.",1837,printed,,374,compendium,True
"Somali,  Somauli",soma1255,Kielmaier,"Kielmaier, Ausland; 16. März 1840. No. 76.",1840,printed,,374,no,False
"Suakem,  Suakin",,Vater,"*Vater, J. S., Proben cetr. 8. Leipz. 1816. S. 263 — 79.",1816,printed,,882,no_code,True
"Suakem,  Suakin",,Marsden,"♦Marsden, Miscellaneous works p. 99.",,printed,,882,no_code,False
"Suakem,  Suakin",,Dialekt,"Dialekt, der- auf dem westlichen Theile der Insel Suixh bava gesprochen wird. Die Sprache ist sehr gemisch- ten Charakters, indem sie aufser vielen ursprünglichen V^örtern eine grofse Anzahl Malayischer aufgenommen hat, andrerseits manche Berührungspunkte mit den Spra- chen auf Celebes, vorzüglich d",,printed,,882,no_code,False
"Suakem,  Suakin",,Leyden,"Leyden, J., On the languages and literature of the Indo- Chiuese nations, in * Asiat. Res. X. Lond. 1811. p. 199 — 201.",1811,printed,,882,no_code,False
"Suakem,  Suakin",,Vater,"♦Vater, J. S., Proben cetr. 8. Leipzig 1816. S. 243 f.",1816,printed,,882,no_code,True
"Suakem,  Suakin",,Raffies,"*Raffies, Th. St., The history of Java. 2 voll. 4. Lon- don 1817. IL App. F.",1817,printed,,882,no_code,False
"Suakem,  Suakin",,Balbi,"*Balbi, Atlas ethuogr. Tab. xl. no. 337.",,printed,,882,no_code,True
Sumenap,nucl1460,an,"vanesische an, hai aber noch mehr vom Charakter des ursprünglich Polynesischen an sich, so wie sie manche Ausdrücke dem Malayischen entlehnt. DiQ Schrift ist die der Javanesen. Man unterscheidet das eigentliche Maduresische und den Dialekt von Sumenap.",,printed,,882,unclear,False
Sumenap,nucl1460,Crawfurd,"*Crawfurd, J., History of the Indian Archipelago. 8. 3 voll. Lohdon 1820. II. p. 125 — 191.",1820,printed,,882,no,False
Sumenap,nucl1460,Balbi,"*Balbi, Atlas ethnogr. Tab. xl. no. 325.",,printed,,882,compendium,True
Sumenap,nucl1460,Marsden,"♦Marsden, Miscellaneous works p. 89.",,printed,,882,no,False
Sumtschu,,Dialekte,"Einer der Dialekte, der zu den noch wenig bekann- ten Kunawur- oder Kanawar- Sprachen gehört",,printed,,384,no_code,False
Sumtschu,,Gerard,"Gerard, A., A Vocabulaiy of the Koonawnr langu. in * Jour- nal of the As. Soc. of Bengal. XI. Calcutta 1842. p. 548—51.",1842,printed,,384,no_code,False
Sumtschu,,Distrikten,"Distrikten, scheint früher den westlichen Distrikten ge- meinsam gewesen zu sein und ist vielleicht die alte ur- sprüngliche Sprache des Landes. Neben dem Javanischen finden sich viele Malayische und Sanskrit -Wörter.",,printed,,384,no_code,False
Sumtschu,,Raffles,"♦Raffles, Th. St., The history of Java. II. App. E. ♦Crawfurd, J., History of the Indian Archipelago. I. p. 264 — 271; II. p. 125 — 191. ♦Balbi, Atlas ethnogr. Tab. xl. no. 324. *Marsden, Miscellaneous works p. 89. *Memoires de la Soc. ethnolog. I. 2. p. 198 — 221.",,printed,,384,no_code,True
Sumtschu,,B.,"*Hodgson9 W. B., Notes on Northern Africa, the Sahara and Soudan cetr. 8. New -York 1S44. p. 111.",,printed,,384,no_code,False
Sumtschu,,Prichard,"♦Prichard, J. C, Rescarches into the physical history of mankind. 8. — *3k Ausg. Lond. 1837.' II. p. 113 u. 127. - *Uebers. 8. Leipz. 1840. 42. 45.",1837,printed,,384,no_code,False
Sumtschu,,Sungmim,"Sungmim, Snngnem.",,printed,,384,no_code,False
Sumtschu,,Kanawar,"In Kanawar, dem Indischen Alpen-Gebirgslande, mit einem von dem Kanawari sehr abweichenden Dialekt, den die Einwohner Theburskud (Thoburskid) nennen.",,printed,,384,no_code,False
Sumtschu,,Gerard,"Gerard, A., A Vocabulary of the Koonawur languages in * Journal of the Asiat. Soc. of Bengal. XI. Calcatta 1842. p. 479 — 533 und p. 544 — 547.",1842,printed,,384,no_code,False
Susu,susu1250,Balbi,"*Balbi, Atlas ethnogr. Tab. xxxix. no. 234.",,printed,,384,compendium,True
Susu,susu1250,Winterbottom,"Winterbottom, Th., Account of the native Africans in the neighbourhood of Sierra Leone. 8. London 1803. T. I. p. 353: Vocabulary of the Soosoo.",1803,printed,,384,no,False
Tahiti  (Otaheiti),tahi1242,Parkinson,"♦Parkinson, S., A Journal of a voyage to the South Seas. 4. London 1773. p. 51—65. — *2. Ausg. ibid. 1784.",1773,printed,,390,yes,False
Tahiti  (Otaheiti),tahi1242,Hawkesworth,"*Hawkesworth, J., An aceount of voyages cetr. 3 voll. 4. Land. 1773. IL p. 239 sq. III. p, 474 sq. — * Gerichte der Reisen, übersetzt. Berlin 1774. T. II. p. 227.",1773,printed,,390,no,False
Tahiti  (Otaheiti),tahi1242,Cook,"*Cook, J., A voyage towards the South Pole and round tbe world in the years 1773—1775, 2 voll. 4. Lond. 1777. IL App. 323 — 363.",1773,printed,,390,no,False
Tahiti  (Otaheiti),tahi1242,Cook,"♦Cook, J., A. voyage to the Pacific Ocean in the years 1776__80. 3 voll. 4. London 1784. — Vol. I. p. 1^4 sq.; p. 177 sq. u. p. 417 sq.",1784,printed,,390,yes,False
Tahiti  (Otaheiti),tahi1242,Forster,"♦Forster, J. R., Observation made during a voyage round the world. p. 284. — *Uebcrs. Bemerkungen eetr. S. 254.",,printed,,390,no,False
Tahiti  (Otaheiti),tahi1242,Le8son,"*Le8son,-R. P., Sur les races humaines (Complement des",,printed,,390,no,False
Tahiti  (Otaheiti),tahi1242,ftienzi,"Domeny de ftienzi, G. L., Oceanie ou cinouiemc par- tie du monde. Revue geographique et ethnographique de la Malaisie cetr. 3 voll. 8. Paris 1836.",1836,printed,,390,no,False
Tahiti  (Otaheiti),tahi1242,Williams,"♦Williams, .!., A narrative of Missionary entreprises in the South Sea Islands. 8. London 1837. p. 528.",1837,printed,,390,no,False
Tahiti  (Otaheiti),tahi1242,Humboldt,"*v. Humboldt, W., Kawi-Sprache. II. p 241 — 56.",,printed,,390,yes,False
Tahiti  (Otaheiti),tahi1242,Humboldt,"*v. Humboldt, W., Kawi-Sprache. HI. v Vocabulaire comparc de sept dialectes de la langue peea- nienne in * Voyage de decouvertes de FAstrolahe. Philologie par J. d'ürville. 8. Paris 1834. p. 196—261,",1834,printed,,390,no,False
Tahiti  (Otaheiti),tahi1242,Buschmann,"♦Buschmann, J. Ch. Ed., Apercu de la langue des Ues Marquises et de la langqc Taitienne. Accompagne d'un voca- bulaire inedit de la langue Taitienne par Guill. de Hum- boldt. 8. Berlin 1843.",1843,printed,,390,yes,False
Takele  (Tuklavi),,Rüppeil,"♦Rüppeil, Ed., Reisen in Nubien cetr. 8. Frankfurt a. M. 1829. S. 370 — 373.",1829,printed,,392,no_code,False
Bedjah  der  Araber,beja1238,Salt,"*Salt, H., A voyage to Abyssinia. 4. London 1814. App. I. p. xiv. — *Uebers. von Rühs. 8. Weimar 1815. S. 435.",1814,printed,,392,yes,False
Tambi,,Oldendorp,"♦Oldendorp, Gesch. der Mission cetr. I. 346. ♦Mithridates HI. 1. Ahth. S. 200 f. ♦Balbi, Atlas ethnogr. Tab. xxxix. no. 264. '",,printed,,392,no_code,True
Tambi,,Insel,"Zu den Neuen Hebriden gehörige Insel, mit einer Bevölkerung, die eine gemischte Rasse zwischen Papuas und Asiaten zu sein scheint.",,printed,,392,no_code,False
Tambi,,Cook,"♦Cook, J., A voyage towards the South Pole. II. App. ♦Forst er, J. R., Observation made during a voyage round the world. p. 284. — ♦Uebers. Bemerkungen cetr. p. 254. ♦Vocabularium Catharinae no. 193. ♦Balbi, Atlas ethnogr. Tab. xl. no. 432. ♦Mars den, Miscellaneous works p. 105.",,printed,,392,no_code,True
Tambi,,Auierika's,"Auierika's, zu Neu-Biscaya gerechnet, im Osten von Te- peguana bis zum 30° N. Br. Die einigermafsen gram- matisch ausgebildete Sprache zeigt eine gewisse lexika- lische Verwandtschaft zum Mexikanischen.",,printed,,392,no_code,False
Tambi,,Hervas,"♦Hervas, Vocabulario poligl. p. 238. ♦Mithridates III. 3. Abthl. S. 87 f.; S. 141 — 154. *Balbi7 Atlas ethnogr. Tab. xu. no. 719.",,printed,,392,no_code,True
Tambi,,Steffel,"•Steffel, M., Tarahnroarisohea Wörterbuch, nebst einigen Nachrichten von den Sitten nnd Gebräuchen der Tarahuma- ren in Neu-Biscaya, in der Andencia Guadalajara im Vice- Königreich Alt-Mexico oder Neu-Spanien. 8. Brunn 1791 (auch in v. Murr, Nachrichten von verschiedenen Ländern des Spa- nischen Ame",1791,printed,,394,no_code,False
Tambi,,Tellechea,"*Tellechea, M., Compendio grammatical para la inteli- gencia del idioma Tarahumar. 8. Mexico 1826.",1826,printed,,394,no_code,False
"Telinga,  Telugu",telu1262,gesprochen,"Bangalore gesprochen, und verbreitet sich von da nord- wärts über Hyderabad und Beeder, am mittlem und un- tern Kistna und Godavery, längs der Seeküste, bis in die nördlichen Circars bei Cicacole. Wenn gleich viele Sanskritwörtcr eingedrungen sind, so gehört das Telinga doch einer vom Sanskrit durch",,printed,,385,no,False
"Telinga,  Telugu",telu1262,Schulzius,"*Schulzius, B., Conspectus litteraturae Telugicae vulgo Warugicae, seeundum figurationem et vocalhim et consonan- tium nee non earandem multifariam Variationen?. 4. Halae 1747.",1747,printed,,396,no,False
"Telinga,  Telugu",telu1262,Hyde,"♦Hyde, Th., Syntagtna dissertationum ed. G. Sharpe. 2 voll. 4. Oxonii 1767.",1767,printed,,396,no,False
"Telinga,  Telugu",telu1262,Brown,"Brown, C. P., The prosody of the Telugu and Sanscrit languages explained. 4. Madras 1827.",1827,printed,,396,no,False
"Telinga,  Telugu",telu1262,Harkness,"♦Harkness, H., Ancient and modern alphabets of the po- pulär Hindee languages in the southern peninsula of India. 8.",,printed,,396,no,False
"Telinga,  Telugu",telu1262,English,"Vocabulary of Gentoo and English, composed of words ia current use and illustrated by examples applicable to the fa- miliär speech and writiogs of the middle Orders and more elevated ranks of the modern Gentoo people. 4. Madras 1818.",1818,printed,,396,no,False
"Telinga,  Telugu",telu1262,Campbell,"*Campbell, A.D., A dictionary of the Teloogoo language commonly termed the Gentoo, peculiar to the Hindoos of the North Eastern provinces of the Indian Peninsula. 4. Madras 1821.",1821,printed,,396,yes,False
"Telinga,  Telugu",telu1262,Morris,"*Morris,J. C, Teloogoo selections, with translations and grammatical analysis; to which is added a glossary of Reve- venue terms used in the Northern Circars. fol. Madras 1823.",1823,printed,,396,no,False
"Telinga,  Telugu",telu1262,Morris,"Morris, J. C, English and Teloogoo dictionary. vol. I. 4. Madras 1835.",1835,printed,,396,no,False
"Telinga,  Telugu",telu1262,Carey,"*Carey, W., A grammar of the TeKnga language. 8. Se- rampore 1814.",1814,printed,,396,no,False
"Telinga,  Telugu",telu1262,grammar,"Telugu grammar, by a late Telugu Head Master in the Col- lege of Fort St. George. 8.",,printed,,396,no,False
"Telinga,  Telugu",telu1262,Campbell,"♦Campbell, A. D., A grammar of the Teloogoo language, commonly termed the Gentoo, peculiar to the Hindoos inha- biting the North Eastern provinces of the Indian Peninsula. 4. Madras 1816. — Second edition. ibid. 1820.",1816,printed,,396,no,False
"Telinga,  Telugu",telu1262,language,"Grammar of the geotpo language, as it is understood and spoken by the Genloo people residing North and North-west- ward of Madras. 4. Madras 1817.",1817,printed,,397,no,False
Tembora,tamb1257,Raffles,"*Raffles, Th. St., The history of Java. 2 voll. 4. Lon- don 1817. II. App. F.",1817,printed,,397,no,False
Tembora,tamb1257,Balbi,"*Balbi, Atlas ethnogr. Tab. xL.no. 403.",,printed,,397,compendium,True
Tembora,tamb1257,den,"* Mars den, Miscellaneous works p. 111.",,printed,,397,no,False
Tembora,tamb1257,Eysinga,"*Roorda van Eysinga, P. P., Handboek der Land- en Volkenkunde van Nederlandsch Indie. 8. Amsterdam 1841. IL p. 90 sq.",1841,printed,,397,yes,False
Tembu,,Oldendorp,"♦Oldendorp, Geschichte der Mission cetr. I. 346. *Mithridates III. 1. Abth. S. 227 sq. *Balbi, Atlas ethnogr. Tab. xxxix. no. 259.",,printed,,397,no_code,True
"Ternati,  Tidor",tern1247,Haex,"•Haex, D., Dictionariura malaica-latinani et latino-malai- com. 4. Romae 1631. — *Bataviae 1707 (adjectae sunt di- clione8 aliquot Tarnatae).",1631,printed,,896,no,False
"Ternati,  Tidor",tern1247,Raffles,"♦Raffles, Th. St., The history of Java. 2 voll. 4. Lon- don 1817. U. App. F.",1817,printed,,896,no,False
"Ternati,  Tidor",tern1247,Balbi,"*Balbi, Atlas ethuogr. Tab. xl. no. 345. 400.",,printed,,896,compendium,True
"Ternati,  Tidor",tern1247,Marsden,"♦Marsden, Miscellaneous works p, 109.",,printed,,896,no,False
"Ternati,  Tidor",tern1247,Indianerstainm,"Nordainerikanischer Indianerstainm, zu den Sioux oder Dacota gehörig, zwischen dem Mississippi- und Mis-",,printed,,896,no,False
"Thugs,  Thegs",,P'tansigars,"Bei den Hindustanern P'tansigars, bei den Taum- len Ari Tulucar, bei den Kanaresen Tanti Calleru, eine über ganz Indien verbreitete Kaste, die sich Raub und Mord zum beständigen Gewerbe gemacht zu haben scheint.",,printed,,896,no_code,False
"Thugs,  Thegs",,Seaman,"Seaman, Ramaseeana, or a Votabulary of -the peculiar lan- gaage uaed by the Thugs. 8. Gakutta 1836.",1836,printed,,896,no_code,False
Tibbo,teda1241,Siwah,"Oase Audgelah und Siwah, bis zur grofsen Wüste, die au ihegypten gränzrt. Im Süden von ihnen -sind wan- dernde Araber und im Westen TPuarfks Ton Arba and Tagaze. Sie zerfallen in eine Menge Stämme, von wel-",,printed,,896,no,False
Tibbo,teda1241,septentrionale,"Voyage dans l'Afrique septentrionale , trad. #de FAnglais pär L. Langles. 2 voll. 8. Paris 1803. I. p. 146.",1803,printed,,896,no,False
Tibbo,teda1241,Lyon,"*Lyon, G. F., X narrative of travels in northern Africa. 4. London 1821. p. 23*.",1821,printed,,896,no,False
Tibbo,teda1241,Ukert,"Ukert, Bemerkungen über m die Berbern und TibWs in *Neue Alldem. Geogr. und Statist. Ephemeriden. Herausgeg. von Hassel. 8. Weimar 1826. XIX. p- 1 — 18$ 33 — 54; 65 — B0.",1826,printed,,896,no,False
Tibbo,teda1241,Balbi,"*Balbi, Atlas ethnogr. Tab. xxxix. no. 225.",,printed,,896,compendium,True
Tibbo,teda1241,Prichard,"*Prichard, J. C, Researches cetr. — *3. Ausg. 8. Lond. 1837. IL p. 39, 41 sq. — »Uebers. 8. Leipz. 1840. 42. 45.",1837,printed,,896,no,False
Tibbo,teda1241,Hodgson,"*Hodgson, W. B., Notes on Northern- Africa cetr. 8. New -York 1844. p. 106 sq.",1844,printed,,896,no,False
Tibetisch,tibe1272,Ladak,"Ladak, Butan cetr. Die Mundart von Hlassa ist zu- gleich die Priestersprache aller Mongolisch-Buddhistischen Völker Hinterasiens. Sie braucht ein dem Devanagari ähnliches Alphabet, und scheint, ungeachtet sie viele Wurzeln mit -dem Chinesischen uad den Transgangeti-*",,printed,,896,no,False
Tibetisch,tibe1272,Klaproth,"*v. Klaproth, Asia polygl. p. 346. 355; Atl. fol. 58. 59. *(La Croze), Elementa linguae tanguticae in Acta erodit.",,printed,,400,compendium,True
Tibetisch,tibe1272,Georgius,"♦Georgius, A. A., Alphabetum Tibetanum, missionom apost. commodo editum. 4. Romae 1762.",1762,printed,,400,no,False
Tibetisch,tibe1272,Amadutius,"*Amadutius, J. Chr., Alphabetum Tangutanum sive Ti- betanum. 8. Rom. 1773.",1773,printed,,400,no,False
Tibetisch,tibe1272,Hodgson,"Hodgson, B. H., Notices of the languages, literatare and religion of the Bauddhas of Nepal and Bhot in *As. Res. XVL p. 409 — 449. Calcutta 1828. und im «Journal asiat. 1830. T.VI. p. 18 — 119.",1828,printed,,400,no,False
Tibetisch,tibe1272,Wullner,"♦Wullner, F., Ueber die Verwandtschaft des Indo-gerra., Semitischen und Tibetanischen; nebst einer Einleitung über den Ursprung der Sprache. 8. Münster 1838.",1838,printed,,400,no,False
Tibetisch,tibe1272,Schroeter,"♦Schroeter, F. Ch. G., A dictionary of the Bhotanta or Boutan language, ed. by J. Mars hm an, to which is prefced a grammar of the Bhotanta language; ed. by W. Carey. 4. Serampore 1826.",1826,printed,,400,no,False
Tibetisch,tibe1272,Koros,"♦Csoma de Koros, AI., A Dictionary Tibetan and Eng- lieh. 4., Calcutta 1834.",1834,printed,,400,yes,False
Tibetisch,tibe1272,Schmidt,"*Schmidt, J. J., Tibetisch -deutsches Wörterbuch, nebst deutschem Wortregister. 4. St. Petersburg 1841.",1841,printed,,400,yes,False
Tibetisch,tibe1272,Koros,"♦Csoma de Koros, AI, A Grammar of the Tibetan lan- guage. 4. Calcutta. 1834.",1834,printed,,400,yes,False
Tibetisch,tibe1272,Schmidt,"♦Schmidt, J. J., Grammatik der tibetischen Sprache. 4. St. Petersburg 1839. j Dialekte.",1839,printed,,400,yes,False
Tibetisch,tibe1272,Gerard,"'Gerard, A., A Vocabulary of the Koonawur languages m",,printed,,400,no,False
Tibetisch,tibe1272,Herbert,"Herbert, J. D., A vocab. of Kanaweri and Tartar (Bhotia) words in * Asiat. Res. XV. Serampore 1825. p. 417 — 422.",1825,printed,,401,no,False
Tibetisch,tibe1272,Salt,"♦Salt, H., A voyage to Abyssfnia. 4. Lond. 1814. App. I. p. xvih — xxra. — *Uebers. von Fr. Rühs. 8. Weimar 1815. p. 440 — 46. s",1814,printed,,401,no,False
Tibetisch,tibe1272,Vater,"*Vater, J. S., Proben cetr. 8. Leipz. 1816. p. 282—300.",1816,printed,,401,compendium,True
Tibetisch,tibe1272,Balbi,"♦Balbi, Atlas ethnogr. Tab. xxxvn. no. 11.",,printed,,401,compendium,True
Tibetisch,tibe1272,Völkern,"Völkern, doch den reinsten Polynesischen- Typus in Stamm und Sprache erhalten.",,printed,,401,no,False
Tibetisch,tibe1272,Timbuktu,"Timbuktu, Tombuktu",,printed,,401,no,False
Tibetisch,tibe1272,Sudan,"Emporium des Welthandels in Sudan, am Nigerstrome. Die Sprache von Timbuktu wird in ganz Westsudan ge-",,printed,,401,no,False
Tibetisch,tibe1272,Bowdich,"♦Bowdich, Mission cetr. p. 1967",,printed,,401,no,False
Tibetisch,tibe1272,Lyon,"*Lyon, G. F., A narrative of travels in Northern Africa. 4. London 1821. p. 146 sq.",1821,printed,,401,no,False
Tibetisch,tibe1272,Balbi,"♦Balbi, Atlas ethnogr. Tab. xxxix. no. 300.",,printed,,401,compendium,True
Tibetisch,tibe1272,Klaproth,"♦Klaproth, J., Essai sur la langue dn Bornou, soiyi des Tooabnlsircs dn Begbanni, dn Mandara et de Timbouetou. 8. Paris 1826.",1826,printed,,401,no,False
Tibetisch,tibe1272,Denham,"♦Denham, D., and H. Clapperton, Narrative of travels and discoveries in Northern and Central Africa. 4. London 1826. p. 181 sq.",1826,printed,,401,no,False
Tibetisch,tibe1272,Cailli6,"*Cailli6, R., Journal d'un voyage ä Temboctou et a Jennl cetr. 3 voll. 8. Paris 1830. III. Joraard, Remarques et rechercties geographiques sur le voyage de M. Caillie dans l'Afrique centrale, p. 164 — 170.",1830,printed,,401,no,False
Tibetisch,tibe1272,Richard,"* Richard, J. C, Researches into the physical history of mankind. 8. London. — *3. Ausg. 1837. II. pag. 113. — «Uebera, 8. Leipzig 1840. 42. 45.",1837,printed,,401,no,False
Tibetisch,tibe1272,ey,"Timm an ey, Timmani.",,printed,,401,unclear,False
Tibetisch,tibe1272,Winterbottom,"Winterbottom, Th., An account of the native Africans in the neighbourhood of Sierra -Leone, ß. London 1803.",1803,printed,,401,no,False
Tibetisch,tibe1272,Balbi,"*Balbi, Atlas ethnogr. Tab. xxxtx. no. 243.",,printed,,401,compendium,True
Timor,uabm1237,Malayischen,"Unabhängig vom Malayischen, das nur auf einigen Punkten der Küste von Fremden geredet wird, unter- scheidet man auf dieser Insel des Indischen Archipela- gus zwei Hauptspiachen, die der Beilos im Nordosten der Insel, und die der VaKkenosim Südwesten; aufser- dem noch eine Menge weniger bekannter Dia",,printed,,401,no,False
Timor,uabm1237,Hogendorp,"van Hogendorp, W., Verzameüng van eenige Timoree- sche woorden in * Verhandelingen van het Bataviaasch genoot- schap. 8. Rotterdam en Amsterdam 1784. II. p. 102 — 105. — *3. Aireg. ebend. 1826. IL p. 432 — 34.",1784,printed,,401,no,False
Timor,uabm1237,Malte-Brun,"♦Malte-Brun, Annales des voyages. 8. Paris 1809. VI. p. 324 — 27.",1809,printed,,401,no,False
Timor,uabm1237,Crawfurd,"♦Crawfurd, J., Uistory of the Indian Archipelago. I. p. 264 — 271) IL p. 125—191.",,printed,,401,no,False
Timor,uabm1237,Balbi,"*Balbi, Atlas ethnogr. Tab. xl. no. 340. 341 (bis). . i",,printed,,401,compendium,True
Timor,uabm1237,Marsden,"♦Marsden, Miscellaneous works p. 109.",,printed,,401,no,False
Timor,uabm1237,Eysinga,"*Roorda van Eysinga, P. P., Handboek der Land- en Volkenkunde van Nederlandsch IndiS. 8. Amsterdam 1841. II. p. 76 sq. %",1841,printed,,401,no,False
Tschuktschen,chuk1273,Smith-Barton,"*Smith-Barton, B., New views of the tribes of Ame- rica. 8. Philad. 1797. — *2. Ausg. 1798.",1797,printed,,409,no,False
Tschuktschen,chuk1273,Billing8,"*Billing8, Puteschestwie cetr. p. 102 — 111.",,printed,,409,no,False
Tschuktschen,chuk1273,Krnsenstern,"*v. Krnsenstern, A. J.j Wörtcrsanunlungen cetr. p.33 — '44.",,printed,,409,no,False
Tschuktschen,chuk1273,Vater,"*Vater, J. S., Proben cetr. 8. Leipz. 1816. pl 149 — 67.",1816,printed,,409,compendium,True
Tschuktschen,chuk1273,Xylander,"*v. Xylander, J., Das Sprachgeschlecht 'der Titanen. 8. Frankf. a. M. 1837. p. 454 — 58 u. 480 sq.",1837,printed,,410,no,False
Tschuwaschen,chuv1255,Simbirsk,"Simbirsk, Ufa, Orenburg und Tobolsk; sie sind, wieder ganze Bau und Charakter ihrer Sprache zeigt ein ""Nfolk Türkischen Stamme«, wiewohl ihr Dialekt auch viel- fach mit Finnischen Elementen gemischt ist.",,printed,,410,no,False
Tschuwaschen,chuv1255,Wischnewskij,"Wischnewskij, Ueber die Tschuwaschische Sprache in Sawolshkij murawei (Transwolgaische Ameise). 1832.",1832,printed,,410,no,False
Tschuwaschen,chuv1255,m,"K r o n h e i m , W. , Die Tschuwaschen. Ein ethnographischer Beitrag in * Er man, Archiv für wissenschaftliche Kunde von Rufsland. 8. Berlin 1843. III. p, 70 — 114.",1843,printed,,410,unclear,False
Tschuwaschen,chuv1255,Schott,"Schott, W , Etwas über die Tschuwaschische Sprache. ♦Ebendas. p. 115—120.",,printed,,410,yes,False
Tschuwaschen,chuv1255,Scholt,"*Scholt,* Guil., De lingua Tschuwaschorum. 8. Bero-",,printed,,410,no,False
Tschuwaschen,chuv1255,er,"* Müll er, G. F., Sammlung russischer Geschichte. III. p. 382 — 408.",,printed,,410,unclear,False
Tschuwaschen,chuv1255,Gyarmathi,"♦Gyarmathi, S., Affinitas linguae Hungar, cetr. p. 189 sqq.",,printed,,410,no,False
Tschuwaschen,chuv1255,Klaproth,"*v. Klaproth, Asia polyglotta; Atlas fol. xxvu — xxxxi.",,printed,,410,compendium,True
Tschuwaschen,chuv1255,Levesque,"Levesque, Vocabnlaire (le la langue des Tchouvaches in * Journal Asiatique 1825. VI. p. 271 — 76.",1825,printed,,410,no,False
Tschuwaschen,chuv1255,Balbi,"♦Balbi, Atlas ethnogr. Tab. xxxvn. no. 126.",,printed,,410,compendium,True
Tschuwaschen,chuv1255,Klaproth,"v. Klaproth, J., Comparaison de la langue des Tchouva- ches avec les idiomes turks in * Nouveau Journal Asiat. 1828. 1. p. 237 — 246.",1828,printed,,410,no,False
Tschuwaschen,chuv1255,Erman,"*Erman, A., Reise um die Erde. Abth. I. Bd. 1. 8. Ber- lin 1833. p. 226.",1833,printed,,410,no,False
Tschuwaschen,chuv1255,Levesque,"Levesque, Grammaire abregee de la langne des Tchouva- ches in »Journal Asiatique. 1825. T. VI. pag. 213 — 224 et 267 - 271.",1825,printed,,410,no,False
Tuarik,tama1365,derjenige,"Sie sind derjenige, Stamm der Berber, der sich über die grofse Wüste oder die Sahara ausgebreitet hat; sie .sind also die Berber der Ebene. Begränzt sind sie im Osten, von Fezzan und den Tibbos, im Süden von den Negeraationen von Bornu, Haoussa, Guber und Tim- bukto und im Norden von den Oasen von T",,printed,,411,no,False
Tuarik,tama1365,Surga,"Surga, in der Nähe der Sudan- Neger; die Bewohner der Oasen Wadreag und Wtirgelah'und die Mo- zabies oder Beni-Mozab.",,printed,,411,no,False
Tuarik,tama1365,language,"On the language, manners and cnstoms of the Berbers öi' Brebers. of Africa. Communicated by W. Shaler in a series of lettere to Peter S» Bn Ponceaa in *Transactions of the American Philosoph. Society. New series. IL Philad. 1825. pag. 462.",1825,printed,,411,no,False
Tuarik,tama1365,Shaler,"Shaler, W., Sketches on Algiers, political, historical and civil, coutaining an acconnt of the geography, population, go- vernmcnt, revenues and recent political history. 8. Boston. 1826.",1826,printed,,411,no,False
Tuarik,tama1365,Bianchi,"Bianchi, Th. H., Esquisse de Fetat d'Alger, considere sous les rapports politiqne, bistorique et civil., Par W. Shaler. Trad. de FAnglais. 8. Paris 1830. p. 308 — 331: Vocabalaire des langues Africaines* contenant, ootre ceux de Shaw, de Chenier, de Hornemann et de Badia, un vocabalaire mozabite P*r",1830,printed,,411,no,False
Tuarik,tama1365,Hodgaoa,"Hodgaoa, W. B., Grammatical sketch and specimens of the herber language in *Transactions of the Amcric. Philo*.",,printed,,411,no,False
Tuarik,tama1365,Hodgson,"♦Hodgson, W. B., Notes on Northern Africa cetr. 8. New- York 1844. p. 95 — 101.",1844,printed,,411,no,False
Tuarik,tama1365,Prichard,"♦Prichard, J. €., Researches into the physical history of mankind. 8. London. — *3. Ausg. 1837. II. pag. 41 sq. — *üebers. 8. Leipzig 1840. 42. 45.",1837,printed,,411,no,False
Tuda,toda1252,Stämme,"Einer der Nilagiri- Stämme, dessen noch wenig be- kannte Sprache vielleicht am ehesten Aehnlichkeit mit",,printed,,411,no,False
Tuda,toda1252,Harknes8,"*Harknes8, EL, A description of a singular Aboriginal racc",,printed,,411,no,False
Jakuten,yaku1245,Witseii,"♦Witseii, N., Nobrd- en Oost Tartarye. 2 Bde. fol. Am- sterdam 1705. II. p. 677.",1705,printed,,416,no,False
Jakuten,yaku1245,Strahlqnberg,"*Strahlqnberg, Ph., Das Nord- und östliche Theil von Europa und Asia. S. 56. *",,printed,,416,no,False
Jakuten,yaku1245,Saner,"*Saner, MM>Ah account of a geographical expedition cetr. performed by J. Billings. 4. Lond. 1802. App. I. p. 1 — 8. — *Französ. par J. Castera. 2 voll! 8. Paris J802. IJL p. 269 — 80. — * Deutsch. 8. Berlin 1802. p. 387 — 398.",1802,printed,,416,no,False
Jakuten,yaku1245,Erman,"*Erman, A., Reise um die Erde. Abthi. I. Bd. 2. 8, Ber- lin 1838. p. 281 — 294; p. 297.",1838,printed,,416,no,False
Jakuten,yaku1245,Davvydow,"Davvydow, Dmitrji, Jakutisches Wortregister, in *£r- man, Archiv für wiss. Kunde von Rufsland. III. 1843. pag. 312-332.",1843,printed,,416,no,False
Jakuten,yaku1245,Schott,"Schott, W., üeber die Jakut. Sprache, ebd. p. 333—42.",,printed,,416,no,False
Jakuten,yaku1245,Klaproth,"*v. Klaproth, J., Reise in den Kaukasus, und nacb Geor- gien. II. Anhang. Kaukasische 3prachen. p. 273 — 279.",,printed,,416,no,False
Jakuten,yaku1245,Güldenßtädt'8,"*Güldenßtädt'8, J. A,, Beschreibuöp der Kaukasischen Länder. Herausg. v. Klaproth. 8. Berl. 1834. p. 239—46.",1834,printed,,416,no,False
Jakuten,yaku1245,Falk,"♦Falk, J. P.,, Beitrüge aar topographischen Kenntnife des russischen Reiches. II. 1786. p. 575 — 81.",1786,printed,,418,no,False
Jakuten,yaku1245,Klaproth,"*v. Klaproth, J., Ueber die Sprache und Schrift der Ui- guren. 8. Berlin 1812. p. 18 — 23.",1812,printed,,418,no,False
Jakuten,yaku1245,Chalfin,"Chalfin, S., Abecedariom d. Tatarischen Sprache. 8. Mos- kau 1778 (rti88.).",1778,printed,,418,no,False
Jakuten,yaku1245,ki,"Trojan 8 ki, Alex., Kurze Tatar. Grammatik. 4. St. Peters- burg 1814 (russ.). — 2. Ausg. 4. Kasan 1824.",1814,printed,,418,unclear,False
Jakuten,yaku1245,Chalfin,"♦Chalfin, S., Leben des Tschinggis-Chan und Aksak Ti- mur (Kasan-Tat). 8. Kasan 1819 (1822) (mit Tat-russ. Wör- terbuch).",1819,printed,,418,no,False
Jakuten,yaku1245,Trojanski,"Trojanski, Alex., Wörterbuch der Tatarischen Sprache. 4. Kasan 1833 — 35.",1833,printed,,418,no,False
Jakuten,yaku1245,Kasem-Bek,"Kasem-Bek, M. A., Grammatik der Türkisch -Tatarischen Sprache. 8. Kasan 1839 (russ.).",1839,printed,,418,no,False
Jakuten,yaku1245,Falk,"♦Falk, J. P., Beiträge zui* topographischen Kenntniis des russischen Reichs, n. 1786. p. 575 — 581.",1786,printed,,418,no,False
Jakuten,yaku1245,Vater,"♦Vater, J. S., Proben cetr. 8. Leipz. 1816. S. 139 — 44. . ♦Eversmann, E., Reise von Orehburg nach Buchara. 4. Berlin 1823. p. 2 — 24.",1816,printed,,418,compendium,True
Jakuten,yaku1245,Klaproth,"v. Klaproth, J., Sur la Iangue des Kirghiz in ♦Joarn. Asiat. 1825. T. VII. p. 321 — 344.",1825,printed,,418,no,False
Jakuten,yaku1245,Klaproth,"♦v. Klaproth, J., Memoires relatifs ä l'Asie. III. 332—64.",,printed,,418,no,False
Jakuten,yaku1245,Lewschin,"♦Lewschin, A., Opisanie Kirgis-Kasatsch'ich ili Kirgis- Kaisazkich ord i stepei. 3 voll. 8. St. Petersburg 1832. — ♦Französ. Description des hör des et des steppes des Kirghis- Kazaks. Trad. du Russe par Ferry de Pigny et.revapar E. Charricre. 8. Paris 1840.",1832,printed,,418,no,False
Jakuten,yaku1245,Klaproth,"♦v. Klaproth, J., Reise nach Georgien und in den Kau- kasus. II. Anhang, p. 273 — 282.",,printed,,418,no,False
Ualan,kosr1238,Lugunor,"Sprache von Lugunor, in derselben Gruppe, ist ganz nahe verwandt, 4iur schwieriger für die Aussprache; das- selbe gilt von der Insel Ulea; ein fernerer Dialekt herrscht auf Feis; der rauheste und unangenehmste ist der von Puinipet. Wir erwähnen hier noch den Dia- lekt von Lamurek, von Pis und den vo",,printed,,424,no,False
Ualan,kosr1238,Kotzebue,"*v. Kotzebue, O., Entdeckungsreise in die Sudsee. 3 voll 4. Weimar 1821. III. p. 55 — 67. — *Russ. 3 voll. 4. St. Petersburg 1823. IJL p. 103 — 123 (auch if *v. Chamisso, A d. , sämmtliche Werke. 8. Bd. 2. 89 — 104),",1821,printed,,424,no,False
Ualan,kosr1238,Balbl,"•Balbl, Atlas ethnpgr. Tab. xl. no. 382 — 84; 386. 388.",,printed,,424,no,False
Ualan,kosr1238,deRienzi,"Domeny deRienzi, G. L., Oceanie. 3 voll. 8. Par. 1836.",1836,printed,,424,no,False
Ualan,kosr1238,Creek-Confederacy,"Creek-Confederacy, deren Wohnsitze ursprünglich öst- lich von. den Flüssen Coosa und Chatabopchee waren, wie sie sich denn auch als den ältesten Stamm jener Gegenden betrachten. Im Anfange des 18. Jahrhun- derts hatten sie sich an den westlichen Bänken der Sa- vaunah niedergelassen; später zogen sie",,printed,,424,no,False
"Tookpa,  Ramug  und  einen  Theil  ton  Gungel",,Gerard,"Gerard, A., A vocabulary of tue Koonawur Ianguages in * Journal of (he Asiatic Society of Bengal. XI. Calcutta 1842. p. 479 — 538-",1842,printed,,420,no_code,False
"Tookpa,  Ramug  und  einen  Theil  ton  Gungel",,Marcu8,"*Marcu8, L., Histoire des Wandales. 8. Paris 1836. pag. 405 — 423.",1836,printed,,420,no_code,False
"Tookpa,  Ramug  und  einen  Theil  ton  Gungel",,Papencordt,"•Papencordt, F., Geschichte der Vandalischen Herrschaft in Afrika. - 8. Berlin 1837. S. 2S7 ff.",1837,printed,,420,no_code,False
"Tookpa,  Ramug  und  einen  Theil  ton  Gungel",,mehrere,"Es herrschen hier mehrere, wie es scheint, ziemlich verschiedene Sprachen; doch sind sie uns weniger be- kannt als die übrigen Australischen. In den Wörtern weichen sie gänzlich ab, der allgemeine Charakter des Negritischen findet sich hier aber so gut, wie bei den Nachbaren auf dem Continent.",,printed,,420,no_code,False
"Tookpa,  Ramug  und  einen  Theil  ton  Gungel",,Cook,"•Cook, J., Voyage to the Pacific Ocean. 3 voll. 4. Lon- don 1784. I. p. 116.",1784,printed,,420,no_code,False
"Tookpa,  Ramug  und  einen  Theil  ton  Gungel",,linders,"*F linders, M., A voyage to Terra Australis. 2 voll. 4. London 1814. I. p. 67.",1814,printed,,420,no_code,False
"Tookpa,  Ramug  und  einen  Theil  ton  Gungel",,Balbi,"*Balbi, Atlas ethnogr. Tab. xl. no. 436.",,printed,,420,no_code,True
"Tookpa,  Ramug  und  einen  Theil  ton  Gungel",,King,"*King, Ph. P., Narrative of a survey of the intertropical wid westem coasts of Australia. 2 voll. 8. London 1827. I. M«l sq. 5 IL p.€32 — 35.",1827,printed,,420,no_code,False
"Tookpa,  Ramug  und  einen  Theil  ton  Gungel",,Marsden,"*Marsden, Mlscellaneons works p. It3;",,printed,,420,no_code,False
"Tookpa,  Ramug  und  einen  Theil  ton  Gungel",,Lhotsky,"Lhotsky, J., Vocabulary of the natives of Van Diemen Land in * Journal of the Boyal geogr. Soc. of London. 8. London 1839. IX. p. 158 — 162.",1839,printed,,430,no_code,False
"Tookpa,  Ramug  und  einen  Theil  ton  Gungel",,Braim,"♦Braim, Th. HM A history of New South Wales from its settlement to the close of the year 1844. 2 voll. 8. London 1846. IL p. 256 — 66.",1844,printed,,430,no_code,False
Vanikoro,,Afrikaner,"Farbe der Afrikaner, mit ihren kurzen und wolligen Haaren und gleichen ihnen auch in den Gesichtszügen. Es scheinen verschiedene Dialekte zu herrschen, wie die von Tanema, Taneanu u. a.",,printed,,430,no_code,False
Vei,vaii1241,Volk,"Ein Südamerikanisches Volk, das in mehreren Mis- sionen an den Ufern des Salado und in der Argentini- schen Provinz Cordova feste Wohnsitze genommen hat Sie zerfallen in die Ontoampas, Yeconoampas, Ipas und Pasaines. Andere Vilela -Stämme, wie die Chunupies, Ocoles, Atalalas u. s. w. wandern noch in",,printed,,430,no,False
Vei,vaii1241,Gilij,"♦Gilij, FS., Saggio di storia Americ. III. p. 364 — 66. *Hervas, Vocabolario poligl. p. 163 sqq. ♦Mithridates IH. 2. Abth. S. 50S u. 516 f. *Balbi, Atlas ethnogr. Tab. xli. no. 455.",,printed,,431,compendium,True
Vei,vaii1241,Purchas,"Purchas, S., Hakluytus Posthumus, or Purchas his Pil- grimes. Fol. 5 voll. London 1625. IV. p. 1667.",1625,printed,,431,no,False
Vei,vaii1241,Smith,"Smith, S., The geoeral history of Virginia. Fol. London 1632. p. 40.",1632,printed,,431,no,False
Vei,vaii1241,Cathechismus,"Lutheri Cathechismus, öfwersatt pä American -Virginiske spraket. 8. Stockholm 1696 (mit Wörterbuch).",1696,printed,,431,no,False
Vei,vaii1241,Relandus,"*Relandus, IL, Dissertt. Miscell. 3 voll. 8. Traj. ad Rhe- num 1706—1708. IE. p. 208 — 211.",1706,printed,,431,no,False
Vei,vaii1241,Smith-Barton,"*Smith-Barton, ß., New views of the tribes of Ame- rica. 8. Philad. 1797. — *2. Ausg. ebend. 1798.",1797,printed,,431,no,False
Vei,vaii1241,Fakner,"♦Fakner, Th., A description öf Patagonia and the adjoi- ning parte of South America, 4. Hereford 1774. — * Deutsch. 8. Gotha 1,775.",1774,printed,,431,no,False
Waigiu,waig1244,Labillardiere,"♦Labillardiere, Relation da voyage ä la recherdbe de la Perouse. 2 voll. 8. Paris an VIII. II. App. p. 58 — 61.",,printed,,482,no,False
Waigiu,waig1244,Balbi,"♦Balbi, Atlas ethoogr. Tab. xl. ho. 421 —23.",,printed,,482,compendium,True
Waigiu,waig1244,den,"* Mars den, MisceUaneous works p. 107.",,printed,,482,yes,False
Wawu,,Oberguineas,"Ein Negervolk Oberguineas, theils an der Küste,",,printed,,440,no_code,False
Wawu,,Oldendorp,"•Oldendorp, Geschichte der Mission cetr. I. 346. *ffltkridates ffl. f. AhthL S. 227 t *Balbi, Atlas ethnogr. Tab. xxxix. no. 269.",,printed,,440,no_code,True
Wawu,,Marchais,"*Des Marchais, Voyage en Guinee, lies voisioes et ä Ca- yenne par le P. J. B,t- Labat. 4 yolL 12. Par. 1730. T. IV. pag. 670 — 681 : 6rammaire abregee ou entretien en langue Franchise' et Celle des Nfcgres de Juda cetr.",1730,printed,,440,no_code,False
Wawu,,Balbi,"*Balbi, Atlas ethnogr. Tab. xxxix. no. 265.",,printed,,440,no_code,True
Anam,viet1252,Vater,"♦Vater, J. S., Proben cetr. 8. Leipz. 1816. p. 229— 41.",1816,printed,,455,compendium,True
Anam,viet1252,Xylander,"♦v. Xylander, J., Das Sprachgeschlecht der Titanen. 8. Frankfurt 1837. p. 468 sq.",1837,printed,,455,no,False
Anam,viet1252,Latinum,"*Dictionarium Anamitico- Latinum, primitus ineeptum a J. Pigneaux, dein absolut um et editura a J. L. Taberd. 4. Fredericnagori (vulgo Serampore) 1838. Zu ergänzen ist:",1838,printed,,455,no,False
Anam,viet1252,d,"♦Tab er d, J. L., Dictiooarium Latino-Anamiticum. 4. Fre- dericnagori (vulgo Serampore) 1838.",1838,printed,,456,unclear,False
Anam,viet1252,Roberts,"♦Roberts, Edm., Embassy to the eastern courts of Co- chinchina, Siara and Muscaf. 8. New -York 1837. App. pag. 413 sq.",1837,printed,,456,no,False
Anam,viet1252,Güldenstädt's,"♦Güldenstädt's, J. A., Beschreibung der Kaukasischen Lander. Herausg. v. Klaproth. 8. Berl. 1834. p. 216— 23.",1834,printed,,456,no,False
"Angola,  Bnnda",kimb1241,Douviile,"♦Douviile, J.-B., Voyage au Coago. 3 voll. 8. Paris 1832. III. p. 261 — 65.",1832,printed,,456,no,False
Appa,,-Leone,"Sierra -Leone, -r- Wieder abgedruckt in Outline of a Voca- bulary of a few- of the principal languages of western and central Africa. 16. London 1841. p. 190 — 200.",1841,printed,,456,no_code,False
Arakan,rakh1245,Crawfurd,"*Crawfurd,, J., Journal of au embassy to the court of Ava. 4. London 1829. App. 35 — 37.",1829,printed,,457,no,False
Arakan,rakh1245,Rödiger,"Rödiger, E., Ueber die aramäische Valgärsprache der heu- tigen syrischen Christen in *Zeitsclir. für die Kunde des Mor- genlandes. II. 1. p. 77 — 93.",,printed,,458,no,False
Arakan,rakh1245,Blücher,"Blücher, E. J., Grammatica Aramaica, in qua non solum de Aramaismo biblico, sed etiam de Ulis idiomatibus, qoae in variis Targumim et Talmud cetr. occurrunt, agitur. 8. Vindo- bonae 1838.",1838,printed,,458,no,False
Arakan,rakh1245,Groenewoud,"*Groenewoud, J. C. S., Institutio ad grammaticam Ara- maeam ducens. 8. Traj. ad Rhenum 1845.",1845,printed,,458,no,False
Arakan,rakh1245,Landau,"♦Landau, M. J., Rabinisch- Aramäisch -Deutsches Wörter- buch, zur Kenntnifs des Talmuds, der Targumim und Midra- schim. 5 thle. 8. Prag 1819 — 24.",1819,printed,,458,no,False
Arakan,rakh1245,Dessauer,"Dessauer, J. IL , G edrängtes vollständiges Aramäisch-ChaJ- däisch- Deutsches Handwörterbuch. 8. Erlangen 1838.",1838,printed,,458,no,False
Arakan,rakh1245,Marcgraviu8,"*Marcgraviu8, G., Historia rerum naturalium Brasiliae. Fol. Lugd.-Bat. et Amstelod. 1648. p. 288 — 290.",1648,printed,,458,no,False
Aschanti,akan1250,Halleur,"*Halleur, Abecedarium iu der Aschanti -Sprache.",,printed,,459,yes,False
Assamesen,assa1263,Brown,"Brown, N., Coraparison of the Indo - Chinese languages in Journal of the Asiat. Soc. of Bengal. 8. Calcutta 1837. VI. pag. 1031.",1837,printed,,459,yes,False
Assamesen,assa1263,Robinson,"*Robinson, W., A descriptive account of Asam. 8. Cal- cutta 1841. p. 338.",1841,printed,,459,yes,False
Assamesen,assa1263,Robinson,"Robinson, W., Grammar of the Asamese langaage (?).",,printed,,459,yes,False
Assamesen,assa1263,Vater,"* Vater, J. S., Proben cetr. 8. Leipz. 1816. p. 148 — 67.",1816,printed,,459,compendium,True
Atui,hawa1245,Ceok,"*Ceok, J., Voyage to the Pacific Ocean. 3 voll. 4. Lon- don 1784. III. p. 549 — 554.",1784,printed,,460,no,False
Atui,hawa1245,Crawfurd,"*Crawfurd, J., The history of thc Indian Archipelago. 3 voll. 8. Edinb. 1820. p. 125 -- 191.",1820,printed,,460,no,False
Atui,hawa1245,Marsden,"*Marsden, Misceüaneous works p. 102.",,printed,,460,yes,False
Bali,,Raffles,"♦Raffles, Th, St., The history of Java. 2 voll. 4. Lon- don 1817. II. App. E. *Memoires de la Societe ethnologique., I. 2. p. 198— -221.",1817,printed,,460,no_code,False
Bassa,,Oberguineas,"Kleiner. Seehafen Oberguineas, auf der Elfenbein- Küste r nordöstlich vom Kap Palmas. Von der sonst nicht näher bekannten Sprache findet sich ein",,printed,,460,no_code,False
"Batta,  Battak",bata1289,Junghuhn,"Junghuhn, F,, Die Battaländer auf Sumatra; im Auftrage des General- Gouverneurs von Niederlands- Indien während der, Jahre 1840 — 41, untersucht nnd beschrieben. 8. Berlin 1847. 2. Thl. Völkerkunde, p. 254 — 274 : Wissenschaftliche Kultur der Batta er $ ihre Sprache und Schrift (mit Vocabula- rhim p",1840,printed,,460,no,False
"Begirma,  Begarmi",bagi1246,Vater,"♦Vater, J. S., Proben cetr. 8. Leipz. 1816. S. 348—50. *Recueil de voyages et de memoires publie par la societe de geographie. 4. . Paris 1839. IV. p. 190 — 197.",1816,printed,,460,compendium,True
Belutschen,balo1260,Leech,"Leech, R., Epitome of the grammars of the Brahuiky, the Baloochky and the Penjabi la'ngtiages, with voeahularies of",,printed,,460,no,False
Bengalisch,beng1280,Brown,"♦Brown, N., Comparison of the Indo- Chinese languages",,printed,,402,yes,False
Bengalisch,beng1280,Sen,"Ramkissen Sen, Vocabulary English, Latin, and Beoga- lese. 4. Calcutta 1821.",1821,printed,,402,no,False
Bengalisch,beng1280,Carey,"Carey, W., A grammar of the bengalee language. ,4. edi- tion. 8. Serampore 1818.",1818,printed,,402,yes,False
Bengalisch,beng1280,Frichard,"*Frichard, J. C, Researches into the physical history of mankind. 3. ed. 8. Lond. 1837. II. p. 99, 127. — *Uebers. von Rud. Wagner. 8. Leipz. 1840. 4% 45. '",1837,printed,,402,no,False
Bengalisch,beng1280,benua,"Eigentlich Orang benua, Menschen des Lan- des, ein auf Malacca verbreiteter Volksstamni, den man dort für yrel älter, als die Malayen selbst, hält. Die Benuas zerfallen in eine Menge von Stämmen, deren Dialekte mehr oder weniger von einander verschieden",,printed,,402,no,False
Bengalisch,beng1280,8,"Raffle 8, Th., On the Malayu nation, with a translation of its maritime institutions in *As. Res. XII. p. 108— 110.",,printed,,463,unclear,False
Bengalisch,beng1280,Marsden,"*Marsden, Miscellaneous works p. 87.",,printed,,463,no,False
Bengalisch,beng1280,Newbold,"♦Newbold, T. J., Political and Statistical account of the british Settlements in the straits of Malacca. 2 voll. 8. Lon- don 1839. II. p. 418; p. 422 — 31; p. 434.",1839,printed,,463,no,False
Berber,berb1260,Vater,"♦Vater, J. S., Proben cetr. 8. Leipz. 1816. p. 247— 62.",1816,printed,,463,compendium,True
Berber,berb1260,langnage,"On the langnage, manners and customs of the Berbers or Brebers of Africa. Communicated by W. S ha ler in a series of letters to Peter S. du Ponceau and by the latter to the Society in * Transactions of the American Philos. Soc. 4. New series. Philad. 1825. II. p. 438— 465.",1825,printed,,463,no,False
Berber,berb1260,Ukert,"Ukert, Bemerkungen über die Berbern und Tibbo's in *Neue Allgem. Geogr. und Statist. Ephemeriden. 8. Weimar 1826. XIX. p. V-rl8; 33 — 54 5 65 — 90.",1826,printed,,463,no,False
Berber,berb1260,Shaler,"Shaler, W., Sketches of Algiers, political, historical and civil, containihg an account of the geography, population, go- vernment, revenues and recent polit. history. 8. Boston 1826.",1826,printed,,463,no,False
Berber,berb1260,Bianchi,"Bianchi, Th. H., Esquisse de l'etat d' Alger, considere sous les rapports politique, historique et civil. Par W. Shaler. Trad. de l'Anglais. 8. Paris 1830. p. 308 — 331: Vocabulaire des langues africaines contenant, outre ceux de Shaw, de Che- aier, de Hornemann et de Badia, un vocabulaire chouiah p",1830,printed,,463,no,False
Berber,berb1260,Washington,"Washington, Geographica! notice of the empire ofMa- rocco in * Journal of the Royal geogr. Soc. of London. 8. London 1832. I. p. 123—155 (Wörter p. 143). .",1832,printed,,464,no,False
Berber,berb1260,Prichard,"*Prichard, J. C, Researches into the physical liistory of mankiod. 3. ed. 8. London 1837. II. p. 41 sq. — *Uebers. von Rud. Wagner. 8. Leipzig 1840. 42. 45.",1837,printed,,464,no,False
Berber,berb1260,Newmann,"Newmann, F. W., On the stractnre of the Berber lango. in *Prichard, J. G, Researches into the physical liistory of mankiod. 3. ed. 8. Lond. 1844. IV. App. Ü. p. 617 — 26.",1844,printed,,464,no,False
Berber,berb1260,W.,"NewmanJ F. W., A gram mar of the Berber laogoagc in *Zeitschr. für die Kunde des Morgenlandes. VL p. 245 — 337.",,printed,,464,unclear,False
Berber,berb1260,Burcheil,"*Burcheil, W. J., Travels in the interior of soulhem Africo. 2 voll. 4. London 1822 — 24..",1822,printed,,464,no,False
Berber,berb1260,Prichard,"*Prichard, J. C, Researches iutfethe physical history of mankind. 3. ed. 8. London 1837. IL p. 315 — 318.",1837,printed,,464,no,False
Bhagulpur,,Klaproth,"*v. Klaproth, Asia polyglotta p. 354.",,printed,,464,no_code,True
"Bhatoo,  Bhatooe",,wandernden,"Einer der wandernden, über ganz Indien verbreite- ten Stämme, dort selbst gekannt unter dem Naineu Doouiur oder Kollati.",,printed,,464,no_code,False
"Bhatoo,  Bhatooe",,Balfour,"Balfour, E d w. , On the migratory tribes of natives in Cen- tral India in * Journal of the As. Soc. of Bengal. 8. Calcutta 1844. XIII. p. 17 — 18.",1844,printed,,465,no_code,False
"Bhourie,  Bowrie",,Guzerati,"Guzerati, Mahratti und reinen Sanskrit. Sie zerfal- len in fünf Stämme 1) Rhatore oder Mewara, 2) Chow- hone, 3) Sawundia, 4) Korbiar, 4) Kodiara.",,printed,,465,no_code,False
"Bhourie,  Bowrie",,Balfour,"Balfour, Edw., On the migratory tribes of natives in Cen- tral India in * Journal of the As. Soc. of Bengal. 8. Calcutta 1844. Xffl. p. 17 — 18.",1844,printed,,465,no_code,False
"Bhourie,  Bowrie",,Biqjok,"Biqjok, Dyak, Dayaks.",,printed,,465,no_code,False
"Bhourie,  Bowrie",,Dayaken,"Von. den Dayaken, den Eingebornen von Bor- neo, haben wir neue Nachrichten von Keppel erhal- ten. Ihre Sprache, zum grofsen Malayischen Stamme gehörig, zerfällt in eine grofse Anzahl von Dialekten, die mehr oder minder von einander abweichen. Wör- terverzeichnisse sind gegeben von den Stämmen Sun- t",,printed,,465,no_code,False
"Bhourie,  Bowrie",,Marsden,"*Marsden, W., Miscellaneous works p. 93. 'Mlmoires de la Societe ethnologique. I. 2. p. 198—221.",,printed,,465,no_code,False
"Bhourie,  Bowrie",,Keppel,"♦Keppel, H., The expedttion to Borneo of H. M. S. Dido. 2 voll. 8. Lond. 1846. I. App. II. Philology. p. xu— xix.",1846,printed,,465,no_code,False
"Bhourie,  Bowrie",,Raffles,"♦Raffles, Th. St., The history of Java. 2 voll. 4. Lon- don 1817. II. App. F.",1817,printed,,465,no_code,False
"Bhourie,  Bowrie",,Eysinga,"♦Roorda van Eysinga, P. P., Handboek der Land- en Volkenkunde van Nederlandsch Indie. 8. Amsterdam 1841. II. p. 90 sq.",1841,printed,,465,no_code,False
Birmanisch,nucl1310,Vater,"♦Vater, J. S., Proben cetr. 8. Leipz. 1816. p. 230— 42.",1816,printed,,465,compendium,True
Birmanisch,nucl1310,Crawfurd,"*Crawfurd, J., Journal of an embassy to the coart of Ava. 4. London 1829. App. p. 35 — 37.",1829,printed,,465,no,False
Birmanisch,nucl1310,Brown,"Brown, N., Comparison of the Indo- Chinese languages in Journal of the As. Soc. of Bengal. 8. Calcutta 1837. VI. p. 1032.",1837,printed,,465,no,False
Birmanisch,nucl1310,Xylander,"*v. Xylander, J., Das Sprachgeschlecht der Titanen. 8. Frankfurt a. M. 1837. p. 464 — 66.",1837,printed,,465,no,False
Birmanisch,nucl1310,Latter,"♦Latter, Th., A grammar of the language of Burmah. 4. Calcutta 1845.",1845,printed,,465,yes,False
Bischari  und  Hadherebe,beja1238,Salt,"♦Salt, H., A voyage to Abyssinia. 4. Lond. 1814. App. I. p. xv — xvi. — ♦Uebers. 8. Weimar 1815. p. 436— 37. ♦Nouvelles Annales des voyages. 1820. VI. p. 327 — 28.",1814,printed,,465,yes,False
Bissaya,cebu1242,armier,"Bj armier, Formier.",,printed,,465,no,False
Bissaya,cebu1242,Fischer,"♦Fischer, J. £., Sibirische Geschichte. 2 Bde. 8. StPe-",,printed,,465,no,False
Bissaya,cebu1242,Erdmann,"♦Erdmann, J. Fr., Beiträge zur Kenntnife des Innern Von Rufsland. II. 2. Reisen im Innern Rufslands. 8. Leipz. 1826. p. 203 — 214",1826,printed,,465,no,False
Bissaya,cebu1242,Flörow,"Flörow, A., Syrjänische Grammatik. 8. St. Petersburg 1813 (russisch).",1813,printed,,465,no,False
Bissaya,cebu1242,Sjögren,"Sjögren, A. J., Ueber den grammatischen Bau der syr- jänischen Sprache mit Rücksicht auf die finnische in *Me- moires de l'Acad. Imper. des sciences de St. Petersbourg. Sixieme slrie. Sciences politiques cetr. 4. St.-Petersb. 1832. I. p. 149 — 169.",1832,printed,,465,no,False
Bissaya,cebu1242,Castren,"*Castren, M. A., Elementa grammatices syrjaenae. 8. Hel- 8ingforsiae 1844.",1844,printed,,465,no,False
Bissaya,cebu1242,Castrcn,"Castrcn, M. A., De nominum declinatione in lingua Syr- jaena. 8. Helsingforsiae 1844.",1844,printed,,465,no,False
Bissaya,cebu1242,Gabelentz,"v. der Gabelentz, H. C, Die wot jakische Declination in »Höfer's Zeitschrift für die Wiss. der Sprache. 8. Ber- lin 1845. I. 1. p. 112— 116.",1845,printed,,465,no,False
Bullom,bull1247,Vater,"* Vater, J. S., Analekteo der Sprachenkunde. 8. Leipzig 1821. I. Heft. Tab. 1. p. 112 (verb. s übst an t.).",1821,printed,,471,no,False
Bullom,bull1247,Leech,"Leech, R., Notes on and a short vocabulary of the Hin- duvee dialect of Bundelkhand in * Journal of the As. Soc. of Bengal. 8. CalcuUa 1843. XII. p. 1086 — 1103.",1843,printed,,471,no,False
Buton,woli1241,Raffles,"♦Raffles, Th. St., The history of Java. 2 voll. 4. Lon- don 1817. II. App. F.",1817,printed,,471,no,False
Cingalesisch,sinh1246,English,"*English, Portugiese and Cingalese Vocabnl. 8. s.a. et I. Callaway, J., School dictionary, Cingalese and Engüsli.",,printed,,475,no,False
Coles,,Balfour,"Balfour, Edw., On the migratory tribes of natives in Central India in * Journal of the As. Soc. of BengaL 8. Cal- cutta 1844. XIII. p. 21 sq.",1844,printed,,475,no_code,False
Dankali,afar1241,Scholz,"♦Scholz, J. M. A., Reise in die Gegend zwischen Alexan- drien und Parätonium. 8. Leipzig 1822. p. 117.",1822,printed,,478,no,False
Dankali,afar1241,König,"König, Vocabnlaire de la langue de Darfonr in *RecoeiI de voyages et de memoires publie la societe* de geographie. 4. Paris 1839. IV. p. 181 —189.",1839,printed,,478,no,False
Dankali,afar1241,Hodgson,"*Hodgson, W. B., Notes on northern Africa, the Sahara and Soudan cetr. 8. New -York 1844. p. 108.",1844,printed,,478,no,False
Dankali,afar1241,Balbi,"♦Balbi, Ajlas ethnogr. Tab. xxxix. no. 315.",,printed,,478,compendium,True
Dory,biak1248,Porrest,"•Porrest, Th., A voyage to New Guinea and the Moluc- cas. 4. London 1779. p. 12 — 13. — *Französ. 4. Paris 1780. p. 467.",1779,printed,,478,no,False
Dory,biak1248,Rienzi,"Domeny de Rienzi, G. L., L'Oceanie. 3 voll. 8. Pa- ris 1836.",1836,printed,,478,no,False
Dory,biak1248,Bowdich,"*Bowdich, Mission cetr. p. 439.",,printed,,460,no,False
Ende  9  Flores,ende1246,Raffles,"♦Raffles, Th. St., The history of Java. 2 volL 4. Lon- don 1817. II. App. F.",1817,printed,,460,no,False
Ende  9  Flores,ende1246,Eysinga,"*Roorda van Eysinga, P. P., Handboek der Land- en Volkenkuude van Nederlandsch Indie. 8. Amsterdam 1841. IL p. 90 sq.",1841,printed,,460,yes,False
Ende  9  Flores,ende1246,Vater,"* Vater, J. S., Proben cetr. 8. Leipz. 1816. S. 352— 74. *St.-Hilaire, A., Voyage dans les provmces de Rio de",1816,printed,,460,compendium,True
Ende  9  Flores,ende1246,D'Orbigny,"♦D'Orbigny, Ale, L'homme Americain. 2 voll. 8. Pa- ris 1839. I. p. 164.",1839,printed,,460,no,False
"Eyos,  Yabu,  Yarriba",yoru1245,D'Abbadie,"D'Abbadie, A., Sur les Falacha in * Bulletin de la so- ciete de geographie. 8. Par. 1845. IV. p. 43—57 u. 65 — 74.",1845,printed,,482,no,False
"Eyos,  Yabu,  Yarriba",yoru1245,Robertson,"♦Robertson, G. A., Notes on Africa. 8. London 1819. p. 239 — 259 : a vocabulary of the Fantee language.",1819,printed,,482,no,False
"Gonds,  Goands",gond1265,Gondwarra,"vinz Gondwana oder Gondwarra, völlig von den Hindus in Körperconstitution, Religion und Sprache ver-",,printed,,486,no,False
Guanchen,guan1277,Rafinesque,"*Rafinesque, CS., Atlantic Journal, and Friend of Know- ledge. 8. Philadelphia 1832 — 33. p. 50 sq.",1832,printed,,480,no,False
Guanchen,guan1277,Prichard,"♦Prichard, J. C, Researches into the physical history of mankind. 3. ed. 8. London 1837. II. p. 36. — """"Deutsch. 8. Leipzig 1840. 42. 45.",1837,printed,,480,no,False
Guanchen,guan1277,Grey,"*Grey, G., Journals of two expeditions of discovery in north west and western Australia. 2 voll. 8. London 1841. I. p. 18 - 20.",1841,printed,,480,no,False
Guanchen,guan1277,Berthelot,"Berthelot, S. , Memoire sur les Guanches- in *Mem. de la SocieHe ethnologique. I. 1. p. 129 — 231; de l'ancien lan- gage des habitants de Parchipel Canarien. II. 1. p. 77 — 149.",,printed,,490,yes,False
Guanchen,guan1277,Hodgson,"♦Hodgson, W. B., Notes on Northern Africa, the Sahara and Soudan. 8. New- York 1844. p. 102— 104.",1844,printed,,490,no,False
Guanchen,guan1277,D'Orbigny,"♦D'Orbigny, Ale, L'homme Americain. 2 voll. 8. Pa- ris 1839. I. p. 164; II. p. 276.",1839,printed,,490,no,False
Guanchen,guan1277,Heuvel,"♦Van Heuvel, J. A., £1 Dorado; being a narrative of the circumstances which gave rise (o the reports in the sixteenth Century of the existence of a rieh and splendid city in South America cetr. 8. New -York (1844). App. V. p. 164 sq.",1844,printed,,490,no,False
Guanchen,guan1277,Heuvel,"♦Van Heuvel, J. A., El Dorado. 8. New-York (1844). App. V. p. 164 sq.",1844,printed,,490,no,False
"Haoussa,  Haussa",haus1257,Lyon,"♦Lyon, G. F., A narrative of travels in Northern Africa. 4. London 1821. p. 149 — 151.",1821,printed,,491,yes,False
"Haoussa,  Haussa",haus1257,Lander,"Lander, R., Records of captain Clapperton's last expedi«",,printed,,491,yes,False
"Haoussa,  Haussa",haus1257,Laird,"♦Laird, M., and R. A. K. Oldfield, Narrative of an ex- pedition into the interior of Africa. 2 voll. 8. London 18-37. II. p. 421 — 441.",,printed,,491,yes,False
"Haoussa,  Haussa",haus1257,Prichard,"♦Prichard, J. C, Researches into the physical lüstory of mankind. 3. ed. 8. Lond. 1837. -IL p. 113, 127. — ♦Uebers. 8. Leipzig 1840. 42. 45.",1837,printed,,491,no,False
"Haoussa,  Haussa",haus1257,language,"Remarks on the Haussa language, based npon the vocabu- lary of the same, with grammatical elements, by the Rev. J. F. Schön 1843. in *Prichard, J. C, Researches. IV. App. ffl. p. 627 — 631.",1843,printed,,492,no,False
"Haoussa,  Haussa",haus1257,Hodgson,"*Hodgson, W. B., Notes on Northern Africa, the Sa- hara and Soudan. 8. New -York 1844. p. 110.",1844,printed,,492,yes,False
"Haoussa,  Haussa",haus1257,Eysinga,"*Roorda van Eysinga, P. P., Handboek der Land- en Volkenkunde van Nederlandsch Indie. 8. Amsterdam 1841. I. p. 227 — 237.",1841,printed,,492,no,False
Hawaiisch,hawa1245,Lisiansky,"*Lisiansky, U., A voyage round the world. 4. London 1814. App. IL p. 326 — 28.",1814,printed,,492,no,False
Hawaiisch,hawa1245,Ricnzi,"Domeny de Ricnzi, G. L., L'oceanie. 3 voll. 8. Pa- ris 1836.",1836,printed,,492,no,False
Hawaiisch,hawa1245,Williams,"♦Williams, J., A narrative of Missionary enterprises in the South Sea Islands. 8. London 1837. p. 528.",1837,printed,,492,no,False
Hawaiisch,hawa1245,über,"Rabbi Dav. Kimchi radicum über, s. hebraeum biblio-",,printed,,492,no,False
Hawaiisch,hawa1245,Meier,"Meier, E., Hebr. Wurzel Wörterbuch. 8. Mannheim 1846.",1846,printed,,493,no,False
Hawaiisch,hawa1245,Gesenii,"Gesenii, Gull., Lexicon manuale hebraicum et chaidai- cum in veteris testamenti libros. Editio altera emendatior ab auetore ipso adornata atque ab A. Th. Honinanno recognita. Fase. I. tt — 'O. 8. Lipsiae 1846.",1846,printed,,493,no,False
Hottentottisch,nama1264,Chr.,"*Juncker9 Chr., Commentarius de vita, scriptis meritis- que Jobi Ludolfi. 8. Lipsiae 1710. p. 223 sqq.",1710,printed,,495,no,False
Hottentottisch,nama1264,Vater,"♦Vater, J. S.? Proben cetr. 8. Leipz. 1816. p. 353— 75. Nouvelles Ann. des voyages. 8. Paris 1840. IV. p. 9 — 37. Transactions of the Americ. ethnologf Society. 8. New- York 1845. Vol. i; p. 9 — 10; p. 298 — 304; p. 276 — 286.",1816,printed,,495,compendium,True
"Jalofen,  Woloien",wolo1247,Mollien,"*Mollien, G., Voyage dans rinterieurde l'Afiique. 2 voll. 8. Paris 1620. II. p. 272 — 278.",1620,printed,,495,no,False
"Jalofen,  Woloien",wolo1247,Rodriguez,"Rodriguez, J., Arte da lingoa de Japam. 4. Nangasaqui 1604.",1604,printed,,495,no,False
Javanisch,java1254,Mounier,"Mounier, D. L., Beoordeeling van het Javaansch-Neder- duitsch Woordenboek van P. P. Roorda van Eysinga in ♦Tijdschrift voor Neerlands Indiö. Vijfde Jaargang. Twccde deel. 8. Batavia 1843. p. 363 — 391.",1843,printed,,495,no,False
Javanisch,java1254,Spraakkunst,"♦Javaanschc Spraakkunst, door wijlen A. D. Cornets de Groot; uitgegeven door J. F. C. Gericke; tweede verbe- terde en vermeerderde nitgaaf, gevolgd door een Leesboek tot oefening in de Javaansche taal, verzameld en uitgegeven door J. F. C Gericke; op nieuw . uitgegeven en voorzien van een nieuw woor",1843,printed,,495,no,False
"Jilis,  Gilis",,Brown,"Brown, N., Comparison of Ihe Indo- Chinese langoages in * Journal of the Asiat. Soc. of Bengal. 8. Calcutta 1837. VI p. 1033.",1837,printed,,495,no_code,False
Hoka,ilok1237,Volksstamm,"Ein Volksstamm, am Flusse Chulitna und den obem Zuflüssen der Ströme Kuskokwim und Kwich- pak.im Russischen Amerika. Ihre äufsere Gestalt, ihre Sitten und Gebräuche^ so wie ihre Sprache beweisen ihre Verwandtschaft mit den Kenaiern und Koloschen.",,printed,,495,no,False
Hoka,ilok1237,Bär,"*v. Bär, K. E., and Gr. v. Helmersen, Beiträge wir KenntnÜB des Russischen Reiches cetr. S. 119 f.",,printed,,496,no,False
"Juriba  ist  keine  besondere  Sprache,  sondern  es  ist",yoru1245,Sauer,"♦Sauer, M., An account of a geogr. and astron. expedi- tion to the northern parte of Russia cetr. performed by Com- modore J. Billings. 4. London 1802. App. II. p. 9—14. — ♦Franz. par J. Castera. 2 voll. 8. Par. 1802. II. p. 304— 11.",1802,printed,,496,no,False
"Juriba  ist  keine  besondere  Sprache,  sondern  es  ist",yoru1245,Lisiansky,"♦Lisiansky, U., A voyage round the world. 4. London",,printed,,496,no,False
"Juriba  ist  keine  besondere  Sprache,  sondern  es  ist",yoru1245,Chromtschenko,"Chromtschenko, Reise -Journal geführt während einer Fahrt längs den Küsten der russ. Niederlassungen in Nord- ' westamerika im Nordischen Archiv für Geschichte, Stati- stik und Reisen (russ.). 8. St. Petersburg 1824. No» 11-18 — Deutsch in * Hertha. 1825. II. p. 218 — 221.",1824,printed,,600,no,False
"Juriba  ist  keine  besondere  Sprache,  sondern  es  ist",yoru1245,Balbi,"*Balbi, Atlas ethnogr. Tab. xli. no. 857.",,printed,,600,compendium,True
"Juriba  ist  keine  besondere  Sprache,  sondern  es  ist",yoru1245,Bär,"*v. Bär, K. £. u. Gr. v. Helmersen, Beiträge zur Kennt- nifs des Russischen Reiches und der angrenzenden Lander Asiens. 1. Bdchn. 8. St Petersburg 1839. p. 123, 259.",1839,printed,,600,no,False
"Juriba  ist  keine  besondere  Sprache,  sondern  es  ist",yoru1245,Mittelafrika,"Gösch op im östlichen Mittelafrika, vom Aequator bis 3 — 5° N. Br. mit der Hauptstadt Suni. Von der Spra- che finden sich",,printed,,600,no,False
"Juriba  ist  keine  besondere  Sprache,  sondern  es  ist",yoru1245,Salt,"♦Salt, H., A vovage to Aby&sinia. 4. Lond. 1814. App. pag. i — in. — *Uebers. von Fr. Rühs. 8. Weimar 1815. p. 418 — 420.",1814,printed,,600,no,False
"Juriba  ist  keine  besondere  Sprache,  sondern  es  ist",yoru1245,Tuckey,"Tuckey, J. K., Narrative of an expedition to explore the river Zaire, usually called the Congo, in South Africa, in 1616. 4. London 1818. — * Frans. Relation d'une expedition entre-",1616,printed,,600,no,False
"Juriba  ist  keine  besondere  Sprache,  sondern  es  ist",yoru1245,Balbi,"♦Balbi, Alias ethnogr. Tab. xxxix. no. 291. 292.",,printed,,501,compendium,True
"Juriba  ist  keine  besondere  Sprache,  sondern  es  ist",yoru1245,Balbi,"*Balbi, lntroduction ä l'Atlas ethnographique du globe. 8. Paris 1826. p. 226 sq.",1826,printed,,501,compendium,True
"Juriba  ist  keine  besondere  Sprache,  sondern  es  ist",yoru1245,Botelet,"*Botelet, Th., Narrative of a voyage of discovery to Africa t and Arabia. 2 voll. 8. Lond. 1835. I. App. p. 403—14.",1835,printed,,501,no,False
"Juriba  ist  keine  besondere  Sprache,  sondern  es  ist",yoru1245,Prichard,"*Prichard, J. C, Researches inlo the pbysical bistory of mankind. 3. ed. 8. London 1837. II. pag. 315 — 319. — ♦Uebers. von Rud. Wagner. 8. Leipzig 1840. 42. 45.",1837,printed,,501,no,False
"Juriba  ist  keine  besondere  Sprache,  sondern  es  ist",yoru1245,Kakanda,"Kakanda, Kacunda.",,printed,,501,no,False
"Juriba  ist  keine  besondere  Sprache,  sondern  es  ist",yoru1245,Niger,"Am Niger, von den Eingebomen selbst Ibbodab ge- nannt. Die Sprache heifst Schab bi.",,printed,,501,yes,False
"Juriba  ist  keine  besondere  Sprache,  sondern  es  ist",yoru1245,Laird,"♦Laird, M.9 and R. A. K. Oldfield, Narrative of an ex- pedition into the interior of Africa. 2 voll. 8. London 1837. IL p. 421 — 423; p. 447.",1837,printed,,501,no,False
"Juriba  ist  keine  besondere  Sprache,  sondern  es  ist",yoru1245,Seiten,"Seiten, mit Ausnahme der Französischen Ausgabe, wo sie IL p. 289 — 295 stehen. Hinzuzufügen ist:",,printed,,501,no,False
"Juriba  ist  keine  besondere  Sprache,  sondern  es  ist",yoru1245,Krascheninnikow,"*Krascheninnikow, Step., Opisanie semli Kamtschatki (Beschr. des Landes K.). 2 voll. 4. St. - Petersburg 1755. IL p. 130, 169, 185. — *Französ. par Chappe d'Auteroche. 2 voll. 4. Paris 1768. IL p. 129, 156, 503.",1755,printed,,501,no,False
"Juriba  ist  keine  besondere  Sprache,  sondern  es  ist",yoru1245,Vater,"♦Vater, J. S., Proben cetr. 8. Leipz. 1816. p. 149 — 67 (No. 156 Insel Karaga).",1816,printed,,501,compendium,True
"Juriba  ist  keine  besondere  Sprache,  sondern  es  ist",yoru1245,Balbi,"*Balbi, Atlas ethnogr. Tab. xxxvu. no. 145. 147 — 150.",,printed,,501,compendium,True
"Juriba  ist  keine  besondere  Sprache,  sondern  es  ist",yoru1245,Xylander,"*v. Xylander, J., Das Sprachgeschleckt der Titanen. 8* Frankfurt a. M. 1837. p. 448 — 450.",1837,printed,,501,no,False
Karnata,nucl1305,Reeve,"Reeve, Will., Dictionary English and Carnätaca and Car- nätaca and English. 4 Parts. 4. Madras 1824 — 32.",1824,printed,,902,no,False
Karnata,nucl1305,Carey,"Carey, W., A grammar of the Kurnata language. 8. Se- rampore 1817.",1817,printed,,902,no,False
Kaschmir,kash1277,Leech,"Leech, R., A grammar of the Cashmeeree language in * Journal of the Asiat. Soc. of Bengal. 8. Calcutta 1844. XIIL p. 397 — 420; XIV. p. 553 — 570. '",1844,printed,,902,no,False
Kaschmir,kash1277,Vigne,"*Vigne, G. T., Travels in Kashmir, Ladak, Iskardo cetr.",,printed,,902,no,False
Kawitschen,kawi1241,Nordwestamerika,"In Nordwestamerika, im Norden von Fraser's River und an den gegenüberliegenden Küsten der Vancouver- Insel; ihre Sprache ist mit der der Haeeltzuk verwandt.",,printed,,503,no,False
Nuba.      .  #,,Parthey,"*Parthey, G., Anhang zum zweiten Theil der Wanderun- gen durch Sicilien u. die Levante. Fol. Berl. 1840. p. 14 sq.",1840,printed,,503,no_code,False
Khamtis,kham1290,Thai-,"Ein zum weit verbreiteten Thai-, oder, wie wir ihn gewöhnlicher uenneu, Siamesischen Stamme gehöriges Volk auf der Indochinesischen Halbinsel. Dieser Dia- lekt entfernt sich vom eigentlichen Siamesischen am",,printed,,503,no,False
Khamtis,kham1290,Brown,"Brown, N., Comparison of the Indo- Chinese Iangnages in Journal of the Asiat. Soc. of Bengal. 8. Calcutta 1837. VI. p. 19, 1031.",1837,printed,,503,yes,False
Khamtis,kham1290,Robin8on,"*Robin8on, W., A descriptive äecount of Asaro. 8. Cal- cutta 1841. p. 339.",1841,printed,,503,no,False
Kisser,kisa1266,p,"London 1841. XI. p, 116 — 117.",1841,printed,,503,unclear,False
Kissi,kiss1245,Edwards,"♦Edwards, J., Observation on the language of the Muh- hekaneew Indians. 8. Boston 1823. p. 66 sq. .",1823,printed,,505,no,False
Kissi,kiss1245,Keating,"*Keating, G. H., Narrative .of an expedition to the source of St. Peter's river cctr. performed in the year 1823 ander the command of St. J. Long. 2 voll. 8. Philadelphia 1824. II. App. p. 450 — 459.",1823,printed,,505,no,False
"Kolun,  Kyen,  Khyen,  Kiayn",,Crawfurd,"*Crawfurd, J., Journal of an cmbassy to the court of Ava. 4. London 1829. App. 35 — 37.",1829,printed,,505,no_code,False
Kongo,,Lozieres,"*Beaudry des Lozieres, Second voyage ä la Louisiana 2 voll. 8. Paria 1803. p. 108 — 146.",1803,printed,,506,no_code,False
Kongo,,Tuckey,"Tuckey, J. K., Narrative of an expedition to explore the river Zaire, usually called the Congo, in South Africa, in 1816. 4. London 1818. — * Franz. Relation d'une expedition entreprise en 1816 söus les ordres du capitaine J. K. Tuckey. 2 voll. 8. Paris 1818. IL p. 308 — 330.",1816,printed,,506,no_code,False
Kongo,,Balbi,"♦Balbi, Adr., Introduction ä 1' Atlas ethnographique. 8. Paris 1826. p. 226 sq.",1826,printed,,506,no_code,True
Kongo,,Douville,"*Douville, J.-B., Voyage au Congo. cetr. 3 voll. 8. Pa- ris 1832. III. p. 261 — 265: Vocabulaire de la lang. Mogia- loua et des deux dialectes prineipaux Abunda et Congo. * Mrs. Hannah Kilham's Specimens of African langoa- ges. Sierra-Leone. — Wieder abgedruckt in Outline of a Vocabulary of a few of",1832,printed,,506,no_code,False
Kongo,,Prichard,"*Prichard, J. C, Researches into the physical history of mankind. 3. ed. 8. Lond. 1837. IL p. 315 — 19. — *Ueber8. von Rud. Wagner. 8. Leipzig 1840. 42. 45.",1837,printed,,506,no_code,False
Kongo,,Edwards,"♦Edwards, J., Observation on the language of the Moh- hekaneew Indians. A new edition by-J. Pickering (from the",,printed,,506,no_code,False
Kongo,,Vater,"♦Vater, J. S., Proben cetr. 8. Leipz. 1816. S. 353— 75.",1816,printed,,307,no_code,True
Kongo,,Korawa,"'Korawa, Korawaee.",,printed,,307,no_code,False
Kolla  und  Soli,,Klaproth,"♦Klaproth, J., Apercu gene>al des trois royaumes. 8. Pa- ris 1832. p. 123 — 144 : Vocabulaire Coreen.",1832,printed,,307,no_code,False
Kolla  und  Soli,,Brown,"Brown, N., Comparison of the Indo- Chinese languages in Journal of the Asiat .soc. of Bengal. 8. Calcutta 1837. VI. p. 1036.",1837,printed,,307,no_code,False
Kolla  und  Soli,,Xylander,"*v. Xylander, J., Das Sprachgeschlecht der Titanen. 8. Frankfurt a. M. 1837. p. 458 — 60.",1837,printed,,307,no_code,False
Kolla  und  Soli,,Siebold,"v. Siebold, Ph. Fr., Nippon. Archief voor de beschrij- ving van Japan en deszeUs toegevoegde en cijnsbare landen: Jezo met de zuidelijke Kurilen, Krafto, Koorai en de Liukiu- Eilanden. 4 Hefte. Fol. Leyden 1832. — ♦Deutsch. 4 Heile, fol. Leyden 1832. II. p. 10—16 Sprache u. Schrift; p. 29 — 44 (nebs",1832,printed,,307,no_code,False
Kolla  und  Soli,,Japonica,"*Bibliotheca Japonica, sive selecta quaedam opera Sinico- Japonica in usum eorum qui literis Japonicis vacant, in lapide exarata a Sinensi Ko Tsching Dächang et edita curantibus Ph. Fr. de Siebold et J. Hoffmann. Libri VI. Fol. Lugd. Batav. 1833 — 1841. Daraus:",1833,printed,,307,no_code,False
Kolla  und  Soli,,wen,"Über Ifl. TsiSn dsü wen, eive mille fiterae ideographi- cae; opus Sinicum origine cum inlerpretatione Kömiana, in peninsula Körai impressam. Annexo systemate scripturae Ko- raianae (hierzu: Tai an dsü wen, oder Buch von Tausend Wörtern, aus dem Schinesischen, mit Berücksichtigung der koraischen und ",1840,printed,,508,no_code,False
Kolla  und  Soli,,ho,"Liber IV. Lui ho, sive vocabularium Sinense in Koraiannm conversum, opus Sinicum origine in peninsula Korai impres- sum. Annexa appendice vocabulorum Koraianorum, Japonico- nun et Sinensium comparativa nee non interpretatione Ger- manica.",,printed,,508,no_code,False
Korjaken,kory1246,Vater,"•Vater, J. S., Proben cetr. 8. Leipz. 1816. p. 149—67.",1816,printed,,508,compendium,True
Korjaken,kory1246,Balbi,"♦Balbi, Atlas ethnogr. Tab. xxxvn. no. 143. 144. 146.",,printed,,508,compendium,True
Korjaken,kory1246,Xylander,"*v. Xylander, J,, Das Sprachgeschlecht der Titanen. 8.",,printed,,508,no,False
Kreolisch,,Vegt,"II e Im ig van der Vegt, A., Preeve eener handleiding om",,printed,,508,no_code,False
Kreolisch,,Küste,"Küste, in der Nähe von Cape Palmas.",,printed,,509,no_code,False
Kurdisch,kurd1259,Güldenstädt's,"*Güldenstädt's, J. A., Beschreibung der Kaukas. Länder. Herausgeg. - von J. Ciapro th. 8. Berlin 1834. p. 239 — 46. .",1834,printed,,509,no,False
Kurdisch,kurd1259,Vater,"♦Vater, J. S., Proben cetr. 8. Leipz. 1816. p. 149 — 67. *v. Xylander, J., Das Sprachgeschlecht der Titanen. 8. Frankfurt a. M. 1837. p. 439 — 448.",1816,printed,,509,compendium,True
Laos,laoo1244,Klaproth,"*v. Klaproth, J., Asia polyglotta. p. 364.",,printed,,510,compendium,True
Laos,laoo1244,Brown,"Brown, N.9 Comparison of the Indo-Chinese langoages in Journal of the Asiat. Soc. of Bengal. 8. Calcutta 1837. VI pag. 19.",1837,printed,,510,no,False
Maconis,,Santo,"Santo, um Porto -Seguro.",,printed,,510,no_code,False
Maconis,,Balbi,"*Balbi, Atlas ethnogr. Tab. xli. no. 503.",,printed,,510,no_code,True
Mahrattisch,mara1378,Carey,"Carey, W., A grammar of the mahratta language. Second edition. 8. Serampore 1808. — 1825.",1808,printed,,512,no,False
Mahrattisch,mara1378,Stevenson,"Stevenson, Observations on the Marathi language in *A& Journ. 1843. VII. p. 84 — 92.",1843,printed,,512,no,False
Mahrattisch,mara1378,Capon,"Capon, A guide to the speedy acquirement of the Mara- tha language on the Hamiltonian System. 4. Bombay 1830. (lithogr.).",1830,printed,,512,no,False
Mahrattisch,mara1378,Sastri,"Gungadhur Sastri, Mahratta gramm. 12. Bombay 1838.",1838,printed,,512,no,False
Malalis,,es,"vinz Minas Gera es, mit einer sehr schwierig auszuspre- chenden Sprache.",,printed,,513,no_code,False
Malalis,,Raffles,"♦Raffles, Th. St., The history of Java. 2 voll. 4. Lon- don 1817. II. App. E.",1817,printed,,513,no_code,False
Malalis,,Newbold,"♦Newbold, T. J.; Political and Statistical account of the british Settlements in the straits of Malacca. 2 voll. 8. London",,printed,,513,no_code,False
Malalis,,Keppel,"♦Keppel, H., The cxpedition to Borneo on H. M. S. Dido.",,printed,,514,no_code,False
Malalis,,Neuveau,"Neuveau , Vocabalarire hollandots ei malais, et graimnaire ä Fasage des HoUandais qui vont aas Indes. 8. Amsterd. 1802.",1802,printed,,514,no_code,False
Malalis,,handboekjen,"Maleisch handboekjen, of HoUandsch-Maleisch en Malekch- fiollandsch woordenboekjen. 8. Arnhem 1803«",1803,printed,,514,no_code,False
Malalis,,Falzon,"Falzon, G. B., Dizionario maltese-italiano-inglese, prece- duto da nna breve esposizione grammaticale della lingua mal- tese. 8. 8. a. et 1« (Malta).",,printed,,514,no_code,False
Malalis,,Pazavecchia,"Pazavecchia, Fort., Grammatica della lingua maltese, spiegata secondo i principj delle lingne orientali e della lin- gua italtana. 8. Maha 1845.",1845,printed,,514,no_code,False
Malalis,,Maadhar,"Maadhar, Menadn.",,printed,,514,no_code,False
Malalis,,Raffles,"»Raffles, Th. St., The history of Java. 2 voll. 4. Lon- don 1817. IL App. F. x:",1817,printed,,514,no_code,False
Malalis,,Balbi,"*Balbi, Atlas ethnogr. Tab. xl. no. 389.",,printed,,514,no_code,True
Malalis,,Marsden,"♦Marsden, W., Miscellaneous works p. 98.",,printed,,514,no_code,False
Malalis,,tun,"* Ca tun, G., Letters and notes on» the mannen cetr. of the North- American Indians. % voll. 8. London 1841. IL p. 262 — 265.",1841,printed,,514,no_code,False
Malalis,,Wörter,"Wörter, ♦Recueil de voyages et de memoire« publik par la soci£t£ de geographie. 4. Paris 1839. IV. p. 190 — 197.",1839,printed,,514,no_code,False
Malalis,,Jackson,"* Jackson, J. G., An account of Timbuctoö and Housa by EI Hage abd Salam Shabeeny. 8. London 1820. p. 373— 77.",1820,printed,,514,no_code,False
Malalis,,Caillie,"♦Caillie, R., Journal d*un voyage ä Temboctou et k Jenne. 3 voll. 8. Paris 1830. HI: Jotnard, Remarques et rechercbes geographiques sur le voyage de M. Caille dans l'Afrique cen- trale (p. 149 — 163 vocabulaire Francais -Mandingue).",1830,printed,,514,no_code,False
Malalis,,Cook,"♦Cook, J., A voyage to the Pacific Ocean. 3 voll. 4. London 1784. I. 177 sq.",1784,printed,,514,no_code,False
Malalis,,Balbi,"*Balbi, Atlas ethnogr. Tab. xl. no. 394.",,printed,,514,no_code,True
Malalis,,Brown,"Brown, N., Comparison of the Indo- Chinese langnages in Journal of the Asiat. Soc. of Bengal. 8. Calcutta 1837. VI. p. 1033.",1837,printed,,616,no_code,False
Malalis,,Robinson,"♦Robinson, W., A descriptive aecount of Asam. 8. Cal- cutta 1841. p. 339.",1841,printed,,616,no_code,False
Malalis,,Kotzebue,"♦Kotzebue, O., Puteschestwie w jusznij okean'. 3 voll. 4. St Petersburg 1823.. III. p. 103—123. — »Deutsch Ent- deckungsreisein die Südsee. 3 voll. 4. Weimar 1821. IE. p. 55 — 67 (auch in *v. Chamisso, Adalb., Sämmtliche Werke. 8. Bd. 2. S. 89 — 104).",1821,printed,,616,no_code,False
Malalis,,Balbi,"♦Balbi, Atlas ethnogr. Tab. xl. no. 381.",,printed,,616,no_code,True
Malalis,,Rienzi,"Domeny de Rienzi, G. L., Oceanie. 3 voll. 8. Par. 1836.",1836,printed,,616,no_code,False
Malalis,,Williams,"•Williams, J., A narrative of Missionaiy enterprises in the South Sea Islands. 8. London 1837. p. 528.",1837,printed,,616,no_code,False
Malalis,,Lisiansky,"•Lisiansky, IL, A voyage round the world. 4. London 1814. App. I. p. 323 — 325: A vocabulary of the languagc of Noocahiva.",1814,printed,,616,no_code,False
Malalis,,Porto-Seguro,"vinz Porto-Seguro, zwischen den Botoknden und Pa- tach 0 8, am Rio-Pardo, Rio- Beim onte und Rio Santa- Cruz.",,printed,,616,no_code,False
Malalis,,Balbi,"*Balbi, Atlas ethnog^ Tab. xli. uö. 502.",,printed,,616,no_code,True
Malalis,,Edwards,"Edwards, Je, Observations on the laoguage of the Muh- hekaneew Indiens. A new edition by J. Pickering (front tbe *Coücctions of the Massach. Historie. Soc. VoL XX 8- Bo- ston 1823. p. «2.",1823,printed,,616,no_code,False
Malalis,,ton,"Cot ton, J., Vocabularyof tbe Massachusetts (or Natick) In- dian langüage steht auch in *ColLe£t>ans of the Massadb. Hi- stor. Society. 3.Series. 8. Cambridge 1830. II. p. L55—256~.",1830,printed,,616,no_code,False
Mendi,mend1266,James,"*James, Edw., A narrative of the captivity and adventa- res of John Tanner. 8. New -York 1830. p. 392 — 398. *Archaeologia Americana. II. p. 307 — 367; n. 25,",1830,printed,,616,no,False
Mendi,mend1266,Edwards,"♦Edwards, J., Observations on the langüage oftheMuh-",,printed,,616,no,False
Moko,,Pigafetta,"*Pigafetta, A., Primo viaggio iutorno al globo terracqueo. 4. Milano 1800. p. 193 — 204. — *Französ. 8. Paris an EX. p. 243 — 253.",1800,printed,,518,no_code,False
Moko,,Vater,"♦Vater, J. S., Proben cetr. 8. Leipz. 1816. p. 148— «7.",1816,printed,,518,no_code,True
Moko,,Dairymple,"♦Dairymple, A.9 An historical collection of the several voyages and discoveries in tbe South Pacific Ocean. 4. Lon- don 1771. Vol. IL Vocabulary of languages in some of the islands yisited by Le Maire and Schonten.",1771,printed,,518,no_code,False
Moko,,Bumey,"*Bumey, J., A chronological history of the voyages and discoveries in the South Sea. 4. London 1806. II. p. 444.",1806,printed,,518,no_code,False
Moko,,D'Orbigny,"*D'Orbigny, Ale, L'homme Americain. 8. Paris 1839. I, p. 164.",1839,printed,,518,no_code,False
Moko,,Marban,"♦Marban, P., Arte de la lengua Moxa. 8. Lima 1701. p. 118 — 663: Vocabulario de la lengua Moxa.",1701,printed,,518,no_code,False
"Maring,  Songpu,  Kapwi",,Brown,"Brown, N,, Comparison of (he Indo- Chinese langäages in Journal of the Asiat. Soc. of ßengal. 8. Calcutta 1837. VI. p. 1034—1035.",1837,printed,,582,no_code,False
"Maring,  Songpu,  Kapwi",,Stamm,"Algoukin - Stamm , ehemals vorzuglich an der Susque- hanna, vermischt mit andern Stämmen noch gefunden in den Vereinigten Staaten und in Kanada.",,printed,,582,no_code,False
"Maring,  Songpu,  Kapwi",,Edwards,"♦Edwards, J., Observation on the language of the Muh hekaneew Indiana. A new edition by J. Pickering (from the * Collections of the Massach. Historie Society Vol. X). 8. Bo- ston 1823. p. 61.",1823,printed,,582,no_code,False
"Maring,  Songpu,  Kapwi",,Worter.,"Worter. , ♦Edwards 9 J., Observation« cetr. 8. Boston 1823. p. 61. * Archaeologia Americana. II. p. 307<-~367. n. 16; p. 370.",1823,printed,,582,no_code,False
"Maring,  Songpu,  Kapwi",,Williams,"Williams, R., A key into the language of Amerika cetr. steht auch in * Collections of the Massach. Histor. Soc. Vol. III. Boston 1794. reprinted 1810. p. 203 — 239. — Vocabulary of tbe Narraganset language *ibid. V. 1798« reprinted 1835. pag. 80 — 106.",1794,printed,,582,no_code,False
"Maring,  Songpu,  Kapwi",,Marsden,"*Marsden, Miscellaneous works p. 80.",,printed,,582,no_code,False
"Maring,  Songpu,  Kapwi",,ausgestorbener,"Ein fast ausgestorbener, ehemals zur Creek-Con- federaey gehöriger Nordauaerikanischer Indianerstamm,",,printed,,582,no_code,False
"Maring,  Songpu,  Kapwi",,Smith-Barton,"♦Smith-Barton, B., New views of the origin of the tri- bes of America. 8. Philad. 1797. — *2. Ausg. ebd. 1798. ♦Archaeologia Americana. II. p. 307 — 367. no. 47.",1797,printed,,524,no_code,False
Jervis-Bai,,King,"♦King, Pb. P., Narrative of a survey of tbe intertropical and western coasts of Australia. 2 voll. 8. London 1827. II. p. 144 — 147.",1827,printed,,525,no_code,False
Jervis-Bai,,Wilson,"♦Wilson, T. B., Narrative of a voyage round the world. 8. London 1835. p. 321 — 324.",1835,printed,,525,no_code,False
Jervis-Bai,,Grey,"♦Grey, G., Journals of two expeditions of discovery in north -west and western Australia. 2 voll. 8. London 1841. H. p. 210, 212.",1841,printed,,525,no_code,False
Jervis-Bai,,Lhotsky,"Lhotsky, J., Some remarks on a short vocabulary of tbe natives of Van Diemen Land; and also of the Menero Downs in Australia in ♦Journal of the Royal geogr. Soc of Lon- don. 8. London 1839. IX. p. 157 — 162.",1839,printed,,525,no_code,False
Jervis-Bai,,Tench,"♦Tench, W., A cömplete account of the settlement at Port Jackson. 4. London 1793. p. 122.",1793,printed,,525,no_code,False
Jervis-Bai,,er,"Hunt er, J., An historical journey of the transactions at Port Jackson and Norfolk Island. 4. Lond. 1794. p. 407 — U",1794,printed,,525,no_code,False
Jervis-Bai,,Oxley,"*Oxley, J., Journal* of two expedkions into the interior of New South Wales. 8. London 1820. L p. 10 sq.",1820,printed,,525,no_code,False
Jervis-Bai,,Braim,"*Braim, Tb. H., A history of New South Wales from its seltlement to Che dose of the year 1844. 2 voll 8. Loa» don 1846. II. p. 253 — 256.",1844,printed,,525,no_code,False
Jervis-Bai,,Wilson,"•Wilson, T. B., Narrative of a voyage round the world. 8. London 1805. p. 315 — 321.",1805,printed,,525,no_code,False
Jervis-Bai,,Köler,"Köler, H., Einige Notizen über die Eüigebornen an der Ostküste des St.- Vincent-Golfes in Südaustralien in * Mo- natsbericht über die Verhandlungen der Gesellschaft für Erd- kunde *u Berlin. 3. Jahrg. 8. Berlin 1842. p. 42 — 57.",1842,printed,,525,no_code,False
Jervis-Bai,,Moore,"Moore, George Fletcher, A descriptive Vocabulary of Western Australia. 8. Lond. 1842 befindet sich auch in *The emigrant's guide or ten years practical experience in Australia by Dav. Mäckenzie. 8. London 1845.",1842,printed,,525,no_code,False
Jervis-Bai,,Threlkeld,"Threlkeld, L. E., Australian grammar. 8. New South Wales 1834.",1834,printed,,525,no_code,False
Negritos,,deRieiui,"Domeny deRieiui, G. L», Oceanie. 3 voll. 8. Par. 1896.",1896,printed,,525,no_code,False
Negritos,,Hins,"♦Co Hins, D., An account of the English colony in New- Soath Wales. 4. London 1798. I. p. 532 — 536.",1798,printed,,525,no_code,False
Negritos,,Rienzi,"Domeny de Rienzi, G. L., Oeeanie. 3 voll. 8. Par. 1836.",1836,printed,,525,no_code,False
Negritos,,Williams,"♦Williams, J., A narrative of Missionary enterprises in the South Sea Islands. 8. London 1837. p. 528.",1837,printed,,525,no_code,False
Negritos,,Malatesto,"Malatesto, Guido, Vocabulaire Neo-^elandais in ♦Nou- velles Annales des voyages. 8. Paris 1842. I. p. 192 — 204.",1842,printed,,525,no_code,False
Negritos,,l'Astrolabe,"♦Voyage de decouvertes de l'Astrolabe, Philol. par D'Ur- ville. 8, Paris 1834:",1834,printed,,525,no_code,False
Negritos,,Dieffenbach,"♦Dieffenbach, E., Travels in New-Zealand. 2 voll. 8. London IS 43. IL p. 326 — 396: Grammar and dictionary of the New-Zealand language.",,printed,,525,no_code,False
Negritos,,Indianer,"Nordamerikanische Indianer,",,printed,,525,no_code,False
Negritos,,Gallatin,"Gallatin, Alb., A Synopsis of the Jndian tribes within the United States east of the Roeky Mountains, and In the British and Rn$sian posse&siöns in North America in ♦Archaeo- logia Americana. Transactions and collections of the American Antiquarian Society. Vol. ""IL 6. Cambridge 1836. p. 1—422.",1836,printed,,525,no_code,False
Pali,pali1273,Vater,"♦Vater, J. S., Proben cetr. 8. Leipzig 1816. p. 22J. ♦Raffles, Th. St., The history of Java. 2 voll. 4. Lon- don 1817. IL App. E.",1816,printed,,630,compendium,True
Pali,pali1273,Pampticough,"Pampticough, Pampticoes.",,printed,,630,no,False
Rarotonga,raro1241,Buschmann,"♦Buschmann, J. Ch. Ed., Apercu de la langue des. lies Marquises et de la lang. Taitienne. 8. Berl. 1843. p. 152 — 65.",1843,printed,,535,no,False
Rarotonga,raro1241,Williams,"♦Williams, J., A narrative of Missionary enterprises in the South Sea Islands. 8. London 1837. p. 528.",1837,printed,,535,no,False
Rarotonga,raro1241,Langii,"♦Langii, J. M., Philologia Barbaro-<?raeca. 4. Altorf 1708 (enth. Wörterbuch und Grammatik).",1708,printed,,535,no,False
Rungo,,Ransien,"Ransien, lumsen«",,printed,,636,no_code,False
Rungo,,Iwanow,"Iwanow, A., Rosskaja grammatika. 3 Aufl. 8. St Peters- borg 1842.",1842,printed,,636,no_code,False
Rungo,,Polowzow,"Polowzow, V., Rosskaja grammatika. 5. Aufl. 8. St. Pe- tersburg 1812. — 6. Aufl. 1843.",1812,printed,,636,no_code,False
Rungo,,Wostokow,"Wostokow, A., Rosskaja grammatika. 5. Aufl. 8. St Pe- tersburg 1842 (die beste).",1842,printed,,636,no_code,False
Rungo,,übers,"Poln. übers, von Nabjelak im 2. Jahrg. 1829 der Osolins- kiscben Zeitschrift",1829,printed,,636,no_code,False
Rungo,,Lewicki,"Lewicki, J., Grammatik der Rathenischen oder Kleio Russischen Sprache in Galizien. 8. Prxemysl 1834.",1834,printed,,636,no_code,False
Rungo,,Potocki,"♦Potocki, JmJI Voyage dans les steps d'Astrakhan et da Caacase. Public par J. Klaproth. 8. Par. 1829. II. p. 119—21.",1829,printed,,636,no_code,False
Rungo,,Mamiani,"Mamiani, Yinc, Arte de grammatica da lingua Brasflica da nacam Kiriri. 8. Iisboa 1699.",1699,printed,,636,no_code,False
Rungo,,Williams,"* Williams, J., A narrative of Missionar? euterprises in Che South Sea Islands. 8. London 1837. p. 528.",1837,printed,,636,no_code,False
Sindhi,sind1272,wich,"Ea st wich, E. B., A vocabulary of the Sindi language. Fol. Bombay 1843 (lithographirt, 75 Seiten).",1843,printed,,537,no,False
Sindhi,sind1272,Brown,"Brown, N., Comparison of the Indo-Chinese languages in Journal of the Asiat. Soc. of ßengal. 8. Calcutta 1837. VI. pag. 1033.",1837,printed,,537,no,False
Siwah,siwi1239,Drovetti,"Drovetti, Voyage ä l'oasis de Syouah, redige et publie par M. Jomard d'aprcs les matorfaux recueillis par Mr. Dro- vetti et par M. F. Cailliaud. Fol. Paris 1823.",1823,printed,,537,no,False
"Sowauli,  Sowaiel",swah1253,Suhaili,"Suhaili, Sowhylese füge ich noch Suwahili, So- ahili und den, welchen Ewald gibt, Suaheli. Ewald glaubt zwar, dafs diese Sprache bisher kaum dem Na- men nach bekannt gewesen sei, aber ich halte sie für dieselbe oder doch gewifs nur für einen Dialekt der Sprache jenes Volkes, von dem Salt unter dem N",,printed,,538,no,False
"Sowauli,  Sowaiel",swah1253,H.,"v. Ewalde H., Ueber die Völker und Sprachen südlich von Aethiopien in Zeitschrift der Deutschen morgenländi- schen Gesellschaft. 8. Leipzig 1846. Heft I. S. 44 — 56.",1846,printed,,539,unclear,False
"Sowauli,  Sowaiel",swah1253,Buch,"Dazu füge ich noch folgendes Buch, welches mir zwar nur dem Namen nach bekannt ist:",,printed,,539,no,False
"Sowauli,  Sowaiel",swah1253,language,"A vocabulaiy of the Soahili language, from the memoirs of the American Academy. Cambridge 1845.",1845,printed,,539,no,False
