rank,ia,best_score,best_chunk,n_chunks,chunks,control,date,language,title,gloss_lang,rare_sample
1,voyagedanslespro02sain_0,23,94,9,29 94 131 174 207 208 262 288 297,False,1830,fre,Voyage dans les provinces de Rio de Janeiro et de Minas Geraes;,fre,bacdn chimpeki cueni eruhu herehe hocot iipard iitnirun impma kizitn kratu kringke kukuiune macniaki manhakeio manhanhihi manhanpacaiu noncut poiec pokeling prononcez taratatu ziporoke
2,joannisdelaetant00laet,20,65,7,24 64 65 66 78 79 80,False,1643,lat,Joannis de Laet Antwerpiani Notæ ad dissertationem Hugonis Grotii De origine gentium Americanarum : et observationes ali,lat,atosi atqtits carreg carsr cbuuecb cersio daatter gkiti glato gttint hidd hierte hiort hoisuit ibusr idltedduer llecben lluduu mennis ppbicbtm sdaand slod soeiler sroder tstiu
3,ioannisdelaetant00laet_0,19,65,5,64 65 66 79 80,False,1643,lat,Ioannis de Laet Antwerpiani Notæ ad dissertationem Hugonis Grotii De origine gentium Americanarum : et observationes ali,lat,carreg hierte himntcl hohd hosndi hossuit htind iiiarta islandica istieddtir llecben maane mennisk siaatter sitir slod sloondi soeiler sootur sroder tiigoditi toonrii uatssiih ueiusblaeit uiort
4,voyagestravellso00olea,18,137,12,5 6 7 11 12 13 16 22 137 138 1188 1191,True,,,,eng,akau akseita boati icaiilakaun ihung ikaioo isken issaxu iugeling kaksua kanexhh keiling keinga sikadtn simikkshn tantiten tetttng ugleism uhlau ukang unuusoiii
5,spieghelderaustr00lema,17,117,83,14 15 16 17 18 19 21 22 23 24 25 26 27 28 29 30 31 32 34 35 36 37 39 40 41 42 44 45 47 48 49 50 52 53 54 55 56 57 58 59 60 61 62 63 64 65 67 70 71 72 73 74 75 79 80 81 82 83 84 85 86 88 89 90 91 92 93 94 95 97 98 101 105 107 108 109 110 111 112 113 114 115 117,False,1622,dut,"Spieghel der Australische navigatie,",dut,allagaii arduio baheing berckens cambour carracerreram coꝛalen crabbekens cralen eialouʒ gimmio haliiug haloes herees houuan kekeiin kugghe limangh lingher loongh maxcet mitoa nanou pinangh poutai
6,histoiregnralede05prvo_0,17,207,2,52 207,False,1746,fre,"Histoire générale des voyages, ou nouvelle collection de toutes les relations de voyages par mer et par terre, qui ont é",fre,bunquaaouai ghiiii haakhouou hakka kamkamma khessi khissi khomma kkam koamqua kouna kquuisonc kuambou likhani norhan quaouou roekan siikgua thoukou thouou thuhouou tkamma tquaiiouou uachemarine
7,ioannisdelaetant00laet,16,66,5,65 66 79 80 92,False,1643,lat,Ioannis de Laet Antuerpiani Notæ ad dissertationem Hugonis Grotii De origine gentium Americanarum : et obseruationes ali,lat,aesci biiri ciliu diiatter dotteri enoiigi haani hiartai hicih hoondi islandicum knidnr maane maduir saderi sankikani sisier soester soiiut souriquolii tnngai uoqtuti
8,veritablerelatio00boye_0,16,109,50,5 6 9 10 11 14 15 17 19 22 23 24 25 26 28 31 32 33 34 35 42 43 56 57 59 62 64 65 67 68 69 70 72 76 85 86 88 90 103 106 107 108 109 110 111 112 113 115 116 119,False,1654,"fre,sai",Veritable relation de tout ce qui s'est fait et passé au voyage que Monsieur de Bretigny fit à l'Amerique Occidentale. :,fre,aoubaba aporome apotome apotorne atobogue digami emourou enssin oaatabogue ohat ohiohi oicou oquili oquiri oxato paeriiices pouroune roiiare tamonssi tearpon tigami toiarepan
9,collectionabrged11unkn,16,142,3,102 112 142,False,1808,fre,Collection abrégée des voyages anciens et modernes autour du monde; : avec des extraits des autres voyageurs les plus cé,fre,amnahon atzia ctimoulas dagelet houlakoalano iscotre kamakoualane mespa nigesech oulctch oulles pagounach pekoulanci pemaca tomoila uassadre
10,rechercheshistor00schr,15,167,12,159 160 161 163 164 166 167 168 169 170 173 174,False,1777,fre,Recherches historiques et géographiques sur le Nouveau-Monde.,fre,abenaq ahenaquis bouii cambcunne craitioisi galibi icourita kisous naeoko naiso niiian nouna ouimbo pitanl pourome seneboui seteboui
11,accountofvoyages02unse,14,363,6,57 213 326 363 409 410,False,1775,eng,"An Account of the voyages undertaken by the order of His present Majesty, for making discoveries in the Southern hemisph",eng,aidassee ailea arecas baibo bussaleo cabaou camacoo catoo duldoo geriias kissouei lattouu lhua lhuangooroo maanadoo mobunnee noonbore pangoutoo rouucatoo singooroo singurungsleu suuanga tullu uauee uuulaba
12,histoiregnralede14prvo_0,14,542,1,542,False,1746,fre,"Histoire générale des voyages, ou nouvelle collection de toutes les relations de voyages par mer et par terre, qui ont é",fre,chirika euenike holopotaci huoroie kenape ouapoto oueoue oueouines ouisari parona pepeite rapoie tapou uniguene
13,relationdecequis00quen,14,52,43,4 5 7 8 10 11 12 13 14 15 16 18 19 20 21 24 25 26 27 29 32 33 34 35 37 39 40 41 45 46 47 48 50 51 52 53 54 55 56 57 58 59 60,False,1657,fre,"Relation de ce qui s'est passé en la mission des peres de la Compagnie de Iesus, au pays de la Nouuelle France, és année",fre,attrapant clagoir compaghie debise dechemin dixueusieme huictieme iourncene isssoncsi ledixseprieme panlerla periceslieues ranrost rentle
14,embaixadaquefeso00cost,14,97,119,5 6 7 8 9 10 11 13 14 15 16 17 19 20 22 24 25 27 28 30 36 38 39 40 41 42 45 46 47 48 49 50 51 52 53 55 56 57 58 59 60 61 62 63 64 65 66 67 68 70 71 72 73 75 76 77 78 80 81 82 83 84 85 86 87 89 90 91 92 93 94 95 96 97 103 107 111 112 114 115 116 117 118 119 120 121 122 123 124 125 126 127 128 129 130 133 134 135 137 138 139 140 141 142 143 144 145 146 147 151 152 153 154 155 156 157 158 159 160,False,1694,"por,lat","Embaixada que fes o excellentissimo senhor conde de Villar-Maior (hoje marques de Alegrete) dos conselhos de estado, & g",por,axia bracoi diiiao escorpiam esporao humanuuemi huraas ocsuilentauana roadoina scorpius sigurauase sofu speeliua sumtuoloisc tashmiixit trosioc
15,histoiredelanouv00lesc_3,13,203,267,1 4 8 10 11 14 25 26 28 31 32 35 36 37 38 39 41 42 43 44 46 47 48 49 50 51 54 56 57 58 59 61 63 65 66 67 68 70 71 72 73 79 80 81 83 84 85 87 88 90 91 93 94 95 96 97 100 102 103 105 107 108 109 113 114 115 116 117 118 122 125 126 127 128 129 130 132 134 135 136 137 139 140 141 142 143 144 146 147 148 149 150 151 152 153 155 156 157 158 160 161 162 163 165 166 167 168 169 170 172 174 175 176 177 178 183 184 185 186 187 188 189 192 193 194 195 196 197 198 199 200 201 202 203 204 206 207 209 210 211 212 213 215 216 217 218 219 220 224 225 226 227 229 237 244 247 249 250 251 252 253 254 255 256 257 259 261 263 266 268 269 272 273 274 277 279 280 282 284 286 287 288 291 294 295 296 297 298 301 303 304 305 307 309 310 311 312 313 314 316 317 321 322 323 325 326 327 333 334 335 336 337 339 342 346 347 348 349 350 351 353 354 355 356 359 360 361 362 363 365 366 369 371 372 373 377 378 382 389 393 395 396 397 400 407 408 409 410 411 413 415 416 418 419 420 421 422 425 428 429 432 433 434 435 436 439 440,False,1609,fre,"Histoire de la Nouvelle France : contenant les navigations, découvertes, & habitations faites par les François és Indes ",fre,comimeneement dernieril duditlac eraplie heuesalen horsimis horsinisa lponumequin læliomrme ontagneuse ouilzles outrislieues palset queleldits raguois rontient sautsne sditz sroquou trainentieurs uingtou
16,historianaturaly00acos_1,13,84,126,6 9 13 19 20 24 27 28 35 36 38 41 46 48 52 56 59 60 62 66 67 70 79 83 84 87 88 90 94 95 96 97 102 103 104 105 106 115 119 120 122 124 131 138 140 141 147 149 150 152 154 155 156 157 158 162 163 165 166 168 173 174 178 180 187 196 200 202 204 205 207 211 218 219 220 221 223 228 231 232 233 239 240 242 248 249 253 254 257 262 264 267 269 270 272 280 281 282 283 286 288 292 296 301 302 305 309 310 319 323 332 335 338 342 343 347 350 351 352 353 354 359 363 366 371 373,False,1591,spa,"Historia natural y moral de las Indias. : En que se tratan las cosas notables del cielo, y elementos, metales ... y guer",spa,bnsas cdusa eurellas horros icrau leconsientc mpui nauegarse nazia nceessidad ndmnentos noaiduda petnpre piasihasta ptesuponer quantono sugrauezatan tampocosiene
17,zwlfftertheilder00herr,13,187,3,186 187 188,False,1623,ger,"Zwölffter Theil der Newen Welt, : das ist: Gründliche volkommene Entdeckung aller der West Indianischen Landtschafften, ",ger,balang behoul calaagh helsauten hissou laoul limangh mattanga nihouge nisson pouho sangasoula tembron uualas uuamma
18,americabeinglate01mont,13,686,5,686 904 905 906 907,True,,,,eng,cigi cmihai ecatuda guaibinoi ibkui isurs qoaraci sttangai sutumai temerico tigubi tiquerai ttnga ttquiera
19,historialedescri00alva,13,239,231,0 2 3 4 5 6 7 8 9 10 12 13 14 15 16 17 18 19 20 21 22 23 24 26 27 28 29 30 31 33 34 38 39 40 41 42 43 47 48 49 50 51 53 55 57 58 59 61 65 66 68 69 71 75 76 78 79 80 83 84 85 86 88 89 90 93 94 95 96 97 100 101 102 103 105 106 107 108 109 110 111 113 114 115 116 117 119 120 121 122 123 124 125 127 128 129 131 132 133 134 135 136 138 139 141 142 143 144 145 146 147 148 149 150 151 152 153 154 155 157 158 159 160 161 163 164 166 168 170 173 174 176 179 180 181 182 183 184 186 187 189 190 191 192 193 194 195 196 198 199 201 205 207 208 210 212 214 215 216 217 218 220 221 222 223 224 226 228 229 230 231 233 234 235 236 237 238 239 240 241 242 243 245 246 247 248 249 250 253 254 256 260 261 262 265 268 271 273 274 275 276 277 278 281 282 284 285 286 287 290 293 294 295 296 297 298 300 301 302 305 306 307 308 309 310 313 316 321 322 324 325,False,1558,frm,"Historiale description de l'Ethiopie, : contenant vraye relation des terres, & païs du grand roy, & empereur Prete-Ian,",fre,comillan conillan dadet ehatoit haueste lespare lsranc masndi masudi partres puspait pzerre qieon rasermat roians uualenrenx
20,ellibrodelascost00boem,13,313,117,5 8 9 13 23 29 32 34 38 39 43 46 58 64 65 68 69 72 75 77 79 80 85 86 89 97 99 102 104 106 108 110 112 118 119 124 125 126 128 129 133 137 139 151 156 159 161 164 175 184 186 187 191 200 201 204 214 217 221 227 228 231 234 235 238 240 241 242 243 245 247 248 250 251 254 256 257 259 260 261 262 263 265 267 269 270 271 274 276 277 278 282 283 288 290 291 292 293 294 295 296 297 298 301 302 306 310 312 313 317 319 321 322 324 327 328 330,False,1556,spa,"El libro de las costumbres de todas las gentes del mundo, y de las Indias.",spa,alliun arracadas auczino botosembro colgadizas cortido cotroseco guadixsuc gucrreros imotm muertra orcllana tanligcros ucnados
21,origendelosindio00garc,13,127,42,8 25 28 29 32 36 44 50 59 64 69 82 88 94 96 101 103 105 108 114 122 126 127 133 145 149 160 166 167 169 170 178 181 183 188 195 198 206 213 218 220 257,False,1607,spa,"Origen de los Indios de el Nueuo Mundo, e Indias Occidentales.",spa,ahogauan altaticl antenado ardieste darmielie doscon eltuuisle huuielte lesolo liiasoila lormian rezie salralle siermana totonatas
22,histoiredelanouv00lesc_2,13,285,170,6 10 11 27 32 36 38 42 44 51 53 61 62 64 67 68 69 74 78 79 85 91 92 101 105 107 109 111 114 116 118 128 134 136 137 141 143 145 146 149 151 153 154 156 159 160 161 163 167 168 171 173 176 177 178 180 181 182 185 186 189 190 192 196 198 199 201 204 206 207 210 211 214 216 217 219 227 228 229 231 232 233 235 236 237 240 241 242 245 246 248 253 261 275 278 282 284 285 286 290 296 298 302 306 314 315 319 323 326 329 331 332 333 334 337 340 341 342 343 345 349 351 355 356 358 360 363 367 368 369 370 373 380 384 385 386 387 388 389 393 396 407 409 410 411 426 427 428 430 432 433 436 439 441 442 443 445 454 457 460 465 478 489 492 493 496 508 516 519 522,False,1611,fre,"Histoire de la Nouvelle France : contenat les navigations, découvertes, & habitations faites par les Fançois és Indes Oc",fre,abstint angoilsc ctemerueiuesse dcsaiiloit delaue etonnenier iedoubla mtnande niuala npsil ntinue qisai qlri restaurerit selauoitla taualler
23,monarchiahispani00zeil,12,56,257,1 2 3 4 6 7 9 10 11 12 13 14 15 17 18 19 20 21 22 23 24 25 26 30 31 32 33 36 38 39 41 43 47 48 49 50 51 52 54 55 56 57 58 59 60 63 64 65 66 67 69 70 71 72 73 74 75 76 77 78 79 80 81 82 84 85 86 87 88 89 90 91 92 93 94 95 96 97 98 99 100 101 102 103 104 105 106 107 108 109 111 112 113 114 116 117 118 119 120 121 123 124 125 126 127 128 129 130 131 132 133 134 135 136 137 138 139 140 141 142 143 144 145 146 147 148 149 150 151 152 153 154 155 156 157 158 159 160 161 162 163 164 165 166 167 168 169 170 171 172 173 175 176 177 178 179 180 181 182 183 186 187 188 189 190 192 193 195 196 197 198 199 200 201 202 203 205 212 213 214 215 216 217 219 220 222 223 224 225 226 227 229 232 233 234 235 236 237 238 239 240 241 242 243 244 245 246 247 248 249 250 251 252 253 254 255 256 257 258 259 260 261 262 263 264 265 266 267 268 269 270 271 272 273 274 275 277 278 279 280 281 282 283 284 285 286 287 288 289 298 299 303 306 308 309 311 312,False,1659,dut,"Monarchia Hispanica ofte Een reys-beschryvinge, aller koninckrijken, vorstendommen, landen ende steden, door de gantsche",dut,arambores cabosde capelun cgebctghtc conttnuos dtiitsche eigben gchadtziin ieciinmeester iellaen kapcile koninghs liisuuacht londert ltsmonero nelslaghers ntzillos onkostcn predicaoten sangh springhmeestex tiniente trommelsla trompetters uaendragher
24,voyagedanslespar00bart_0,12,21,9,17 18 19 20 21 22 43 138 178,False,1800,fre,"Voyage dans les parties sud de l'Amérique septentrionale; : savoir: les Carolines septentrionale et méridionale, la Geor",fre,aethereus albusi auritus butterblack fcœton griseus leucocefala morinella numenius rinchops scolopaæ sloridanus soulque torquata tringa
25,teatromexicanode01veta,12,52,133,10 11 15 18 19 21 42 43 44 48 49 50 52 53 54 55 56 57 62 68 69 70 71 73 74 78 81 85 86 88 89 90 91 93 97 98 104 109 110 111 113 127 131 132 134 136 143 145 146 149 150 151 154 161 162 163 165 172 173 174 188 193 199 205 206 209 222 228 231 233 235 236 243 245 262 263 270 271 272 273 279 284 294 298 299 300 301 302 303 305 314 318 320 321 322 323 327 329 333 335 339 342 347 349 350 351 355 358 361 363 365 367 368 371 376 379 382 383 386 387 388 389 393 394 397 398 400 401 404 446 448 449 455,False,1697,spa,"Teatro mexicano : descripcion breve de los sucessos exemplares, historicos, politicos, militares, y religiosos del nuevo",spa,dechh dopoteipaeiode eiirepito emblandecer enesiai gopqtel iieiigura iolcat lanzap lasiimasde leiaiupas llapor ngluco ordones porqsie rnuias sccorona sidoro treirica treiutai
26,nieuvvevvereltan00herr_0,12,86,103,5 6 7 8 9 11 12 16 17 18 19 20 21 22 23 24 25 26 27 28 29 30 31 32 33 35 36 37 38 39 40 41 42 45 46 49 50 51 52 53 54 55 58 59 60 63 64 65 66 67 68 69 70 71 72 73 74 75 76 77 78 79 80 81 82 83 84 85 86 87 88 89 90 91 92 93 94 95 96 97 98 99 101 102 103 105 106 107 111 112 113 114 115 119 123 124 125 126 127 128 129 134 138,False,1622,dut,"Nieuvve VVerelt, anders ghenaempt VVest-Indien",dut,aertriichk allioe bebolckt berandert binnentte blietet clontert duptoosten eondeerde leguen lichatm loopgaten meppen oogdeez sicplaetse speepen uuebier uuelckelee
27,voyagededentreca01entr,12,381,9,369 370 371 372 375 379 380 381 383,False,1807,fre,"Voyage de Dentrecasteaux, envoyé à la recherche de La Pérouse. : Publié par ordre de Sa Majesté l'empereur et roi, sous ",fre,banalapalou banidou capadou daouet debaiot deigne emimme enidou guiene hohoua houadou oipaqua ouabaie ouadouninc oualou ouananguique ouannaim ouaquieti oudou paignique pannem panouguique paouem
28,vocabularioenlen00moli,12,356,242,11 13 14 15 28 29 33 34 36 38 40 45 47 60 62 64 65 70 72 73 75 76 77 80 81 83 85 96 101 102 105 106 108 109 114 118 131 136 137 139 146 149 172 173 177 184 185 186 198 205 206 208 211 212 213 216 218 220 222 227 228 231 234 235 241 242 245 250 251 261 264 265 266 267 269 271 272 274 276 277 284 287 288 295 296 300 303 320 335 336 337 338 339 340 341 345 347 351 354 355 356 357 358 360 361 373 377 382 383 385 388 392 398 406 407 409 411 417 419 420 421 423 425 426 428 429 431 432 434 435 441 442 445 449 451 454 460 461 463 466 468 473 474 475 477 478 486 505 508 509 511 512 513 514 516 517 518 522 524 525 528 532 533 535 542 545 555 580 582 583 584 585 589 602 603 604 606 607 608 609 611 612 618 619 622 623 624 627 628 639 643 644 647 649 656 657 658 664 665 680 684 688 690 693 694 702 705 707 717 718 719 720 725 726 728 734 744 746 785 787 788 790 791 792 793 794 797 799 805 808 810 811 814 815 817 818 819 821 823 824 825 827,False,1571,n-mx---,"Vocabulario en lengua castellana y mexicana,",spa,caxtololotl cemolotl cenqu centecpantli chiciieipilli chicueolotl chicunauholotl chiquacemipilu chiquacemotl chzen cientoisesenta ieolotl matlacolotl nauholotl omolotl onqu ontccps oraome qiiatrocientos tlamic
29,vidadoapostolico00barr,12,79,282,0 12 14 15 17 18 20 23 24 25 26 27 28 29 31 32 33 34 36 38 40 42 43 44 50 51 52 53 54 55 56 58 59 60 61 62 63 64 66 67 68 70 71 73 75 76 77 78 79 81 82 83 85 87 88 89 90 91 92 94 95 97 98 99 101 102 103 104 105 106 111 112 113 114 116 120 121 122 123 124 125 126 127 128 129 131 132 133 134 136 137 138 140 141 142 143 144 145 146 147 149 150 151 152 153 155 156 157 158 159 160 161 162 163 166 167 168 171 172 173 174 175 176 177 179 180 181 182 185 186 187 188 189 191 192 193 196 197 198 199 201 202 204 205 209 211 213 214 215 216 217 218 219 220 221 222 223 224 225 226 227 229 230 231 232 233 236 237 238 239 240 241 243 244 246 248 250 252 253 256 258 260 261 262 263 264 265 266 267 268 269 270 271 273 274 276 277 278 280 281 284 286 289 290 291 293 294 296 297 298 299 300 302 303 305 306 307 308 309 310 311 314 316 318 321 322 323 324 325 330 331 333 336 339 341 342 344 345 346 347 348 349 350 351 354 355 357 358 359 360 362 363 364 365 366 367 369 370 372 373 374 375 380 382 383 384 385 387 389 390 391 393 394 395 396 400 401 403 404 405 406 407,False,1746,por,"Vida do apostolico padre Antonio Vieyra da Companhia de Jesus, chamado por antonomasia o Grande : acclamado no mundo por",por,eitranharao odioza ossendidos rctirousc religiosii retiraieose risicacao secundamente seiliuissimo succedeite tissacao uellozo uenenozos uleira
30,histoirememorabl00lryj,12,38,69,4 5 6 7 9 10 15 20 24 28 30 31 33 35 36 37 38 40 41 44 45 47 48 49 50 51 52 53 54 55 56 57 60 61 62 63 64 68 69 70 71 72 73 74 75 76 77 80 81 82 83 84 88 89 90 93 95 98 99 100 103 104 106 107 108 109 110 111 112,False,1574,fre,"Histoire memorable de la ville de Sancerre. : Contenant les entreprises, siege, approches, bateries, assaux & autres eff",fre,aquieurenti censcheuaux danslaplace denuiz enscignes enuironmidi escendirent estansil harquebousicrs helors ioinctes ledieti mesnetemps moisins presquerous quilesa samietr sancerre
31,liurepremierdess00bouc,12,140,125,2 4 10 11 15 18 19 20 22 24 25 26 27 28 32 35 36 37 39 40 41 42 43 44 46 49 50 51 53 57 58 59 60 61 62 63 64 65 66 67 69 75 78 79 80 81 85 88 89 90 91 95 97 98 102 103 106 107 109 110 111 113 115 116 119 120 122 124 126 128 129 130 131 132 135 140 141 146 147 148 149 150 151 152 154 155 156 158 160 161 163 164 165 167 168 169 171 172 173 174 178 181 186 187 191 193 194 195 197 199 201 203 209 210 211 212 213 217 218 220 223 226 231 233 235,False,1585,fre,Liure premier des serees,fre,allerquerir entquun gouslepille iouxrouge lauortemet maistred malquilauoi melain naiantpas prestreeslit quitauoit qurestoiet reueslu schiens seipgneur sonomit sontison
32,arteydictionario00lagu,12,124,58,5 8 13 15 33 38 43 50 53 54 55 56 57 59 65 66 68 73 74 88 89 90 93 94 96 98 100 101 102 107 108 109 110 112 113 118 120 122 123 124 127 130 134 135 138 141 143 145 148 149 152 154 155 157 160 163 174 181,False,1574,n-mx---,"Arte y dictionario: con otras obras, en lengua Michuacana.",spa,chabaadurhadi cocondurhaqua cuentze cutuhcurhaqua dedosdela harhamequa hombligo iamendo kuiripeta kuiripu kuparhata kuparhatarho lapalmade loscarcabares mintz paraucurhaqua penchumeq pirhanda rharuqua simientedel thuqua uetanillasdela
33,lahistoriagenera00fern,12,39,266,5 10 12 13 15 18 20 21 22 23 24 25 26 29 30 38 39 40 41 43 44 45 46 47 48 49 53 55 58 61 66 67 71 72 73 74 81 82 84 85 88 90 91 95 106 114 117 119 122 123 124 125 131 133 134 135 136 137 142 145 147 150 153 154 164 165 166 167 168 170 171 172 173 174 178 180 181 182 183 186 188 190 191 192 193 195 196 198 199 200 201 203 204 205 206 209 211 213 214 216 217 218 221 223 224 225 226 229 230 233 234 236 238 239 241 242 243 244 246 248 251 254 255 261 263 265 268 269 270 272 273 274 275 276 277 278 279 281 283 284 285 286 288 289 290 291 292 295 297 298 301 302 305 307 308 309 311 312 314 318 320 321 322 323 325 327 329 330 333 334 335 337 338 340 341 347 348 350 351 352 353 355 356 358 359 363 364 365 367 368 369 370 371 374 375 376 378 379 380 381 382 385 386 387 389 390 391 392 395 399 401 409 411 412 414 418 419 420 422 424 425 426 427 431 432 435 436 438 440 441 442 443 444 445 446 447 449 450 455 456 457 458 459 461 462 464 465 467 469 470 474 475 476 477 479 481 482 485 489 492 493 494 497 498 503 508,False,1535,spa,La historia general delas Indias,spa,acstasinoias agallinas allamarleel bxes cabritog codeagua cozona destaimanera espanabalta estalesteal gualleda iilto onicbla peneitiempo pocomaso pslaslasnaos quelsoldos zanarias zisrica
34,relationdecequis00leje_9,12,21,93,2 4 7 8 9 10 12 14 15 17 18 19 21 22 23 25 26 27 31 33 34 35 36 37 38 39 40 41 42 43 44 45 46 47 48 49 50 51 54 55 56 57 59 60 61 62 63 64 65 66 68 69 70 71 72 78 79 81 83 85 86 87 88 90 93 97 98 99 100 101 103 107 108 109 110 112 113 114 115 116 118 119 121 123 124 125 126 127 129 130 131 132 133,False,1635,fre,"Relation de ce qui sést passé en la Nouuelle France, en lánnee 1634. Enuoyée au R. pere prouincial de la Compagnie de Ie",fre,celongleurhors consulrans corpsest esloitentre hachedonc iniesen leresmeschant lesuantois luers luiauois melmetemps menquestai niaisles quaiettoir sansseu silsnontni
35,viaggioalbrasile04wied,12,107,16,46 48 66 72 74 77 93 97 100 104 105 106 107 108 110 111,False,1821,ita,"Viaggio al Brasile negli anni 1815, 1816 e 1817",spa,agnihon ahain becoi camacans cunaan epochenan ihzam inhimancoi puaan tapagnon tazd tiungin
36,histoiregnralede13prvo_0,12,424,2,424 483,False,1746,fre,"Histoire générale des voyages, ou nouvelle collection de toutes les relations de voyages par mer et par terre, qui ont é",fre,bidama cacopah caupah chaunah copah dariennes doulah henorang marnauhah naunah ninah poonah roupah rrianger taiitah
37,nouveauvoyageaux00laba,12,149,189,6 13 15 16 17 20 21 27 30 31 33 35 43 45 49 50 52 59 60 61 62 73 75 76 77 87 88 91 110 114 122 129 131 132 136 147 149 152 154 157 159 160 163 168 170 174 178 185 186 193 194 195 198 204 208 213 215 217 218 219 230 237 238 240 254 257 258 263 268 269 270 275 276 279 280 285 295 303 308 314 318 325 331 334 337 344 347 358 361 362 363 365 366 371 372 373 375 378 381 382 383 388 395 400 402 406 407 408 420 422 427 429 432 433 434 443 447 449 452 453 456 459 464 466 467 468 481 486 489 492 495 498 506 508 510 511 513 518 522 528 549 551 561 562 563 571 573 574 585 588 592 594 595 599 620 624 625 626 627 628 631 632 633 643 644 646 648 655 657 658 659 666 671 673 674 675 676 677 680 692 693 698 702 708 709 716 721 726 756,False,1724,eng,"Nouveau voyage aux isles de l'Amerique. : Contenant l'histoire naturelle de ces pays, l'origine, les moeurs, la religion",fre,aquatreuingt deuxnuits dunetortue entraincr etousseroit hirge iauantdu iautrebout ilndien mettresur pendp plailron poussenc prenncnt quendroit sanschercher sepouuenta
38,voyagesautourdum00pag,12,192,12,38 64 70 132 155 158 172 173 180 192 193 204,False,1782,fre,"Voyages autour du monde, et vers les deux poles, par terre et par mer, : pendant les années 1767, 1768, 1769, 1770, 1771",fre,beement burces coalent dairel damfi heae iraternite moiitagnes nuriers ordinaiie pentq thamour
39,vozessaudosasdae00viei,12,19,45,13 15 18 19 20 21 23 25 26 30 32 33 35 36 37 39 41 43 44 46 50 51 53 54 55 56 59 60 61 64 68 75 77 78 79 80 82 83 87 90 95 97 99 108 122,False,1736,por,"Vozes saudosas, da eloquencia, do espirito, do zelo; e eminente sabedoria",por,communicaciao esaudades estalagem hoita iignisicarem obedicn paipina paitallos paliarao pedroza preguicas spernambucanos srancilbo
40,coronicadelasind00fern,12,516,251,0 10 13 16 20 22 23 24 27 38 39 41 42 44 45 46 50 51 59 62 70 73 74 76 77 78 79 87 89 90 91 93 94 95 99 101 102 103 104 111 113 121 125 128 133 134 135 136 142 152 153 160 165 167 170 176 182 183 186 187 188 189 190 191 192 194 196 199 203 204 207 212 216 217 218 219 220 221 222 223 224 230 232 233 234 235 241 242 243 244 246 247 249 251 254 255 256 259 260 261 264 268 269 272 274 284 285 288 290 291 292 293 298 299 300 301 302 303 304 305 306 307 308 309 311 312 314 317 318 319 321 322 323 324 328 330 332 333 334 337 338 343 344 345 348 349 353 354 355 356 357 358 359 366 371 375 378 381 385 386 387 390 391 393 395 397 398 399 400 401 402 403 405 406 407 408 409 410 411 414 415 417 418 419 420 421 422 424 425 427 428 429 430 434 437 441 445 454 456 457 461 463 465 466 467 470 473 474 475 476 477 478 479 480 481 482 484 485 486 488 489 490 491 493 494 495 496 499 500 501 502 503 504 505 506 507 511 512 513 514 516 518 519 525 526 527 529 534 535 550 554,False,1547,spa,Coronica delas Indias. La hystoria general de las Indias agora nueuamente impressa corregida y emendada. 1547 : y con la,spa,abueron basiime bebza chapo conoscie nocbc ocspuee paliarala retraiendo telendo tiburoncillos uuciirc
41,arteenlenguazapo00juan,11,98,24,7 13 16 34 37 44 65 83 96 97 98 99 100 101 102 103 104 105 106 107 108 112 116 117,False,1578,"spa,zap","Arte en lengua zapoteca,",spa,bichiibitopa caioabicbii caioabitobi caionabichiibi caionabichiino caionabitobi caionabitopa cciento cecaa cecaai cecaaio cecaaiotaa cecaataa cegaa cegaai cegaaio cegaaioxopa cnouenta cnouentai cochenta cochentai cseitentai csestenta csetenta quiioabicbona
42,voyagedanslespar00bart_2,11,20,7,17 18 19 20 21 89 139,False,1798,fre,"Voyage dans les parties sud de l'Amérique septentrionale; : savoir: les Carolines septentrionale et méridionale, la Geor",fre,alatarnaha guauu immaculatai numenius papilloso rnsus scolopaæ soulque subsusca tringa uuhippoor
43,relationduvoyage00laon_0,11,54,33,4 8 9 14 15 16 17 21 23 25 26 28 31 33 34 35 37 38 39 40 42 44 45 49 50 51 52 53 54 55 56 58 59,False,1654,fre,"Relation du voyage des Francois fait au Cap de Nord en Amerique, par les soings de la compagnie establie à Paris, & sous",fre,broiiib comrnode dcuesl demaster einci iiiidi ininutces liostre mesttie minuc monsicus oiduiaise pasquesi renuergua reucscnce saisdit troisiclsiie uentnous uersli uingthuia
44,discoursediscoue00whit_0,11,58,3,58 59 62,False,1622,eng,"A discourse and discouery of New-found-land, with many reasons to prooue how worthy and beneficiall a plantation may the",eng,adizes aighe bbobdudolt boughr dinnage doozen elmeboords gamdhtse hatchers oremeale quartersros sainesia slaskets sriingpans uuailths
45,primaziaserafica00apol,11,100,84,1 4 13 24 26 27 29 30 31 32 33 42 45 47 48 49 50 51 54 55 58 59 60 72 73 74 75 76 77 78 79 81 82 84 85 87 88 89 90 91 93 94 95 97 100 101 102 103 108 109 110 112 115 116 118 119 121 123 125 127 128 129 133 137 140 143 144 149 150 152 154 155 157 159 161 164 166 167 168 173 190 192 195 197,False,1733,por,"Primazia serafica na regiam da America, : novo descobrimento de santos, e veneraveis religiosos da ordem serafica, que e",por,aoqdaquatro archiduquezas cardeae condeitas emperatrizes enuti illuslrado inquiridores ispos marquezes mltra moguncia mperadores occuparac paitao penitenciaria penitenciarios rainhas uicereis
46,relationdecequis00leje_10,11,82,140,7 11 15 16 17 18 20 23 24 26 27 29 30 32 35 39 40 41 43 44 45 46 48 54 55 56 59 60 61 69 70 72 75 77 78 79 80 81 82 83 86 87 88 89 90 92 93 95 98 99 101 102 103 104 105 107 111 112 113 114 115 119 125 127 128 130 131 132 134 135 136 138 141 143 145 146 148 149 152 156 158 159 160 161 162 163 164 166 168 169 171 172 173 174 177 178 179 180 181 183 184 186 187 189 190 192 193 196 197 198 199 204 206 207 209 211 212 213 216 217 219 223 224 226 227 232 233 234 238 239 242 244 245 252 253 254 256 257 258 259,False,1638,fre,Relation de ce qui s'est passé en la Nouuelle France en l'annee 1637. Enuoyée au r. pere prouincial de la Compagnie de,fre,auoitn cimeil entestre espouuanta lanrneantmoins leprend leslene linduire recogneur retiue selleua suiuist tabouchiou tchakabech tchaxabech
47,iohnhuighenvanli00lins_0,11,650,272,3 8 12 16 32 34 36 38 43 57 72 75 93 97 109 110 119 120 141 146 156 159 160 162 165 170 172 176 179 180 183 184 190 193 195 196 198 199 200 205 211 212 215 216 221 222 224 230 231 232 233 234 235 236 239 243 246 251 259 266 267 284 287 297 306 307 308 312 315 317 324 326 327 333 335 339 355 356 362 364 365 366 367 368 369 370 371 372 373 374 375 376 377 378 379 381 382 387 388 389 390 393 395 400 404 405 409 411 413 421 422 424 427 430 433 434 435 437 438 439 441 442 443 444 445 450 453 454 455 456 457 460 469 470 472 474 475 477 478 480 481 482 484 485 486 487 493 495 496 500 501 503 506 507 515 517 518 519 520 521 524 525 528 529 531 533 534 535 547 557 568 569 571 580 582 583 587 591 599 601 603 607 617 619 623 629 634 635 637 639 640 641 642 643 646 647 649 650 651 652 653 654 655 656 657 658 659 662 663 664 666 667 668 670 671 672 673 675 677 678 681 683 684 685 686 688 689 690 691 693 694 696 697 698 699 700 701 702 703 706 707 708 713 715 716 718 721 722 723 724 725 726 731 732 733 734 736 737 738 739 740 741 748 757 758 759 760 761 780 783 785 787,False,1598,eng,Iohn Huighen van Linschoten. His discours of voyages into ye Easte & West Indies. : Deuided into foure bookes,eng,andbebind chapoli crekes hanenssr huudground iuuomiles liampotee narroti nogicam norhuuek sbippe srrall ssands tabteh therelpeth tlosebpeach tohollp tontz ttigales uiampo uuonlan
48,orbeseraficonovo00jabo,11,484,160,11 21 274 324 327 329 330 331 332 333 334 335 336 337 339 342 345 350 351 355 357 358 360 361 365 367 369 374 376 377 380 385 388 389 390 396 397 402 404 407 415 416 419 421 422 423 425 426 427 430 432 434 435 447 450 451 457 458 459 463 464 468 473 475 476 481 482 483 484 485 487 491 492 498 499 500 502 507 510 512 513 514 515 516 517 518 519 520 527 528 529 534 535 538 539 541 542 543 545 546 547 550 551 552 555 559 560 561 562 564 565 567 568 569 570 571 572 573 574 575 576 577 583 585 586 588 590 591 593 594 596 597 599 602 605 607 612 613 616 617 618 619 620 621 622 623 624 625 627 628 629 630 633 634 635 640 641 647 648 662,False,1761,"por,lat","Orbe serafico novo brasilico, descoberto, estabelecido, e cultivado a influxos da nova luz de Italia, estrella brilhante",por,aiseicoa chrissao cingio dedescobrir dilsimulacao dispossa dissarcado escondendoa mcihor messre nessas prossrado ssmilhante uianelle
49,relationdecequis00lall_1,11,106,72,3 6 8 9 10 14 15 17 18 19 20 22 23 24 25 26 27 28 30 34 35 36 37 41 42 43 44 45 46 49 52 53 54 55 56 63 64 65 66 67 70 71 72 75 79 81 83 88 90 96 100 104 105 106 107 108 109 110 111 112 113 115 116 118 119 122 123 124 125 126 127 128,False,1648,fre,"Relation de ce qui s'est passé de plus remarquable és missions des peres de la Compagnie de Iesus, en la Nouuelle France",fre,czrxian enucinq ioussbueu noqliers petitimorceaa sacrcmes saitigues tauenue trbuua troupeaqe tsiies œramcncons
50,histoiregnralede16prvo_0,11,124,387,2 3 4 8 11 17 22 25 30 31 33 35 36 47 49 51 91 92 95 109 110 111 112 114 124 125 126 127 147 151 160 163 167 171 172 173 174 178 179 181 183 189 191 192 195 198 209 211 213 217 221 222 227 234 237 242 249 254 264 265 267 269 270 271 286 288 306 319 321 323 326 327 363 392 398 402 403 406 407 422 430 434 436 437 438 441 443 445 446 454 461 462 463 465 488 489 495 498 504 510 511 517 518 519 521 546 548 549 550 553 555 558 563 567 568 573 574 576 582 587 588 589 591 597 603 605 607 609 613 616 620 649 651 656 659 661 662 665 667 670 671 678 679 685 687 688 690 691 692 696 698 699 709 713 714 715 716 717 718 719 725 728 730 740 741 744 745 746 747 755 757 759 760 761 762 763 766 767 768 770 772 773 775 777 779 780 782 783 784 785 787 788 789 790 791 792 793 795 799 802 803 806 807 810 819 830 833 838 839 849 850 851 856 863 864 865 870 873 874 876 885 889 895 896 906 907 913 932 933 935 939 945 946 964 968 971 981 982 987 1007 1008 1011 1013 1014 1016 1017 1018 1019 1020 1021 1034 1036 1038 1039 1049 1051 1053 1054 1057 1058 1061 1063 1064 1065 1066 1071 1081 1087 1094 1095 1096 1102 1104 1107 1110 1111 1114 1121 1124 1129 1153 1166 1168 1170 1173 1174 1175 1177 1181 1186 1206 1209 1213 1232 1233 1234 1240 1242 1243 1244 1245 1248 1249 1252 1256 1257 1259 1262 1265 1270 1272 1273 1275 1278 1288 1293 1294 1295 1296 1304 1305 1312 1321 1322 1324 1326 1330 1333 1337 1339 1340 1342 1344 1345 1346 1347 1348 1350 1355 1359 1365 1366 1372 1374 1375 1378 1379 1380 1382 1392 1393 1394 1396 1397 1398 1401 1404 1415 1416 1418 1420 1428 1430 1431 1432 1437 1438 1441 1443 1446 1449 1450 1475 1487 1492 1499 1500 1501 1502 1504 1507 1508 1509 1510 1513 1514 1515,False,1746,fre,"Histoire générale des voyages, ou nouvelle collection de toutes les relations de voyages par mer et par terre, qui ont é",fre,achembene aguacace aiaca atchiem auorat auuabi axaiiaca axolotl cqquillcs daxim inguete produeiions ukadsita
51,iaiiiapartedelos01torq,11,506,264,22 23 27 29 32 35 45 49 54 63 65 67 74 75 82 84 85 86 99 100 101 103 111 115 121 128 129 131 134 140 150 151 162 168 170 171 177 178 179 182 183 187 189 203 204 212 214 219 228 229 230 234 236 243 248 249 252 253 263 273 275 278 283 285 287 289 303 305 308 309 317 324 325 338 348 353 367 372 375 378 379 380 393 394 395 397 398 401 402 408 409 413 414 415 418 422 427 449 451 454 459 461 462 463 467 471 472 473 474 475 476 477 478 480 482 497 499 502 503 506 519 521 522 525 531 533 534 540 542 546 549 550 556 565 566 569 573 578 591 596 608 626 628 637 640 641 655 656 658 668 671 673 680 681 684 688 698 700 702 710 711 719 743 744 746 747 749 753 755 757 758 764 765 778 779 784 788 793 797 801 804 807 822 834 843 861 862 863 864 868 890 891 893 899 901 905 909 916 922 931 932 935 936 943 947 952 958 960 961 963 964 966 973 988 989 990 994 995 998 999 1000 1002 1003 1004 1006 1007 1010 1012 1017 1018 1023 1027 1028 1031 1034 1037 1039 1040 1044 1046 1047 1048 1051 1053 1054 1056 1057 1058 1059 1060 1061 1066 1067 1068 1069 1070 1071 1078 1079 1084 1090 1093 1105 1110,False,1615,spa,Ia [-IIIa] parte de los Veynte y vn libros rituales y monarchia yndiana : con el origen y guerras de los yndios occident,spa,acariciaua antestse aquiuiero delantena ihallaro lacomarez maicaras meuastemoro qualessue turquesadas ualegua
52,relationdecequis00leje_8,11,32,30,13 14 16 24 26 29 31 32 33 35 38 41 42 46 47 51 57 61 66 69 71 74 75 82 90 107 115 145 150 153,False,1640,fre,Relation de ce qui s'est passé en la Nouuelle France en l'année 1639. Enuoyée au r. pere prouincial de la Compagnie de I,fre,auiuc auoittue auslibicn cnuiro gnespour iliettoit maisceste reprocheroient sauuagcquisest stincnce tepeu unpeuau
53,historiadeldescu00zrat,11,54,55,7 11 13 14 15 16 17 18 19 20 23 27 37 41 43 47 54 55 56 57 71 72 80 92 93 101 107 119 122 124 128 139 141 147 151 162 167 168 172 177 178 180 181 186 194 206 208 212 222 224 233 234 242 243 245,False,1578,spa,"Historia del descubrimiento y conquista de las prouincias del Peru, : y de los successos que en ella ha auido, desde que",spa,alliestos cruzeros disserecia iuengo labroia latierrale lereprime proueiana quehazenel ribos sinbeuer trancos trioneso
54,newvoyagedescrip00wafe_3,11,94,39,28 40 42 43 54 55 56 63 73 75 76 84 91 92 93 94 95 96 97 98 99 100 102 103 104 105 109 112 114 116 117 118 119 120 121 122 123 124 137,False,1704,"eng,sai","A new voyage and description of the Isthmus of America. : Giving an account of the author's abode there, the form and ma",eng,gapes gerthan hangneit hangnest illouumaccauu sealark sknouun speckted tameopl throsle titmouse uuidemouth
55,relationdecequis00leme_2,11,65,41,17 18 19 22 23 24 25 27 34 36 37 41 42 46 48 49 56 58 59 63 64 65 66 67 70 72 81 85 88 89 90 91 95 100 103 108 110 114 126 135 139,False,1671,fre,Relation de ce qui s'est passé de plus remarquable aux missions des peres de la Compagnie de Iesus. En la Nouvelle Franc,fre,andasto andastogue donontague lapprens ouneiout outaouak ringtans spurer tsonnontoiuen uingtcinqans uneicune
56,huehuetlahtolliq00juan_0,11,56,9,54 56 57 58 62 63 64 65 66,False,1601,"nah,spa","Huehuetlahtolli, que contiene las plàticas que los padres y madres hicieron á sus hijos y á sus hijas, y los señores á s",spa,buenora desmaies eilrima eneiio erculpida exortacign irdenoche lagn lahrador losdio reposad suesia trabaiaras
57,predicaciondeleu00garc,11,178,56,0 14 15 16 18 29 37 43 45 46 54 56 58 60 64 66 85 86 93 95 101 106 114 115 117 119 120 121 122 123 128 129 130 134 137 140 141 143 144 145 146 147 148 150 151 152 155 156 161 165 166 167 171 178 181 197,False,1625,spa,"Predicacion del euangelio en el Nueuo Mundo, viuie[n]do los apostoles.",spa,altoii cstrangcraa encaxada esdcl misni niisaio ntienra penascci renglonesi ualcs uarasi
58,relationdecequis00vimo_0,11,116,81,1 9 10 19 26 33 36 37 40 41 43 47 51 53 58 66 67 70 71 72 73 74 75 76 77 78 80 81 84 87 88 89 92 93 95 97 100 103 104 105 106 107 108 113 114 115 116 117 120 121 123 124 125 126 127 128 129 131 134 135 136 137 138 139 140 141 144 147 148 150 151 154 156 158 159 160 161 162 163 166 167,False,1645,fre,"Relation de ce qui s'est passé en la Nouuelle France és années 1643. & 1644. Enuoyée au r.p. Iean Filleau, prouincial de",fre,arriueterit captiuire continuahei dcainsi estgien ieiines nesutossensee reuehoit sestimast sonssrances transpercc
59,parteprimeradela00ciez,11,66,99,17 20 21 22 23 24 26 29 30 33 36 37 38 39 40 43 44 45 46 48 49 50 51 53 54 56 58 59 61 62 63 65 66 68 70 71 74 75 76 77 78 79 80 81 87 88 89 92 94 97 100 101 102 103 104 109 111 113 114 115 117 119 120 125 127 132 133 139 140 141 163 164 174 177 178 181 185 187 197 202 204 209 213 216 221 229 233 234 235 243 245 247 248 253 255 256 263 269 274,False,1553,spa,Parte primera dela chronica del Peru. : Que tracta la demarcacion de sus prouincias: la descripcion dellas. Las fundacio,spa,aqueesioe asiapo ckastianos costola eabeca iricar lpermosas lpuma tsna ttdioe utiuaii
60,relationsveritab00unkn,11,56,80,10 19 26 29 32 33 35 36 37 39 42 43 46 47 51 53 56 57 60 61 66 67 78 80 101 102 103 104 107 108 110 111 113 118 119 121 125 126 127 128 130 134 140 148 187 193 202 206 207 218 220 224 227 229 232 234 235 238 262 286 292 293 296 297 298 299 301 302 303 305 306 307 313 314 321 323 337 339 340 344,False,1651,fre,"Relations veritables et curieuses de l'isle de Madagascar, et du Bresil. : Auec l'histoire de la derniere guerre faite a",fre,blelseen bonuallot droiiard eustestepersi indiansalola indtanialola lentreprenoit lunpour mendies prouiucs ramac regimond songcant
61,accountoftwovoya00joss_0,11,1,51,1 2 4 5 6 7 8 9 10 11 12 13 14 15 22 24 26 29 31 34 37 39 40 41 43 45 46 51 52 55 59 60 62 64 66 68 69 70 71 72 74 78 79 80 83 85 87 90 95 96 104,False,1674,eng,"An account of two voyages to New-England. : Wherein you have the setting out of a ship, with the charges; the prices of ",eng,aioight aituantos ascensi boremans duckd icater mtothe muuater pushag sacece satk sickned thepassengers
62,lesoldatparvenuo00mauv,11,129,13,4 21 59 64 66 100 102 129 131 132 135 142 147,False,1761,fre,"Le soldat parvenu, ou Memoires et avantures de M. de Verval, dit Bellerose.",fre,bmsquemem compiles disbis disliperoir esprk grossapunta iuorre laislerqis longez miauler tariser
63,historiagenerald00vega,11,23,139,7 8 11 14 23 35 49 52 56 75 80 93 97 105 106 108 111 112 142 144 149 157 161 167 169 170 172 174 177 182 191 192 196 197 204 211 221 224 229 231 234 235 236 237 246 252 253 277 278 295 296 303 308 315 320 329 331 341 354 367 373 379 395 396 400 409 413 418 420 421 429 431 446 459 462 464 480 486 493 495 503 516 517 519 520 524 528 540 545 550 554 555 556 557 563 566 576 592 594 605 610 612 616 624 627 628 653 657 658 660 661 662 666 677 684 691 692 695 698 704 709 711 716 725 731 736 738 749 772 773 774 775 776 782 797 798 799 803 819,False,1617,spa,"Historia general del Peru trata el descubrimiento del, y como lo ganaron los Españoles. : Las guerras ciuiles que huuo ",spa,aninerlarios cuetos diuidimos dozeno dozis lehagan lombardas maraucdis montaria motaua queestando
64,relationdecequis00leje_0,11,36,24,8 10 11 13 19 27 28 29 30 36 38 39 40 41 42 47 50 55 59 61 62 64 66 72,False,1640,fre,Relation de ce qui s'est passé en la Nouuelle France en l'année 1639. Enuoyée au r. pere prouincial de la Compagnie de I,fre,adopuue agca apiescestemort ienessedt ireuois resignauon rioitde srobnsit tuhiteureras uapresentde ugem
65,nouveauvoyageaux01laba,11,190,203,3 4 5 6 7 10 11 16 17 22 27 28 45 46 53 56 61 62 64 66 70 77 79 84 94 96 98 102 103 104 110 118 121 145 149 163 164 170 186 190 191 198 204 211 214 223 224 225 233 235 238 240 241 244 251 258 261 273 274 278 281 287 298 300 304 307 308 309 313 318 321 326 328 332 333 337 338 339 354 362 363 364 368 370 374 377 378 381 384 385 394 395 399 400 401 422 423 424 434 444 446 452 455 460 464 466 476 483 485 486 495 502 505 509 515 519 522 523 525 539 542 544 552 557 560 561 562 563 564 565 567 573 574 578 579 582 584 587 588 593 597 598 600 601 603 607 608 609 611 612 613 616 620 621 627 628 629 631 633 635 637 641 649 650 658 665 669 671 672 673 675 676 677 679 680 683 684 685 695 700 705 706 707 708 710 712 718 721 724 730 732 733 734 736 738 743 745 749 750 751 752 753 754,False,1724,eng,"Nouveau voyage aux isles de l'Amerique. : Contenant l'histoire naturelle de ces pays, l'origine, les moeurs, la religion",fre,alabastille apprcnd chemindek cicesa desendupar iameston magonnerie neurest pasdubord rnerent tintauec
66,gedenkwaardigesc00schm,11,20,22,2 6 7 8 9 10 13 19 20 23 35 36 37 38 39 42 45 51 52 53 54 55,False,1706,dut,"Gedenkwaardige scheeps-togten na Rio de la Plata, in 't zuyderdeel van America, en verscheydene andere voorname Americaa",dut,andiocha assumcion briganbega dersde hoosdman mandues onderuꝛaagden paraboe parabor teruol turksch
67,artedelalenguade00gilb,10,85,25,5 23 36 37 47 48 54 58 59 61 63 64 70 71 72 73 75 81 82 84 85 86 91 92 96,False,1558,spa,Arte de la le[n]gua de Michuaca[n],spa,cuindatero cuiperaran cuiporocban cuiporutero dostantos entresp enunaparte iuntbandatero otrascada porotero tamporocban tanmiperaran tbandaxani tebendatero tembenda temborocban temborotero thaporochan toaporotero todostres tuniporotero tzimanda tzimorotcro untani untanindatero
68,secondliuredesse00bouc,10,50,105,6 14 20 24 26 32 37 38 40 44 45 46 48 49 50 52 53 57 60 68 72 73 75 78 87 88 89 90 91 93 100 102 104 105 109 112 117 118 121 123 124 125 127 128 129 130 132 133 137 138 139 141 143 145 146 150 151 152 154 155 156 157 164 165 166 169 172 176 177 178 179 180 181 182 186 188 189 190 191 192 197 198 199 201 202 203 204 209 210 211 213 214 216 217 220 222 223 224 226 227 233 234 235 236 237,False,1608,fre,Second liure des serees,fre,aimatit clutai cnsiins conselsant deoourir droioe eapsiqdl endurast enduroiii ereaiat euiicnt eurciuc iamede ioussert iqp ispondu kpere laillenca nenscachant niatuiaise nseigner quelqnun rispiration riuce saidait
69,arabiaseuarabumv00unse,10,93,13,10 13 18 37 48 70 74 93 98 114 119 129 130,False,1633,lat,"Arabia, seu, Arabum vicinarumq[ue] gentium Orientalium leges, ritus, sacri et profani mores, instituta et historia : acc",lat,alepi asprum atmeme diribus dupso gazettis maidimim maidini maidinorum maidinos mangures nuccarus semisle stuferos sultanini talerus traheremus ualentque uenetas
70,histoirenaturell00acos_3,10,75,137,0 1 4 5 6 7 8 9 13 16 21 25 29 36 43 47 53 54 57 62 64 67 68 69 73 75 79 80 82 84 92 97 99 102 105 106 109 112 113 115 116 117 120 123 126 127 128 129 134 136 138 142 143 144 150 170 182 183 185 186 188 190 191 192 195 203 206 216 220 228 234 237 238 245 247 248 250 252 254 257 259 260 266 269 270 275 276 278 280 281 283 292 296 300 301 302 303 306 309 317 318 319 329 331 332 334 335 339 345 346 348 352 353 356 357 367 368 370 378 379 383 385 388 390 391 394 395 397 399 402 405 406 407 408 414 415 432,False,1606,frm,"Histoire naturelle et moralle des Indes, tant Orientalles qu'Occidentales. : où il est traitté des choses remarquables d",fre,approchcmeiit aslemblecs dessect disiperni douprocedeun espaiiles estaiis estplusproehe lesloignemcnt malsent parlasorce pluiesidan prclsees quelcplus reioluent rorride sileseuest sontcausees
71,vidadovenerauelp00vasc,10,11,163,2 3 11 12 14 27 37 40 41 43 45 53 54 56 57 58 60 61 65 66 67 69 72 73 75 77 78 82 90 92 96 102 103 107 112 113 115 118 123 124 125 136 137 138 141 142 143 145 160 161 175 176 188 191 195 199 201 203 213 217 218 220 221 223 224 228 231 232 234 235 240 245 248 258 260 269 274 275 276 277 278 280 282 283 284 286 289 291 296 299 301 303 306 310 316 317 318 319 326 327 328 329 330 331 333 334 335 336 337 338 341 342 343 344 345 347 350 362 364 368 371 374 375 376 378 387 394 397 403 410 411 414 415 425 430 436 446 447 448 451 452 453 455 456 458 459 460 463 466 469 472 475 476 477 480 481 483 485 488 491 493 505 509,False,1672,por,"Vida do venerauel padre Ioseph de Anchieta da Companhia de Iesu, taumaturgo do Nouo Mundo, na prouincia do Brasil.",por,aasuspensam acabai almasi amoios attendta cohrese deibaratados eiioruar essettuar humdos mtgos opertendta rebeluam reusoens riigua tamoiosireb
72,voyagetowardssou02cook,10,211,14,203 204 205 206 207 208 209 210 211 212 213 215 216 217,False,1777,eng,"A voyage towards the South Pole, and round the world. : Performed in His Majesty's ships the Resolution and Adventure, i",eng,etoohee euaha eueeree euuhaouu euuharidde hamamma heeua madooa moea motherli purpese ratpauo saeete sanouunou scossat tooneea uuaheine
73,discoursecontain00whit,10,21,2,20 21,False,1622,eng,"A discourse containing a louing inuitation both honourable, and profitable to all such as shall be aduenturers, : either",eng,adizes augers canuase crouuesos doozen hairecloth mattocks oatemeale orlop piuuauu sirkin slaskets uuoolien
74,dienievvevveerel00unkn,10,23,478,7 10 11 13 14 15 16 18 19 21 23 25 26 27 29 31 33 35 36 38 42 43 45 47 50 51 55 56 57 58 62 65 71 73 76 80 81 82 83 87 89 93 95 97 99 100 101 102 103 104 105 106 107 110 115 116 117 121 122 123 125 129 130 132 133 139 140 142 143 144 145 146 149 154 155 170 171 177 182 183 184 187 194 201 203 206 207 208 211 224 225 226 228 229 230 232 233 234 236 240 242 244 245 246 252 258 259 265 266 267 268 270 271 274 275 276 278 279 287 288 289 292 293 294 298 299 301 302 304 306 309 312 313 314 318 323 324 327 328 330 333 334 335 336 337 339 341 343 345 349 350 351 352 353 355 357 360 361 362 364 369 373 375 376 377 378 379 381 382 383 385 388 389 390 392 399 400 401 409 413 418 421 424 425 427 431 434 439 441 446 447 448 450 451 452 454 461 462 463 470 474 476 479 480 481 484 489 490 491 497 504 507 509 510 515 518 530 533 539 541 542 543 548 551 559 560 561 576 581 582 584 589 593 597 602 608 609 611 612 613 614 615 616 618 621 622 623 624 625 627 633 635 657 661 662 663 664 670 673 675 678 681 683 684 687 688 694 702 704 706 707 724 731 732 733 738 744 747 754 755 757 758 761 762 763 764 765 767 770 771 773 780 785 786 788 789 791 795 804 806 812 813 816 817 820 821 826 829 832 834 836 837 838 839 841 842 843 848 849 851 853 854 856 859 860 863 864 866 867 868 869 871 872 877 878 880 881 882 883 887 888 889 890 892 897 899 902 903 905 907 908 910 911 913 917 921 925 929 930 931 934 939 940 941 942 943 944 945 947 949 952 953 954 956 959 963 966 967 969 970 971 976 978 979 980 981 982 984 986 989 991 993 994 999 1002 1005 1011 1015 1017 1019 1020 1025 1031 1033 1039 1040 1041 1044 1045 1051 1060 1068 1069 1070 1072 1073 1077 1079 1084 1090 1091 1093 1094 1101 1103 1104 1107 1110 1111 1114 1115 1116 1117 1119 1121 1127 1131 1135 1136 1147 1148 1149 1150 1151 1152 1154 1155 1158 1160 1161 1162 1163 1164 1165 1168 1169 1173 1176 1177 1178 1179 1181 1182 1184 1185 1187 1188 1191 1192 1194 1198 1199 1207 1208 1209 1216 1218 1219,False,1563,DUT,"Die nievve vveerelt der landtschappen ende eylanden, : die tot hier toe allen ouden weerelt bescrijuere[n] onbekent gewe",dut,breedde dachreiisen dachreiist euhe ghedraghen iordaen kererken kericho leuke leuken nauuueliick noemptmen ssrabels teltmen uehentme uiick
75,celebresviagensd00damp,10,54,59,0 1 3 4 5 6 7 8 9 10 14 15 16 18 19 20 21 22 23 24 25 26 27 28 29 30 31 32 33 34 35 37 38 39 40 41 43 44 46 47 48 49 50 51 52 53 54 56 57 58 59 60 61 63 66 68 69 70 71,False,1819,por,"Celebres viagens do capitaõ Dampier, : com huma relacaõ dos buccaneiros, ou piratas da America",por,abateo auantal molha outri porein rorremos samintos sicauanos sobreuiui supportar trouoes tusao ucoto
76,nieuweontdekking00henn,10,190,14,3 4 59 119 120 184 185 186 187 188 190 191 192 193,False,1702,dut,"Nieuwe ontdekkinge van een groot land, gelegen in America, tusschen Nieuw Mexico en de ys-zee. : Behelzende de gelegenhe",dut,gedruis iilinooi isseliik kanoosuoerders linooizen melleoki nikanape nissipikonet ogsten onkuisheid oogsten osserbande rheebokken uerbreeken uersoek uueldigen
77,historiaeclesias00fern,10,301,147,15 20 21 22 23 25 29 31 32 33 41 42 44 58 60 62 67 69 71 72 75 76 79 82 83 84 86 87 88 89 90 91 92 94 95 99 102 105 106 113 114 115 116 117 119 120 126 127 128 129 135 139 141 142 146 147 151 158 159 165 170 173 175 176 177 178 180 182 190 193 200 202 208 210 212 213 218 219 221 225 229 239 240 246 247 250 252 255 256 257 262 270 272 273 282 284 286 287 288 298 300 301 302 303 306 310 326 327 328 332 336 338 340 341 351 352 353 355 356 357 362 363 365 370 372 373 374 375 381 383 384 385 386 389 391 400 405 406 410 412 414 420 422 423 424 427 438,False,1611,spa,"Historia eclesiastica de nuestros tiempos, : que es compendio de los excelentes frutos que en ellos el estado eclesiasti",spa,acoliros caragus detteitica dosacolitos dosdiaconos elteni elundecimo eschez estatuitos hastai pigaua soniosciento temonias traeh unalglesiade zicras
78,iaiiiapartedelos02torq,10,610,193,17 19 27 35 37 40 41 43 44 51 61 62 66 73 80 83 87 89 93 98 105 111 112 113 114 120 121 125 128 138 144 146 155 159 164 166 175 177 181 194 199 200 203 205 206 209 210 211 212 213 242 248 252 256 257 258 292 293 300 303 313 323 324 328 334 349 353 358 369 374 377 378 380 381 383 386 390 392 393 395 396 400 406 407 408 409 410 411 421 424 425 435 441 455 458 469 470 472 479 483 492 500 509 510 513 517 520 529 530 534 540 553 559 560 561 570 575 586 588 593 594 602 603 604 607 609 610 611 613 614 615 616 620 621 622 623 625 626 634 635 636 638 645 646 648 649 656 658 662 663 665 670 671 688 706 710 712 714 715 717 731 744 745 751 753 758 762 772 778 790 796 797 800 801 802 803 804 806 807 812 818 819 825 829 830 832 834 835 837 838 839 840 841,False,1615,spa,Ia [-IIIa] parte de los Veynte y vn libros rituales y monarchia yndiana : con el origen y guerras de los yndios occident,spa,cauabazia chalchiauitlo claca consrontaua dauanle dezianleztoma hiiaabre lauandolelas osrecialo quelimpia recebid repitiendolo tiala uezla
79,historicarelacio00oval_0,10,639,161,9 10 13 14 18 23 24 30 35 40 46 48 51 54 62 63 64 66 69 71 72 73 77 79 84 87 89 91 93 95 108 109 110 111 114 128 130 131 132 151 156 167 170 171 173 175 190 191 192 194 196 209 210 216 218 222 234 240 241 253 259 271 275 301 302 305 306 309 312 314 317 318 325 326 328 330 344 347 355 356 365 366 375 382 383 385 389 404 417 444 457 462 465 475 477 484 496 499 501 504 507 517 518 525 535 542 545 550 551 552 558 560 571 576 580 584 585 598 600 602 615 622 623 627 628 629 630 632 633 635 638 639 643 644 646 647 648 650 652 653 654 657 658 661 662 666 673 674 678 681 682 690 692 694 702 705 707 716 728 734 736,False,1646,"spa,lat","Historica relacion del reyno de Chile, y de las missiones, y ministerios que exercita en el la Compañia de Iesus. A Nues",spa,blarnos conreara coronelde culcuram hcnnano metidaenllamas mirome niisipa ptizaron qualro quedosuimus torreuas
80,relationdecequis00leme_1,10,91,33,0 16 18 19 23 24 25 26 29 32 34 36 37 42 43 47 63 64 66 67 68 70 73 75 77 91 92 93 101 105 115 132 133,False,1671,fre,Relation de ce qui s'est passé de plus remarquable aux missions des peres de la Compagnie de Iesus. En la Nouvelle Franc,fre,dauerson empelte estoientmorts ihsimidez laislorent larecomman lentretenoit pensoisacelle pinspirois resperois soismesme sremini tsonnontouen
81,lavielesavanture01tyss,10,95,45,7 8 9 14 20 36 37 40 46 51 52 54 57 61 65 67 70 72 76 80 81 86 87 89 91 92 93 94 95 99 100 101 112 117 120 125 126 127 139 140 141 147 154 159 165,False,1720,fre,"La vie, les avantures, & le voyage de Groenland du révérend Père Cordelier Pierre de Mesange. : Avec une relation bien c",fre,auaait briliaate eeeerse eimmb emerem eoimi esaroucha hoiinete iaiei ittqtoit mepouuanta netdem rciotbiieea sarresier sentcient seqs suspeo
82,accountoftwovoya00joss_1,10,34,46,2 3 4 6 7 8 10 11 14 18 19 24 29 30 31 32 33 34 35 37 41 43 45 46 47 48 49 51 61 65 66 70 71 72 75 76 79 82 85 86 89 90 91 93 98 109,False,1674,eng,"An account of two voyages to New-England. : Wherein you have the setting out of a ship, with the charges; the prices of ",eng,anthonies gatherupon glassuuort herbaparis hthere laidupon marithgrounds outmouue reain scuruieleaues suckleaues suueetning uuaterlillis
83,newenglandsrarit00joss_1,10,16,11,1 9 15 16 17 19 23 30 31 32 33,False,1672,eng,"New-Englands rarities discovered: : in birds, beasts, fishes, serpents, and plants of that country. Together with the ph",eng,ampana asternoan brused goldss hortness iarrouu leasureli rauensclap rooti salomonsseal serapd strein uuoodbine
84,vocabularioenlen00juan,10,104,154,13 19 26 32 39 46 48 49 51 53 54 58 73 76 79 81 84 86 89 97 100 102 104 106 107 109 111 112 114 115 118 123 124 141 144 145 147 148 151 153 154 157 159 160 161 165 166 167 168 169 175 179 202 206 207 210 214 215 224 227 233 238 253 255 270 271 273 281 296 297 311 313 315 321 323 325 328 337 340 341 345 368 383 384 385 387 390 396 398 410 417 418 419 421 428 431 432 435 439 445 446 448 449 455 459 460 461 462 466 470 471 472 479 482 486 487 492 493 495 497 518 526 540 543 560 561 563 573 575 588 591 596 607 611 615 616 617 620 623 625 627 628 629 631 632 636 648 650 651 657 663 664 665 666,False,1578,"spa,zap","Vocabulario en lengua çapoteca,",spa,assupeniteiole bestk calleiera callete etqne peiatoxenaa penigonnazezaa quiiclia quiquiniiani senttr tieaa tkaacopii tkaaxillaaia
85,premierliuredess00bouc,10,185,138,4 9 12 16 22 25 26 27 30 31 33 35 40 43 44 45 48 51 52 53 54 57 59 63 67 72 74 75 76 77 78 80 84 86 90 92 93 95 104 105 113 117 119 122 124 125 126 127 133 135 141 142 143 144 146 148 149 150 151 155 156 157 158 159 160 161 162 163 164 167 168 170 171 172 174 178 179 180 185 186 188 189 190 193 194 195 196 200 205 206 208 209 211 212 213 214 215 217 218 220 222 224 225 226 227 229 231 233 236 238 242 243 244 246 251 252 253 257 266 269 271 274 279 281 288 291 296 297 298 300 301 302 303 305 309 311 312 314,False,1608,fre,Premier liure des serees,fre,accoustinn aspelu deuestir estatit icaaxi idaiuha mitron monsereri mordra saqs seigr seraassis
86,nouveauvoyageaut01pag,10,102,2,101 102,False,1797,fre,"Nouveau voyage autour du monde, en Asie, en Amérique et en Afrique, en 1788, 1789 et 1790; : précédé d'un voyage en Ital",dut,annohcer dillosires geiieral gentikshommes heredation menzikos pouioi sinstru surnomriie tindignite
87,relaamdoqueaco00fons,10,1,2,1 2,False,1753,por,"Relaçam do que aconteceo aos demarcadores portuguezes, e castelhanos, no certam das terras da collonia; : opoziçam que o",por,asiiirencia belicozas caiiella castelhana contendao coroneis diuizao dopre elecer estib ieiscen inuazoens ocaziao seruislem sralda
88,voyagesetdescouu00cham_0,10,10,28,1 5 7 10 15 18 22 23 26 27 30 32 35 36 37 38 39 42 44 49 51 52 53 56 59 69 72 74,False,1627,fre,"Voyages et descouuertures faites en la Nouuelle France, depuis l'année 1615. iusques à la fin de l'année 1618.",fre,deiiisiauec deseiperer deseouuertures deupis esteiieulte eultc idillee ieulcment intmpins prairicsi retardai rolution
89,keyintolanguageo02will,10,3,21,0 1 2 3 10 14 21 24 28 30 33 35 38 40 43 51 59 64 66 72 74,True,,,,eng,aibrook exsrei iendmg ilenourses laogasge oichxm pmar qtinnibticut rreqmih tbac ttieir uslng xnduukd
90,histoiredumassac00jesu,10,5,45,3 5 6 7 10 13 16 20 21 22 27 30 31 34 39 40 50 51 54 55 60 61 62 65 67 68 71 72 76 78 81 82 84 86 88 89 90 93 94 95 98 99 100 101 103,False,1620,fre,"Histoire du massacre de plusieurs religieux de S. Dominique, de S. Francois, et de la compagnie de Iesus, et d'autres ch",fre,blesians demantelerent depeseherent entamerent guatimapec iettter lcstoniach lecrucisix pelloussa selsoit sesioient tncrent
91,nouvellerelation03laba,10,18,22,18 25 28 43 44 45 83 94 105 109 115 118 123 138 139 140 144 153 158 159 160 161,False,1728,fre,Nouvelle relation de l'Afrique occidentale: : contenant une description exacte du Senegal & des païs situés entre le C,fre,aeheat checomme delsucre diainetre elletest lametungout laquantite lignesdans mesuure potices
92,recueildesvoyage00renn_17,10,176,60,0 11 15 16 18 22 23 24 44 51 52 55 58 59 61 62 66 68 72 73 78 83 85 90 91 96 97 105 106 110 111 113 115 116 126 127 128 131 133 137 139 143 144 150 156 157 158 160 167 168 170 175 176 178 183 192 199 200 206 209,False,1725,fre,"Recueil des voyages qui ont servi a l'etablissement et aux progrez de la Compagnie des Indes Orientales, : formée dans l",fre,aiborames boiichure broots chinchieu cinchieu dcmpecher eiertsz eutdes maurke otstre pouiler
93,richardiblomeeng00rbap,10,127,13,4 75 96 118 121 127 136 145 157 175 180 181 195,False,1697,"ger,eng,fre","Richardi Blome Englisches America, : oder Kurtze doch deutliche Beschreibung aller derer jenigen Länder und Inseln so de",dut,abknusst backeint beitehet beueits dddieses getueide nichtsi regirun schattich tuelches
94,relationdecequis00lall_2,10,40,48,4 5 10 11 12 14 17 18 21 23 26 29 35 39 40 42 43 47 51 52 57 59 61 62 63 64 66 68 72 89 90 91 95 96 97 98 106 109 111 115 116 118 120 121 123 127 129 130,False,1647,fre,"Relation de ce qui s'est passé de plus remarquable és missions des peres de la Compagnie de Iesus, en la Nouuelle France",fre,aueedegrads dallumette epouucntables helasi labismede laimertoutde monstrantau plaisiren saislean seconseslc sespechez sestqndre uoilatous
95,histoirenaturell00acos,10,263,79,0 6 9 15 16 17 18 33 41 53 54 55 59 60 62 64 66 69 72 74 78 80 92 94 99 100 105 113 114 115 117 118 122 125 129 131 139 142 146 149 170 173 185 188 193 196 200 223 240 245 252 256 259 263 267 276 282 284 289 292 295 307 310 311 320 326 340 346 350 352 353 384 390 398 402 403 405 429 446,False,1617,frm,"Histoire naturelle et morale des Indes, tant Orientales, qu'Occidentales. : où il est traicté des choses remarquables du",fre,antost cetemonies couttme dtesentirr ndextre quilauo turquoim uitzihpuztli unioiau œbre
96,shortebriefenarr00cart,10,62,1,62,True,1580,"eng,fre",A shorte and briefe narration of the two nauigations and discoueries to the northweast partes called Newe Fraunce:,eng,abenca addagrim adogne agaio agnida aigneg aiisa alinahbe buazahea cohoa
97,relationhistoriq03cava,10,70,26,30 48 53 54 59 60 70 72 76 85 98 103 111 118 127 132 138 142 144 145 159 161 192 195 200 202,False,1732,"fre,por","Relation historique de l'Ethiopie occidentale: : contenant la description des royaumes de Congo, Angolle, & Matamba, tra",fre,baptisant bieninstruire citechumene congois courner cxprimoient esprr irepandre mmalirez mquils
98,relationdecequis00leje_7,10,66,33,8 12 13 16 20 21 29 31 32 33 35 37 44 45 46 47 50 51 56 62 66 67 69 72 74 80 83 96 107 108 143 148 153,False,1640,fre,Relation de ce qui s'est passé en la Nouuelle France en l'année 1639. Enuoyée au r. pere prouincial de la Compagnie de I,fre,catarrhes cesaccidens henedietion hnuiron imaladiesort laiiguissantei leuisitoient minaristes purachepter soussix
99,levoyagecurieuxf00unkn,10,25,30,2 4 5 6 7 9 10 11 13 15 17 19 21 24 25 27 30 31 34 37 38 41 43 44 47 55 59 61 62 67,False,1641,fre,"Le voyage curieux, faict autour du monde, par François Drach, admiral d'Angleterre",fre,abondaee cscot dccelui ensansap gouuernce ilslccouurencl inatieses islcnc klaua puisil siasscoient
100,lavrayeetentiere00lapo,10,418,71,49 52 57 62 72 76 78 79 108 113 118 133 140 169 172 177 178 198 211 218 219 220 227 234 240 242 255 261 266 278 284 294 298 320 373 374 384 394 418 428 441 442 457 460 489 494 496 513 517 526 527 530 540 547 556 589 593 599 600 610 611 612 624 641 693 698 702 709 713 716 722,False,1572,fre,"La vraye et entiere histoire des troubles et choses memorables, avenues tant en France qu'en Flandres, et pays circonuoi",fre,attendoiton auantparde chateleraud desplacer enlieuu harquebuziers passlaon reussentiamais sutaui teligni
101,voyagesenafrique00mocq_0,10,109,81,0 4 8 10 14 23 24 27 29 30 36 38 39 40 42 46 49 52 53 55 56 57 58 59 62 63 65 66 68 69 70 73 74 77 78 81 84 85 86 88 89 90 91 93 95 96 97 100 103 105 106 109 113 115 116 118 119 120 121 122 124 125 126 134 139 143 144 152 154 155 156 158 159 161 163 164 168 169 176 177 185,False,1645,fre,"Voyages en Afrique, Asie, Indes orientales et occidentales.",fre,braiant coupoiton gnoistans iiandois nesaisantque partiedes premiercoup repotisla roientrleurs sauuans siretplus
102,cartasdopantonio01viei,10,28,71,1 4 5 8 11 12 14 15 19 20 21 24 28 29 32 36 37 38 39 42 49 52 61 64 65 79 80 84 89 92 93 98 100 102 103 104 105 110 115 117 120 122 123 125 128 130 134 135 136 138 145 146 148 151 152 153 154 156 161 164 165 166 168 169 171 174 176 180 182 183 185,False,1735,por,Cartas do P. Antonio Vieyra da Companhia de Jesu : tomo primeiro[-segundo]. .,por,aquellahora ateou cazamento cazoucomhum dealemteio demantua entretenimento leuoua recolheile sumaca udade
103,nouveauvoyageaut00damp_0,10,38,24,11 12 13 20 24 26 31 32 34 37 38 39 43 68 70 94 98 113 126 179 180 190 212 224,False,1723,fre,"Nouveau voyage autour du monde. : Où l'on décrit en particulier l'Istme de l'Amerique, plusieurs côtes & isles des Indes",fre,chamhon chinchinois condan declinaiion hiorts lailseroient lauiames mhlaians mindanaians uesouris
104,researchesconcer03humb,10,50,7,16 50 51 54 63 69 140,False,1814,eng,"Researches, concerning the institutions & monuments of the ancient inhabitants of America, : with descriptions and views",eng,chibcha culiupqua guetas hicsca hisca hubchibica mhuica muihica qhupqa quihicha shuzha suhuza ubchihica
105,dessauuagesouvoy00cham,10,3,22,3 4 5 6 8 9 10 11 12 14 15 17 18 20 22 24 25 26 28 30 31 34,False,1603,fre,"Des sauuages, ou, Voyage de Samuel Champlain, de Brouage, fait en la France nouuelle, l'an mil six cens trois: .",fre,antane cedic congnoisiance congnoislance congnoissance dansladide gachese messurprins nousmismcs pourroitquc
106,artedelalenguame00moli,9,59,13,4 8 17 51 56 57 58 59 60 67 72 75 77,False,1576,"spa,nah","Arte dela lengua mexicana y castellana,",spa,bxcan chictiepamli chicuexcan chicume chicunappa despartes eeintirude ghicuetet iexpa iiichituccam iiiuntetl iisuntlamantli issnauhcaiiu iuiacuilcan lacpa maciiilte macuillamantli macuilpa macuilpantli nauhotros nauhpandn ocmaaiilli schicuppa slchicuexpa soomencin
107,recueildesvoyage00renn_13,9,55,10,1 24 51 55 86 111 190 199 205 207,False,1725,fre,"Recueil des voyages qui ont servi a l'etablissement et aux progrez de la Compagnie des Indes Orientales, : formée dans l",fre,aialle belungan gilau grouabiei grouenelle haspi maleuana mannar matecaio mtnieratarate nogombo ppeti puraion setauacca tannandar tansalier trinqua uelebe uerberin
108,histoiredugrandr00gonz_0,9,63,65,25 28 31 36 37 41 44 61 62 63 64 66 68 70 75 76 84 85 86 105 111 116 121 122 137 141 143 144 145 148 161 166 167 178 181 182 183 187 198 199 215 216 219 220 224 231 243 245 256 278 279 280 283 287 293 302 304 311 325 338 343 357 359 375 383,False,1589,frm,"Histoire du grand royaume de la Chine, situé aux Indes Orientales, : diuisée en deux parties. contenant en la premiere, ",fre,coucham csleuaun emioiaircnc meschancetcz netendant neusans nonance notiobstant pelpacc regnairct regnairent salignee sculcmet sesleu
109,histoiredelameri01bacq,9,44,37,6 7 8 15 19 21 25 28 33 34 44 53 71 72 74 79 80 81 90 96 97 99 101 105 107 118 123 126 135 136 137 140 143 144 156 162 163,False,1722,fre,"Histoire de l'Amerique Septentrionale. : Divisée en quatre tomes. Tome premier. Contenant le voyage du fort de Nelson, d",fre,galauban greerencune ikas ipiniatra isaits ishier itaques lhamshier maneu qoil quecerie rhudsonsbaie traille
110,relaamannaldas01guer,9,212,104,2 3 4 8 11 15 17 23 24 29 33 40 45 46 50 51 52 53 55 56 58 61 62 68 69 74 75 76 78 79 80 85 86 87 89 91 93 96 97 101 102 103 105 108 110 113 114 116 121 126 127 128 131 136 143 150 151 152 154 156 157 158 163 164 166 169 170 171 172 174 177 180 182 186 188 192 200 204 206 207 210 211 212 213 214 215 216 221 225 226 227 230 232 236 239 246 247 248 249 254 256 259 261 263,False,1609,por,"Relaçam annal das cousas que fezeram os padres da Companhia de Iesus nas partes da India Oriental, & em algu[m]as outras",por,alcorao ciicunstantesi dasanta dcnolsa diurnalioi eieicam hospicaesoi iholeuaiie lancandolhe muitasorcaao namconsentioo nmgucm pnpa quiscite
111,histoirenaturell00acos_0,9,8,98,0 1 5 6 8 9 15 16 17 19 29 31 32 34 36 39 41 44 46 48 55 56 69 70 72 74 75 94 99 103 106 107 108 113 115 116 117 120 122 124 125 132 133 138 144 148 149 151 166 184 185 188 191 217 231 234 248 252 253 262 263 265 268 269 272 275 278 282 284 285 287 292 294 306 322 333 345 350 367 374 375 376 377 379 385 394 395 397 399 401 404 407 409 415 419 425 427 449,False,1598,frm,"Histoire naturelle et moralle des Indes, tant Orientalles qu'Occidentalles. Où il est traicté des choses remarquables du",fre,aretiquenu aucorpste audeiroubs congneue embraiant hommepuisqu illapeutmesii itondeur ligiicicsir parsaid parsaielement rudeuoions soienteslre subieeee
112,collectionabrged01unkn,9,192,13,4 70 73 85 92 110 131 142 150 182 192 253 257,False,1808,fre,Collection abrégée des voyages anciens et modernes autour du monde; : avec des extraits des autres voyageurs les plus cé,fre,carolinesud dalatamaha demimaree iparcourl lalata logeechee quaraute sapide sitilla tibee tugulo turlie
113,nouvellerelation05laba,9,92,26,2 6 18 21 40 41 48 49 51 52 54 55 60 61 63 66 77 78 92 98 100 144 145 161 162 163,False,1728,fre,Nouvelle relation de l'Afrique occidentale: : contenant une description exacte du Senegal & des païs situés entre le C,fre,baitions bisaux bislaux licurenant paroisiale paslantpar recoiets restece saintiague saisenc sidalgues tapade
114,postofworldvvher00vers,9,5,4,3 5 34 37,False,1576,eng,The post of the world. : VVherin is contayned the antiquities and originall of the most famous cities in Europe. With th,eng,acconipt beauenli betblem contaiinne isiri mppie onitic preseruinge suuorshippes ueader uerteous uuiloernesse
115,eyghentlijckebes00orde,9,4,19,2 4 5 7 9 11 12 13 14 15 17 18 20 21 24 27 29 30 33,False,1621,dut,Eyghentlijcke beschryvinghe van West-Indien : hoe die landen en provintien gehleghen zijn ...,dut,aertl geeindicht geuuoꝛpe gheltse ginghe hildom krachtich leguen maerschalck maracoibo reloꝛt rotle spaenlch uꝛuchtem
116,voyagedefranoisp00pyra,9,442,111,17 18 21 23 44 59 63 68 69 70 84 85 86 89 91 94 102 128 132 133 139 156 162 165 170 174 175 183 191 198 204 216 217 220 222 224 227 230 232 242 245 252 257 259 270 275 289 296 297 298 299 307 313 326 329 330 334 335 338 341 342 352 358 360 367 374 375 376 380 382 384 388 390 399 401 402 404 406 411 429 431 432 434 435 439 441 442 443 446 447 450 452 455 456 462 463 464 465 467 470 480 481 485 490 492 500 505 521 531 533 557,False,1619,fre,"Voyage de François Pyrard, de Laual. : Contenant sa navigation aux Indes orientales, Maldiues, Moluques, Bresil: les diu",fre,abondancerle acochin ambaue consciepce costeest endroitts lerelte napelle persiqne salubreit saportede surrate ueuler
117,cartasdopantonio00viei,9,108,61,0 2 4 5 8 13 28 29 35 43 46 49 50 51 55 57 62 63 64 66 67 71 76 77 83 85 96 97 98 102 106 108 110 117 118 120 123 128 129 130 133 134 136 137 139 140 142 143 144 145 146 147 151 153 154 155 156 160 166 168 177,False,1735,por,Cartas do P. Antonio Vieyra da Companhia de Jesu : tomo primeiro[-segundo]. .,por,amarella delonge eescuro estimei isehcidades knais melgaco mitou neuoas omoinstnim primento seescreue thomariilas
118,voyagesenafrique00mocq,9,164,58,0 4 5 8 10 13 17 18 24 27 29 33 49 52 54 55 59 60 62 68 70 71 72 74 76 78 79 82 85 88 91 93 94 96 106 107 110 113 114 117 120 121 126 133 134 146 147 154 156 159 163 164 168 170 175 176 177 190,False,1665,fre,"Voyages en Afrique, Asie, Indes orientales et occidentales.",fre,auecceste bagner baissans hauslans hilala ierusalenmdou lameni lestendent oliuet secouans
119,voyagesdefranois01core,9,176,40,7 12 14 33 34 36 38 41 45 50 51 62 79 83 87 97 107 116 120 121 125 128 129 147 151 157 158 162 168 171 174 175 176 177 178 179 185 188 190 192,False,1722,fre,"Voyages de François Coreal aux Indes Occidentales, : contenant ce qu'il y a vû de plus remarquable pendant son séjour de",fre,aiair deugit enluire hlsaine sicarocha srereaiiie srotoit sseroitans succcllion tiiicac tohdns
120,historiadelaconq00vill,9,190,49,21 33 97 118 150 154 162 167 176 178 180 190 205 220 233 240 249 261 263 274 280 284 295 312 314 318 340 342 347 348 351 369 372 376 377 418 419 430 442 466 493 523 549 563 566 591 592 598 610,False,1701,spa,"Historia de la conquista de la provincia de el Itza, : reduccion, y progressos de la de el Lacandon, y otras naciones de",spa,adeniageros baxads cahabon cobulco dexalos doatrine euebe loscholes meniageros menla mrerto seismachetazos tonges
121,voyagesetavantur00tyss_0,9,37,30,1 24 30 32 36 37 38 47 51 52 66 67 72 89 105 106 124 125 132 150 153 161 168 171 180 188 189 191 210 215,False,1734,fre,Voyages et avantures de Jaques Massé,fre,eciipsee millibns naiiteiix oposirion ouclie ptoiomee quacent reunilient soixanteiix uilient uuendelius
122,histoirenaturell00acos_1,9,344,118,5 16 25 29 44 46 47 56 57 58 66 68 69 70 72 74 75 80 81 85 86 92 97 99 103 105 109 114 115 117 120 123 124 125 128 129 133 136 138 143 144 161 167 170 171 173 181 182 186 187 188 189 193 195 199 202 218 220 221 237 239 242 245 250 251 256 259 262 264 268 270 274 277 284 289 290 292 293 302 305 306 309 310 312 315 320 321 324 334 335 338 340 343 344 349 351 356 365 372 375 377 382 383 390 394 395 400 401 407 413 414 415 416 422 428 444 448 449,False,1600,frm,"Histoire naturelle et moralle des Indes, tant Orientalles qu'Occidentalles : où, il est traicté des choses remarquables ",fre,cinqliciies demerisrais donnoicntils dupoillon lcstoitpoint lecpoux scditions serusce soientpasen uncoitoia uoiiloitauoir
123,gulielmipisonism00piso,9,381,9,332 336 337 367 368 381 382 624 625,False,1658,lat,"Gulielmi Pisonis medici Amstelædamensis De Indiæ utriusque re naturali et medica libri quatuordecim, quorum contenta pag",lat,ahquemi challua dictionum lamoerii lloni lonco lonquen maenii ouicha uocabularium ztan
124,compendionarrati01pere,9,291,93,0 1 7 9 11 15 18 23 28 32 40 41 47 52 53 56 61 62 63 69 71 77 80 86 88 89 93 94 99 106 108 117 122 124 131 133 137 138 140 141 145 148 150 152 157 167 172 176 177 178 181 182 183 185 186 187 188 192 193 195 196 198 207 209 210 211 214 215 219 222 229 231 232 238 241 244 259 260 261 263 265 267 273 274 278 280 281 284 289 291 297 308 309,False,1760,por,"Compendio narrativo do peregrino da America, : em que se tratam varios discursos espirituaes, e moraes, com muitas adver",por,cegandonos depenitencia escurecido escuridade ilrandose minguante mtauita piedosissinia semanaianta tocailem tremia trouoens
125,novusorbishocest00unse,9,91,23,16 22 50 61 72 77 79 91 92 126 128 152 186 188 223 234 249 253 256 259 263 278 292,False,1623,lat,"Novus orbis. Hoc est, Navigationes illustriores, admirandæ et celebriores, fortissimorum heroum, Christophori Columbi. V",lat,attulerimt cierimoniis eorumtempla iapillis inargumetum liaritatem octroa piili praducentos procellosos sialienigen smaiagdi temfs trusatiles uigintiau uioiari uiridrbus
126,historiadelascos00alva,9,96,86,1 7 8 9 16 23 25 29 30 32 34 35 38 39 40 42 50 51 52 53 54 55 57 58 60 62 63 64 65 66 67 69 70 71 72 73 75 76 78 83 84 86 88 90 91 93 94 95 96 98 99 100 101 105 113 119 123 124 126 127 133 136 138 145 146 148 150 152 164 166 168 170 171 175 180 181 182 183 185 190 191 194 196 201 204 205,False,1557,spa,"Historia de las cosas de Etiopia, : en la qual se cuenta muy copiosamente, el estado y pote[n]cia del emperador della, (",spa,allegamos alsaz anechetai aserradonos badabaxa gamaa lriarca monelterio nibarranco suemos unicampo
127,relationdecequis00unse_17,9,42,23,0 5 7 10 12 14 15 17 18 21 22 23 28 29 30 34 36 37 40 42 44 46 48,False,1659,fre,"Relation de ce qui s'est passé de plus remarquable aux missions des pp. de la Compagnie de Iesus en la Nouuelle France, ",fre,consusc contencer cspars enrichislenc malseante meresur netchaud peucc ramaslane saisleau treuuoit urandemeseance
128,recueildobservat01lamb,9,12,8,12 70 91 109 110 123 124 157,False,1749,fre,"Recueil d'observations curieuses, : sur les moeurs, les coutumes, les usages, les différentes langues, le gouvernement, ",fre,aticherapali cumema euidentique louslrit rahmr ressulcita sarasuaai tuuisirr uiclmou uusersduisenta
129,ontdekkingvanwes20acos,9,165,44,6 9 13 24 35 41 52 73 89 95 96 97 114 122 126 132 143 160 162 163 164 165 166 180 181 185 211 219 220 223 264 270 278 281 289 290 296 304 306 310 311 312 313 315,False,1706,dut,"Ontdekking van West-Indien, vlijtig ondersogt, en naauw-keurig aangeteekend, door Joseph d'Acosta, Soc. Jesu. op sijn re",dut,apacone doodhik doortogt enseld geezen geuuaagd neemd panaze paracmna sigers tugeezen uuauie
130,naturallmoralhis00acos,9,13,8,2 3 6 7 8 10 12 13,False,1604,eng,"The naturall and moral historie of the East and West Indies. : intreating of the remarkeable things of heaven, of the el",eng,eutrie goldeiialse gouerncment iacinth litcor osuuooll sitsor slesiiis suuiramc tnaalli uerberation uuoondersull
131,relaadodesti00lisb,9,2,2,0 2,False,1753,por,"Relaçaõ do destino, que aconteceu ao navio N. Senhora do Bom Conselho, S. Anna, e Almas. : Que sahindo deste porto de Li",por,apparcceu berbiria companhada conseiencias deimerecenao esmollas iepultan maitros misor mizericordioza predicaz santel tnbuir
132,nouveauvoyageaut00damp_2,9,174,18,4 10 14 51 82 84 92 121 146 147 162 174 188 190 194 208 221 236,False,1723,fre,"Nouveau voyage autour du monde. : Où l'on décrit en particulier l'Istme de l'Amerique, plusieurs côtes & isles des Indes",fre,caupab caupah cbaiinah cofah copah doolah ectah eoccbab itieenah naunab poonab reopah tauchah teonah
133,laconversiondess00lesc,9,18,7,2 3 4 11 14 16 18,False,1610,fre,"La conversion des sauvages qui ont esté baptizés en la Nouvelle France, cette annee 1610. : avec vn bref recit du voyage",fre,deplusdc doutaque embertou ilzne irincourt membcrtou saincx sieurdcpou suiront toutensemblo tranlper
134,descripcionexact00cisn,9,8,15,4 5 6 7 8 10 11 12 13 14 21 24 25 30 32,False,1764,spa,"Descripcion exacta de la provincia de Benezuela,",spa,calceta comeen elcapan esiniipida eultosos lizaue madrigeras orega pececillos siechdn undidos
135,descripcionbreve00rive_0,9,29,5,10 27 28 29 51,False,1732,spa,"Descripcion breve de la muy noble, y leal ciudad de Zacatecas. : Su situacion, que la engrandece; signos, que la señore",spa,estancos exornanla mineria miueros noueciertios sexro sirgento tendeiones tmillones trecientes
136,elmaranonyamazon00rodr,9,140,80,23 31 36 37 38 45 82 84 86 89 90 91 97 104 113 115 128 131 132 140 146 154 155 158 159 160 163 165 166 169 185 186 190 201 204 209 210 211 219 236 239 252 259 260 262 269 273 298 302 306 307 308 309 310 312 325 345 347 349 350 351 352 355 362 363 365 377 379 385 387 388 395 399 400 410 437 472 477 485 534,False,1684,spa,"El Marañon, y Amazonas. : Historia de los descubrimientos, entradas, y reduccion de naciones. Trabajos malogrados de al",spa,ashil atrauig canoaside dicsira ellascomo esbas guedaen nectanos noierran sixada sixando slechaen umibrales uuercio
137,historyofcaribby00roch,9,378,7,372 373 374 375 377 378 379,True,,,,eng,akou huehueakou ioulh mesquito raaouaiamaka smalls stgnisie thisilei tiouma tonoulou tougouti
138,relationdecequis00vimo_1,9,9,28,4 6 9 12 16 20 22 23 24 27 29 31 32 34 36 37 38 40 41 42 44 48 53 60 74 75 77 81,False,1646,fre,"Relation de ce qui s'est passé en la Nouuelle France, és années 1644. & 1645. Enuoyee au r. pere prouincial de la Compag",fre,auoiicrqug bronche chaslseur contronsnous lescoutoir rsestpointla saccusoit seproduit ueriot
139,teatromexicanode02veta,9,289,74,54 67 71 104 124 125 126 128 133 137 138 140 149 153 154 155 159 161 171 182 183 201 209 210 213 214 216 246 251 257 258 262 263 266 267 280 286 289 293 311 313 327 340 350 372 373 374 375 380 383 395 403 404 407 410 419 430 432 477 478 484 488 502 503 505 506 507 524 539 548 549 550 555 560,False,1697,spa,"Teatro mexicano : descripcion breve de los sucessos exemplares, historicos, politicos, militares, y religiosos del nuevo",spa,deiala denauidad esperab mesdediciem nubesita poruuestra quisasno ralasoxasii sisura uenenosasque xoel
140,relationhistoriq04cava,9,11,60,11 16 19 22 27 29 30 32 38 39 43 47 48 50 51 52 57 69 70 81 83 84 87 92 94 100 103 104 105 115 120 129 142 145 150 151 154 159 160 161 167 169 170 171 178 182 183 185 187 195 199 200 203 205 206 207 211 215 216 217,False,1732,"fre,por","Relation historique de l'Ethiopie occidentale: : contenant la description des royaumes de Congo, Angolle, & Matamba, tra",fre,benisloit caucamba ecruaute ghanguella monteca omitida presagerent secux signana surentenuoies
141,nouvellerelation04laba,9,20,27,9 11 16 20 21 23 33 37 38 49 68 69 72 73 75 77 87 88 99 100 101 104 111 112 114 123 139,False,1728,fre,Nouvelle relation de l'Afrique occidentale: : contenant une description exacte du Senegal & des païs situés entre le C,fre,laueures leniger linine perscie sambanon sambanoura scgalla souilleroit sourqua sourquee
142,troisiemeliurede00bouc,9,51,79,1 9 12 16 18 19 23 25 27 31 32 33 38 40 41 42 43 45 48 50 51 52 54 55 57 58 65 68 70 75 77 78 81 82 85 92 93 95 105 106 107 111 120 121 123 126 127 131 132 133 134 135 136 137 139 140 141 145 147 149 153 159 162 163 166 168 170 171 173 174 177 180 181 182 183 186 191 193 209,False,1608,fre,Troisieme liure des serees,dut,arracheur arreau arriuaqtiecest despestisere liiospi plaindront polican sanite seulager traiant
143,korteenklarebesc00blef,9,9,12,0 1 2 3 5 7 8 9 10 11 15 21,False,1692,dut,"Korte en klare beschryvingh van Yslandt en Groenlandt. : Daer in naecktelijck d'ontdeckingh van Yslandt en Groenlandt, d",dut,ackermiise aengesicht danekte hetteecken huisghesin iuaerde kriighen ontdeckingh schutter ttestigh uchtens uilschen uuastchen uuiligheidt
144,lesvoyagesdusieu00cham,9,35,48,1 3 9 12 13 16 19 20 21 25 26 33 34 35 37 38 43 50 62 72 81 85 88 92 94 97 100 105 111 113 119 123 124 125 129 130 131 133 135 136 139 140 144 146 154 157 181 187,False,1613,fre,"Les voyages du sieur de Champlain Xaintongeois, capitaine ordinaire pour le roy, en la marine. : diuisez en deux liures.",fre,alamboucheure entrede iliaquelques laissepasdi marchim quelessauuages quinibe reuindret sasinou
145,nouvellehistoire02dema,9,74,4,19 32 39 74,False,1767,fre,"Nouvelle histoire de l'Afrique françoise, : enrichie de cartes & d'observations astronomiques & géographiques, de rema",fre,atilpu coimment euete meramorfoser ontopere ordinait ouroux perpetuce toissent xcesiue
146,insignesmissione00xarq,9,387,53,18 22 30 33 46 55 61 75 77 93 94 96 109 115 117 129 132 135 138 145 148 157 163 175 176 177 178 181 186 201 205 242 255 261 265 281 307 318 326 329 335 338 339 356 360 362 370 379 381 387 388 391 395,False,1687,spa,Insignes missioneros de la Compañia de Jesus en la Provincia del Paraguay. : Estado presente de sus missiones en Tucuma,spa,asozo drosigue golsarnos hizelos huuimos llanocal nubessinnundan parciolides tinuaslas
147,lesmusesdelanouv00lesc_0,9,29,10,2 4 10 14 24 25 26 29 30 32,False,1612,fre,Les Muses de la Nouvelle France,fre,asiisie combattez deseendrea donemort iurplm kichkou neguiroct preisi siupits smuie tousage
148,novusorbisidestn00augu,9,74,22,8 13 21 38 43 50 61 65 70 74 76 83 84 85 105 128 159 223 227 228 248 288,False,1616,lat,"Novus orbis. id est, Navigationes primæ in Americam : quibus adjunximus Gasparis Varrerii discursum super Ophyra regione",lat,bcllat citct dcsiliuntin hbmirium incuiusri operaril proxin qliinque tirxs uenatidni uistoni
149,histoiresdesinde00maff,9,127,131,7 14 42 51 59 63 65 67 85 88 90 92 93 95 96 101 108 111 112 126 127 141 142 154 160 163 178 179 184 186 187 191 200 203 214 227 229 232 233 238 243 255 260 267 268 278 293 308 316 322 325 327 329 332 333 334 336 337 341 344 351 356 358 360 367 369 370 374 377 382 384 390 391 392 395 399 405 416 421 422 424 426 427 435 437 440 447 448 451 466 467 470 474 485 486 487 496 497 500 505 511 517 527 528 531 534 538 541 543 545 550 556 558 559 561 566 570 571 578 579 581 584 590 594 596 599 600 601 610 621 622,False,1604,fre,"Histoires des Indes,",fre,artisaits calsespar cdntrecours elleues gnoilsoit iaportoit madrasaxao maimamo mamudii sueze tegipte
150,nouveauvoyageaut00damp,9,207,27,7 25 33 35 50 57 85 91 111 139 155 168 170 176 183 185 187 189 191 193 198 207 208 210 211 224 225,False,1723,fre,"Nouveau voyage autour du monde. : Où l'on décrit en particulier l'Istme de l'Amerique, plusieurs côtes & isles des Indes",fre,croisions dnui ibateaux qurseruira santaiiins secherelie setnandoi suixante touunlci
151,cartasedificante16jesu,9,26,13,20 22 23 24 25 26 33 49 50 51 52 58 60,False,1753,spa,"Cartas edificantes, y curiosas, : escritas de las missiones estrangeras, por algunos missioneros de la Compañia de Jesus",spa,bandal boholanos capitancon echahan ghriilianos holanos ilazuera laragan miiiamis sacaianes traspaiiado
152,histoiredelanouu00lesc_0,9,6,9,1 2 5 6 14 26 27 28 31,False,1618,fre,"Histoire de la Nouuelle France : contenat les navigations, dećouvertes, & habitations faites par les François és Indes O",fre,cpec depoutrincourt hanner heuretix iiassitot imsloix iohzuuoute leplaislr neuises riuaee siatuts sluiaplm
153,relationdecequis00leje_4,9,32,20,5 8 11 12 16 18 20 24 32 35 47 65 66 68 73 74 79 84 86 88,False,1638,fre,Relation de ce qui s'est passé en la Nouuelle France en l'année 1638. Enuoyée au r. pere prouincial de la Compagnie de I,fre,dellssi desleuer eilousserot gaulsenes hrenetiqueau iedentaires kebecdi lecatechisme sacileasaire souuroiec
154,voyagedanslespro01sain_0,9,263,2,140 263,False,1830,fre,Voyage dans les provinces de Rio de Janeiro et de Minas Geraes;,fre,atchin ennhe ennhiotd etpim iataco iopndn manaiamcd niopsa pihim
155,relationdecequis00leje_11,9,39,18,0 2 5 9 17 22 23 24 32 34 36 37 38 39 42 48 56 58,False,1662,fre,"Relation de ce qui s'est passé de plus remarquable aux missions des peres de la Compagnie de Iesus, en la Nouuelle Franc",fre,couronnant derile englo ilsechape neantmoius outir sciulles shoient soirolent sorcits
156,iaiiiapartedelos03torq,9,509,115,39 55 80 86 89 103 107 115 127 129 137 138 139 140 141 142 143 153 160 162 168 182 189 192 208 210 229 236 248 250 259 268 292 294 297 310 312 313 315 319 334 340 345 359 367 368 371 373 422 466 471 473 479 492 498 506 509 511 513 524 526 532 537 550 555 564 587 590 591 592 594 597 598 602 612 620 623 628 649 671 679 714 723 726 731 732 735 743 745 749 760 762 764 785 786 801 809 810 842 843 858 861 866 869 871 874 876 894 895 896 905 910 912 915 933,False,1615,spa,Ia [-IIIa] parte de los Veynte y vn libros rituales y monarchia yndiana : con el origen y guerras de los yndios occident,spa,brerete ciesien concepcio eltuo leeto macttro minisltro piaztla sieted
157,historicalaccoun03unse_0,9,202,1,202,False,1773,"eng,fre","An Historical account of all the voyages round the world, performed by English navigators; : including those lately unde",eng,aheine aheuuh ateraboo eahoo eneeho eoboo eraouuroo heneaho heoo heromai hitoo tahal uuhahine
158,voyagedemarseill00unkn,9,207,20,4 5 6 27 31 34 67 78 101 104 128 157 175 189 201 207 212 224 231 236,False,1720,fre,"Voyage de Marseille a Lima, et dans les autres lieux des Indes Occidentales. : Avec une exacte description de ce qu'il y",por,bresilest butent eniuire gourdislement paragouai porraslent quanrire reinettes ualentils
159,lecommentaireroy00vega,9,158,37,13 15 17 32 37 59 64 76 78 102 109 116 138 141 156 158 162 166 170 186 194 201 208 209 213 234 236 237 248 253 273 282 286 287 288 304 374,False,1633,fre,"Le commentaire royal, ov L'histoire des Yncas, roys dv Perv; contenant leur origine, depuis le premier Ynca Manco Capac,",fre,causequeles comctes commeilsera commelekuer ialune laccoustu pcnlbientestre sarcen sobscurciiroit uenoientdu
160,discoursetcongra00clau,9,7,7,1 3 4 5 7 8 10,False,1613,fre,Discours et congratulation a la France. Sur l'arriuée des peres capucins en l'Inde nouuelle de l'Americque meridionale e,fre,aussideuxde baptiseren cebonhcur chantan delaglorieuse iirees maistrouuasmes panchre quesaime slottanspar ueinsmes
161,larelacionquedio00nezc,9,13,16,13 17 34 36 38 41 42 43 47 52 57 58 60 62 64 65,False,1542,spa,La relacion que dio Aluar Nuñez Cabeça de Vaca de lo acaescido en las Indias en la armada donde yua por gouernador Pa[m],spa,aseadllena bosuie gradisiimo islilio ixpcones mocbacbo oetummosallu pescue pocoremedio posicid rasooela socasitoda
162,relationdecequis00leje_2,9,62,23,1 10 15 23 32 33 35 37 41 43 44 46 47 48 51 53 54 60 62 63 68 73 78,False,1636,fre,Relation de ce qui s'est passé en la Nouuelle France en l'année 1635. Enuoyée au r. pere prouincial de la Compagnie de I,fre,caresier chune delortc densensa iusquesauis niaisoia poursenuoler sonbaptesme tresuo uingtseptiesmc
163,navigatioacitine00lins,9,298,66,3 8 10 15 16 17 19 23 28 64 70 75 79 81 84 85 94 110 111 128 134 136 140 146 151 153 155 156 159 161 168 172 175 176 178 189 213 232 242 247 248 251 256 259 260 270 275 278 279 281 284 289 290 291 292 293 294 296 297 298 300 302 303 312 313 316,False,1599,"lat,dut",Navigatio ac itinerarium Iohannis Hugonis Linscotani in Orientalem sive Lusitanorum Indiam. : Descriptiones eiusdem terr,lat,arabantor bareiras boreapelioten comorins coulao discedet gradusad liliupi orientalior proeurrentiad superaueris tettias
164,relationdecequis00leje_6,9,37,16,2 27 28 30 34 37 40 50 56 62 73 74 106 108 140 143,False,1640,fre,Relation de ce qui s'est passé en la Nouuelle France en l'annee 1639. Enuoyée au r. pere prouincial de la Compagnie de I,fre,esscesci lasseureras lebranlast leprierai rcuoquer subsisioit toutsecours uapresentde uerirece
165,tableaudelagrand01baer,9,71,7,62 64 65 71 81 118 131,False,1799,fre,"Tableau de la Grande-Bretagne, de l'Irlande, et des possessions angloises dans les quatre parties du monde",fre,aishness aldernei coutumier darchna gueqnkshi guerne licosse origni oslioisi paturais
166,diccionarioprovi00pich,9,93,40,0 5 17 18 21 23 32 34 38 42 48 49 53 58 64 66 67 74 81 82 84 86 88 90 91 92 93 95 97 103 105 107 110 112 118 122 123 130 147 149,False,1836,spa,Diccionario provincial de voces cubanas,spa,comunisimo cuerne diriiien hipogeo holgazan maniakkiu manido manigua monteen
167,extirpaciondelai00arri,9,140,1,140,False,1621,"spa,lat,que",Extirpacion de la idolatria del Piru. : Dirigido al Rey N.S. en su Real Conseio de Indias. Por el padre Pablo Ioseph de ,spa,buitre chitcsa ehitch eipiicnadclam giuelta icarnero rnantcca rolleie sebp
168,relaamannaldas00guer,9,224,13,27 28 29 53 60 73 75 126 145 190 224 227 250,False,1605,por,"Relaçam annal das cousas que fezeram os padres da Companhia de Iesus nas partes da India Oriental, & no Brasil ... nos a",spa,annqsha atcra conueriam derrua gapm hisicisicomo iqmiitarao mbnroi partcsioutro pinapali pretendeo prezem
169,septentrionovant00megi,9,39,17,5 12 15 20 34 39 47 61 62 115 117 136 139 140 146 148 158,False,1613,ger,"Septentrio novantiquus, oder die newe Nortwelt. : Das ist: gründliche vnd warhaffte Beschreibung aller der mitternächtig",ger,demland dickzottend dlaus durchschlagen einßkopss gedenidet nabelzeinen seenant sehlingen
170,recueildesvoyage00renn_12,9,188,39,3 5 6 24 27 28 29 31 37 47 76 97 100 104 105 107 110 113 120 123 126 137 144 150 165 171 172 185 188 200 208 209 213 215 226 228 229 230 247,False,1725,fre,"Recueil des voyages qui ont servi a l'etablissement et aux progrez de la Compagnie des Indes Orientales, : formée dans l",fre,aptcs demisetiers iacqbsz oignerde oudtger qisunou setierde slocsiche uilient
171,memoriageografic00mene,9,2,11,2 3 4 6 9 11 12 13 16 18 21,False,1834,por,"Memoria geografica, e politica das possessões portuguezas n'Affrica occidental, que diz respeito aos reinos de Angola, B",por,abrangem cabinda conuiesse crauados descreuera destrictos distao golungoalto prezi ungobaixo
172,sucesosdelasisla00morg,9,142,16,24 31 33 50 98 105 113 129 132 142 171 175 185 195 197 224,False,1609,spa,Sucesos de las islas Filipinas. ...,spa,anegacion dehouscmbre estropeo luegd maueleos nornordeste ocuitidoa oscnridad uiilala
173,nauwkeurigebesch00bosm_1,8,431,25,108 143 277 360 405 416 417 418 420 421 422 423 424 427 428 429 430 431 432 433 434 435 436 437 438,False,1704,dut,"Nauwkeurige beschryving van de Guinese Goud- Tand- en Slave-kust, : nevens alle desselfs landen, koningryken, en gemeneb",dut,boutrise denkeliik eenem liesst negerschc oeguua oessers oiira olifanten plaatscn redenecring sleruen uergistigd ueruuisselen zagiens
174,beschryvingvangu02hart,8,312,14,207 220 226 309 310 311 312 313 314 315 316 317 318 321,False,1770,dut,"Beschryving van Guiana, of de wildekust, in Zuid-America, : betreffende de aardrykskunde en historie des lands, de zeede",dut,bbenbout brandichat caslart conanama diterma duuallo eertids gekko graauuumunnik oiapoko ouermeesterd tuueedenmaale uolkplanting
175,voyageauxlesdetn02ledr,8,80,15,1 29 40 52 76 77 78 79 80 84 85 86 87 90 97,False,1810,fre,"Voyage aux îles de Ténériffe, la Trinité, Saint-Thomas, Sainte-Croix et Porto Ricco, : exécuté par ordre du gouvernement",fre,ameiua asperile centimetres decimetres guaiama saxarde uenlre uesicule
176,collecadosbr00pomb,8,41,17,29 30 35 37 39 40 41 65 66 102 108 118 127 159 171 176 180,False,1759,por,"Collecçaõ dos breves pontificios, e leys regias, que faraõ expedidos, e publicadas desde o anno de 1741., sobre a liberd",spa,achauaose aisilindo cearao comminacao comprarem constou doellado dotrastado eitipularem exclusiuos milionario missuunario porcondi sallandolhes soccorreisem suieitandose
177,eencorteendewara00blef,8,20,14,1 2 4 5 7 8 10 11 12 15 17 18 19 20,False,1608,dut,"Een corte ende warachtige beschrijvinge der twee eylanden, Ijslandt ende Groen-lant.",dut,aenghesithten bepꝛ beschꝛiist besthanst bꝛitannische dꝛoege ghetale mannelien neetsche onmachte ooꝛen schꝛiist spꝛickele steenelip suleke uischbeen
178,relationhistoriq05cava,8,165,28,3 4 7 9 11 12 18 19 26 34 36 45 56 60 61 75 76 92 96 120 147 163 164 165 167 169 170 171,False,1732,"fre,por","Relation historique de l'Ethiopie occidentale: : contenant la description des royaumes de Congo, Angolle, & Matamba, tra",fre,actidens albana ambrise artiuee bimba cnsuiu guzambanbe lombai lommencemens michelange naiance ssroni uhiongo
179,voyagesetdecouve00houg,8,41,4,25 30 41 53,False,1797,fre,Voyages et découvertes dans l'intérieur de l'Afrique;,fre,benouum bucto dagadir huuadenoon iiniren lahaneis mahamed siuuera suuera teshect tesheet uuadenoon uualet uuinsemtran xemiran zeeriuuin zeerr æagadier
180,reverendipatrisf00vito,8,251,3,228 250 251,False,1557,lat,"Reverendi patris F. Francisci de Victoria, ordinis Praedicatoru[m], sacrae theologiae in Salmanticensi Academia quondam ",lat,augebitur calesacere calesiicit cosequen ifcera illuminatum intenlius intensionis luminolum minoso pasiii pasiiium pasltium pedale
181,senorpocosminist00pala,8,23,9,13 16 23 25 30 31 32 33 34,False,1650,spa,"Senor. : Pocos ministros han ido a la Nueua-España, ni buelto della mas obligados que yo al amparo de los Indios, y soli",spa,aalgan ccsucomida conmacho dadiosioa detrab dozeleguas glenciosi ialguu obedictissimos obeditcia parimonia porhazer resalta unqueen
182,voyagedelaterrea00foig,8,86,44,3 6 9 19 20 23 26 30 31 33 34 35 38 41 46 52 62 70 71 72 73 74 75 77 79 80 84 86 87 88 89 92 93 99 100 101 102 103 104 105 106 107 109 110,False,1695,fre,Voyage de la terre australe par Mr. Sadeur. : Avec ses avantures dans la découverte de ce pays jusques icy inconnu & les,fre,apstralieiis aslbmmoienct australiens deseiperez iiture sclaslcs sondins souunc srerss
183,ellazarillodecie00conc,8,195,51,0 5 6 10 16 19 20 25 26 33 34 37 41 47 51 52 62 65 67 68 73 74 75 87 89 98 99 104 110 111 113 116 126 142 146 155 156 160 164 172 173 174 180 182 185 188 191 195 196 205 207,False,1775,spa,"El Lazarillo de ciegos caminantes desde Buenos-Ayres, hasta Lima : con sus itinerarios segun las mas puntual observacion",spa,aadcque apetecidas complexioi encaces ertcadk exicosei gasais oponea paliaas panudo preieruai setap
184,relationdecequis00lall,8,49,26,3 6 12 17 22 26 29 30 33 34 35 37 39 42 43 46 47 49 51 54 55 60 61 64 66 69,False,1649,fre,"Relation de ce qui s'est passé de plus remarquable és missions des peres de la Compagnie de Iesus, en la Nouuelle France",fre,aupes communioic comunicr lainteterese loescaue lossrirent loursen negabamar racourcie recommandans
185,histoirenaturell00acos_2,8,76,71,18 19 32 33 34 39 42 70 71 75 76 80 83 91 100 101 102 103 107 108 115 116 121 123 126 129 132 139 141 142 143 146 149 151 154 155 159 162 182 184 186 187 191 194 199 206 218 226 271 275 282 284 295 298 304 311 319 320 324 325 334 342 345 350 360 381 399 401 402 416 421,False,1616,fre,"Histoire naturelle et morale des Indes, tant Orientales, qu'Occidentales; : où il est traicté des choses remarquables du",fre,approchement bleil epresque esleiie instantune ioignement isseet lesloignement occeane rucr testedesha
186,historischebesch00roch,8,168,13,40 60 113 115 140 149 150 151 154 166 167 168 170,False,1668,ger,"Historische Beschreibung der Antillen Inseln in America gelegen : in sich begreiffend deroselben Gelegenheit, darinnen b",ger,ahabaten ausbenn blißlen breunet dolg ebuuarsen igenschasst kindeist pahsie rdieser sebuttet soseharsi uenagen uerbindertdaß uuohlbekandt
187,relaciondeunpais00henn,8,31,11,3 10 11 14 19 21 27 29 30 31 32,False,1699,spa,Relacion de un pais que nuevamente se ha descubierto en la America septentrional de mas estendido que es la Europa. : Y ,spa,abarracarle allando aloiauan delcubiertos distaia islillas maslourites otenta praderias quedeloalto schasipi sedescubria
188,friendlyadviceto00tryo,8,49,16,7 9 15 18 22 24 29 30 42 47 49 51 53 54 60 69,False,1684,eng,Friendly advice to the gentlemen-planters of the East and West Indies. : In three parts. I. A brief treatise of the most,eng,andii daned ehauen ingup inmption oneg sauciness sometimescast toughing uuorsirips
189,lusiadorportugal00came,8,74,22,11 35 38 39 43 46 47 59 70 71 74 76 77 79 98 103 107 125 138 140 145 150,False,1655,eng,"The Lusiad, or Portugals historicall poem:",eng,aeriall bristle counteither coxnings didaugment horseleech norcanpresume ouerclouuded turnor uuateruuet
190,lessingularitezd00thev_0,8,63,41,2 3 4 7 10 21 29 35 41 63 64 65 68 73 88 93 103 110 116 117 123 124 126 127 132 133 134 135 142 148 149 153 155 160 166 167 173 177 181 184 186,False,1558,frm,"Les singularitez de la France Antarctique, autrement nommée Amerique, & de plusieurs terres & isles decouuertes de nost",fre,abonaace corpes drouts erretrornee ineuopea mcroi obller poiion pouson prineupalement siaice tncus uisditeuses uninexsel
191,veillesamricaine03pali,8,5,16,5 20 28 29 33 36 39 40 42 46 47 48 51 52 56 59,False,1795,fre,Veillées américaines,fre,barbouillerent detournala dopler lappeieras larracherent oderai ourahou ouraliou taistoi
192,nouveauvoyageaux07laba,8,56,10,54 56 61 75 80 104 113 147 164 211,False,1742,fre,"Nouveau voyage aux isles de l'Amerique, : contenant l'histoire naturelle de ces pays, l'origine, les moeurs, la religion",dut,corabar eclacante escortoit expeuien grettera hqus iriams magnihcence pcsteilion polubk shiacres uecur
193,treatyseofnewein00mnst,8,17,38,0 1 2 7 13 16 17 18 19 20 21 22 24 25 26 27 28 29 30 33 34 36 39 41 43 45 46 47 49 50 52 53 54 55 58 59 61 63,False,1553,eng,"A treatyse of the newe India, with other new founde landes and ilandes, aswell eastwarde as westwarde, as they are knowe",eng,akraid appopnted dilcrecion efates euerplide inkeriour lrom luueoꝛde mefit packsaddeis pꝛepared taried
194,chronicaapostoli01espi,8,548,84,123 124 132 133 136 137 141 142 153 187 188 194 213 224 237 281 290 331 340 352 360 362 373 408 410 413 414 422 437 464 466 481 496 499 534 540 548 585 588 595 605 606 608 609 627 628 630 634 637 641 642 643 644 645 648 649 650 651 653 655 660 661 663 665 668 673 689 700 701 704 705 706 707 784 788 799 805 811 823 848 852 867 874 877,False,1746,"spa,lat","Chronica apostolica, y seraphica de todos los colegios de propaganda fide de esta Nueva-España, de missioneros francisc",spa,abrasamos aspeto cessaron cipcrane echaronle escuchiar lloroso quedatonse tespondio
195,nouvellerelation02laba,8,81,22,1 14 23 50 53 55 61 71 72 80 81 89 105 106 111 115 122 145 146 147 148 150,False,1728,fre,Nouvelle relation de l'Afrique occidentale: : contenant une description exacte du Senegal & des païs situés entre le C,fre,biseche denchoie douchesour estexcellenr loiuis niscs saguerai sornce
196,abrgchronologiqu00barr_2,8,124,36,37 39 52 54 61 63 67 84 86 89 92 96 104 106 108 110 113 115 116 119 120 123 124 129 131 132 133 136 138 147 148 149 153 156 162 165,False,1766,fre,"Abrégé chronologique ou histoire des découvertes faites par les Européens dans les différentes parties du monde, : extra",fre,apisseries chapcai dissiuees expressioi gialtes hautelice idmiration initruit orone resents
197,voyagededcouvert04vanc,8,80,4,80 85 114 115,False,1801,fre,"Voyage de découvertes, a l'Océan Pacifique du Nord, et autour du monde, : entrepris par ordre de sa Majesté Britannique;",dut,absenee dahied deieuna itahouuman karakakoua laecom mahou tahouu tamaahmaah tamahahmaah
198,relationdecequis00lall_4,8,32,23,9 10 13 21 25 27 28 29 30 31 32 33 34 35 36 37 38 42 43 44 47 49 51,False,1661,fre,"Relation de ce qui s'est passé de plus remarquable aux missions des peres de la Compagnie de Iesus, en la Nouuelle Franc",fre,bastonades dechirentla ibragcentier leschasaule rachela sencis sethbloit sitredoubler susare
199,relationduvoyage00laon,8,55,20,3 4 9 14 16 17 19 24 34 39 40 46 50 51 52 54 55 56 57 60,False,1654,fre,"Relation du voyage des Francois fait au Cap de Nord en Amerique, par les soings de la compagnie establie à Paris, & sous",fre,arisez cinglans cinglas eusmcs iusquesuers monragneuse nordouese reuerencedeia riuit
200,historianaturali00piso,8,503,26,204 233 251 272 286 290 310 321 323 337 338 377 381 395 397 398 450 477 503 518 524 526 527 528 529 531,False,1648,lat,"Historia naturalis Brasiliae, : auspicio et beneficio illustriss. I. Mauritii Com. Nassau ... adornata : in qua non tant",lat,coaraci ecatuaba ibdia ihbo menhira puttma tagira teindira tiqueira
201,relacionsummaria00orel,8,59,21,5 9 10 18 22 24 25 26 30 32 35 41 43 44 48 50 55 57 58 59 63,False,1704,spa,"Relacion summaria de la vida, y dichosa muerte del U.P. Cypriano Baraze de la Compañia de Iesus, : muerto á manos de bar",spa,agreitorcs ahorcando aiiiaio aisilc alttsa causandolcs cioradcs delmiimodiadel eiiima ghnstianos iualidad miisioiieios noucisd quercocias raartirio riuestios sticlcn ualicndosc xonsigo
202,historicarelatio00oval_0,8,76,157,8 10 17 19 20 23 24 31 34 39 41 43 44 45 46 47 48 57 65 68 71 72 73 76 78 81 82 86 88 90 92 94 109 110 113 116 127 131 149 150 151 157 168 170 171 173 175 185 186 191 192 201 203 210 215 218 239 241 245 252 253 259 263 301 302 305 311 314 316 318 325 326 327 334 341 343 355 357 362 367 368 375 379 381 382 416 421 425 442 443 446 448 453 454 460 461 465 469 483 484 492 495 499 501 506 508 516 517 524 551 553 554 557 558 564 567 571 575 577 580 593 602 606 614 615 616 618 622 623 628 630 631 633 635 638 639 640 647 648 652 657 659 661 662 666 668 673 678 680 682 689 692 693 704 705 731 734,False,1646,"ita,lat,spa","Historica relatione del regno di Cile, : e delle missioni, e ministerij che esercita in quelle la Compagnia di Giesu. A ",spa,aprieila azcirc bombarla consunudpia curcidoii disserenda insusiones qqeno rtuuieraal suauo
203,lesolitaireanglo00long,8,115,45,1 14 17 21 27 37 41 42 46 47 48 54 55 56 60 68 70 71 73 77 79 85 86 94 97 98 99 100 101 107 109 114 115 122 126 130 131 137 138 141 142 143 145 150 169,False,1729,eng,"Le solitaire anglois, ou, Avantures merveilleuses de Philippe Quarll.",fre,bitoiis ciiioit iantre iattacha ieiissent lanmal onurage secriat sourm tomna zeml
204,keyintolanguageo00will_0,8,45,15,0 11 13 16 31 34 43 44 45 50 58 65 66 71 76,False,1643,"eng,alg","A key into the language of America: or, An help to the language of the natives in that part of America, called New-Engla",eng,againeinto asiooneas ilmosi liatie moole oxiome petouuuaisinug scenmet sliouure tcncrelhhm
205,auisiparticolari00jesu,8,46,45,2 5 6 7 8 15 16 17 27 28 29 30 32 34 35 36 37 42 44 46 48 51 52 56 58 59 60 62 63 65 68 70 74 78 81 82 83 84 85 88 91 93 96 97 98,False,1552,ita,Auisi particolari delle Indie di Portugallo riceuuti in questi doi anni del .1551. & 1552. da li reuere[n]di padri de la,por,assanicdina baiasiedato deuori gouernarore habirara hauerestimo iraleri nedoaltra orsanelli otamente panoin sinadesso
206,relationdecequis00leje_5,8,63,28,4 18 28 29 31 32 37 38 40 45 46 48 52 58 62 63 68 72 75 91 92 108 109 142 143 144 154 155,False,1640,fre,Relation de ce qui s'est passé en la Nouuelle France en l'annee 1639. Enuoyée au r. pere prouincial de la Compagnie de I,dut,ateiachias chedu ilesir ilsesloi iuiourdansla lentretinsle rrouuans seininaire seminaristc snoit tomboienta
207,iournalourelatio00scho,8,12,35,4 5 8 9 10 12 13 14 15 19 23 25 26 28 29 30 31 32 35 37 39 40 43 45 46 48 49 51 52 57 58 59 61 63 65,False,1619,fre,"Iournal ou relation exacte du voyage de Guill. Schouten, dans les Indes: : par vn nouueau destroit, & par les grandes me",fre,dedecebre desoest disusmesa lamersort nauigealmes ocsudoest quaratecinq quaratesept trouuasmesala uismesune
208,nachrichtvondenn00unkn,8,14,14,1 2 14 15 16 25 26 34 47 53 69 84 92 102,False,1772,ger,Nachricht von den neuesten Entdeckungen der Engländer in der Süd-See: oder Auszug aus dem Tagebuch des Königl. Schiffs T,eng,abgesenbet bcsirei bestnblidicn beßseite dbalouppe heisit icesonig iurucsbebalten mitgesommen pnase socpbe ssoontags sssenn ussteesen
209,viagedelmundo00orde,8,262,55,11 15 21 39 45 46 48 69 77 81 84 91 113 123 125 126 146 180 186 189 196 198 199 202 211 213 222 229 231 245 246 251 253 262 264 265 270 276 277 280 283 285 294 296 299 303 316 317 318 327 329 359 364 370 383,False,1614,spa,Viage del mundo.,spa,encontraslen harcauase ialudaric losquitassen mieoslo naeros obiigandoie perpetrados quicasscni sueitenasu taitaslc tosdcones traslscn uertirle
210,lecommentaireroy00vega_0,8,291,51,0 15 16 18 25 26 43 46 54 69 73 75 83 84 86 107 108 125 128 139 147 148 151 153 180 189 205 207 214 226 264 268 271 287 288 291 292 300 323 327 328 343 345 347 349 356 365 372 373 377 381,False,1633,fre,"Le commentaire royal, ov L'histoire des Yncas, roys dv Perv; contenant leur origine, depuis le premier Ynca Manco Capac,",fre,atahuau cideuam cottstumes custsuccedc delentiere lapresenee llercnt qmtu respriciubtil
211,odrahihistoiream00unkn,8,91,30,8 9 10 12 14 15 16 19 21 22 28 33 39 43 50 54 57 67 71 74 76 79 85 87 89 90 91 92 94 97,False,1802,fre,"Odérahi, histoire américaine; : contenant une peinture fidelle des moeurs des habitans de l'intérieur de l'Amérique Sept",fre,aimais larrosa oderahi omaira omouraiou oubliestu ourahou percaient
212,infantedpedroliv00sant,8,12,7,0 1 6 7 10 12 13,False,1644,por,"Infante D. Pedro. Livro do infante D. Pedro de Portugal, : o qual andou as sete partidas do mundo.",por,aotta cadaanno comsua dormedariios huniserro mantimentosisc parentedel perderam proraiitam saiioupela scrmoias silesalt smalquehe uigiam
213,tableaudelasitua02pict,8,87,2,27 87,False,1795,fre,"Tableau de la situation actuelle des États-Unis d'Amérique, : d'après Jedidiah Morse et les meilleurs auteurs américains",fre,albermarle bermarlesound chouucin distauce perquimins ressere trentriuerest ucosound
214,truerelationofla00vinc_1,8,2,2,2 9,False,1638,eng,"A true relation of the late battell fought in New England, between the English, and the Pequet salvages: : in which was ",eng,brookeia childeand conneetacutt othera prisos pursueda reasonsmuch slainesor slarced
215,histoiredelameri03bacq_0,8,152,26,2 20 26 33 39 40 41 42 43 44 48 53 63 74 80 84 91 104 124 134 136 137 138 148 151 152,False,1722,fre,"Histoire de l'Amerique Septentrionale. : Divisée en quatre tomes. Tome premier. Contenant le voyage du fort de Nelson, d",fre,ahondanc attacqmr chisaouaki depntez desirdre empecirenp iesnite ilonuigni ilrriuee iroqmis ontaona snrprendre
216,recueildesvoyage00renn_15,8,209,24,10 12 25 67 69 74 78 82 84 94 95 105 111 125 143 147 163 164 183 198 209 210 212 213,False,1725,fre,"Recueil des voyages qui ont servi a l'etablissement et aux progrez de la Compagnie des Indes Orientales, : formée dans l",fre,corcorres eachian geonnesu ionquos itiemc noknt pigeonne uirnes
217,mursdessauvagesa02lafi_1,8,65,11,65 143 153 155 231 245 255 262 281 284 334,False,1724,fre,"Mœurs des sauvages ameriquains, comparées aux mœurs des premiers temps.",fre,assoupistemens bouillonsi cheueaux epaisiir miellee replexion serosi snggere tresreleue
218,doctrinachristia00domi,8,90,13,7 9 25 31 36 39 42 52 55 59 85 87 90,False,1565,"spa,nah","Doctrina [Christ]iana breue y co[m]pendiosa por via de dialogo entre vn maestro y vn discipulo, : sacada en le[n]gua cas",spa,dpaiub elstacion emperadoza ercelecia iotrasoieza mochiua quitra riositsima smmpli usenoza
219,artemexicana00rinc,8,40,13,7 8 13 18 19 29 31 33 37 38 39 40 41,False,1595,"spa,nah",Arte mexicana,spa,brotardsla chalchiuhtlni citlalric ciuatl cochitia enrienlo icatl incdicl nichazer
220,voyagesdefranois02core,8,5,43,1 5 6 8 18 19 26 27 29 31 36 40 44 49 55 66 68 69 70 74 76 77 83 85 90 92 93 97 98 100 101 112 113 119 128 132 134 138 147 158 166 167 170,False,1722,fre,"Voyages de François Coreal aux Indes Occidentales, : contenant ce qu'il y a vû de plus remarquable pendant son séjour de",fre,amadnes ceecs gnaina guainacapae ibrecs iielies ptzarre surpaircroit
221,proyectoquesobre00esco,8,23,2,10 23,False,1784,spa,"Proyecto que sobre la extincion de repartos, y modo de verificar los piadosos socorros, : que la generosa bondad del Rey",spa,aruccion encel encto insiruecion iratando nueltiro semouio tieton xcelentisimo
222,voyagecayennedan02pito_0,8,126,13,19 20 23 24 39 47 58 84 101 115 123 126 128,False,1805,fre,"Voyage à Cayenne, dans les deux Amériques, et chez les anthropophages. : Ouvrage orné de gravures, contenant le tableau ",fre,approchetoi desaillante deuxcouies hiroua idoman isacar lisbe stupesaits sœurtendent tamouzi
223,veillesamricaine02pali,8,34,14,6 7 8 27 28 32 33 34 35 38 41 52 58 62,False,1795,fre,Veillées américaines,fre,brident consondront mecoutait oderai peignaient reposetoi separeront tessarouchent
224,voyageauxlesdetn01ledr,8,19,12,19 21 42 63 85 87 89 90 92 120 122 138,False,1810,fre,"Voyage aux îles de Ténériffe, la Trinité, Saint-Thomas, Sainte-Croix et Porto Ricco, : exécuté par ordre du gouvernement",dut,augmentcrent ballottait cettepiece imprimaierit oscillation roubis sessorcail uentarriere
225,cartasedificante06jesu,8,178,10,48 53 63 65 110 159 169 178 244 247,False,1753,spa,"Cartas edificantes, y curiosas, : escritas de las missiones estrangeras, por algunos missioneros de la Compañia de Jesus",spa,aisouan armoniaco coagulacion coagulandote laboratorios mecarrar reuniendose transparentc
226,newesfromamerica00unde,8,4,6,2 3 4 7 9 17,False,1638,eng,"Newes from America; or, A new and experimentall discoverie of New England; : containing, a true relation of their war-li",eng,allithe companiiand distresseos doeiou pequeat pequeats slainesome therestos tosight uscame uuosullcries
227,voyagedanslahaut00stjo,8,71,8,8 64 71 75 76 78 80 215,False,1801,fre,"Voyage, dans la haute Pensylvanie et dans l'état de New-York,",dut,aiasois cultiuerons mauuhingon mehauuk napprouuant nishinorbai quekoohassen tracons uuauuassing uuiguuham
228,histoiredelameri04bacq_0,8,55,32,2 3 16 19 22 27 30 33 50 54 55 56 64 65 66 70 72 73 75 77 80 87 88 90 91 92 103 112 114 120 122 125,False,1722,fre,"Histoire de l'Amerique Septentrionale. : Divisée en quatre tomes. Tome premier. Contenant le voyage du fort de Nelson, d",fre,asraires cinquieirse houentsiouann maliurer maricour maricout ononuo sachiez
229,histoiredesindes00casa,8,35,8,18 24 27 35 58 59 62 66,False,1642,fre,"Histoire des Indes Occidentales. : Ou l'on reconnoit la bonté de ces païs, & de leurs peuples; & les cruautez tyrannique",fre,aauons auoits baptila bulement desolant despecher louoic uspagnol
230,annuaelitteraeso00jesu_1,8,63,20,1 4 12 24 34 41 58 63 66 69 82 89 90 100 104 105 109 120 124 136,False,1586,lat,"Annuae litterae Societatis Iesu anni. M.D.LXXXIV. Ad patres, et fratres eiusdem societatis",lat,adiune babitanta cbineuse manengi milliaid omribus osuisst ouuina ueligio uigintiobiit
231,voyageroundworld00funn,8,94,16,2 32 50 53 58 59 64 79 89 94 97 98 113 125 143 145,False,1707,eng,A voyage round the world. : Containing an account of Captain Dampier's expedition into the south-seas in the ship St. Ge,eng,anchorground ariguipa atsome auiquipa brokenground giound ocaua tauebo
232,cartasedificante15jesu,8,19,13,12 19 56 65 80 95 96 131 163 196 223 245 282,False,1753,spa,"Cartas edificantes, y curiosas, : escritas de las missiones estrangeras, por algunos missioneros de la Compañia de Jesus",spa,caeran cisiuo debegrauarse denudado emprendas icmeiante morderte sanamos seineiante
233,nouveauvoyageaut00damp_1,8,257,30,5 16 21 24 37 48 60 100 109 115 133 149 163 165 167 172 173 187 192 197 198 221 242 246 247 254 255 257 258 270,False,1723,fre,"Nouveau voyage autour du monde. : Où l'on décrit en particulier l'Istme de l'Amerique, plusieurs côtes & isles des Indes",fre,balota baseoi cesutau guasickuualp intercepterent ondelcr rieues tolielt
234,coppiedelalettre00jame,8,1,1,1,False,1620,fre,Coppie de la lettre,fre,cdcda dehuidl desioubz eiliacauede einelle erieest nommeainsi piedsaux riuiu segirdeile septetitrion
235,lesvoyagesfameux00lebl_0,8,415,11,4 10 15 141 228 234 274 344 401 414 415,False,1649,fre,"Les voyages fameux du sieur Vincent Le Blanc Marseillois, qu'il a faits depuis l'aage de douze ans iusques à soixante, a",fre,chiquera corotega dclaiplata gouade gualimala iinegado maezcap plusprochedsso srancescoeo uemsueiaa
236,newenglandsrarit00joss_2,8,17,14,2 4 5 8 10 11 15 16 17 18 19 22 26 28,False,1672,eng,"New-Englands rarities discovered: : in birds, beasts, fishes, serpents, and plants of that country. Together with the ph",eng,aideep andisor asterrioos clauuboarg gaoseberrses hlackis liueruuort mushreoms nelike oakos udesses
237,ladefaitedessauv00lesc,8,7,2,7 10,False,1608,fre,"La defaite des sauvages Armouchiquois par le Sagamos Membertou & ses alliez sauvages, en la Nouvelle France, au mois de ",fre,chkpudumech commesourmts guignant massitcre monsirueux ourtquois resislence saddres transsercer
238,lelevedelanature02beau,8,11,16,0 2 3 4 9 11 16 19 23 24 28 32 34 36 39 40,False,1793,fre,L'eleve de la nature,fre,aboiait appelai ctquil iumie leclater lepdr marracha pmber uoguait xepeter
239,relationhistoriq02cava,8,81,26,41 44 48 49 60 64 77 81 94 101 105 108 110 115 123 145 149 176 189 190 194 195 196 200 203 204,False,1732,"fre,por","Relation historique de l'Ethiopie occidentale: : contenant la description des royaumes de Congo, Angolle, & Matamba, tra",dut,dontes enabondance hurla ilmenaca perplexites scauroir sornile toliours uslitot
240,revpatrisfralpho00alon,8,250,14,44 171 181 198 201 210 250 262 264 286 425 461 470 538,False,1599,lat,Rev. Patris Fr. Alphonsi a Vera Cruce Hispani ordinis eremitarum S. Augustini. Et in primaria cathedra Mexicanae vniuers,lat,aipalcin assignac baptizacus baptizantis betgrad chrilso clecitur copiilai insidclissit sastauna siniiiiccr teneatis
241,relationdecequis00leje_1,8,28,22,2 3 6 8 9 10 13 26 27 28 29 35 41 43 49 51 53 54 56 59 64 68,False,1634,fre,Relation de ce qui s'est passe en la Nouuelle France en l'annee 1633. Enuoyée au r.p. Barth. Iacquinot prouincial de la ,fre,aiansle debiterions desiuiron holtellerie larmier lebaptiser necroiroit resolutioli santaisics
242,histoiredelameri02bacq_0,8,67,26,5 9 10 17 45 47 60 63 66 67 69 82 84 88 103 112 114 121 128 132 138 146 148 151 152 167,False,1722,fre,"Histoire de l'Amerique Septentrionale. : Divisée en quatre tomes. Tome premier. Contenant le voyage du fort de Nelson, d",fre,coutumi hancois lestslinois nemetems repalta tobligi tontien tontine
243,newcollectionofv01unse,8,497,4,418 425 438 497,False,1711,eng,"A new collection of voyages and travels, into several parts of the world, none of them ever before printed in English. :",eng,charho chauhnoc cotcoacreg nammee nishuuinner omperrer ouchuuhe poosh slleueioc soauhan uuartsau uuebtax uueembot uuhoieoc
244,newevnbekanthela00unkn,8,95,18,31 45 50 67 79 95 98 100 101 137 146 148 156 161 168 169 170 175,False,1508,ger,Newe vnbekanthe Landte und ein newe Weldte in kurtz verganger Zeythe erfunden,ger,edelleuuthe harobtman ieners itzudt itzundt sunssßßehe ungeuerliche uueithe
245,relationduvoyage00dire_1,8,18,7,13 14 16 18 41 63 84,False,1708,fre,"Relation du voyage du Port Royal de l'Acadie, ou de la Nouvelle France, : dans laquelle on voit un détail des divers mou",fre,douillette etoilie gardokmn grispardesius lailsac massispour nestpour pecheau
246,nouvellehistoire01dema,8,34,9,32 34 44 54 56 67 68 77 84,False,1767,fre,"Nouvelle histoire de l'Afrique françoise, : enrichie de cartes & d'observations astronomiques & géographiques, de rema",fre,baracond baracondas baracora barquesgdepuis caslou derechesen ouontrouue ronneaux
247,nouveauvoyageaut00damp_3,8,10,22,10 18 39 41 42 47 64 71 74 81 85 91 93 99 100 114 120 127 175 197 205 214,False,1723,fre,"Nouveau voyage autour du monde. : Où l'on décrit en particulier l'Istme de l'Amerique, plusieurs côtes & isles des Indes",fre,ardeddus dluuit elperois etoicrem fde heuiesdu iancrai laurrls nousioions onnr sliuois tiiesde
248,vidayheroycasvir00fara,8,82,8,7 43 57 81 82 84 87 88,False,1753,spa,"Vida. Y heroycas virtudes del vble. padre Pedro de Velasco, provincial, que fué, de la compañia de Jesus, de Nueva Españ",spa,auilarle banleios cumpliole dellumbrarle masintensicn muiiericordre poiabanle quirandosela rendiria
249,abrgchronologiqu00barr_4,8,62,13,6 50 59 62 81 97 111 124 130 138 140 145 180,False,1766,fre,"Abrégé chronologique ou histoire des découvertes faites par les Européens dans les différentes parties du monde, : extra",fre,boteuse cpest equsqua herision hgeon koret lchenliaa poistot
250,discoursduvoyage00pyra,8,15,25,8 11 15 16 17 19 23 25 31 37 43 44 50 51 63 76 77 85 90 98 99 105 115 119 125,False,1611,fre,"Discours du voyage des François aux Indes orientales, : ensemble des diuers accidents, aduentures & dangers de l'auteur ",dut,atolon entrerais gqtier hommet mahommet parsix prouinceou reuenuz seulsiuges
251,recueildobservat02lamb,8,69,22,8 26 29 33 49 50 51 54 58 62 63 69 73 94 98 99 106 109 111 114 129 134,False,1749,fre,"Recueil d'observations curieuses, : sur les moeurs, les coutumes, les usages, les différentes langues, le gouvernement, ",fre,blancie bourles iarcelle macreule qiieiage ralles rougoi tteik
252,itinerarijterres00sali,8,51,17,11 14 15 16 21 22 23 32 44 51 60 63 65 66 77 78 79,False,1525,lat,Itinerarij terre sancte: inibiq[ue] sacrorum locoru[m]: ac rerum clarissima descriptio: omnibus sacre scripture tractato,lat,aeseere baptirmum bomane ducastqui laulmua quspta reietum secraturns sluutue
253,voyagedespayssep00lama,8,74,23,2 5 25 31 33 37 43 49 55 56 58 62 73 74 75 76 78 81 82 88 90 92 99,False,1676,fre,"Voyage des pays septentrionaux. : Dans lequel se void [sic] les moeurs, maniere de vivre, & superstitions des Norweguien",fre,atteller beumes ceuans dhermmes papinogorod rraisoeaux taslees uitzora
254,cartasedificante07jesu,8,263,18,25 70 85 90 94 153 157 158 159 175 187 197 205 238 250 255 262 263,False,1753,spa,"Cartas edificantes, y curiosas, : escritas de las missiones estrangeras, por algunos missioneros de la Compañia de Jesus",spa,agnapurahei atrauessado borneado destrun iuachpiclo mamelucos pignocas tareiri
255,hispaniasivedere00laet_0,8,18,16,6 12 17 18 21 44 52 56 57 58 63 92 99 105 130 153,False,1629,lat,"Hispania, sive De regis Hispaniae regnis et opibus commentarius",lat,argam erabia iicipium iteliis olice pastagio praemunito rxter sanguezza treuigno
256,historicalaccoun03unse,8,199,2,140 199,False,1773,eng,"An Historical account of all the voyages round the world, performed by English navigators; : including those lately unde",eng,aheine aheuuh ateraboo eahoo eneeho eoboo eraouuroo hahine heneaho heoo heromai hitoo
257,annuaelitteraeso00jesu_0,8,133,25,4 5 15 23 30 34 68 69 112 114 117 133 137 142 153 159 161 163 167 180 207 222 223 229 230,False,1591,lat,Annuae litterae Societatis Iesu anni. M. D. LXXXIX. : Ad. patres. et. fratres eiusdem societatis,lat,edomando lemuribus liscen perceptus peristro progresius roerebant siirpein spedrisque stiddostendit stsbas uirisissetu
258,relationdecequis00ragu_1,8,21,16,7 11 15 16 17 19 21 22 23 25 27 29 31 37 38 42,False,1650,fre,"Relation de ce qui s'est passé en la mission des peres de la Compagnie de Iesus aux Hurons, pays de la Nouuelle France, ",fre,bruuoient bussdront estonnoit ioupirs lallement mirentle rasinc uoquoit
259,relationdecequis00leje_3,8,68,18,8 12 20 26 29 32 46 47 57 66 67 68 73 75 76 77 82 88,False,1638,fre,Relation de ce qui s'est passé en la Nouuelle France en l'année 1638. Enuoyée au r. pere prouincial de la Compagnie de I,fre,disoitell ensanc helasi iinstruisit iourssans lerreceuoir lesqueisiune nauoitpasla poureequi reerpense uelludune
260,noticiadelacalif03vene_0,8,86,12,5 23 38 40 43 45 79 86 87 96 195 209,False,1757,spa,"Noticia de la California, y de su conquista temporal, y espiritual hasta el tiempo presente.",spa,acamiian bolteaba enlenada esmeraba ialtaba lailimo moilrarse quebraisen sueiles
261,histoireetvoyage00copp,8,109,25,5 7 10 11 16 17 20 24 35 74 76 79 83 84 88 95 98 100 104 106 107 109 118 124 126,False,1645,fre,"Histoire et voyage des Indes Occidentales, et de plusieurs autres regions maritimes, & esloignées/ : Diuisé en deux liur",fre,clieoit estoignee iristi lestaing mdipense perroisles perroisses troistesme
262,histoiredugrandr00gonz,8,62,47,9 26 62 63 65 67 70 72 85 149 150 153 165 168 182 189 195 203 208 210 215 217 219 225 226 230 236 242 246 249 261 262 272 285 286 295 312 317 319 323 332 337 340 351 375 387 390,False,1588,frm,"Histoire du grand royaume de la Chine, situé aux Indes Orientales, : diuisée en deux parties: contenant en la premiere, ",fre,anchosau aouuerna auiiiiils chanrei ensansidelles installairent luccedaun reona succedaunsien sutei
263,levoyageurcurieu00unkn,8,111,46,21 26 40 56 67 68 91 92 100 103 105 108 111 113 115 117 121 130 133 168 171 188 204 206 213 223 227 284 287 291 299 316 331 345 347 374 380 381 389 391 392 394 395 402 404 410,False,1664,fre,Le voyageur curieux qui fait le tour du monde. : Auec ses matières d'entretien qui composent l'histoire curieuse.,fre,bahhique congelie coucheil daggerhuse deschetlande hitlande lahhique loingdu mentbelt uddeuallie
264,voyagesetdescouu00cham,8,31,12,12 15 22 28 31 38 39 40 48 53 54 70,False,1620,fre,"Voyages et descouuertures faites en la Nouuelle France, depuis l'année 1615. iusques à la fin de l'année 1618.",fre,algommcquins cainpagnes elperans quatorzies reuoirde susraes traidement uingties
265,dotrinachristian00crdo,8,39,4,18 27 37 39,False,1544,spa,Dotrina [christ]iana p[ar]a instrucion [et] informacio[n] de los indios: : por manera de hystoria.,spa,celeiiialee criolas eagua inarneui losotrosspus masamoia menospieci mugerqa oenaoa soamecrio soego sopoitar sumarioo ueslbsecuerpo
266,epistolaeindicae00jest,8,110,7,15 16 58 110 146 170 182,False,1566,lat,"Epistolae Indicae de praeclaris, et stupendis rebus, : quas diuina bonitas in India, & variis insulis per Societatem nom",lat,essell eudimeta intumescer irmuzii muniailli niquam orcassirmct partesads sexue utlatri
267,examendesrecherc01pern,8,30,7,15 17 24 30 32 37 74,False,1771,fre,"Examen des Recherches philosophiques sur l'Amérique et les Américains, et de la défense de cet ouvrage. Premiere [-Secon",fre,abbandonnerent aiaminus assammees bracquerent dengleria diucatan hiteclure treinblant
268,descriptioterrae00burc_0,8,52,11,4 6 16 27 33 39 42 44 45 52 53,False,1536,lat,"Descriptio terrae sanctae exactissima,",lat,abducstos attulerot castellanortt deueniam eniioua iabris iigata orrerunt procellosos regulussupplex sascicuios
269,voyageautourdumo02boug_0,8,163,7,55 61 80 98 144 146 163,False,1772,"fre,tah","Voyage autour du monde, par le frégate du roi la Boudeuse, et la flûte l'Étoile; : en 1766, 1767, 1768 & 1769",fre,aeuai ataitao boiiu etaicpaq etoua euuuo marnai obou pouou toubabaou
270,naufrageetaventu00viau_0,8,75,18,10 13 16 17 19 28 29 30 31 32 37 41 56 58 65 66 69 75,False,1798,eng,"Naufrage et aventures de M. Pierre Viaud, natif de Bordeaux, capitaine de navire,",fre,cliappes clrez embarquesdani emportet nosessets ontiers sasoeruet teuint
271,virginiamoreespe00will,8,75,2,43 75,False,1650,eng,"Virginia: more especially the south part thereof, richly and truly valued: : viz. The fertile Carolana, and no lesse exc",eng,cunnin epatthe genpadt paheee shctien sixtk soarem uocart
272,relationofmaryla00unse,7,19,3,0 19 22,False,1635,eng,"A relation of Maryland; : together, vvith a map of the countrey, the conditions of plantation, His Majesties charter to ",eng,anuas baisalt buthellls buthells hitts imprimus izem naneeenste ostmerlerar paireos rugg sheoes srizecoateo suchaie uuastceate
273,warachtigehistor00stad,7,73,24,0 10 16 22 29 43 46 53 54 55 56 57 62 63 66 68 70 73 75 76 80 82 83 84,False,1558,dut,"Warachtige historie ende beschriuinge eens lants in America ghelegen, vviens invvoonders vvilt, naeckt, seer godloos, en",dut,cruine desmonts ghemae gheruchtaisli haddentaen hebuert hertshoredaer hoosc malcandere moninck nuso seidensi steesthi suinenimaken uooruaders ureesseliick uueirachtich
274,voyagesdanslamer00dalr_1,7,123,4,63 103 123 137,False,1774,fre,"Voyages dans la mer du Sud, : par les Espagnols et les Hollandois.",fre,aumoment canotier gquement heemskirk inintelligi perdirenc sasirent skirk tomberenrt upautre zeehan
275,tratadoverdadero00vzqu,7,49,25,2 5 7 11 13 16 18 19 23 26 29 32 33 34 35 36 37 40 42 43 47 48 49 50 58,False,1623,spa,"Tratado verdadero del viage y nauegacion deste año de seiscientos y veinte y dos, que hizo la flota de Nueua España, y H",spa,bramauan bramauao dcsgraciaal desiropeta dessama hundidle ioberuio iosobrar mcnqo ocile soslcgar tardeguando zianleuatar
276,voyagedanslahaut00stjo_0,7,62,3,33 49 62,False,1801,fre,"Voyage, dans la haute Pensylvanie et dans l'état de New-York,",fre,caspetouuagan droistu massotauuana napotelima nistotouua tatobamico uuappanome
277,relationofmaryla00unse_0,7,19,4,9 15 19 22,False,1635,eng,"A relation of Maryland; : together, vvith a map of the countrey, the conditions of plantation, His Majesties charter to ",eng,asorganshouse buthellls buthells coateo ellsos ieerei munmathcaps neonate oatmeale rugg sorome uuastcoates
278,nyevnbekandeland00unkn,7,133,14,13 66 68 79 92 93 97 118 123 133 142 159 160 187,False,1508,gem,Nye vnbekande Lande Unde eine nye Werldt in korter vorgangener Tyd gefunden,ger,buuuede buuueden geseth itlick iuncksrouuuen katherina loceptio sanginge schulderen tuuische uetmane uthgebꝛeidedem
279,voyagedanslahaut00stjo_3,7,62,3,33 50 62,False,1801,fre,"Voyage, dans la haute Pensylvanie et dans l'état de New-York,",fre,caspetouuagan droistu inapotelima massolauuana massotauuana nistotouua tatobamico
280,johannlorenzmosh00mosh_1,7,1020,82,40 112 113 125 135 157 234 247 281 287 290 314 317 378 388 405 411 417 428 431 441 603 608 664 666 678 682 714 761 769 788 792 795 813 824 833 844 874 881 898 920 922 930 934 936 960 992 1011 1020 1021 1029 1066 1071 1081 1097 1104 1120 1124 1128 1129 1137 1140 1160 1176 1179 1180 1193 1206 1210 1236 1243 1267 1286 1297 1335 1337 1340 1352 1414 1415 1442 1471,False,1742,"ger,mul",Johann Lorenz Mosheims Sitten-Lehre der Heiligen Schrift,eng,ansitzen aranscn arshscb esanb rsentls rtssen sctmuscscen semegungggrunt skoral ssiert tersel trause
281,histoiredelaconq01leon,7,108,3,108 136 226,False,1707,fre,"Histoire de la conquête des isles Moluques par les Espagnols, par les Portugais, & par les Hollandois. :",fre,damboinc gaidupa gazea gorontano iliboto labague maquien saquita slenr tomine uerahula
282,noticiadelacalif02vene_0,7,195,35,23 26 40 49 50 51 52 62 70 76 95 100 102 104 110 113 145 156 161 169 172 173 177 179 180 181 182 183 188 192 193 195 226 228 267,False,1757,spa,"Noticia de la California, y de su conquista temporal, y espiritual hasta el tiempo presente.",spa,acogieronle aguazero cerralzio corretpondio eicarmiento enoiandote enseimo espantoio soitegote tocorrio
283,nouaetsuccinctav00gonz,7,46,8,18 23 45 46 52 76 83 93,False,1589,lat,"Noua et succincta, vera tamen historia de amplissimo, potentissimoque, nostro quidem orbi hactenus incognito, sed perpau",lat,coteo diripiebatur disciisum impanscp mensibmsiante multuatus ptendecim sattiones siptuaginta ssisa suailirpis suisanguinis
284,relationdecequis00ragu_5,7,82,33,7 8 9 12 13 14 15 20 23 24 25 27 28 29 30 31 37 40 45 46 49 54 60 62 63 69 70 71 76 77 78 82 83,False,1653,fre,"Relation de ce qui s'est passé en la mission des peres de la Compagnie de Iesus, au pays de la Nouuelle France, depuis l",dut,abbaislee asseescions attribuoienc coeursi decpuuroit eschapcz lecanadas ordreslui oudor sallpit
285,historiagenerald07prvo,7,196,3,195 196 334,False,1763,SPA,"Historia general de los viages, ó nueva coleccion de todas las relaciones de los que se has hecho por mar, y tierra, y s",spa,maiemonola masabambala mtgnamigna muana nquamba peletunier senaeiante somakka tuberone tubia
286,abrgchronologiqu00barr,7,103,13,4 10 49 63 81 82 103 121 122 125 132 149 182,False,1766,fre,"Abrégé chronologique ou histoire des découvertes faites par les Européens dans les différentes parties du monde, : extra",dut,aniptosites coiipe derout euoltes ilsot iurements lqrsque preuenirr ransporter siirei
287,johannlorenzmosh00mosh_0,7,1037,110,18 29 73 92 94 97 114 125 146 181 198 208 222 230 253 255 256 259 272 274 285 293 298 320 334 336 358 365 412 421 442 443 447 471 506 537 549 564 589 622 642 650 657 658 659 667 679 719 771 836 847 849 850 851 892 911 931 937 948 959 975 984 991 994 997 1000 1001 1009 1012 1017 1035 1037 1050 1057 1058 1059 1063 1079 1085 1088 1101 1128 1135 1168 1192 1213 1214 1235 1240 1243 1246 1269 1270 1314 1316 1330 1331 1333 1357 1363 1369 1380 1381 1383 1388 1410 1437 1441 1443 1469,False,1742,"ger,mul",Johann Lorenz Mosheims Sitten-Lehre der Heiligen Schrift,eng,attbenn aubents eilanbe esangnig gescscas geteget geuuisten ohonne sdieintietien slslein titsei uornemlics utemand
288,voyagehistorique02ullo,7,190,21,157 158 169 174 182 186 188 190 217 218 219 225 226 231 234 331 383 384 398 440 522,False,1752,fre,Voyage historique de l'Amerique meridionale : fait par ordre du roi d'Espagne,fre,guaiabamba guairo guamei guasuntos guauca limpions pelica saccagemens terraim ælsseros
289,abrgchronologiqu00barr_6,7,153,12,94 102 107 112 120 127 138 146 153 159 165 181,False,1766,fre,"Abrégé chronologique ou histoire des découvertes faites par les Européens dans les différentes parties du monde, : extra",dut,croisoienr dandrinopl dinsidele etol iccompagne ihommes lartement oiaux selletar tarosse uancleue
290,dithmariblefkeni00blef,7,11,3,10 11 20,False,1607,lat,"Dithmari Blefkenii Islandia, sive populorum & mirabilium quæ in ea insula reperiuntur accuratior descriptio : cui de Gro",lat,biduu calidissimi diuerssissim duratas elsiockel immisius saetore sicuilubi srigeseere tuntin
291,recueildesvoyage00renn_18,7,237,20,0 56 62 89 102 163 168 174 177 180 184 191 202 203 209 215 219 237 242 252,False,1725,fre,"Recueil des voyages qui ont servi a l'etablissement et aux progrez de la Compagnie des Indes Orientales, : formée dans l",fre,coiang coiangs dantdixlept koeckebaker pendimes taiels toiiant
292,regimentoleyssob00port,7,26,12,10 11 13 16 23 25 26 33 36 37 40 53,False,1724,por,"Regimento, & leys sobre as missoens do estado do Maranhaõ, & Parà, & sobre a liberdade dos Indios. Impresso por ordem de",por,campello cassiro cocedendo goarabiranga ieiicentos iembro iilcrita merepresentou miseriaem reigates ultramaaino
293,museummuseorumod00vale,7,114,97,26 29 35 42 43 46 54 55 61 82 93 94 105 111 114 118 136 139 143 156 157 163 170 182 189 200 207 224 232 243 267 270 272 330 331 373 376 396 417 418 421 423 442 450 466 469 478 493 494 497 517 532 533 535 543 547 549 550 559 571 592 600 627 631 644 653 654 655 665 671 676 679 680 706 717 739 741 744 759 781 784 792 798 802 804 808 811 816 900 907 926 933 963 982 1004 1009 1017,False,1704,"ger,lat","Museum museorum, oder Vollständige Schau-Bühne aller Materialien und Specereÿen : nebst deren natürlichen Beschreibung, ",ger,aessellet anmerdungen außgestreuet bersesbiae hicest kausses sasianisoen settuln srangbisoen unduone zumaen
294,delarochefaucaul01laro,7,175,25,19 24 50 51 59 73 101 115 132 160 175 176 194 196 198 249 266 270 274 275 278 279 280 286 300,False,1799,ger,"De la Rochefaucauld Liancourt Reisen in den Jahren 1795, 1796 und 1797 durch alle an der See belegenen Staaten der Norda",eng,alsspat aßc babepliegenben bebecs bersleiner echteren ersioming gtebs ieabing iesersd itrdu ocsern siasie sieabing sorntgren ueberßus ßnbes
295,descriptiongeogr00bell_0,7,115,7,5 69 112 114 115 182 183,False,1763,fre,Description geographique de la Guiane,fre,coiihdera lanques loiapoko oualsa poko romontabo uopgeur
296,cartasedificante12jesu,7,145,10,53 57 125 134 145 146 163 166 191 249,False,1753,spa,"Cartas edificantes, y curiosas, : escritas de las missiones estrangeras, por algunos missioneros de la Compañia de Jesus",spa,consiauza elcrucisixo hcchaba mantuuiesse pdar sauque soiiegado
297,ellazarillodecie02conc,7,19,38,0 5 10 18 19 32 39 42 44 45 52 53 55 61 63 64 77 91 103 104 117 122 124 127 129 131 149 163 164 168 185 190 191 198 204 205 215 216,False,1775,spa,"El Lazarillo de ciegos caminantes desde Buenos-Ayres, hasta Lima : con sus itinerarios segun las mas puntual observacion",spa,atraueiando considerablo elkia euideo heruorsiilq lartc rcspi ruttas sauorabic ualimientos
298,voyagedanslestat05laro,7,187,7,64 145 152 162 166 171 187,False,1799,fre,"Voyage dans les États-Unis d'Amérique, : fait en 1795, 1796 et 1797.",fre,auannah etetu maitland ruppel saintemari saintmari saleh
299,itinerarioycompe00gonz,7,7,31,1 2 4 7 8 9 14 20 23 24 27 28 31 32 37 44 46 54 56 58 61 64 65 72 78 82 85 86 88 89 90,False,1586,spa,"Itinerario y compendio de las cosas notables que ay desde España, hasta el reyno dela China, y dela china à España, bolu",spa,citupiesied desiep iandci iuccedio laltaslcn mcran naidoics ocozidos quiiies rcligioies semeistncc sreiciara
300,ildeuotissimovia00zual,7,105,16,9 59 62 68 77 92 100 105 122 127 128 143 149 154 162 220,False,1587,ita,Il deuotissimo viaggio di Gerusalemme.,spa,alirastronarie allopposito congiorige delnet dettosdouue erpuola panimentoso pesati pilasi risattes runtabernacolo
301,historianaturaly00acos,7,362,15,6 84 85 86 127 150 159 179 187 220 237 256 287 362 365,False,1608,spa,"Historia natural y moral de las Indias, : en que se tratan las cosas notables del cielo, y elementos, metales ... y guer",spa,aisolada alsamo baldios bestiasii descielo diuidialo rearse sacaranse temblorde uemespana
302,nouveauvoyageaux01laba_1,7,30,17,30 41 47 49 67 70 108 120 124 128 131 169 178 182 238 261 263,False,1722,fre,"Nouveau voyage aux isles de l'Amerique, : contenant l'histoire naturelle de ces pays, l'origine, les mœurs, la religion ",fre,crelson deubrt disereuon lcaura leuoitces nichons oncdsera ragousts uappercut
303,nouusorbisregion00hutt_2,7,31,2,28 31,False,1532,lat,"Nouus orbis regionum ac insularum ueteribus incognitarum,",lat,alenctae azurum cicuratus dcsiccata kiczoth leopardus lithuanoru lithuanorum rapacislima samagit uenatie
304,noticiadelacalif01vene_0,7,54,10,15 19 22 54 61 74 97 122 124 125,False,1757,spa,"Noticia de la California, y de su conquista temporal, y espiritual hasta el tiempo presente.",spa,aridaluun celebrandole laial ligui mollrarse rinesle siruiellen uellian
305,cartaqueescriui00garc,7,1,2,1 2,False,1671,spa,Carta que escriuiò,spa,bolopor encerdido examinose hizieronpor iestolo largreuiua leuandelem leuarana loscalas mlorado rontate sunicho tentala
306,diariodelanauega00mora,7,174,12,5 21 62 83 98 107 116 173 174 198 200 201,False,1796,spa,Diario de la nauegacion desde el puerto del Callao de Lima al de S[a]n Carlos de la Isla de Chiloé: : en el qual se da ,spa,acionde bemte cabsz computado henciin iuanze saroento subtemiense tsamto
307,mmoiresducapitai01land,7,89,6,33 47 68 89 93 136,False,1823,fre,"Mémoires du capitaine Landolphe, : contenant l'histoire de ses voyages pendant trente-six ans, aux côtes d'Afrique et au",fre,caiesd chausserettes ecuiersadroits goutaient repartait souhaitais srancbord transportait
308,geschichtedesher00lebe,7,79,32,0 1 12 17 18 22 28 53 76 77 79 89 92 102 153 174 193 214 218 236 245 263 264 289 297 316 321 325 326 335 337 340,False,1752,ger,"Geschichte des Herrn C. Le Beau, Advocat im Parlament. Oder Merckwürdige und neue Reise zu denen Wilden des nordlichen T",eng,besdiabtger entlauisen glucsgi helmte ierbroc mennsie msammensamen mtursad perursad toberil umbrad utida
309,leslouangesdelaf00unkn,7,39,12,0 2 6 17 21 23 24 28 33 35 38 39,False,1566,fre,"Les loua[n]ges de la folie, : traicté fort plaisant en forme de paradoxe,",fre,amassez construaions debellele gaudir nestoita ouueroitel sobscrue solaueugle surmo taduiene
310,tyranniesetcruau00casa,7,22,8,4 6 10 15 22 73 97 100,False,1582,frm,"Tyrannies et cruautez des Espagnols perpetrees es Indes Occidentales, qu'on dit le nouueau monde:",fre,clpagnol cstantpresent desptuplee iestoiet mortdetra nauoitce tsiusles uenuzala
311,relationdecequis00ragu_2,7,37,13,1 2 14 18 19 20 21 22 28 30 36 37 38,False,1650,fre,"Relation de ce qui s'est passé en la mission des peres de la Compagnie de Iesus aux Hurons, pays de la Nouuelle France, ",fre,denstaa detannoncia idisrumpar ilmelaiitai kullam priequ queiauraiassez queiehaie quhemme
312,iournaloudescrip00scho,7,18,5,2 16 18 50 51,False,1618,fre,"Iournal ou description du merveilleux voyage de Guilliaume Schouten, Hollandois natif de Hoorn, : fait es années 1615, 1",fre,ensuiuants gouuernemeht laltitude malaisance mensale nordnorouesr norouesc stbruine
313,reflexescriticas00varn,7,11,12,9 11 14 15 16 25 27 29 31 34 44 57,False,1839,por,Reflexões criticas : sobre o escripto do seculo XIV [that is XVI] impresso com o titulo de Noticia do Brasil no tomo 3o.,por,arredondou arrumado canami ctoriamente deulhe imprimindo leiase liahipe tampoam tapoam
314,cartasedificante02jesu,7,121,10,30 31 63 68 82 116 121 126 149 158,False,1753,spa,"Cartas edificantes, y curiosas, : escritas de las missiones estrangeras, por algunos missioneros de la Compañia de Jesus",spa,admitirnos brullos dumaier garbia mechabcr mehoipedo mtballee recaudador samannoud
315,mmoiressurlaloui00unse,7,45,1,45,False,1804,fre,"Mémoires sur la Louisiane et la Nouvelle-Orléans, : accompagnés d'une dissertation sur les avantages que le commerce de ",fre,alibamas biloni choctauus debiloxes denatchi ennillon riuiererouge
316,travelsthroughth00boss,7,15,37,11 14 15 20 28 54 56 61 63 72 84 85 86 87 91 95 97 98 105 108 111 114 116 118 124 125 128 130 132 133 140 141 149 150 151 152 155,False,1771,"eng,lat",Travels through that part of North America formerly called Louisiana.,eng,aesculus alisma biennis cateib clait cordisolia ennialcan kalniuurau loosestrise oenothera ostoualuis sagittated uuillouuherb
317,voyagetoislandsm02sloa,7,561,26,466 471 473 476 481 482 483 493 503 505 520 521 529 532 533 534 541 543 546 560 561 567 577 588 589 591,False,1707,eng,"A voyage to the islands Madera, Barbados, Nieves, S. Christophers and Jamaica, : with the natural history of the herbs a",lat,codee eacocks earisilhing lunatus pedunculus poliginglimus prosundior unculus
318,cartasedificante14jesu,7,138,7,68 120 121 138 172 175 210,False,1753,spa,"Cartas edificantes, y curiosas, : escritas de las missiones estrangeras, por algunos missioneros de la Compañia de Jesus",spa,ahumeando atraueisaban camoppi chapu encendimos groslera manipuris ouaktru taruppi
319,estatutosdorecol00cath,7,3,17,0 3 4 5 6 13 14 30 35 36 42 50 51 52 54 55 58,False,1798,por,Estatutos do recolhimento de N[ossa] Senhora da Gloria do lugar da Boa-Vista de Parnambuco: :,dut,acarretar auerao capelas coizas colhimento comestiuel cozinha instrusao sustentadas uarrer
320,lessingularitezd00thev,7,65,2,65 150,False,1558,frm,"Les singularitez de la France Antarctique, autrement nommée Amerique: & de plusieurs terre & isles decouuerte de nostre ",fre,estrouge hlei keuerendissi leursert nomentenleur plusespesles tamouhata unencest unteston uraihelon
321,nouveauvoyageaux02laba_1,7,127,5,93 127 168 195 274,False,1722,fre,"Nouveau voyage aux isles de l'Amerique, : contenant l'histoire naturelle de ces pays, l'origine, les mœurs, la religion ",fre,igarde illourg ilpace inemaison saiaises sppelle sunest
322,relationdelarivi00acua,7,19,3,12 18 19,False,1682,fre,Relation de la riviere des Amazones,fre,cnstoual epitomc espagnolcn mnndaue nosirt roiise soixanteon
323,diariodaviagemqu00samp,7,12,24,1 2 7 10 12 18 21 29 31 46 48 49 51 62 63 70 72 80 81 86 89 93 95 97,False,1825,por,"Diario da viagem que em visita, e correição das povoações da Capitania de S. Joze do Rio Negro fez o ouvidor, e intenden",por,apertamos comprirnentar cruelissima embaracada grossissimos indicauao mariuim perseguionos rucoca
324,relationdecequis00ragu_0,7,5,13,1 2 5 7 8 10 11 22 30 32 36 44 50,False,1649,fre,"Relation de ce qui s'est passé dans le pays des Hurons, pays de la Nouuelle France, és années 1647. & 1648",fre,asiaiionnee ccuis dduze ircrourner mainteriant quccest sctpbler
325,nouveauvoyageaux03laba_1,7,110,18,9 88 89 92 99 101 110 112 114 124 141 165 168 171 203 215 216 241,False,1722,fre,"Nouveau voyage aux isles de l'Amerique, : contenant l'histoire naturelle de ces pays, l'origine, les mœurs, la religion ",fre,acnet dunscm erulc habiletc iuuoir uoirsn uuniur
326,nuouiauisidellin00jesu_1,7,72,52,5 6 17 21 23 25 35 37 38 40 44 45 61 69 72 80 82 90 91 93 94 95 96 98 101 103 105 116 117 133 143 152 154 160 162 164 165 168 178 200 201 211 225 226 232 234 236 242 243 246 250 279,False,1562,ita,"Nuoui auisi dell'Indie di Portogallo, riceuuti dalli reuerendi padri della Compagnia di Giesu,",spa,banena brenemente padridi rantotempo ricapito sattinellisola scontra
327,characterofprovi00also_0,7,31,7,1 3 11 19 26 31 32,False,1666,eng,"A character of the province of Mary-land, : wherein is described in four distinct parts, (viz.) I. The scituation, and p",eng,babilons bahdin conuenticks deions impathie limtelh pamr upremaei
328,travelsinamerica03ashe,7,31,6,18 31 36 51 72 114,False,1808,eng,"Travels in America, performed in 1806, : for the purpose of exploring the rivers Alleghany, Monogahela, Ohio, and Missis",eng,adario kahokia kaskaskia massae rlue stagnated toicn
329,historianaturaly00acos_2,7,374,7,65 88 89 206 233 269 374,False,1590,spa,"Historia natural y moral delas Indias, : en que se tratan las cosas notables del cielo, y elementos, metales ... y guerr",spa,adorauanios aisolada aticano baldios dclosespano disierenen diuidianlo
330,historiagenerald13prvo,7,253,1,253,False,1763,SPA,"Historia general de los viages, ó nueva coleccion de todas las relaciones de los que se has hecho por mar, y tierra, y s",spa,camltamine delaiunaion hacernoche haquinguauua hermoos llegadsa negouuuo simmoiesecki tusoni uiesuecomieron
331,voyagedanslahaut00stjo_2,7,76,7,63 64 71 76 77 78 80,False,1801,fre,"Voyage, dans la haute Pensylvanie et dans l'état de New-York,",fre,ladopteras manitoo matchee matcheemanitoo muskanehong sechois temiskaming uuiguuham
332,truerelationofla00vinc_0,7,3,2,3 10,False,1637,eng,"A true relation of the late battell fought in New England, between the English, and the salvages. : VVith the present st",eng,conneehacut connettacuit encreas iictori othera pursueda tiuing
333,almanachamricain00ponc_1,7,165,7,31 40 64 74 117 165 183,False,1785,fre,"Almanach américain, asiatique et africain, ou État physique, politique, ecclésiastique & militaire des colonies d'Europe",fre,cadiiue eqro heureusemem holement nitd resasner serriu uuetest
334,nouveauvoyageaux09laba,7,126,27,27 37 41 52 92 94 95 97 100 117 120 122 125 126 131 132 145 169 176 182 185 187 197 210 212 220 227,False,1742,fre,"Nouveau voyage aux isles de l'Amerique, : contenant l'histoire naturelle de ces pays, l'origine, les moeurs, la religion",fre,bruman coramencemens depuil iresbon moniieue rassiaerie tappaillsn
335,recueildesvoyage00renn_16,7,91,24,3 5 28 42 65 91 95 106 138 145 176 184 189 190 201 202 204 222 231 234 241 271 279 299,False,1725,fre,"Recueil des voyages qui ont servi a l'etablissement et aux progrez de la Compagnie des Indes Orientales, : formée dans l",fre,adamsz complimensde cosequidonne darmoism deuxdude logeantes osiir
336,voyagedanslestat00stua,7,108,14,16 19 87 88 98 108 109 134 136 145 160 166 200 201,False,1791,fre,"Voyage dans les États-Unis de l'Amérique, fait en 1784; : contenant une description de sa situation présente, de sa popu",fre,andessus autreso capesear catauuba croisames eudcc landebretagne leuacua
337,abrgchronologiqu00barr_1,7,156,9,66 98 101 105 132 137 143 156 160,False,1766,fre,"Abrégé chronologique ou histoire des découvertes faites par les Européens dans les différentes parties du monde, : extra",spa,aespagne arbria dangereuscs ghima iucques mangdando someuse usarriuent
338,historischeundge00unkn,7,49,3,37 49 53,False,1750,ger,"Historische und geographische Beschreibung von Neu-Schottland, : darinnen von der Lage, Grösse, Beschaffenheit, Fruchtba",ger,enebloset getose goberge ratspies reslich rraben sricassen
339,ioannispetrimaff00maff_3,7,731,8,700 705 717 731 740 743 747 758,False,1593,lat,"Ioan[nis] Petri Maffeii, Bergomatis, e Societate Iesu, Historiarum Indicarum libri XVI. : Selectarum, item, ex Jndia epi",lat,albuquercii alodino armuziz cotribuit mainum mamudius mandarinum mangatis mariacum tidoris zeisadini
340,poblaciondebaldi00agui,7,62,3,62 69 81,False,1647,"spa,lat","Poblacion de Baldivia. : Motivos, y medios para aquella fundacion. Defensas del Reyno del Peru; para resistir las inuasi",spa,conseriales contarosoizide deealdiuia deiuoitsa edisicarian gaziques iicruiente mariquina seitaiciade uiliaiicai umanque
341,historiaorbister00becm,7,459,4,54 427 459 615,False,1692,"lat,eng,fre,ger","Historia orbis terrarum, geographica et civilis, de variis negotiis : nostri potiss. & superioris seculi, aliisve rebus ",fre,betuii clergci couere londinuni oppois pssaseadi puegno sixli uugonoti
342,nouveauvoyageaux05laba_1,7,56,9,39 55 56 70 80 152 176 190 253,False,1722,fre,"Nouveau voyage aux isles de l'Amerique, : contenant l'histoire naturelle de ces pays, l'origine, les mœurs, la religion ",por,dematee dislinguoic eseorroit longidonna policssion possesllon releruedeti
343,voyagedanslestat03laro,7,181,9,50 74 150 157 163 168 181 182 188,False,1799,fre,"Voyage dans les États-Unis d'Amérique, : fait en 1795, 1796 et 1797.",fre,piocksburi potsgroue skuilkili springmill sqdus starher starret tresrprosital
344,prologoyrelacion00jimn,7,166,21,32 33 50 110 111 134 138 139 163 166 185 195 226 245 248 252 259 273 284 304 313,False,1712,spa,"Prologo, y relacion de la vida de la Venerable Madre Sor Maria de Jesus de Agreda",spa,ahitos comuigaite cuttipli ihenbi kecogiase laitici lecoletos lohazia lonciencia
345,viaggioalbrasile02wied,7,21,21,8 9 21 24 30 36 44 57 58 64 65 66 70 82 85 88 92 94 100 107 114,False,1821,ita,"Viaggio al Brasile negli anni 1815, 1816 e 1817",spa,accorgemmo auuicinandosi bradipo conseguitosi imprestatoci preguizza scauato scoccata
346,histoiredelavirg00beve,7,21,12,19 21 22 37 79 89 99 113 147 153 164 165,False,1707,fre,"Histoire de la Virginie; : contenant, ...",spa,aeterre auke besbins hontas iomettois nantaquam pnnceise
347,histoiregnralede17prvo_0,7,424,2,424 425,False,1746,fre,"Histoire générale des voyages, ou nouvelle collection de toutes les relations de voyages par mer et par terre, qui ont é",fre,chainesd cointenant doudous loiranteimit pendeloque soirante tirebourre
348,nuouiauisidellin00jesu,7,51,9,6 8 16 18 19 22 42 49 51,False,1568,ita,"Nuoui auisi dell'Indie di Portogallo, riceuuti dalli reuerendi padri della Compagnia di Giesu,",spa,incaulani lequale maleane mancam mezchie mezchita noaro parlario qualtmolto ratiare similmenteil tenendoui unolessere
349,histoiregnralede09prvo_0,7,660,3,237 660 729,False,1746,fre,"Histoire générale des voyages, ou nouvelle collection de toutes les relations de voyages par mer et par terre, qui ont é",fre,calaminham desdouze dintermede etoientha euentra ioipaturen snssent
350,histoiredelouisi03lepa,7,103,22,19 20 57 61 71 72 73 75 77 80 81 83 87 103 125 126 137 169 179 182 196 197,False,1758,fre,"Histoire de Louisiane, : contenant la découverte de ce vaste pays; sa déscription géographique; un voyage dans les terre",fre,auembler beissoient cadenette eclaireroit egrainer epineuie repentiroit
351,lelevedelanature03beau,7,36,7,21 22 29 34 36 39 44,False,1793,fre,L'eleve de la nature,fre,belensant concluras elepee iomber netourdir remeses serrais
352,johannlorenzmosh00mosh_2,7,706,22,58 119 262 267 419 478 575 602 706 727 808 839 879 920 947 1043 1046 1054 1124 1125 1151 1201,False,1742,"ger,mul",Johann Lorenz Mosheims Sitten-Lehre der Heiligen Schrift,ger,gebradt hautre herzhastig hochsteng iorasken kundanten uuahnes
353,opusculumdemirab00albe,7,29,7,28 29 33 48 53 55 57,False,1510,lat,Opusculum de mirabilibus nouae [et] ueteris urbis Romae,lat,altasemita cartaiea collossum constantianas curatotes denunciatores promethei
354,relationhistoriq00paga,7,62,17,1 2 8 9 10 17 19 25 28 29 34 36 37 38 41 61 62,False,1655,fre,"Relation historique et geographique, de la grande riuiere des Amazones dans l'Amerique",dut,copules cultiuce estdc gsez horaire laborieusement paralaxe teuusiours urailieude
355,lelevedelanature01beau,7,24,9,14 18 24 30 39 42 50 52 54,False,1793,fre,L'eleve de la nature,fre,baissait continuais crusse enchraina etqu haissait meritais
356,nouveauvoyageaux03laba,7,193,28,16 17 22 24 30 31 33 37 42 53 82 100 133 141 144 148 156 174 190 193 194 198 208 214 221 222 224 229,False,1742,fre,"Nouveau voyage aux isles de l'Amerique, : contenant l'histoire naturelle de ces pays, l'origine, les moeurs, la religion",fre,attelc comiiie ilseroitim iosqu liinze roiaaes sembocce surpaite
357,nouveauxvoyagesd00boss,7,91,3,31 91 196,False,1777,fre,"Nouveaux voyages dans l'Amérique septentrionale, : contenant une collection de lettres écrites sur les lieux, par l'aute",fre,alueole liliboi maieshieuse maslication richissoit saisonpour uendoie
358,histoirenaturell00gumi_0,7,94,14,3 10 45 52 62 66 75 76 94 97 105 107 117 119,False,1758,fre,"Histoire naturelle, civile et geographique de l'Orenoque. : Et des principales riviéres qui s'y jettent. Dans laquelle o",fre,bechons betoie boisldn iendurerai itteralement naislknc pluca supportons
359,moeursdessauvage00lafi_5,7,89,6,87 89 110 123 140 143,False,1724,fre,Moeurs des sauvages ameriquain. Comparées aux moeurs des premiers temps.,spa,aslaisonnent doucsur pirunet reoainte rtehesie sarazms subirais transgreslant ttzih
360,nouveauvoyageaux04laba,7,14,21,3 14 18 19 53 58 70 84 85 96 99 122 149 158 159 165 181 218 231 243 244,False,1742,fre,"Nouveau voyage aux isles de l'Amerique, : contenant l'histoire naturelle de ces pays, l'origine, les moeurs, la religion",fre,caistc ccumoircs chiiibir cocez kuusuu sapports tarricrc
361,huehuetlahtolliq00juan,7,61,4,56 61 63 68,False,1601,"nah,spa","Huehuetlahtolli, que contiene las plàticas que los padres y madres hicieron á sus hijos y á sus hijas, y los señores á s",spa,agredezco cikma decimieniq iosdio paeuen suesio uiuieres
362,levoyagedelillus00unkn_0,7,13,12,6 13 24 30 33 34 37 60 63 66 67 68,False,1627,fre,"Le voyage de l'illustre seigneur et cheualier François Drach, admiral d'Angleterre, à l'entour du monde",fre,anamaac cagaplata cagasuega dargentie dharquebusa estdestusle iiousauons
363,derwunderwrdigej00ross_0,7,544,13,138 149 181 298 312 488 522 538 539 544 562 611 729,False,1701,ger,"Der wunderwürdige Juden- und Heiden-Tempel, : darinn derselben Gottes- und Götzen-Dinst, eröffnet und gezeigt wird.",ger,begeichneten bthia erdeund erdhodens inegemein olerpina radern serpendo sriechenden ssleider sırmaments treilsie
364,historiaindiorie00arth,7,208,8,29 33 48 128 206 208 216 260,False,1608,lat,"Historia Indiæ Orientalis, : ex variis auctoribus collecta, et iuxta seriem topographicam regnorum, prouinciarum & insul",lat,celcbrant cruraeorum eisdcledantur elipeoruia hastarum ipsaelegailter lestitantadc niiptiis pulaa qnetresuel quadragcsimas sseruntiitttcr
365,confessionariobr00moli,7,18,3,7 10 18,False,1565,"spa,nah","Confessionario breue, en lengua mexicana y castellana:",spa,acacomo alagula mieros nocheotracosa nolpreciando oclasanera oting pbeuer pgle tempozas
366,sumadegeographia00enci_0,7,16,2,16 18,False,1519,spa,Suma de geographia q[ue] trata de todas las partidas [y] prouincias del mundo: en especial de las Indias. [Y] trata larg,spa,chetiene declinacio eclinacio escolastica krit nocheha ocidetalesa rruiii
367,dienewweltderlan00unkn,7,276,98,11 12 42 70 84 88 124 137 140 144 156 173 181 184 194 201 211 227 245 253 257 267 276 287 294 300 314 319 329 335 336 338 339 340 346 348 352 354 371 372 373 383 393 408 415 418 420 433 444 450 461 462 478 491 496 514 541 543 554 562 585 587 601 604 609 622 638 639 650 651 652 680 686 694 700 705 725 727 742 758 761 762 763 769 783 785 797 820 833 839 847 859 860 885 890 921 933 935,False,1534,ger,"Die new Welt, der Landschaften vnnd Insulen, so bis hie her allen Altweltbeschrybern vnbekant, jungst aber von den Portu",ger,angesiept atuuau bnbalsersep btegrdsten deumum dornigen epnem eruutistpcn gerticps icrbrent penest salbeti stebsiimen uutss
368,derreiseumdiewel00damp,7,22,11,14 22 73 77 99 155 212 224 266 269 300,False,1703,ger,"Der Reise um die Wel[t] anderer Theil, : in sich haltende einen dreyfachen Anhang, als I. Eine Reise nach Achin auf S[u]",ger,bioß daßd enstehet slitzen spihe tifonsnennet tonquiuischen umschuueisse
369,cartasedificante13jesu,7,196,16,3 4 9 17 90 136 137 142 189 191 195 196 198 213 217 229,False,1753,spa,"Cartas edificantes, y curiosas, : escritas de las missiones estrangeras, por algunos missioneros de la Compañia de Jesus",spa,eiscan hiruieramos mailil malhumor patecia rempestad solamcr sresearse suadida
370,beytrgezurgeheim12wiel,7,143,10,6 38 46 50 69 79 103 120 143 154,False,1770,ger,Beyträge zur geheimen Geschichte des menschlichen Verstandes und Herzens. : Aus den Archiven der Naturgezogen. ... Erste,ger,aselmduse diessatur erslcsrt innebatt innltcbscit orbringung thierische tltuseit tnaig ttctire uerseinerte
371,essaisurlhistoir00nico,7,77,33,55 59 62 77 79 87 104 115 121 124 130 133 137 138 140 150 155 170 172 191 192 194 196 201 202 210 213 214 219 220 221 223 226,False,1776,"fre,lat","Essai sur l'histoire naturelle de l'isle de Saint-Domingue, : avec des figures en taille-douce",fre,audiencier dabricotiers rocheuse souscom tamiraute uliiet uoldrogue
372,memorialquefrayi00bena,7,39,11,6 8 12 21 22 23 28 31 35 38 39,False,1630,spa,"Memorial que fray Iuan de Santander de la Orden de San Francisco, comissario general de Indias, presenta a la magestad c",spa,airoas arigosbsique cercadade cerroi estauna hucs iladesterioa pobiadoee rillasdc
373,ddionnisdesolorz02solr,7,1313,26,24 115 166 210 249 306 568 621 682 796 806 813 832 923 992 1286 1313 1558 1568 1580 1667 1744 1787 1820 1930 2040,False,1672,lat,"D.D. Ionnis de Solorzano Pereira, I.V.D. ... De Indiarum iure. siue De iusta Indiarum Occidentalium inquisitione, acquis",fre,capitius conuepntaum magilius matrimorii monaltterium ssnemn tiantem ttadunt
374,relationdelarivi00acua_0,7,25,7,3 12 19 25 26 38 59,False,1682,fre,Relation de la riviere des Amazones,fre,auisiles choisl mamert mcbeure qette rcile sroidl
375,historiadelascos00gonz,7,32,7,22 32 58 144 155 238 289,False,1585,spa,"Historia de las cosas mas notables, ritos y costumbres, del gran reyno dela china, : sabidas assi por los libros delos m",spa,aukndohsabido caitamente enrangeros grantempesiad smhagermd spirim uausaos
376,relatioquamphili00bena,7,19,3,10 19 28,False,1634,lat,"Relatio quam Philippo IV. catholico Hispaniarum, &c. regi, per modum memorialis, sive libelli supplicis exhibuit Reveren",spa,ksisi modic niinores otales sepraecipi smnme tliesauros uelsugientes ziuitslm
377,viaggioalbrasile01wied,7,41,12,9 12 19 26 41 42 63 69 74 75 77 84,False,1821,ita,"Viaggio al Brasile negli anni 1815, 1816 e 1817",por,burrasche canneto occorrente picciolissime ruggine rusiuentris sarsalla
378,journaloudescrip00scho,7,4,9,3 4 10 12 18 19 27 30 48,False,1619,fre,"Journal ou description du merveilleux voyage de Guillaume Schouten : Hollandois natif de Hoorn, fait es années 1615, 161",fre,consrinuoir continuoitle eusmesbeau ipperceumcs lelauiiuu misnutcs nauigac nourbieh prenmons stidoest sudoesl uasler
379,gulliverrevivedc00unkn,7,23,6,7 13 17 23 32 36,False,1798,eng,"Gulliver revived; : containing singular travels, campaigns, voyages and adventures in Russia, Iceland, Turkey, Egypt, Gi",eng,abiiinancc barrons culprits gibber icuen poslestor uriah
380,historiadellindi00thev,7,5,28,0 5 9 14 15 31 32 51 56 57 63 68 86 91 95 102 118 119 121 126 133 144 151 156 172 178 182 183,False,1561,ita,"Historia dell'India America detta altramente Francia Antartica,",por,agnan erelizion ganibali maappressogli pelato pirggia portuughese scoride seluaogi uuiuono
381,ovapaschaliasacr00sten,7,233,11,13 25 44 46 77 82 115 142 233 251 258,False,1635,lat,Ova paschalia sacro emblemate,lat,euagmo exhacacedia iihcu minussapiunt siuaum temporahum tristetur uthomo
382,historiadaprouin00gand,7,0,14,0 1 6 9 11 13 20 21 26 28 31 32 44 47,False,1576,por,Historia da prouincia sa[n]cta Cruz a qui vulgarme[n]te chamamos Brasil: feita por Pero de Magalhães de Gandauo.,spa,abriise breueo deoses euoraadez hpezikmro insormacam ladraiie uendense zuilo
383,cartasedificante04jesu,7,128,13,4 10 23 35 76 128 138 139 168 215 223 240 252,False,1753,spa,"Cartas edificantes, y curiosas, : escritas de las missiones estrangeras, por algunos missioneros de la Compañia de Jesus",por,almamente assracan atraueitando islada kezeluzm kutum siparse
384,miscellanies00volt,7,128,1,128,False,1778,eng,Miscellanies,eng,burbs diipuie dtmned iuhohad ninetieight oszadigs zadig zoroas
385,recueildesvoyage00renn_14,7,169,15,5 6 12 13 17 37 60 67 75 77 80 99 107 169 194,False,1725,fre,"Recueil des voyages qui ont servi a l'etablissement et aux progrez de la Compagnie des Indes Orientales, : formée dans l",fre,aussiquaree bitusauuuep emrautres hastions leraia mieuxaime sabrang
386,tafereelenvanbra00fisc_0,7,139,26,10 11 22 23 27 31 32 40 41 43 46 63 69 72 108 112 117 118 121 125 130 133 139 143 147 149,False,1819,dut,Tafereelen van Brazilië,dut,aanuuezig binnenuuater dierenstemmen gogita italiaansche sranciskaner stechts zoogenaamde
387,moeursdessauvage00lafi_2,7,80,7,27 49 80 84 92 117 119,False,1724,fre,Moeurs des sauvages ameriquain. Comparées aux moeurs des premiers temps.,fre,chrale gtaisser laerte liaudees nethode rsdduur smuent
388,nouveauvoyageaux05laba,7,62,5,8 21 62 91 93,False,1742,fre,"Nouveau voyage aux isles de l'Amerique, : contenant l'histoire naturelle de ces pays, l'origine, les moeurs, la religion",fre,comprirenc crisiees ensilerent pagalies pouiterent repaierent ureuse
389,cartasedificante09jesu,7,10,8,10 33 35 180 206 217 218 232,False,1753,spa,"Cartas edificantes, y curiosas, : escritas de las missiones estrangeras, por algunos missioneros de la Compañia de Jesus",spa,coniidcra constantmopla ganosano heraclu hospedarme mircofito suandersi
390,descriptionofnew00gard,7,69,13,11 23 26 33 40 54 56 62 65 67 69 70 71,False,1651,eng,"A description of the new world. : Or, America islands and continent: and by what people those regions are now inhabited.",eng,chianeai equinodtie isisa oonas sesuuits sorships stoptto stuads
391,cartasedificante03jesu,7,89,5,54 71 89 198 201,False,1753,spa,"Cartas edificantes, y curiosas, : escritas de las missiones estrangeras, por algunos missioneros de la Compañia de Jesus",spa,baitantemente huimiuma ienqut liggui niumqui qnsmaito temuioma todiuinegge tripue
392,compendiodelarte00caro_2,7,78,10,14 19 21 65 78 84 112 114 129 136,False,1759,spa,Compendio del arte de la lengua mexicana,spa,enlodada ettaba iecmattl martl moteoxiub motisliscamb noteocuitl notzontecon quachpamitl quattl topile xquattl
393,dethesaurisdoced00casa,7,124,8,26 30 33 45 65 124 161 173,False,1566,"lat,spa","[De thesauris, Doce dudas, Casas' last memorial to the Consejo de Indias, and Selections of Casas' last will and testame",dut,aegregitzg emaouuues geesee iuliol licebal lperzarntz pabiberrs populozar terpenzdia teze uridiram
394,histoiregnralede15prvo_0,7,463,3,50 179 463,False,1746,fre,"Histoire générale des voyages, ou nouvelle collection de toutes les relations de voyages par mer et par terre, qui ont é",fre,caslini commiinement ellipse liderant neuton quapteun unellipsoide
395,cestladeductiond00unkn,7,75,6,14 30 44 51 75 78,False,1551,fre,"Cest la deduction du sumptueux ordre, plaisantz spectacles et magnifiques theatres dresses, et exhibes par les citoiens ",fre,angletzdu assiecson astrec bienaux esmail ladameprudente laissantla neltreune representele
396,historiagenerald28prvo,7,231,3,183 231 354,False,1763,SPA,"Historia general de los viages, ó nueva coleccion de todas las relaciones de los que se has hecho por mar, y tierra, y s",spa,desmontado distancid manantialesde mouedi piantaciones qualquu rnsllas
397,tyranniesetcruau00casa_0,7,46,2,40 46,False,1630,fre,"Tyrannies et cruautez des Espagnols, commises es Indes Occidentales, qu'on dit le nouueau monde.",fre,baptha couppelune custiun engrosser louoic mesouuient pterai
398,gwybodaethacymar00wils,6,136,69,5 9 10 11 14 15 16 17 18 19 20 21 24 26 28 31 34 36 39 40 41 50 53 54 55 56 64 66 69 73 74 75 76 77 78 79 81 82 84 88 89 90 92 93 95 97 100 101 104 105 107 108 109 110 114 121 123 124 125 126 127 133 136 139 140 148 158 159 160,False,1774,wel,"Gwybodaeth ac ymarfer o'r grefydd Grist'nogol, wedi ei gymhwyso at ddealldwriaeth pobl annysgedig: neu Gynhygiad i athra",por,arall asoch ciduuibod criil criition cristion digior diledsuuidd diuuedais drididd enuuedig esgeuluso gintas guuir guuirsoddus guurando iddint isprid naturiol nogion rhain sedidd sirthio slinor ssordd
399,tratadovnicoysin00roch,6,158,5,15 154 155 156 158,False,1681,"spa,lat","Tratado vnico, y singular del origen de los indios occidentales del Piru, Mexico, Santa Fè, y Chile..",spa,antigaos conquiis espaholcs eusnitres fiu icimuras isrielitas mudotieneo mumiz necianes qprosundidad
400,historyoftrauayl00unkn,6,6,4,6 455 605 621,False,1577,eng,"The history of trauayle in the VVest and East Indies, and other countreys lying eyther way, towardes the fruitfull and r",eng,conucnientli dccanes fiand honoursgood inlistning ladiships liereun osluli pagcrcade rirrr spedili sullidoone untothis uueeried
401,hieronymicardani00card,6,596,16,110 154 155 440 586 591 593 594 596 602 603 606 608 609 610 613,False,1580,lat,"Hieronymi Cardani Mediolanensis, medici, De subtilitate libri XXI",lat,absolutissima brotum cursola descendung eraatio indzleliles iridesil macila nonind plemilunto sisuram uitulue
402,indiaeoccidental00ensg,6,186,15,30 85 120 122 124 147 152 153 155 160 163 186 189 197 198,False,1612,lat,"Indiae Occidentalis historia : in qua prima regionum istarum detectio, situs, incolarum mores, aliaque eò pertinentia, b",lat,bancnumero crassiora cribusitertius ctiampauuo duosiliis habencibus ingluuicm longislimus pariscum pracditum propenden proximostribus septemi squamosos ucroquelatere uigintisex
403,viaggioalbrasile03wied,6,47,7,1 16 47 61 62 66 67,False,1821,ita,"Viaggio al Brasile negli anni 1815, 1816 e 1817",spa,attrauersare botocudi brasiliesi canauieras hahipe ilusos ingombro messicani patipe signisicazione uuiagcio
404,nuouiauisidellei00jesu,6,0,6,0 6 7 10 15 16,False,1553,ita,Nuoui auisi delle Indie di Portugallo riceuuti questo anno del .1553. : doue si tratta della co[n]uersione di molte pers,spa,angiolo anrico anriquez antipodi baldassarre ceilloro comealla crdine dicesle ellenzs giaponesi glialeri loroun parochiano principalincre topazzi
405,deshrnclaudiileb00lebe,6,186,34,0 5 17 77 82 97 104 118 119 131 154 170 171 183 186 194 195 198 214 221 246 247 250 253 257 258 266 269 271 310 334 357 386 400,False,1752,ger,Des Hrn. Claudii Le Beau Parlements-Advocaten zu Paris Neue Reise unter die Wilden in Nord-America; oder merkwürdige Nac,spa,anniese bornebmts ennepin euuectert gugellandern iidqiu lsersd misgegesien oaselbst oretistg rtasm sreuengellano sscupors ssßobnstsa tottts unmdpsluut
406,derenglischeheld00rb16,6,148,8,64 136 148 154 166 184 193 197,False,1726,ger,"Der englische Held und Ritter Franciscus Dracke, : in einer ausführlichen Beschreibung von dessen Leben, Thaten und See-",eng,birding copperas cubebs groce hoglhead piax saitasrasuuood shotlcad undressd
407,lawsofjamaicapas00jama,6,197,6,190 192 196 197 198 201,False,1716,eng,"The laws of Jamaica, : pass'd by the governours, Council and Assembly, in that island, and confirm'd by the crown. To wh",eng,assidauits eightpence mitimus patented quistion recognizance subp
408,historienaturael00acos,6,348,3,45 348 399,False,1624,dut,Historie naturael en morael van de Westersche Indien. : Waer inne ghehandelt wort van de merckelijckste dinghen des heme,dut,doghelsplupnen doozgaen eerbiedinghe iniester mepz schaone soeck soubden toegheuuent uiztlipuztli
409,mondoelementaree00rosa,6,209,25,1 3 4 25 55 59 75 77 120 125 126 128 131 144 172 181 183 185 197 198 205 209 210 211 221,False,1604,ita,"Mondo elementare, et celeste",lat,accodandomi epilesta ercitano irebbe lontar neucremo noturnai paralesta ritgiada usshudesidcno
410,ceremoniesfunebr00mure,6,37,8,27 37 44 48 55 84 95 96,False,1679,fre,Ceremonies funebres de toutes les nations.,dut,carquan crisioient ctionnez diuemsiement iacrisioicnt ineem raasse sbnnetes sentist
411,histoiredelaconq02leon,6,199,13,18 71 90 112 113 116 131 151 161 168 199 200 259,False,1707,fre,"Histoire de la conquête des isles Moluques par les Espagnols, par les Portugais, & par les Hollandois. :",fre,anglpises codsisto commmander dabrco diioientils eipagnok garrucho gauma lelquclles ucesdans
412,recueildobservat04lamb,6,66,6,61 66 73 77 79 98,False,1749,fre,"Recueil d'observations curieuses, : sur les moeurs, les coutumes, les usages, les différentes langues, le gouvernement, ",fre,dcuubctti girolles impetuositc iuucs lources popot sorienc uilaee unguliere
413,voyagelanouvelle00whit,6,223,6,30 118 140 218 223 234,False,1795,fre,"Voyage à la Nouvelle Galles du Sud : a Botany-Bay, au Port Jackson, en 1787, 1788, 1789;",fre,cendr chatoiseau deduuards gobbemoitche gobbemouche moucherolle raoucherolle
414,historienaturael00acos_1,6,65,43,23 26 49 60 65 70 80 119 131 135 136 148 155 183 188 190 193 196 204 211 223 244 248 263 271 275 283 284 288 306 329 337 339 342 369 370 377 394 398 399 404 416 419,False,1598,dut,Historie naturael ende morael van de Westersche Indien : waer inne ghehandelt wordt van de merckelijckste dinghen des he,dut,bianttoesenbe giebtupcben guuotais mogien nigromantie oetoen ontoetenliept pimius stsitlberiie tbplanbtsoo toerslaen toerslanbt toertoo toescn toooisetoer uuconsleban
415,truediscourseofp00hamo_0,6,17,4,15 17 29 41,False,1615,eng,"A true discourse of the present estate of Virginia, and the successe of the affaires there till the 18 of Iune 1614. : T",eng,adulberries andonel beieereli cittieand gnesles hentico hundirds muchbetter ploughes replanted selsekneuuno
416,voyagesetdescouu00cham_1,6,14,9,2 14 30 31 33 47 52 59 71,False,1619,fre,"Voyages et descouuertures faites en la Nouuelle France, depuis l'année 1615. iusques à la fin de l'année 1618.",fre,attigouautan aurnees estoitleperelo iberai outrouuas peuhom rtnam sitrouilles trelbeau
417,veyntediscursoss00sala,6,142,10,44 90 103 124 128 142 148 151 186 291,False,1577,spa,"Veynte discursos sobre el credo, en declaracion de nuestra sancta fe catholica, y doctrina christiana muy necessarios a ",spa,amorosisimos asrentando ecada eclipiarle eiiospara emaquelia inesableslos iuaacercandose mostrarmosda obedientisimo obicurecerte perencia sacratislima tuiusticia uarona
418,voyageaujardinde00jauf,6,39,1,39,False,1797,fre,"Voyage au jardin des plantes, : contenant la description des galeries d'histoire naturelle, des serres où sont renfermés",dut,baissait chaitil guait lesend letourderie linuitait nstant precedaient
419,ideadelvalordela00snch,6,5,2,5 41,False,1785,spa,"Idea del valor de la isla Española, y utilidades, que de ella puede sacar su monarquia.",spa,catuan caucedo consluencia nisao practicarlo sotabento
420,americapaintedto00gorg,6,285,2,284 285,False,1659,eng,"America painted to the life. : The true history of the Spaniards proceedings in the conquests of the Indians, and of the",eng,acanilso aslumptions boeing eodouicus iacapucaia lampugnanus lariuros magrus neuiengland sesdinando stsland ubirapicanga
421,letterswrittenfr00hall,6,2,1,2,False,1824,eng,"Letters written from Colombia, during a journey from Caracas to Bogotá, and thence to Santa Martha, in 1823",eng,augare barquesimeto bomantic cogedes dccili morita motatan mucucubar obispas panpanito
422,relationhistoriq00paga_0,6,13,17,2 8 13 16 17 19 20 24 28 34 35 36 38 41 53 54 61,False,1656,fre,"Relation historique et geographique, de la grande riuiere des Amazones dans l'Amerique",fre,bosihorc dacogne despouiues dqrienc lislance tarcique uniquc unsepl
423,geschichtenicola00unkn,6,21,5,7 10 13 18 21,False,1756,ger,"Geschichte Nicolai des Ersten, Königs von Paraguai, und Kaysers der Mameluken",eng,arbarts eugeitalten gusammenitoii meislete oerscimmlet raurtgs reductiones sestagen sesuuton stitrus taugbar tbui tunbebmi
424,recueildobservat03lamb,6,66,14,9 16 25 47 48 65 66 70 72 73 98 103 118 130,False,1749,fre,"Recueil d'observations curieuses, : sur les moeurs, les coutumes, les usages, les différentes langues, le gouvernement, ",fre,chiuouaoh conduisen euaseede imiration maledic nacquic renaident soiiuarnakia
425,delarochefaucaul02laro,6,185,24,11 46 49 55 79 98 113 115 121 122 124 145 159 162 176 183 185 197 202 209 228 229 248 256,False,1799,ger,"De la Rochefaucauld Liancourt Reisen in den Jahren 1795, 1796 und 1797 durch alle an der See belegenen Staaten der Norda",eng,astorrisoihe berlebte bestnbee esamare ilabt lanbete lmerisa naßer rneiile rucsseßrt scicsem sihaniett ubsc
426,voyagesautourdum01pag,6,31,9,12 28 29 31 80 101 102 104 113,False,1782,fre,"Voyages autour du monde, et vers les deux poles, par terre et par mer, : pendant les années 1767, 1768, 1769, 1770, 1771",fre,cependiant danssaplus diepuis grandelargeur ileunion nordoucsl renipia uariabl
427,viaggidallachina02mear,6,19,4,19 21 30 56,False,1796,ita,Viaggi dalla China alla costa nord-ovest d'America fatti negli anni 1788 e 1789,lat,cantarono distaccamento ganascia lontra mescolanza quipaggio rimarcaua
428,voyagedanslahaut00stjo_4,6,69,9,39 64 65 69 105 126 162 183 188,False,1801,fre,"Voyage, dans la haute Pensylvanie et dans l'état de New-York,",fre,eleuerai incopceuable landaises recolterai sexception stanuuick transmettrai uendrai
429,nuouiauisidellin00jesu_0,6,17,6,0 2 5 17 19 50,False,1559,ita,"Nuoui auisi dell'Indie di Portogallo, riceuuti dalli reuerendi padri della Compagnia di Giesu,",spa,accresciuti chrisianin colleziosopra costax ctendoli menandost palmein santisitmo
430,neuereisebeschre00dell,6,120,15,3 8 33 34 42 61 63 68 76 95 100 108 118 120 130,False,1700,ger,"Neue Reise-Beschreibung nach Ost-Indien, : darinnen die Insul Bourbon oder Madagascar, Suratte, die Küste von Malabar, C",dut,braslien cocosbaumen knopsse mimmt poteguas schmutck sstere
431,regulaeseuconsti00vinc,6,29,1,29,False,1743,lat,Regulae seu constitutiones Communes Congregationis Missionis,lat,adolescentulis ceitu ecclesire ecclesuue ineiuimodi moralem orbatse pasloribus polemicam positiuam sandtisi schomicam slicam
432,histoireduperupa00cala,6,131,13,18 44 89 103 110 131 139 141 143 145 150 151 155,False,1670,spa,Historia de la conquista de la China por el Tartaro.,spa,conpasiuo culado inmobiies liruiendole meneai pedado sakeadores senblante unmos
433,voyagesetavantur00tyss_2,6,141,7,12 30 39 40 135 141 173,False,1742,fre,Voyages et avantures de Jaques Massé,dut,aipcu bougions crpire gpus pestarnes pouui qpee
434,moeursdessauvage00lafi_4,6,0,4,0 26 63 158,False,1724,fre,Moeurs des sauvages ameriquain. Comparées aux moeurs des premiers temps.,fre,denreuier diuimcc heimetique hieroghfi iuaquedu kitker ktrker penington prisps
435,viagedeamericaro00cast_0,6,37,2,19 37,False,1689,"spa,lat","Viage de America a Roma,",spa,apalcadores bolantes delarardesos duestso estabatiendo masteleros susamarguris
436,voyagedanslesdeu00perr_1,6,119,5,102 119 127 204 224,False,1805,fre,"Voyage dans les deux Louisianes, et chez les nations sauvages du Missouri, par les États-Unis, l'Ohio et les provinces q",dut,appliqupit iiilles loulsianes raouuemens sauoianne sousat upique
437,voyagedeguineeco00bosm,6,264,7,136 180 214 264 272 322 324,False,1705,fre,"Voyage de Guinée, : contenant une description nouvelle & très-exacte de cette côte où l'on trouve & où l'on trafiqu",spa,atdra calbari consissent guuon iammes ronue soenmis
438,verbesserterneer00sorg,6,71,6,1 6 11 13 44 71,False,1726,ger,"Verbesserter, neüer und vollkommener Staats-Calender genandt der Hinckende Bott. : Darinnen die zwölf Monat, Natur und E",ger,bedaur dreßden entstuhnde henhauß hochuuald pieterlen salanden senersbrunst skunden
439,voyagedanslestat01laro,6,91,7,16 22 91 109 118 142 153,False,1799,fre,"Voyage dans les États-Unis d'Amérique, : fait en 1795, 1796 et 1797.",fre,dasilum demidollar iassurant itreprise montule possibilites rnsourg scheliings
440,vidaapostolicade00jarq,6,15,15,2 7 10 15 23 28 44 63 80 90 121 130 131 132 144,False,1664,spa,"Vida apostolica del venerable padre Iosef Cataldino, : vno de los primeros, y mas insignes conquistadores de las dilatad",spa,aaharaaa bizola bruiz cataldino dedicandole enerabilisimo quaatas sploradoses susuidas
441,nouusorbisregion00hutt,6,29,4,8 16 29 545,False,1532,lat,"Nouus orbis regionum ac insularum ueteribus incognitarum,",lat,azuru copledes dcuratu kirzoth lithuanoru lllirica rapacissima scithiee
442,nouveauvoyageaux06laba,6,17,8,2 13 17 21 66 100 143 146,False,1742,fre,"Nouveau voyage aux isles de l'Amerique, : contenant l'histoire naturelle de ces pays, l'origine, les moeurs, la religion",fre,altaslinat croissanr crontans csisoit pellai qurserma repoiute
443,nouveauvoyagedan00adam,6,117,4,117 136 137 152,False,1817,fre,"Nouveau voyage dans l'intérieur de l'Afrique, fait en 1810, 1811, 1812, 1813 et 1814, ou Relation de Robert Adams, Amé",fre,actaa dadams enrennte lombuctoo tombuctoo uuoledd
444,nouusorbisregion00hutt_1,6,30,3,27 29 30,False,1532,lat,"Nouus orbis regionum ac insularum ueteribus incognitarum,",lat,azuru ctcuratns ctiblai galitaae latisluusus lithuanoru mangodanior nteolat sclauonicae tibertadis
445,abrgchronologiqu00barr_0,6,193,22,16 52 55 59 66 68 72 79 95 97 99 100 101 110 117 122 131 135 148 160 166 193,False,1766,fre,"Abrégé chronologique ou histoire des découvertes faites par les Européens dans les différentes parties du monde, : extra",dut,consideratlon dedoma dispuies insrustueux laudienge slinerailles stissent
446,opusculumgeograp00myri,6,15,2,15 18,False,1590,lat,"Opusculum geographicum rarum, : totius eius negotii rationem, mira industria et breuitate complectens, iam recens ex diu",lat,ampleclenticli caiiellum congregattt ebarclz isthmos rustican signtsicatione undtquc urbenu
447,vuedelacoloniees00berq_1,6,73,1,73,False,1803,fre,"Vue de la colonie Espagnole du Mississipi, : ou des provinces de Louisiane et Floride Occidentale, en l'année 1802,",fre,censcinquante censquatre centquarante centquatorze exploitant millehuit roulaison
448,neuerweltbotmits00vand,6,139,17,2 4 88 118 131 134 139 175 189 243 264 289 310 314 389 403 428,False,1733,ger,"Neuer Welt-Bot, : mit sich bringend eine wahrhaffte Historie einiger von denen Patribus der Gesellschafft Jesu in Paraqu",fre,atiusortbeten dudbelsusirer mussel qebcn sottse suumbudi tbne
449,newfoundvvorldeo00thev,6,5,2,5 6,False,1568,eng,"The new found vvorlde, or Antarctike, : wherein is contained wo[n]derful and strange things, as well of humaine creature",eng,ablen assectioned beningli bilide chaunge continuallp cptisens displealure loꝛde osmeate oꝛatoꝛ pacient pexroicall
450,advertissementce00unkn,6,12,5,2 3 4 11 12,False,1588,frm,"Advertissement certain contenant les pertes aduenues en l'armee d'Espagne, vers le noest, de la coste d'Irlande, en leur",fre,ballarddu cdrre chesdunegra escosle iusquaceiourla noell nordioell nordoell plusicurstem sudioest tlammg uexdmmdtion
451,relationsofmostf00bote,6,113,1,113,False,1608,eng,"Relations, of the most famous kingdoms and common-weales thorough the world. : Discoursing of their scituations, manners",eng,aceota ashare commodsous eariia icituaa iderbebo intrap pnnccdomcs sertisror spints
452,relationhistoriq01cava,6,206,14,2 19 21 48 56 78 83 133 134 140 171 205 206 207,False,1732,"fre,por","Relation historique de l'Ethiopie occidentale: : contenant la description des royaumes de Congo, Angolle, & Matamba, tra",fre,basnle hlamba idolesen insissi loandasan lutans lutina maopongo mobula
453,voyagetocaliforn00chap,6,29,2,13 29,False,1778,eng,"A voyage to California, to observe the transit of Venus.",eng,ahite attisco exadness huistc inspeisting necessarlli parsonage popotta
454,candideangloisou00bick_0,6,72,21,1 5 11 16 18 19 50 51 57 69 72 93 96 103 106 108 113 120 129 134 150,False,1771,fre,"Candide anglois, ou Aventures tragi-comiques d'Amb. Gwinett avant et dans ses voyages aux deux Indes. Premiere [-Seconde",fre,deuoila lrmbeaux oppresicur princesise puisan slproche uouiout
455,abrgchronologiqu00barr_10,6,176,20,28 42 52 72 78 80 89 101 102 104 125 140 142 146 151 154 165 176 180 181,False,1766,fre,"Abrégé chronologique ou histoire des découvertes faites par les Européens dans les différentes parties du monde, : extra",fre,ciiit etoientsi gieiisement iaquellc iutquaii naunag ralsales sigrolse tauuages tinette
456,hodporiconindior00vart,6,23,8,11 23 24 33 55 80 101 118,False,1608,ger,"Hodæporicon Indiæ Orientalis; Das ist: Warhafftige Beschreibung der ansehlich lobwürdigen Reyss, welche der edel, gestre",ger,alucken carouana mohtenland pilgrams quattrin stelnuuu
457,thesaurusexotico00happ,6,1042,21,337 421 528 553 557 565 773 976 986 989 1042 1048 1077 1089 1107 1108 1132 1140 1155 1160 1200,False,1688,"ger,lat",Thesaurus exoticorum. : Oder eine mit aussländischen Raritäten und Geschichten wohlversehene Schatz-Kammer fürstellend d,ger,aemac anscsilacien entkoppelten istocden rcdett sbeisrer scersclben senble tuuiinneten uuoiss
458,historiaorbister00becm_0,6,351,5,3 24 351 445 480,False,1680,"lat,eng,fre,ger","Historia orbis terrarum, geographica et civilis, de variis negotiis : nostri potiss. & superioris seculi, aliisve rebus ",lat,agnisico lasocouieensi licaoniui neaareos nectegitiue reuisens unguibtu
459,americaeparsviii00theo,6,142,9,70 77 89 91 115 142 152 211 212,False,1625,lat,"Americae pars VIII. : Continens primo, Descriptionem trium itinerum nobilissimi et fortissimi equitis Francisci Draken, ",lat,absblui adhucspoliata arenarii idgenuspra iiicanal indiahac nemimpetum prseterca puluini quinfilippus siiperata
460,voyage01leva,6,182,9,34 68 119 154 159 162 179 182 183,False,1797,fre,Voyage,dut,baigneuses bliers gistance lorsquechappee narina pliois
461,georgihornideori00horn_1,6,94,4,4 56 94 106,False,1652,lat,Georgi Horni De originibus Americanis libri quatuor,lat,anicas cbilc ctesiam diuerit hiensu parthicse sinenies solitudin taisan uarthica uirginianis
462,johannlorenzmosh00mosh_3,6,73,7,73 126 130 259 375 448 596,False,1742,"ger,mul",Johann Lorenz Mosheims Sitten-Lehre der Heiligen Schrift,dut,amenblemens eriminelle laiplus nombue osheiers pouures quꝯ roxaumie
463,abrgchronologiqu00barr_8,6,81,15,51 52 68 81 87 93 101 104 112 120 123 132 136 149 153,False,1766,fre,"Abrégé chronologique ou histoire des découvertes faites par les Européens dans les différentes parties du monde, : extra",fre,asiiira continellement iception lecorregi lesprioi marquan muellement
464,voyagedesamuelhe00hear_0,6,134,3,66 67 134,False,1799,fre,"Voyage de Samuel Hearne, du Fort du Prince de Galles dans la baie de Hudson, à l'océan nord, : entrepris par ordre de la",fre,capucca cooch corlieu dehibou goosander grosbec groseiller traquet uuisha
465,churchhistoryofg00leme,6,20,5,18 20 35 73 92,False,1732,eng,"The church history of Geneva, in five books. : As also a political and geographical account of that republick.",eng,grolee ioungerbrother iplled lausanne leuuss premont thouusand uueresobliged xelided
466,collectionabrged03unkn,6,83,7,64 77 82 83 102 298 311,False,1808,fre,Collection abrégée des voyages anciens et modernes autour du monde; : avec des extraits des autres voyageurs les plus cé,fre,karauanserai lhabiterent nuhba parsseiii poiirlaot sultaoie zangan
467,dewonderlijckeen00zrat,6,351,8,351 354 358 361 362 363 364 365,False,1563,dut,"De wonderlijcke ende warachtighe historie vant coninckrijck van Peru, : geleghen in Indien, inde welcke verhaelt wordt d",dut,billchon catameʒ chinchama hepserliicke landtschar pꝛesidet smaiesteidt sonderlinck tbastaert
468,decadesofnewewor00angh,6,418,2,418 419,False,1555,"eng,spa,fre","The decades of the Newe Worlde or West India, conteynyng the nauigations and conquestes of the Spanyardes, with the part",eng,caratres carattes carattess derxr kanan sanaan sanau tarattes
469,voyagetoguineabr00atki_0,6,30,9,20 30 31 32 52 58 77 114 117,False,1735,eng,"A voyage to Guinea, Brasil, and the West-Indies; in His Majesty's ships, the Swallow and Weymouth. : Describing the seve",eng,blemishes bump iellouucolour neeroeshere quintei shopboard ueeae
470,hrnfrezierkniglf00frzi_0,6,122,6,50 122 143 164 168 321,False,1745,ger,"Hrn. Frezier, Königl. französis. Ingenieurs, Reise nach der Süd-See, und denen Küsten von Chili, Peru und Brasilien.",ger,allerhar ballsische nzendes seuerland seuuachse uuelchesins
471,larriueedesperes00clau,6,3,1,3,False,1613,fre,"L'arriuee des peres capucins, & la conuersion des sauuages à nostre saincte foy.",fre,aidoienc cezoo dmoust esionnement itpas sieburcs toillcs
472,geschichtederynk00vega_0,6,2,6,2 26 36 79 103 122,False,1798,ger,"Geschichte der Ynkas, Könige von Peru. : Von der Entstehung dieses Reichs bis zu der Regierung seines letzten Königes At",ger,capak chinkasuiu cusko pachakutek schierte uillka uirakocha
473,histoiredenedeva00unkn,6,139,5,29 47 48 54 139,False,1800,fre,Histoire de Ned Evans;,fre,estprobable lesield nettiesield nettlesield plaisantoient rassolloient
474,recueildesvoyage00renn_10,6,3,13,0 3 11 25 89 110 138 146 155 156 212 219 220,False,1725,fre,"Recueil des voyages qui ont servi a l'etablissement et aux progrez de la Compagnie des Indes Orientales, : formée dans l",fre,gerrii gerritse grootenhuis ioignisscnt oeiroi sibold uuaeræi uuaruuik
475,ioannisleonisafr00leoa,6,39,15,7 39 60 118 137 206 222 252 258 262 287 288 300 301 310,False,1556,lat,"Ioannis Leonis Africani, De totius Africae descriptione, libri. IX. : Quibus non solúm Africæ regionum, insularum, [et]",lat,ceolis contraq decimumsextum dectimumquintu habentiannum nullaillis obtingat quadragirita srigidissimos
476,nouveauvoyageaux02laba,6,176,7,3 14 52 54 128 158 176,False,1742,fre,"Nouveau voyage aux isles de l'Amerique, : contenant l'histoire naturelle de ces pays, l'origine, les moeurs, la religion",fre,ancedelicue cariase esealier quelleson separele terralie toisesde
477,selectaeantiquit00wald,6,387,7,387 389 390 401 407 408 412,False,1677,lat,"Selectae antiquitatis libri XII. : De gestis primaevis, item de origine gentium nationùmque migrationibus, atqua praeci",lat,achelous admeta agathirsus ahasuerus alcmena euristhei siueekm
478,historiagenerald20prvo,6,2,3,2 244 245,False,1763,SPA,"Historia general de los viages, ó nueva coleccion de todas las relaciones de los que se has hecho por mar, y tierra, y s",spa,aleiandose amaculac cilpancingo decuuose hallac liencia numsro
479,histoireetdescri01char_1,6,619,2,619 661,False,1744,fre,"Histoire et description generale de la Nouvelle France, : avec le journal historique d'un voyage fait par ordre du roi d",fre,biencourt biteur boestne bonneulste dabenaquis uincende
480,veillesamricaine01pali,6,16,6,3 16 36 37 39 47,False,1795,fre,Veillées américaines,dut,balbutiaient maishehs nexpirat ossrez reietait tremblai
481,voyagedanslesdeu00perr_0,6,127,10,35 111 127 129 130 134 152 169 216 226,False,1805,eng,"Voyage dans les deux Louisianes, et chez les nations sauvages du Missouri, par les Etats-Unis, l'Ohio et les provinces q",fre,chaguienne chaguiennes dirnmenses echappb ricaras roontagne setendeht
482,voyagedanslahaut00stjo_1,6,64,4,64 65 68 225,False,1801,fre,"Voyage, dans la haute Pensylvanie et dans l'état de New-York,",fre,ganondauue kispoko maddisson nemenshe parleie uuiguuham
483,voyagecayennedan01pito,6,29,13,13 29 55 58 69 70 75 76 77 125 136 144 157,False,1805,fre,"Voyage à Cayenne, dans les deux Amériques, et chez les anthropophages. : Ouvrage orné de gravures, contenant le tableau ",fre,densem dunols gloutit lacheron pacagent quiront stixou
484,abrgchronologiqu00barr_5,6,65,8,4 65 82 86 108 131 143 168,False,1766,fre,"Abrégé chronologique ou histoire des découvertes faites par les Européens dans les différentes parties du monde, : extra",fre,cinqi cuuames prouislom rifee rohibe stolfen
485,cartasedificante11jesu,6,76,11,76 142 143 184 188 194 205 233 239 249 267,False,1753,spa,"Cartas edificantes, y curiosas, : escritas de las missiones estrangeras, por algunos missioneros de la Compañia de Jesus",spa,aiunada baseas bstinada constipacion ibrma pildoras sequenr
486,nouveauvoyageaux06laba_1,6,79,9,79 132 142 145 176 199 208 253 256,False,1722,fre,"Nouveau voyage aux isles de l'Amerique, : contenant l'histoire naturelle de ces pays, l'origine, les mœurs, la religion ",fre,apperctimes conduisois piesiis plestis pollei roiitoient
487,levoyageurphilos01vill_0,6,58,3,58 59 62,False,1761,fre,Le voyageur philosophe dans un pais inconnu aux habitans de la terre.,fre,deilcituse microseope millioi nterieur quoiqui uadrupede
488,journaldelacampa00gaut,6,85,6,12 20 21 75 83 85,False,1709,fre,Journal de la campagne des isles de l'Amerique qu'à fait Monsieur D*** : La prise & possession de l'isle Saint Christoph,fre,briiach ibrtiacki imperialle impoiitble onasbmch sienri
489,voyagelouestdesm00mich,6,126,2,113 126,False,1804,fre,"Voyage a l'ouest des monts Alléghanys, dans les états de l'Ohio, du Kentucky et du Tennessee, et retour a Charleston par",fre,bleuridges dauinport linneuille mentretenoit nolachuki trespemble
490,voyagelamerdusud00unkn_1,6,94,1,94,False,1756,fre,"Voyage a la mer du Sud,",fre,aioutcr duisantes mqitie rnauuais saiiieuse traiut
491,historiagenerald09prvo,6,99,1,99,False,1763,SPA,"Historia general de los viages, ó nueva coleccion de todas las relaciones de los que se has hecho por mar, y tierra, y s",spa,cheus desdelukeu dlstrlto hienchlng iurlsdlcclon kuakia meinoria tongping
492,johannpaulaugspu00augs,6,17,2,2 17,False,1644,ger,Johann Paul Augspurgers kurtze und warhaffte Beschreibung der See-Reisen von Amsterdam in Holland nacher Brasilien in Am,ger,besorderten chuuartze hollner princesin uletzig uuirsch
493,histoiredenedeva00unkn_0,6,141,6,6 34 52 54 71 141,False,1800,fre,Histoire de Ned Evans;,fre,auoitadopte autreieune donondoga ninterrompoit sheerasta uuiguuauum
494,hnwilhelmdampier00damp,6,35,10,28 35 66 89 107 112 129 187 198 223,False,1714,ger,"Hn. Wilhelm Dampier Reise nach den Sudländern Neu-Holland, u. a. : Welcher beygefüget 1. Des Capitain Wood Reise durch d",ger,boubis calalalu dieuiel slugelblau theildauon uuiederholungs uuuogel
495,historiagenerald16prvo,6,415,4,220 380 414 415,False,1763,SPA,"Historia general de los viages, ó nueva coleccion de todas las relaciones de los que se has hecho por mar, y tierra, y s",spa,baglana barocha kiurours leuks mohol parganas sarkars
496,moeursdessauvage00lafi,6,88,4,49 88 99 148,False,1724,fre,Moeurs des sauvages ameriquain. Comparées aux moeurs des premiers temps.,fre,asonn asonta otunie ouende ouennisera ouenteksa ouerme suppiee
497,histoiredelexpdi00behr,6,156,2,105 156,False,1739,fre,"Histoire de l'expédition de trois vaisseaux, : envoyés par la Compagnie des Indes Occidentales des Provinces-Unies, aux ",fre,huttentot kricqua larrak lassisler macqua saisseaux
498,cartasedificante10jesu,6,182,3,43 182 228,False,1753,spa,"Cartas edificantes, y curiosas, : escritas de las missiones estrangeras, por algunos missioneros de la Compañia de Jesus",spa,ahtes aiseguraba filosofal honraiie iuiiisio moiandolas paisaronse
499,earlyhistoryofne00math_1,6,61,2,58 61,False,1864,eng,Early history of New England : being a relation of hostile passages between the Indians and European voyagers and first ,eng,apeared arouus hiours ihined sallouuing tressed uuheare
500,journalhistoriqu01pern,6,103,2,45 103,False,1769,fre,"Journal historique d'un voyage fait aux iles Malouïnes en 1763 & 1764, : pour les reconno₆itre, & y former un établissem",fre,balaou beccaisine celiens heriiiens sblide tucans
501,planctusindorumc00cala,6,82,3,22 82 90,False,,lat,"Planctus Indorum Christianorum in America Peruntina. : Seuvae lacrimabile, lamentabilis Luctus, atque vlutatus, multus q",lat,ciaudicantibps doiosa eecksiastiel hagcduossecuk indtis neuusidiantur sraudulenti
502,compendiohistori00alse,6,17,4,17 25 26 44,False,1741,"spa,lat","Compendio historico de la provincia, partidos, ciudades, astilleros, rios, y puerto de Guayaquil en las costas de la Mar",spa,circunserens daule guache lasplaias oiiba piclago tomanel
503,mmoiresducapitai02land,6,135,8,14 30 43 99 108 135 158 195,False,1823,fre,"Mémoires du capitaine Landolphe, : contenant l'histoire de ses voyages pendant trente-six ans, aux côtes d'Afrique et au",fre,amariner boudakan douuhere dusour neuuthon nonniere
504,historiagenerald21prvo,6,76,2,76 402,False,1763,SPA,"Historia general de los viages, ó nueva coleccion de todas las relaciones de los que se has hecho por mar, y tierra, y s",spa,denteiladas idescnp lezlo lleoas mecidos orblculas quaudoue seledhbaen
505,larriveedesperes00clau,6,0,2,0 3,False,1613,fre,"L'arrivee des peres Capucins en l'Inde nouuelle, appellée Maraguon, : auec la reception que leur ont faict les sauuages ",fre,dieunoussauo mariasmes resire risant secodcz setuher soullon
506,neuereisebeschre00henn,6,84,4,81 82 84 113,False,1739,ger,"Neue Reise-Beschreibung nach America, : und derer bisher noch unbekandten Länder und Völcker, vornemlich von der Landsch",ger,brommet hierk iheraus mbarmherzigen mitleide zusteleten
507,moeursdessauvage00lafi_3,6,100,8,0 6 89 100 107 128 144 155,False,1724,fre,Moeurs des sauvages ameriquain. Comparées aux moeurs des premiers temps.,fre,aisisi conlacre fire getules pritanee roang sxdelle
508,nouveauvoyageaux04laba_1,6,177,13,2 8 45 47 95 106 129 152 168 177 245 249 251,False,1722,fre,"Nouveau voyage aux isles de l'Amerique, : contenant l'histoire naturelle de ces pays, l'origine, les mœurs, la religion ",dut,auantbes biancnei encit padon pennettu pouceg sustiroit
509,nouveauvoyageaut02pag,6,61,5,39 61 70 120 135,False,1797,fre,"Nouveau voyage autour du monde, en Asie, en Amérique et en Afrique, en 1788, 1789 et 1790; : précédé d'un voyage en Ital",dut,campiceni crescentiua ganelli ihiare marozie retracta
510,newenglishcanaan00mort_1,6,68,2,68 85,False,1637,eng,"New English Canaan or New Canaan. : Containing an abstract of New England, composed in three bookes. The first booke set",eng,anadbe gammedes himens inadaunce lupitet mehaucolli nobarme themaipole uacouer
511,relationdecequis00leme,6,51,6,13 14 17 39 51 59,False,1669,fre,"Relation de ce qui s'est passé de plus remarquable aux missions des peres de la Compagnie de Iesus, en la Nouvelle Franc",dut,aicul auoitreccu conccuc ctueux lataour launei lourdan sagrande
512,joannisbisseliis00gobe,6,38,5,38 109 130 211 267,False,1647,lat,"Joannis Bisselii, è Societate Jesu, Argonauticon Americanorum, sive, historiæ periculorum Petri de Victoria, ac Sociorum",lat,cansbaies cuiasdam exseq interludit ittori moreiitiique piuuius proesixas seiratas serequc ueloe
513,linoculationpoem00roma,6,2,4,2 18 48 78,False,1773,fre,"L'inoculation, : poeme en quatre chants,",fre,auxbords despreaux epiques teleue trbne tressera
514,sailorsletterswr00thom,6,68,3,41 68 71,False,1770,eng,"Sailor's letters. : Written to his select friends in England, during his voyages and travels in Europe, Asia, Africa, an",eng,atcuguiai daueiro erecssed iged marchionds underllan
515,saggiosullastori00moli,6,54,4,8 54 171 174,False,1787,ita,Saggio sulla storia civile del Chili,por,adattano cadetti chilesi pronunzia pronunziaz rettorica snuoli specialmen
516,voyagedanslhmisp04cook,6,156,2,156 162,False,1778,fre,"Voyage dans l'hémisphère austral, et autour du monde, : fait sur les vaisseaux de roi, l'Aventure, et la Résolution, en ",fre,elleax eueree euuoo mabnopo marcker oomara
517,ragionamenti00carl,6,147,20,11 13 25 30 32 50 59 65 82 94 118 146 147 151 152 159 164 176 206 220,False,1701,ita,Ragionamenti,por,ascere dacquistare ginese lecostiere seulicane srerile
518,abrgchronologiqu00barr_9,6,95,4,65 95 112 145,False,1766,fre,"Abrégé chronologique ou histoire des découvertes faites par les Européens dans les différentes parties du monde, : extra",fre,asiiiree cesprises deuiran mgage piastrcs sudeu
519,atalaoulesamours00chat_0,6,48,4,11 18 21 48,False,1801,fre,"Atala, ou, Les amours de deux sauvages dans le désert;",fre,calculeriez contiennentles etemels grettez limprudent ossrez
520,trapuereinedesto00desb,6,6,7,6 14 17 19 36 56 64,False,1771,fre,"Trapue, reine des Topinamboux, ou La maitresse femme. : Conte, pour servir de suite aux contes du même auteur",dut,amusee dexiler eraicnt miristres scauait trapue
521,aranzeldelosjorn00peru,6,2,1,2,False,1687,spa,"Aranzel de los jornales, que se han de pagar a los indios : assi voluntarios, mingados, alquilas, y agregados à las hazi",spa,dedarle dosteales hagaa indiostributa losmucha quasenta tresreales
522,cartasedificante08jesu,6,125,11,10 37 68 90 91 125 162 166 174 208 231,False,1753,spa,"Cartas edificantes, y curiosas, : escritas de las missiones estrangeras, por algunos missioneros de la Compañia de Jesus",spa,kscomo mcleuri osiciatela reedirica tacarme uaroug
523,ddionnisdesolorz01solr,6,332,14,29 42 56 76 98 146 176 234 332 417 1089 1126 1141 1201,False,1672,lat,"D.D. Ionnis de Solorzano Pereira, I.V.D. ... De Indiarum iure. siue De iusta Indiarum Occidentalium inquisitione, acquis",lat,cracta hilsani miraculosis premeuentur sagarunt socin uiclorias
524,descriptiondelal00henn_0,6,8,11,7 8 31 33 38 44 48 54 56 76 77,False,1688,fre,"Description de la Louisiane, : nouvellement decouverte au sud'oüest de la Nouvelle France, par ordre du roy. Avec la car",fre,appellerdes censpoissons dccorce nontoiians ostames seisantinous
525,derebusiaponicis02hayj,6,907,2,896 907,False,1605,lat,"De rebus Iaponicis, Indicis, et Pervanis epistolæ recentiores.",lat,bottanu cultrix descti donhieronimtto iiquent laureolam mandarinorum mandocorosama massenti sintnstbus taicosami tosci
526,cartasedificante01jesu,6,149,14,63 103 131 135 149 156 163 164 178 181 187 189 190 226,False,1753,spa,"Cartas edificantes, y curiosas, : escritas de las missiones estrangeras, por algunos missioneros de la Compañia de Jesus",spa,belleuiile colocara habiliten iorece palabr partiremos
527,drittertheilderr00damp,6,44,2,14 44,False,1707,ger,"Dritter Theil der Reisen Herrn Wilhelm Dampier, : englischen Capitains zur See nach der südlichen Ländern, Neu-Holland s",ger,amfisbæna cachora caniniche lebendes quitties tiegern
528,briefeberherrnhu00froh,6,105,3,105 109 258,False,1797,ger,Briefe über Herrnhut und die evangelische Brüdergemeine; : nebst einem Anhange.,fre,ausitticichnen bebenllid errnsiut sburben sluogango slusscr ssesdiuuerben ulugusi uuesett
529,essayofmeaneshov00palm,6,0,2,0 57,False,1606,eng,"An essay of the meanes hovv to make our trauailes, into forraine countries, the more profitable and honourable",eng,aluuaiesin bountic dumed iknouunot intoall mostexcellent parelledand saithsulnesse
530,examendesrecherc02pern,6,184,12,60 97 111 157 166 167 184 189 197 199 200 201,False,1771,fre,"Examen des Recherches philosophiques sur l'Amérique et les Américains, et de la défense de cet ouvrage. Premiere [-Secon",dut,cashdas dorcasiidas iicreole instriic reaisie repette rnenton
531,drittebuchameric00stad,6,314,1,314,False,1593,"ger,lat","Dritte Buch Americae, darinn Brasilia : durch Johann Staden von Homberg auss Hessen, auss eigener erfahrung in Teutsch b",ger,cheaiche cherebure cherenadire emog eroutuachesue iungster tipet uuaase
532,diuersiauisipart00jesu,6,63,26,11 18 52 63 75 90 111 112 121 126 144 152 153 154 158 182 189 248 250 273 279 280 281 283 287 298,False,1559,ita,"Diuersi auisi particolari dall' Indie di Portogallo riceuuti, dall' anno 1551. sino al 1558. dalli reuerendi padri della",spa,acceccati chiamatatutti domddai eralibospitale mercore parcuano peccatt srezze suronoserite
533,essayonnaturalhi00banc_0,6,12,6,12 22 33 51 56 105,False,1769,eng,"An essay on the natural history of Guiana, in South America : Containing a description of many curious productions in th",eng,ariles buih manchineel membranous nuciserous staik suminit supportedbi
534,breuissimarelaci00casa,6,22,9,6 15 22 26 31 41 42 45 64,False,1552,spa,Breuissima relacion de la destruycion de las Indias:,spa,aponerse cllultos constantutimos inaiciuecada mcnsaiest quelesoueda serutci tncretbsea toimcntos unaeemae xcon zaunala
535,deranderpostreut00unkn,6,0,1,0,False,1620,"ger,lat","Der ander PostReutter, an Bäpstliche Heyligkeit, Bapst Paulum V. durch einen Fürnemen geistlichen Praelaten in Italianis",eng,dakine esdpsilidscn kotæ papæ prasentirt srieenesissumg uudobuuoln uueltlirhe
536,discoveriesofjoh00lede_0,6,0,2,0 1,False,1672,eng,"The discoveries of John Lederer, in three several marches from Virginia, to the west of Carolina, and other parts of the",eng,hiatie iudianz lederer niuinble peeion ssioners zeamensim
537,historicalgeogra01thom,6,4,1,4,True,,,,eng,bamani cheher chrtil cranbrookriuer curtice duckpiuer enriuer
538,voyage02leva,6,101,1,101,False,1797,fre,Voyage,fre,etlaissai gonaquois iassem iemplis pourladesense prouuerois
539,lettresdunepruvi00graf_1,6,65,3,40 65 114,False,1797,"ita,fre","Lettres d'une Péruvienne,",fre,abbian coricata costruirle dahltanti labbraccio pourrolent riempite
540,elsolenelmediodi00terr,6,16,5,16 17 28 32 38,False,1790,spa,"El sol en el medio dia: año feliz, jubilo particular con que la nacion indica de esta muy noble ciudad de Lima solemnisó",spa,achuelas chirrios chorrillo imtrumentarios ropages uestuarios
541,defenceofscotsse00unse_1,6,36,1,36,False,1699,eng,A defence of the Scots settlement at Darien. : With an answer to the Spanish memorial against it. And arguments to prove,eng,aprickli crauusilb largeand onchs parrotsilb riminkles tuuoorthree
542,voyagededcouvert03vanc,6,94,4,63 75 94 137,False,1801,fre,"Voyage de découvertes, a l'Océan Pacifique du Nord, et autour du monde, : entrepris par ordre de sa Majesté Britannique;",fre,ahpiennis claioquot maquinna quahpiennis queuuicananish uuicananish
543,relationsdediver00thve_0,6,1107,1,1107,False,1664,fre,"Relations de divers voyages curieux, qui n'ont point esté publiees; : ov qvi ont esté traduites d'Haclvyt; de Purchas, &",fre,aethe ambasseurs cinqm coudria mieliun raaes sampsoe sratsche uncam
544,historiadellindi00thev_1,6,15,13,0 15 16 51 57 74 93 121 126 128 147 182 186,False,1584,ita,"Historia dell' India America detta altramente Francia Antartica,",por,iapige leggest malagenoleche nelleneida preghise rimettendoci sacessimo sappresentaua thurini
545,propagationofgos00zieg,6,45,2,45 147,False,1718,eng,"Propagation of the Gospel in the east: : being an account of the success of two Danish missionaries, lately sent to the ",eng,andaxuen arthal atumei colter esolue magdil pcrtnguese sclauus tagappen tampiran
546,historiagenerald26prvo,6,387,2,252 387,False,1763,SPA,"Historia general de los viages, ó nueva coleccion de todas las relaciones de los que se has hecho por mar, y tierra, y s",spa,cariarse circuiro dstdos ittdetto liagudos mcinco nsados qoema tomars
547,histoireetdescri03char_0,6,135,7,127 135 138 150 194 496 498,False,1744,fre,"Histoire et description generale de la Nouvelle France, : avec le journal historique d'un voyage fait par ordre du roi d",fre,duuux ensinaioul exceliente iicks iurpns pœnes sncalsee
548,histoiregnralede10prvo_0,6,584,3,342 584 612,False,1746,fre,"Histoire générale des voyages, ou nouvelle collection de toutes les relations de voyages par mer et par terre, qui ont é",dut,catnalie dorense iemenc obseruatioos plauus rarinre
549,historiagenerald27prvo,6,418,3,164 413 418,False,1763,SPA,"Historia general de los viages, ó nueva coleccion de todas las relaciones de los que se has hecho por mar, y tierra, y s",por,ahda amtaero baiaha contracriot guanaminta isladesan lerialeh resrescase silebrespor uurp
550,lesfruictsdelami00clau,6,19,4,0 5 18 19,False,1614,fre,"Les fruicts de la mission des reuerends peres capucins en l'isle de Maragnan. : Comment la croix fut plantée, & la terre",fre,cielauec csleuet dieuleiatnsl endieu iectoi iouea itausiqueno paiouepar puislint
551,lesindiensdelaba00kane,6,70,7,2 13 48 54 70 166 175,False,1861,fre,"Les Indiens de la Baie d'Hudson : promenades d'un artiste parmi les Indiens de l'Amérique du Nord, depuis le Canada jusq",fre,deboucha mackensie montrerait sappliquat uualhamette uuallauualla
552,historiagenerald03prvo,6,490,1,490,False,1763,SPA,"Historia general de los viages, ó nueva coleccion de todas las relaciones de los que se has hecho por mar, y tierra, y s",spa,candados iabaenestos iuiidert pcincs qinnientas sueld ueink
553,pmartyrisanglime00angh,6,161,2,161 169,False,1511,lat,P. Martyris Angli Mediolanensis Opera : Legatio Babylonica ; Occeani decas ; Poemata ; Epigrammata,lat,iarbas laniaecur mebza ruptosanguine sidestomacbo sustinetilla toereo truoeseror zbancanimam
554,journalhistoriqu02pern,6,150,6,58 62 129 130 134 150,False,1769,fre,"Journal historique d'un voyage fait aux iles Malouïnes en 1763 & 1764, : pour les reconno₆itre, & y former un établissem",fre,brusii raualas rotissitte ruinb saiiqsras triangulah
555,iournalenvandrie00unkn,6,35,2,2 35,False,1643,dut,"Iournalen van drie voyagien, : te weten: 1. Van Mr. Thomas Candish, met drie schepen door de Magallaensche Straet rondom",spa,auergrcscrut blannarii dedeonse geconsenteett ionien stoee zuidside
556,triumphsofreform00math,6,23,3,23 41 59,False,1691,eng,"The triumphs of the reformed religion, in America. : The life of the renowned John Eliot; a person justly famous in the ",eng,aduanrage coriuei emember gdidblli gecations lihat stonecurter thorengs
557,perfectdescripti00unse,6,12,1,12,False,1649,eng,"A perfect description of Virginia: : being full and true relation of the present state of the plantation, their health, ",eng,crahes hanke saluuen sheth suods thepuchamine
558,mandqueseimpri00le,6,110,3,37 66 110,False,1661,spa,"Mandó que se imprimiesse este escrito el Excelentmo. senor Conde de Alva de Aliste, y de Villaflor, grande de Castilla: ",spa,iiitas mpstuiei oidori quartiuos santisiimeis segmrmse siiece smrstzon tiemso
559,nouiorbisparsduo00herr,6,112,1,112,False,1624,lat,"Noui Orbis pars duodecima. Sive Descriptio Indiae Occidentalis,",lat,cancciiari castrensibus commendatoridc granatends hurtddo iemendo irebus irpdrigues lodouicm priesed uonsicd
560,deindiaejsqueglo00hoel,6,58,4,28 47 50 58,False,1726,lat,"De India, : ejúsque gloriosa juventute; sermones habiti a rhetoribus viennensibus et honori illustrissimorum, perillusat",lat,altcrouc ccruum inagnitudinis incondito prolcs rasum sloreno ucnditur
561,entrelosremedios00casa,6,7,2,7 69,False,1552,spa,Entre los remedios q[ue] do[n] fray Bartolome de las Casas: obispo d[e] la ciudad real de Chiapa: refirio por mandado de,spa,aoministracion cbtistunosp iacramentcs laspglesias oesamiliaa oisposiciones palsiua quanoo soctal
562,aufsatzezurkunde00unse,6,66,3,6 13 66,False,1789,ger,Aufsätze zur Kunde ungebildeter Völker,ger,aceinehere aeciachemne besctgunzer beuuasneter ciache luoue tamanachier teuenitpe
563,essaipolitiquesu02humb_0,6,136,5,65 89 136 140 142,False,1826,fre,Essai politique sur l'ile de Cuba;,fre,cliagie cupica latrato quibdo ranclur zitara
564,narrativeoffivey01sted_0,5,254,3,253 254 255,False,1796,eng,"Narrative, of a five years' expedition, against the revolted Negroes of Surinam, in Guiana, on the wild coast of South A",eng,coemoe cuppi hanquauu hiaree iackee kauueeree lauuna lipee lolologo mackreelee manicole marauuina marcusa matuaree mauuna mocco munik naapies nesss neuumara slicatcher
565,histoiregnralede12prvo_0,5,665,4,478 665 710 712,False,1746,fre,"Histoire générale des voyages, ou nouvelle collection de toutes les relations de voyages par mer et par terre, qui ont é",fre,alpugleco alula attaxo caccauotal carical catninos cilpancingo cucitepeque lexido onzie pancho pataquillas posuelos
566,relazioneistoric00vand,5,249,1,249,False,1729,ita,Relazione istorica della nuova christianità degl'Indiani detti Cichiti,eng,addestri agogna calunniati cichi cichita cichiti domati gasligato lebbra mapono moledia onorata sesidal
567,historicalaccoun00smit_1,5,63,1,63,False,1765,eng,"An historical account of the expedition against the Ohio Indians, in the year 1764. : Under the command of Henry Bouquet",eng,canhauua letorts miammee mineamie mistisippi muskingam ottauua plockhocking
568,historiadellindi00thev_0,5,53,17,0 3 13 15 31 33 53 55 86 120 145 158 159 173 175 182 186,False,1561,ita,"Historia dell'India America detta altramente Francia Antartica,",eng,azuro diubi grandimpeto grugniscono marsonino marsouini nuotarono samazzzano sopragiongerci srmi
569,hansstadenvanhom00stad,5,41,2,7 41,False,1634,dut,"Hans Staden van Homborgs beschrijvinghe van America, wiens inwoonders, wildt, naeckt, seer godloos, ende wreede menschen",dut,beschriuinghe cahebꝛaden dghedoopt dꝛoomen gebꝛoeders naecken noostm pleesch plitsboge
570,historiachronolo02jern,5,767,6,1 229 686 687 754 767,False,1789,"por,lat","Historia chronologica da esclarecida ordem da SS. Trindade, redempção de cativos, da provincia de Portugal: : dedicada a",fre,edisicante expeslacacr ioiesa magdal marrocos mullei naicimento nobiliilimo silippc soledade
571,historienaturael00acos_0,5,179,3,68 179 424,False,1624,dut,Historie naturael en morael van de Westersche Indien. : Waer inne ghehandelt wort van de merckelijckste dinghen des heme,dut,bꝛoodt dootlick eltker ghelh nahegheten oberdadichepdt plkoogn plucken seniiu uptghedout
572,virginiaimpartia00bull,5,27,3,5 8 27,False,1649,eng,"Virginia impartially examined, and left to publick view, to be considered by all iudicious and honest men. : Under which",eng,blaackets handkerchieses handsauu mattocks sallons sellingaxes shouells souulingpeece
573,neuereisedurchdi02bris_0,5,87,2,87 139,False,1796,ger,Neue Reise durch die Vereinigten Staaten von Nord-Amerika im Jahre 1788.,eng,bedampsen entreißt epskmbe esdngnisse iipanb languueile sdineibes sdnnte srapungomit sritgesangcnen ssurit strosles uabelp uttseter uuasetg
574,geschichtederynk00vega,5,35,3,25 26 35,False,1798,ger,"Geschichte der Ynkas, Könige von Peru. : Von der Entstehung dieses Reichs bis zu der Regierung seines letzten Königes At",ger,benspiele churin herstammte koniglichem mamakuna mamarchik manchik niusta
575,iournaeloftebesc00scho_1,5,67,1,67,False,1648,dut,"Iournael ofte Beschrijvinghe van de wonderlijcke reyse, gedaen door Willem Cornelisz. Schouten van Hoorn, in de jaren 16",dut,atnban giieele lipbant sprakeuandese stnobse tahar takoup taleende taop tembron
576,deorigineseraphi01gonz,5,64,2,0 64,False,1587,lat,"De origine seraphicae religionis Fra[n]ciscanae eiusq[ue] progressibus, : de Regularis Obserua[n]ciae institutione, form",lat,apuliz argentinz austrix britanniu brixie calabriz coaceruatas coadunata ragusii
577,histoiregnralede07prvo_0,5,305,1,305,False,1746,fre,"Histoire générale des voyages, ou nouvelle collection de toutes les relations de voyages par mer et par terre, qui ont é",fre,bosai danismanza dugadai icaidu iuuitimur kashi kotluktimur meniek mutugan quabdaliah tmur utugai
578,deorigineseraphi00gonz,5,64,1,64,False,1587,lat,"De origine seraphicae religionis Fra[n]ciscanae eiusq[ue] progressibus, : de Regularis Obserua[n]ciae institutione, form",lat,apuliz bohemiz brixiz coadunata compleetens marchiz ragusii tusciz
579,descriptiondelal00henn_2,5,54,5,8 26 54 100 105,False,1683,fre,"Description de la Louisiane, : nouvellement decouverte au sud' oüest de la Nouvelle France, par ordre du roy. Avec la ca",fre,aposioiiques benedicbion dsignilles ecrirait gentd roulleau seigneiai sortetur
580,doctrinachristia00juan,5,2,4,1 2 19 29,False,1571,n-mx---,"Doctrina christiana en la lengua guasteca co[n] la lengua castellana, : la guasteca correspondiente acada palabra: de gu",spa,bꝛeue dotcrinas gruencia licana quienaia srailedela undigno ʒelo
581,relatiowelchephi00bena,5,33,3,3 16 33,False,1634,ger,"Relatio. Welche Philippo. IV. König in Hispanien, & c. R.P.F. Ioannes de Santander ... durch R.P.F. Alphonsum de Benavid",ger,chuuein erbeuulichen erstrerkr raiset scharpse schreitten tuecher uueiin
582,voyages00thve,5,163,4,10 30 51 163,False,1684,fre,Voyages,fre,abagna mangelin mangelins pappellcr ranteneus
583,puntualveridicat00barr,5,4,2,4 5,False,1747,spa,"Puntual, veridica, topographica descripcion, del famoso puerto, y ciudad de San Christoval de la Habana, en la isla de C",spa,ceremomales chnitiana conuesitos ensermiza gopara hatca iosolem loberano modoscon ocalionando sicete tiquilsimos
584,voyagededcouvert01vanc,5,100,1,100,False,1801,fre,"Voyage de découvertes, a l'Océan Pacifique du Nord, et autour du monde, : entrepris par ordre de sa Majesté Britannique;",fre,maheine mahou ourripiah pomourrei tiarabou uuhieadoua
585,nouvellerelation01laba,5,31,7,31 69 72 78 97 112 151,False,1728,fre,Nouvelle relation de l'Afrique occidentale: : contenant une description exacte du Senegal & des païs situés entre le C,fre,bonport chabi coteentre daddi dalichandor lesixiemeest regesen roiatime
586,johannlorenzmosh00mosh,5,971,8,169 265 412 568 619 971 1069 1157,False,1742,"ger,mul",Johann Lorenz Mosheims Sitten-Lehre der Heiligen Schrift,ger,bertheidigung besalligkeit darım gttes heruorzuziehen slreite uemsta zuersi
587,supplmentauvoyag00unkn,5,104,1,104,False,1772,fre,"Supplément au voyage de M. de Bougainville; : ou Journal d'un voyage autour du monde, fait par MM. Banks & Solander, ang",fre,ginskoi idhme idnrne indepassable lanadir olotura
588,anecdotesamerica00horn,5,82,12,15 52 66 81 82 96 152 165 208 210 312 324,False,1776,fre,"Anecdotes américaines, ou Histoire abrégée des principaux événements arrivés dans le Nouveau Monde, : depuis sa de",dut,deponleder desiquil dhuascar dhuat iagea natrateurs quhuascar sushsan uerisiotent
589,cartasedificante05jesu,5,224,11,27 36 37 38 47 52 53 115 129 215 224,False,1753,spa,"Cartas edificantes, y curiosas, : escritas de las missiones estrangeras, por algunos missioneros de la Compañia de Jesus",spa,adminisirarle aiiuiailoi empenaba imaginandose libren lpiincipeu miniiles tequiilas uiolentan
590,researchesconcer01humb,5,193,3,168 191 193,False,1814,eng,"Researches, concerning the institutions & monuments of the ancient inhabitants of America, : with descriptions and views",eng,miquiztli protruded protruding sculptured tonatiuk ueletr
591,histoiregnralede11prvo_0,5,307,3,169 307 649,False,1746,fre,"Histoire générale des voyages, ou nouvelle collection de toutes les relations de voyages par mer et par terre, qui ont é",dut,colutee dammara equisetam iusnain ladisserence seminaux uexillurn
592,historiagenerald19prvo,5,408,4,34 73 136 408,False,1763,SPA,"Historia general de los viages, ó nueva coleccion de todas las relaciones de los que se has hecho por mar, y tierra, y s",spa,chiakianxien chiangoutou cozoa debiapasar deieneite drillon houenlon mancenia rhlmohizoel ruiieron
593,recueildesvoyage00renn_19,5,85,7,84 85 98 127 136 165 179,False,1725,fre,"Recueil des voyages qui ont servi a l'etablissement et aux progrez de la Compagnie des Indes Orientales, : formée dans l",fre,caroiies ickien ickiens princeises schuittes sugadone taiels
594,moeursdessauvage00lafi_0,5,176,6,12 14 128 143 156 176,False,1724,fre,Moeurs des sauvages ameriquain. Comparées aux moeurs des premiers temps.,fre,disiimulant disiimule laslaur noseroir quapas roauuaise soussroic
595,memoirestouchant00paul,5,16,3,12 16 75,False,1664,fre,"Memoires touchant l'etablissement d'une mission chrestienne dans le troisieme monde, autrement appellé, la Terre Austral",fre,aplein bastoris brulast demettee ioiepar ssiesme tesres uoisinsr
596,noticiasamerican00ullo_0,5,184,7,62 89 102 107 119 183 184,False,1772,spa,"Noticias americanas: : Entretenimientos phisicos-historicos, sobre la América Meridional, y la Septentrianal [sic] orien",spa,blanquecina curbaturas endureciendo estrias notandose praaicarlo uniualbas
597,fullimpartialacc00lawj,5,19,1,19,False,1720,"eng,fre","A full and impartial account of the Company of Mississipi [sic], : otherwise call'd the French East-India-Company, proje",eng,bommies echotierent misissrpi mislisipi mississipz ninois quartisans sahloniere xblo
598,epitomehistorial00angu,5,111,2,88 111,False,1706,spa,"Epitome historial, y conquista espiritual del imperio Abyssino, en Etiopia la alta, o sobre Egypto, a cuyo emperador sve",spa,alamandini ambonda lutiniano montecuculi niarbol putdo serrabaza spombeiros
599,viaggiedavventur01chet,5,60,2,60 164,False,1734,ita,"Viaggi ed avventure del capitan Roberto Boyle; : con la relazione del viaggio, naufragio, e maraviglioso salvamento del ",spa,acquetar balseuole ccritto consesstonale giouanotta ichiamaua pauentata rpresa solcauano uiiiars
600,essaisurlecommer00marb_0,5,1,3,1 27 103,False,1777,fre,"Essai sur le commerce de Russie, : avec l'histoire de ses découvertes.",dut,deioient gruaux irreusite lukraine sroments succinete
601,voyagesaintdomin01wimp,5,73,3,45 73 77,False,1797,fre,"Voyage a Saint-Domingue, pendant les années 1788, 1789 et 1790; par le baron de Wimpffen. ; Tome premier [-second]",fre,clapotteuse imparsoite mtudes paccord raarcbands tesperer
602,histoiregnralede08prvo_0,5,890,1,890,False,1746,fre,"Histoire générale des voyages, ou nouvelle collection de toutes les relations de voyages par mer et par terre, qui ont é",fre,amanhimnu anreo antsica atsihi donneznous hanai mangha mauouanai ohora samouiii tonazahai
603,histoireetdescri02char_0,5,234,4,234 246 415 558,False,1744,fre,"Histoire et description generale de la Nouvelle France, : avec le journal historique d'un voyage fait par ordre du roi d",fre,batnue bekancourt capitanies insenieur lontessls quisurei tordis
604,relationofinvasi00unse,5,106,1,106,False,1686,eng,"A relation of the invasion and conquest of Florida by the Spaniards, under the command of Fernando de Soto.",eng,autiamgue autiamque caluca coligoa guacai haand seatedin tascaluca touunsare xzaala
605,rerumsocietateie00jesu,5,80,2,80 97,False,1574,lat,"Rerum a Societate Iesu in oriente gestarum volumen, : continens historiam iucundam lectu omnibus Christianis, praesertim",lat,acceriitur adiudicapt bonoratum cumreliquis damuirum omrita patribuu reddituru satibuli secuuuncsa tisrationibuu
606,viagedeamericaro00cast,5,42,7,2 7 28 38 42 44 52,False,1745,"spa,lat","Viage de America a Roma,",dut,aportamos caltelo cretpas detassosiegos hzile mudanzasi sanaie
607,voyagedanslestat08laro,5,127,1,127,False,1799,fre,"Voyage dans les États-Unis d'Amérique, : fait en 1795, 1796 et 1797.",fre,fineas kitesoot pembelton pensilia rbeaute siaiilkil susqubhattnah uenime
608,relationderniere00lesc,5,18,3,11 14 18,False,1612,fre,Relation derniere dece qui s'est passé au voyage du sieur de Poutrincourt en la Nouvelle-France depuis 20. mois ença.,fre,biehasaise biracditla decournoit iemerste partenait rccogn
609,neuereiseumdiewe00damp,5,26,14,26 129 164 169 225 236 254 257 267 325 339 374 410 443,False,1708,ger,"Neue Reise um die Welt worinnen umständlich beschrieben wird: : die Erd-Enge oder Isthmus von Americâ, vielerley Küsten ",ger,asuhnkoca canonenund delahache englisher kiosterder raccos rancheries sonnenuuende
610,voyagesdelachine00mear,5,128,3,128 131 132,False,1794,fre,"Voyages de la Chine à la côte nord-ouest d'Amérique, faits dans les années 1788 et 1789; : précédés de la relation d'un ",fre,cessiotts prudciai qnelques reuerroit rexception tresembru
611,wunderbarlichevn00gobe,5,3,2,3 15,False,1622,ger,Wunderbarliche vnd seltzame Raiss dess jungen vnd edlen Herrn Petri de Victoria auss Hispanien in das Königreich Peru.,eng,acuuiarn angeschmi glotz sgarck uillandrasdius uuallstehe uuerdest
612,travelsofseveral00jesu,5,96,2,96 221,False,1714,eng,"The travels of several learned missioners of the Society of Jesus, into divers parts of the archipelago, India, China, a",eng,aniseed cuminseed germander loosepess minseed oliueoil
613,voyagedanslarpub02moll,5,15,2,15 138,False,1825,fre,"Voyage dans la République de Colombia, en 1823.",fre,gageaient malencontreuse saccompagnant samboria sortime uillauieia
614,demultiplicihret00lava,5,27,4,27 34 35 52,False,1560,lat,"De multiplici hæreticorum tentatione,",lat,cociliis culenter docstrinam ecclesialtica exciri insacrx quiscoserat sacrametorum signaculis
615,cgaoldendorpsges12olde,5,630,6,10 102 164 515 630 632,False,1777,ger,"C.G.A. Oldendorps Geschichte der Mission der Evangelischen Brüder auf den caraibischen Inseln S. Thomas, S. Croix und S.",dut,althasar attlse beuustanb chuuimmer ermbgett iilipienariuo rigett sbnten sottlich srietaeich ssigionariu
616,voyagedanslestat04laro,5,113,4,113 119 165 166,False,1799,fre,"Voyage dans les États-Unis d'Amérique, : fait en 1795, 1796 et 1797.",fre,charriage combahee georgestouun sautee uuiskei xuaggoniers
617,voyagesdelachine00mear_1,5,171,3,56 146 171,False,1794,fre,"Voyages de la Chine à la côte nord-ouest d'Amérique, faits dans les années 1788 et 1789; : précédés de la relation d'un ",fre,dlesex gnoieiit hudsois iuitetee uuipeeo uuoahoo
618,newenglandsplant00higg_0,5,7,1,7,False,1630,eng,New-Englands plantation. Or A short and true description of the commodities and discommodities of that countrey.,eng,canatsord dlesos giuemore musketues neuuenglazd uueuuengland
619,tabacologiahoces00nean_1,5,51,3,17 51 81,False,1626,"lat,gre,dut","Tabacologia: hoc est tabaci, seu Nicotianae descriptio medico-chirurgico-pharmaceutica vel ejus praeparatio et usus in o",lat,ailhmaticis apotelesma catharr daslhma eufrasix ieiuno iuccum nicotia obieruaui promanantem sluxionibus
620,goodnewesfromvir00whit,5,30,1,30,False,1613,eng,"Good newes from Virginia. : Sent to the Counsell and Company of Virginia, resident in England. From Alexander Whitaker, ",eng,diceiand dishononr iearelian impouerishing poundina pouuesii uirgiaia
621,historicalaccoun01unse,5,34,2,34 134,False,1773,eng,"An Historical account of all the voyages round the world, performed by English navigators; : including those lately unde",eng,burialplace calisornian cauerdiths intredutigon neuudiscouered tataouued
622,histoiredesnouve01frvi,5,130,2,130 181,False,1774,fre,"Histoire des nouvelles découvertes faites dans la Mer du Sud en 1767, 1768, 1769 & 1770.",fre,connoillions euitage octres pahairedo resoiumes sauitete tahah tituboalo
623,historieschverha00brai,5,2,9,2 7 31 80 89 195 201 284 296,False,1756,dut,"Historiesch verhaal, van het godvruchtig leven en den zaligen doodt, van den eerwaarden heer David Brainerd; : onlangs b",dut,beuorderd blimoedtg bochim dskeerig godtsalige onderhond proesde regeeriuge uerilandige
624,seamansnarrative00spav,5,63,2,48 63,False,1796,eng,The seaman's narrative; : containing an account of a great variety of such incidents as the author met with in the sea s,ger,arrearage neatl pettiosicer slagossicer soomas superts
625,histoiregenerale00dute_3,5,172,1,172,False,1667,fre,"Histoire generale des Antilles habitées par les François. : Divisée en deux tomes, et enrichie de cartes & de figures. T",fre,cgalementtoute laiantattache latrapera lotparti sanscraindre uiduailies œusside
626,histoirenaturell00gumi,5,36,3,30 36 101,False,1758,fre,"Histoire naturelle, civile et geographique de l'Orenoque. : Et des principales riviéres qui s'y jettent. Dans laquelle o",fre,asagellanique immenles maracaiboe uastesic uorenoque uqrenoque
627,staatvonamerica00gott,5,44,1,44,False,1713,ger,Staat von America,lat,euscbius getechde insdem marambaia saluntierra uiehuueide
628,brieverelationde00guel,5,3,1,3,False,1640,fre,Brieve relation de l'estat de Phernambucq. ...,dut,enceindtde iierment leespar llence publicque srancescoen tortala
629,histoiregnralede18prvo_0,5,145,2,145 169,False,1746,fre,"Histoire générale des voyages, ou nouvelle collection de toutes les relations de voyages par mer et par terre, qui ont é",fre,barauporog contremartre deuantes kreuua lsation mattn nikolsk pischtschulina scheuuo uuerstes
630,voyagesfaictpart00feyn,5,20,7,2 16 20 26 36 38 43,False,1630,fre,Voyages faict par terre depuis Paris jusques a la Chine. Par le Sr. de Feynes ... avec son retour par mer,fre,bruiler dehai dgep sdtat seiettedun sindio
631,mursdessauvagesa01lafi_0,5,214,4,162 180 214 358,False,1724,fre,"Mœurs des sauvages ameriquains, comparées aux mœurs des premiers temps.",fre,hairent iapierre niangeoient pastellement tresimpar uihtenr
632,voyagesdelachine00mear_0,5,21,1,21,False,1794,fre,"Voyages de la Chine à la côte nord-ouest d'Amérique, faits dans les années 1788 et 1789; : précédés de la relation d'un ",fre,callicum comehala geoige linexprima uuicananish
633,tableaudelagrand04baer,5,88,4,52 88 111 161,False,1799,fre,"Tableau de la Grande-Bretagne, de l'Irlande, et des possessions angloises dans les quatre parties du monde",fre,ddhctledauon diskcde gninee hongreiet mtme neuumarket suretut uugne
634,kanortaletransla00fagn,5,16,4,5 15 16 21,False,1750,eng,"Kanor, : a tale translated from the savage",eng,alzofa brazilla hightreason kanor protuberant zopba
635,lettresdunepruvi00graf_0,5,115,5,40 63 67 115 138,False,1797,"ita,fre","Lettres d'une Péruvienne,",dut,estiemita iemporterai pronunziai riinase spauentata zdia
636,aanmerkelykverha00brai,5,10,4,10 42 48 70,False,1756,dut,Aanmerkelyk verhaal van de opkomst en voortgang van een zonderling werk van Gods genade onder een groote meenigte Indian,dut,besuueerder ccnke doodilagei genoodtsaakt naauuude naauuueliks openbaare rouuuklage rouuuklagen uoorhoudende
637,diariumveldescri00scho,5,34,2,5 34,False,1619,lat,"Diarium vel descriptio laboriosissimi, & molestissimi itineris,",lat,aseelidit explodunt iginra induslum inualesce misisa proicte proieientes septentrlo
638,essaipolitiquesu01humb_1,5,37,4,37 48 172 174,False,1826,fre,Essai politique sur l'ile de Cuba;,spa,batabano dcibaiai guaixa guaurabo managua
639,descommodorejoha00byro,5,86,4,23 50 86 88,False,1769,ger,"Des Commodore Johann Byron Erzählung der grossen Unglücksfälle die er nebst seiner Gesellschaft von dem Jahre 1740. an, ",eng,alippen attiutteisen besiinimt besomms eapitaln ersunsencn esiehte orbentliche silulatto sitcer srasparaiso
640,drittebuchameric00stad_2,5,266,1,266,False,1606,"ger,lat","Dritte Buch Americae, darinn Brasilia : durch Johann Staden von Homberg auss Hessen, auss eigener erfahrung in Teutsch b",ger,cherememinou cherequit emog kaiit renadire taciourou
641,descrittioneditu00albe_1,5,1347,4,22 599 914 1347,False,1581,"ita,lat",Descrittione di tutta l'Italia & isole pertinenti ad essa.,eng,alfeo allhuom assaggia disdegna poetando senzalcun spiran uattussa
642,ersterthaildercr03marc,5,676,1,676,False,1620,ger,"Erster Thail der Cronicken der eingesetzten Orden dess heiligen Vatters Francisci: : darinn sein Leben, Werck, Todt, vnd",ger,aleruuohlt aussnemmung cronichen dapsihumbe eeereete pisagener quarantene
643,verahistoriaadmi00schm,5,62,1,62,False,1599,lat,"Vera historia, admirandae cuiusdam nauigationis, quam Huldericus Schmidel, Straubingensis, ab anno 1534. usque ad annum ",lat,atqueserpentes centinuos distedentei giascrassos hancmttoncm htspanica itlinc quonatrices sedectnrpaspss tuescha ueeisa uidtmus untum urquam
644,voyagelapartieor02pons,5,130,3,130 200 215,False,1806,fre,"Voyage à la partie orientale de la Terre-Ferme, dans l'Amérique Méridionale, fait pendant les années 1801, 1802, 1803 et",fre,chanlleur chausseur ecumoi irratiquee soitet
645,godspowerprovide00pell,5,20,1,20,False,1631,eng,"Gods power and providence: shewed in the miraculous preservation and deliverance of eight Englishmen, left by mischance ",eng,aruuhichtime tentintothe tentthei uueeall uueeneuer uueethought uuhenespiing
646,selectarumepisto00maff,5,182,1,182,False,1588,lat,Selectarum epistolarum ex India libri quatuor.,lat,candasuerunt deberentur religionisdue seiticet spalibamuna xopuosprl
647,northvvestfoxorf00foxe_0,5,135,1,135,False,1635,eng,"North-vvest fox, or, Fox from the North-west passage. : Beginning with King Arthur, Malga, Octhur, the two Zenis of Isel",eng,aeserue giiail iuueighedand nsuue punrshment sauuolle setsaile thuuartthe untillther
648,relaciondelavida00mayo,5,0,3,0 15 24,False,1758,spa,"Relacion de la vida, y virtudes del P. Antonio Herdoñana de la Compañia de Jesus, zeloso missionero por espacio de veint",spa,aiszeh apiecio atora herdonana miitionero
649,deswestindianisc00firs,5,15,3,9 15 58,False,1757,ger,Des westindianischen kleinen Albertus eines Pensylvaniers aus Philadelphia und der schönen Europäerin Adolphäa von Tanoy,ger,grummsuuiatsi sandischen schuuiegersohn ueruuittbeten uorherga
650,descriptiongeogr00deny,5,32,8,14 27 32 55 134 153 155 164,False,1672,fre,Description geographique et historique des costes de l'Amerique Septentrionale. : Avec l'histoire naturelle du païs.,fre,cherchecis laiiant mairrain saistons traucrsant
651,relationdunvoyag00frog_0,5,16,1,16,False,1700,fre,"Relation d'un voyage fait en 1695. 1696. & 1697. aux côtes d'Afrique, détroit de Magellan, Brezil, Cayenne & isles Antil",fre,calbas cazc interualc lamcs ouurcnt
652,vierteschiffartw00schm_0,5,4,1,4,False,1602,ger,"Vierte Schiffart. Warhafftige Historien. Einer wunderbaren Schiffart, welche Ulrich Schmidel von Straubing, von Anno 153",por,cacacas laguanaca pikobamba pußung qiande
653,voyagelapartieor03pons,5,25,1,25,False,1806,fre,"Voyage à la partie orientale de la Terre-Ferme, dans l'Amérique Méridionale, fait pendant les années 1801, 1802, 1803 et",dut,iudicieu lepoqne louislopez peremptoires prouoqua
654,voyagesaintdomin00wimp,5,23,1,23,False,1797,fre,"Voyage a Saint-Domingue, pendant les années 1788, 1789 et 1790;",fre,careaux iusquaqua latiou qusle tolita
655,voyagelapartieor01pons,5,42,2,42 65,False,1806,fre,"Voyage à la partie orientale de la Terre-Ferme, dans l'Amérique Méridionale, fait pendant les années 1801, 1802, 1803 et",fre,chiuspa goaire ireoles onnoissance poisonnerent quatorz saxaulo
656,vieducapitaineco00kipp,5,10,1,10,False,1789,fre,"Vie du Capitaine Cook,",fre,auatska dasiei dokots ingiga okorskoi pengina
657,nouusorbisregion00unkn,5,73,1,73,False,1537,lat,"Nouus orbis regionum ac insularum ueteribus incognitarum : unà cum tabula cosmographica, & aliquot alijs consimilis argu",lat,altins censebar iuoiter mensibas nberiori sernm setpebtes squg tuuram
658,relationdunvoyag00frog,5,55,1,55,False,1698,fre,"Relation d'un voyage fait en 1695. 1696. & 1697. aux côtes d'Afrique, détroit de Magellan, Brezil, Cayenne & isles Antil",fre,estpres iicms niiic queausli srisccs
659,summaryaccountof00fowl,5,13,1,13,False,1774,eng,"A summary account of the present flourishing state of the respectable colony of Tobago, in the British West Indies. : Il",lat,aeeanss demonchei herauton karsi rederic souuke
660,travelsofjesuits00alme,5,256,1,256,False,1710,eg,"The travels of the Jesuits in Ethiopia: : containing I. The geographical description of all the kingdoms, and provinces ",eng,abiilines agaus amadmagdo aslazoe ethioota
661,beschryvingvangu01hart,5,392,1,392,False,1770,dut,"Beschryving van Guiana, of de wildekust, in Zuid-America, : betreffende de aardrykskunde en historie des lands, de zeede",dut,aangesteld burgeri constapels diakenen ontlagr seutember
662,certaineerrorsin00wrig,5,79,7,18 38 48 70 77 79 89,False,1599,eng,"Certaine errors in nauigation, : arising either of the ordinarie erroneous making or vsing of the sea chart, compasse, c",eng,altogither cataloguc etror ieacuen osthesunne rhoureand seemebi
663,voyagedanslestat02laro,5,78,2,78 165,False,1799,fre,"Voyage dans les États-Unis d'Amérique, : fait en 1795, 1796 et 1797.",fre,lakeii nipissin ottauua ouisconsin pagaiaient
664,georgihornideori00horn_0,5,19,3,19 59 97,False,1669,lat,Georgi Horni De originibus Americanis. Libri quatuor,lat,congensium lumcn luminuiu poenomm potiap pugilatut zutu
665,gulliverrevivedo00unkn,5,2,2,2 7,False,1792,eng,"Gulliver revived:, or The vice of lying properly exposed. : Containing singular travels, campaigns, voyages and adventur",eng,bearsi iuakes pestrois satlors urkei
666,histoiredelouisi01lepa,5,136,3,68 136 149,False,1758,fre,"Histoire de Louisiane, : contenant la découverte de ce vaste pays; sa déscription géographique; un voyage dans les terre",dut,atouiours ellesc iatnemes polieder riuierenoire
667,histoiredesnouve02frvi,5,204,1,204,False,1774,fre,"Histoire des nouvelles découvertes faites dans la Mer du Sud en 1767, 1768, 1769 & 1770.",fre,atinian centuingtieme drografie habituas pendeauour
668,neuereisebeschre00henn_0,5,52,1,52,False,1698,ger,"Neue Reise-Beschreibung durch viele Länder, weit grösser, als gantz Europa, : die neulichst zwischen Neu-Mexico und dem ",ger,beuuunderten blennita codten dachtsam nahgelegenen ohngeacht uerscharrete
669,histoireetdescri03char_1,5,531,2,531 540,False,1744,fre,"Histoire et description generale de la Nouvelle France, : avec le journal historique d'un voyage fait par ordre du roi d",fre,autiesois doutaouais goberge miamile saguimont
670,historiagenerald17prvo,5,32,4,32 88 182 368,False,1763,SPA,"Historia general de los viages, ó nueva coleccion de todas las relaciones de los que se has hecho por mar, y tierra, y s",spa,baniano cienca comandantts coraeucio encuentr ienlo poitugue qiinio sugobierno
671,wunderbarejedoch00mocq,5,40,1,40,False,1688,ger,"Wunderbare jedoch gründlich- und warhaffte Geschichte und Reise Begebnisse in Africa, Asia, Ost- und West-Indien",ger,etgallica euuichen linguæ rimitiuæ sranciasuitin urspeunglich
672,voyagedanslespar00bart,5,138,2,116 138,False,1800,fre,"Voyage dans les parties sud de l'Amérique septentrionale; : savoir: les Carolines septentrionale et méridionale, la Geor",fre,alaehua hesitent nimfœci notaient quembellissait
673,ladonnachenonsit02chia_0,5,52,1,52,False,1768,ita,La donna che non si trova. O sia Le avventure di Madama Delingh,por,benesicaste custodiste dstino inesora irragioneuole madrigna samigliarmente sorelta
674,lesdeuxamisconte00sain,5,8,3,4 8 9,False,1770,fre,"Les deux amis, : conte iroquois",dut,cederas dontaio dorineidis possedois secherent
675,vidaadmirableymu00flor,5,6,3,6 46 59,False,1689,spa,"Vida admirable, y muerte dichosa del religioso P. Geronimo de Figueroa. : Professo de la Compañia de Jesus en la Provinc",spa,agradecimie comodadoenta consuabue cooperacion deseoniblile
676,voyageautourdumo01boug_0,5,133,1,133,False,1772,"fre,tah","Voyage autour du monde, par le frégate du roi la Boudeuse, et la flûte l'Étoile; : en 1766, 1767, 1768 & 1769",fre,euentant liribord mestimant souestquart tinale
677,accountofspanish00camp,5,263,1,263,False,1762,eng,An account of the Spanish settlements in America. : In four parts. I. ... Each part contains an accurate description of ,eng,diseouerers eakuuard interspcrsed pueg sebaeld secming uulcanoes
678,voyagelactedegui00laba,5,72,2,72 104,False,1803,fre,"Voyage a la côte de Guinée, ou Description des côtes d'Afrique, depuis le Cap Tagrin jusqu'au Cap de Lopez-Gonzalves. : ",fre,agathon ambozes delsit dolfe kalbars
679,ladcouvertedesin00casa,5,10,1,10,False,1701,fre,"La découverte des Indes Occidentales, par les Espagnols, : et des moyens dont ils se sont servis pour s'en rendre maître",fre,abimez autrespeuples bchechio pimisloit roiaumesont
680,historiagenerald23prvo,5,170,1,170,False,1763,SPA,"Historia general de los viages, ó nueva coleccion de todas las relaciones de los que se has hecho por mar, y tierra, y s",por,cinaientos corregimiencos hmtada occidemales teparado
681,nouusorbisregion00unkn_0,5,40,5,14 15 32 40 54,False,1555,lat,"Nouus orbis regionum ac insularum veteribus incognitarum, una cum tabula cosmographica, & aliquot alijs consimilis argum",lat,cccasi gotlns obulici odoacrus religiop siiomuu ultrruria
682,voyagedanslestat06laro,5,94,1,94,False,1799,fre,"Voyage dans les États-Unis d'Amérique, : fait en 1795, 1796 et 1797.",fre,briclge ciiester diuuine elktouun norcluuiast
683,moeursdessauvage00lafi_6,5,81,2,27 81,False,1724,fre,Moeurs des sauvages ameriquain. Comparées aux moeurs des premiers temps.,dut,carnon chrale graister laerte oiacenr sonamet
684,narratiohistoric00ragu,5,24,1,24,False,1650,lat,"Narratio historica eorum, quæ Societas Iesu in Noua Francia fortiter egit, & passa est, annis M.DC.XLIIX. & XLIX.",lat,aixrtc diripucrunt dissideruni euulsum iausit lonnnes rimc
685,apercustatistiqu00hube,5,46,1,46,False,1826,"fre,ger","Aperçu statistique de l'ile de Cuba, : précédé de quelques lettres sur la Havane, et suivi de tableaux synoptiques, ",fre,cigare cubanais dautomate destriches ilimonte lecaballero
686,travelsthroughas00lamb,5,179,1,179,False,1755,eng,"Travels through Asia, Africa, and America. : Containing a curious account of the manners, customs, usages, different lan",eng,chamkia culhion hoambo sabbathsi uanscripai
687,statisticalcomme00daux,5,136,1,136,False,1820,eng,"A statistical, commercial, and political description of Venezuela, Trinidad, Margarita, and Tobago: : containing various",eng,caiennensis collared dominicensis maipouri parroquet tahaci uracanga
688,historiagenerald08prvo,5,148,2,148 153,False,1763,SPA,"Historia general de los viages, ó nueva coleccion de todas las relaciones de los que se has hecho por mar, y tierra, y s",spa,hangsuan hiuiendose hmgsuan iaixinho iaxhinno tardea tsingkia tuizang
689,historiagenerald18prvo,5,263,1,263,False,1763,SPA,"Historia general de los viages, ó nueva coleccion de todas las relaciones de los que se has hecho por mar, y tierra, y s",spa,alnausragio cabdse ehalla rsespo sobresiete
690,iournaeloftebesc00scho_2,5,6,1,6,False,1649,dut,"Iournael ofte beschryving vande wonderlijcke voyagie, : ghedaen door VVillem Cornelisz Schouten, van Hoorn, in den Iaere",dut,doaste eghen haeiden huerde intrent uooꝛtganck
691,levoyageurphilos02vill_0,5,19,2,19 79,False,1761,fre,Le voyageur philosophe dans un pais inconnu aux habitans de la terre.,dut,amfitrion champmele dancourt dandin selenites uenceslas
692,relacionvniversa00cepe,5,174,1,174,False,1637,spa,"Relacion vniversal legitima, y verdadera del sitio en que esta fundada la muy noble, insigne, y muy leal ciudad de Mexic",spa,denochislongo eilcientos nopala proliias tegonte tepex
693,gloriousprogress00unse,5,2,1,2,False,1649,eng,"The glorious progress of the gospel, amongst the Indians in New England. : Manifested by three letters, under the hand o",eng,attendeth rabbiben sorhelp thosereuerend trookitro
694,memoirsofamerica02gran_1,5,105,1,105,False,1809,eng,"Memoirs of an American lady; : with sketches of manners and scenery in America, as they existed previous to the revoluti",eng,gamboled inconceiu ostnese puisuit quagmire unapproachable
695,historyofcaledon00unse,5,8,1,8,False,1699,eng,"The history of Caledonia: or, The Scots Colony in Darien in the West Indies. : With an account of the manners of the inh",eng,besoreto haped headsa tromthe utiermost
696,cartapastoralque00cath_3,5,93,1,93,False,1791,"spa,lat","Carta pastoral que el ilustrisimo señor don fray Joseph Antonio de San Alberto, arzobispo de la Plata, dirige a todos lo",spa,briendosc hcnestcs inglinadcs propiai siuincias
697,thesorospiritual01gilb,5,19,2,19 20,False,1575,"cai,spa,lat",Thesoro spiritual de pobres en le[n]gua de Michuaca[n]: : dirigida al muy illustre y. R. señor don fray Ioan de Medina R,spa,cahtuhinde camedo casirehati dioseca ehaca iamendo ocucuciti renguarerini taroecha
698,manifestocolqual00unse,5,7,2,2 7,False,1756,ita,"Manifesto col quale vengono esposti li fatti positivi con le loro giustificazioni, in risposta delle observationi inviat",por,apalachi asret cornnierato manrniente sbiadgiaizia srattati trateereuo
699,ioannisdelaetant00laet_1,5,30,1,30,False,1644,lat,"Ioannis de Laet Antwerpiani Responsio ad dissertationem secundam Hugonis Grotii, De origine gentium Americanarum. : Cum ",lat,dispescit linscotium portuit remigante transmiisa
700,historiagenerald10prvo,5,61,5,61 289 326 336 347,False,1763,SPA,"Historia general de los viages, ó nueva coleccion de todas las relaciones de los que se has hecho por mar, y tierra, y s",spa,delkrrado merosodesusacu mtdre pulndpes recomendac
701,histoiregnralede01prvo_0,5,318,1,318,False,1746,fre,"Histoire générale des voyages, ou nouvelle collection de toutes les relations de voyages par mer et par terre, qui ont é",fre,hollanuois ladioindre perikau uentru uuamba
702,historiachronolo01jern,5,288,1,288,False,1789,"por,lat","Historia chronologica da esclarecida ordem da SS. Trindade, redempção de cativos, da provincia de Portugal: : dedicada a",por,antppip illitstrc marquezes redempcoes reieitou reigates
703,horatiitursellin00tors_0,5,267,1,267,False,1596,lat,Horatii Tursellini e Societate Iesu De vita Francisci Xauerii qui primus e Societate Iesu in Indiam & Iaponiam euangeliu,lat,absunet einsdein mognus moruis sanelus
704,journaeloftegede00bont,5,1,1,1,False,1650,dut,Journael ofte Gedenckwaerdige beschrijvinge van de Ost[sic]-Indische reyse van Willem Ysbrantsz Bonte-koe van Hoorn. : B,dut,aknogentheidt bonderdingh gepasscert moordt ontiuorilelt
705,levoyagedelillus00unkn,5,10,3,10 15 22,False,1613,fre,"Le voyage de l'illustre seigneur et cheualier François Drach admiral d'Angleterre, alentour du monde",fre,battants enlune graises iagot ossrants
706,nouveauvoyageaux08laba,5,36,8,5 36 38 99 144 166 178 202,False,1742,fre,"Nouveau voyage aux isles de l'Amerique, : contenant l'histoire naturelle de ces pays, l'origine, les moeurs, la religion",fre,empreslees encloiia gargoutses paroutoient riiaiie taisseau
707,johannishoornbee00hoor,5,271,1,271,False,1669,"lat,gre,heb","Johannis Hoornbeek, S. literarum in ecclesia & academia, primum Trajectina, deinde Lugduno-Batava, doctoris & professori",lat,amarenunc hisbanica indirele mercuriumo saex tuisconis ubipridem
708,relaadaviagemeen00leon,5,0,1,0,False,1749,por,"Relaçaõ da viagem, e entrada, que fez o excellentissimo, e reverendissimo senhor D. Fr. Miguel de Bulhoens e Sousa, sagr",por,dogram egocios ieguio precizasle sesteiouse siiipo
709,richardfalconers00chet,5,41,2,41 78,False,1743,ger,"Richard Falconers Erstaunliche Seefahrten, seltsame Begebenheiten und wunderbare Errettung, : deme beygefüget Thomas Ran",ger,banneuas gestuncken schissseile silchen strudelten
710,neuentdecktesnor00megi,5,28,1,28,False,1728,ger,"Neu-entdecktes Norden, oder, Gründliche und wahrhaffte Reise-Beschreibung, aller mitternächtigen und nordwärts-gelegenen",eng,hreibet moscouuit schmans sebiges seenaut uuehrern
711,theophilispizeli00spit_0,5,47,2,36 47,False,1661,lat,Theophili Spizelii elevatio relationis Montezinianae de repertis in America tribubus Israeliticis; : et discussio argume,lat,buxtorsius crailinum latrn lonzano matmimsidr menachem mnesanimas ueisteris
712,historiagenerald24prvo,5,196,1,196,False,1763,SPA,"Historia general de los viages, ó nueva coleccion de todas las relaciones de los que se has hecho por mar, y tierra, y s",spa,amplitudes carganse dechnacion ibseruad iesulta maguin marasion uonerse
713,geographicalnatu11moli,5,189,1,189,False,1808,eng,"The geographical, natural and civil history of Chili.",eng,entuuines himens lodgk skeppatd slauuing uuieath
714,novifretiparteme00scho,5,12,4,12 19 28 58,False,1619,lat,"Novi freti, a parte meridionali freti Magellanici, in Magnum Mare Australe detectio. : Facta laboriosissimo & periculosi",lat,accrescentem ardapelioten congregabant mutaba nnindue squdllen
715,beschreibungderl00henn,5,30,3,30 49 100,False,1689,ger,"Beschreibung der Landschafft Louisiana : welche, auf befehl des Königs in Frankreich, neulich gegen sudwesten Neu-Frankr",ger,eriagtes gugang ildet loschete schueiete
716,guineischeundwes00hemm,5,4,3,4 49 50,False,1669,ger,"Guineische und West-indianische Reissbeschreibung, de An. 1639. biss 1645. von Ambsterdam nach St. Joris de Mina, ein Ca",fre,grinari schuuaig uirdungo uueitentlegen zeillerus
717,paesinouamentere00unse_0,5,130,2,2 130,False,1507,ita,Paesi nouamente retrouati. et Nouo Mondo da Alberico Vesputio Florentino intitulato,lat,cardganor cerpir epsirisi nideichea palmaprebettex pduce psettslimo qaesto sertillisiima soprasctipte
718,rhetoricachristi00vala_0,5,2,1,2,False,1579,lat,"Rhetorica christiana ad concionandi, et orandi vsum accommodata, : utriusq[ue] facultatis exemplis suo loco insertis; qu",lat,agnm cognosc sensium sigmsicani tipant uetuum
719,aquisecontienent00casa,5,9,1,9,False,1552,spa,Aqui se co[n]tiene[n] treynta proposiciones muy juridicas: : en las quales sumaria y succintamente se toca[n] muchas cos,spa,acallilla anooeuepntcp bagertadcomo coniirnio igelpues ikepnosel laoicba larespoz ntentost palabiasoesu pzesenre resirmo sauaa tntrodupo
720,resumendederecho00unse,5,1,1,1,False,,spa,"Resumen de d[e]r[ech]os tocantes a los Yndios, sobre su reduccion.",por,corera deriooe elgue entorrea poboabaro preedo ubiilo
721,nouusorbisregion00hutt_0,5,29,2,23 29,False,1532,lat,"Nouus orbis regionum ac insularum ueteribus incognitarum,",lat,cicuratus kaiendae kirzoth lcopard lithuanoru mpacissima
722,importanceofgain00kenn,5,14,1,14,False,1752,eng,The importance of gaining and preserving the friendship of the Indians to the British interest considered,eng,bombardment diiiiculti kennedis lludsons scrong
723,josephiemmanueli00pera,5,228,1,228,False,1793,lat,Josephi Emmanuelis Peramas De vita et moribus tredecim virorum paraguaycorum,lat,assumptx candonius conicien eumberet magiiter mdcclxuii
724,messisparaquarie00schi,5,81,5,35 74 81 88 101,False,1649,lat,"Messis Paraquariensis a patribus Societatis Jesu per sexennium in Paraquaria collecta, annis videlicet M.DC.XXXVIII. XXX",lat,aberanr absiiit ccssit concitarunt maditur mltius rcliquorum riedam scrpcntum triulto
725,vieducapitaineco00kipp_0,5,131,2,131 140,False,1789,fre,"Vie du Capitaine Cook,",fre,chapuii continuastent iusqueis kaoo pitalieres terreeoboo
726,tovarcodex00tova,5,38,1,38,False,1582,"spa,nah",[Tovar Codex],eng,agret apatoh cinso dledicizt ercir hattio hexeco mabetl
727,iosephiacostasoc00acos,5,110,2,54 110,False,1596,lat,"Iosephi Acosta, Societatis Iesu, De natura Noui Orbis libri duo. ; et De promulgatione euangelii apud barbaros, siue De ",lat,aiiisixiliis bmittat chriituni colligentem haailmrt peretiqm quanispeciosi quappaulus tsiliiipo uisgam
728,ioannisdelaetant00laet_2,5,30,1,30,False,1644,lat,"Ioannis de Laet Antwerpiani Responsio ad dissertationem secundam Hugonis Grotii, De origine gentium Americanarum. : Cum ",lat,dispescit lmseotium portuit remigante suspedis transmiisa
729,travelsthroughas01lamb,5,154,1,154,False,1755,eng,"Travels through Asia, Africa, and America. : Containing a curious account of the manners, customs, usages, different lan",eng,aszrass blockd mahmouds surrenderd testisid
730,aanmerkingenwege00ache,5,23,3,8 23 36,False,1778,dut,"Aanmerkingen wegens Noord-America, en de Engelsche volkplantingen aldaar:",dut,ensiluanie gesield iaarliksch merkuuaardig ouerigen potaslche uolkplanting
731,collectionabrged02unkn,5,2,2,2 20,False,1808,fre,Collection abrégée des voyages anciens et modernes autour du monde; : avec des extraits des autres voyageurs les plus cé,fre,cherclioit garais ilomma piontroit saintmatthias
732,briefrecueildesp00pezi,5,7,1,7,False,1613,fre,"Brief recueil des particularitez contenues aux lettres enuoyeés, par Monsieur de Pezieu, a messieurs ses parents & amis ",fre,icsdits magerdans prardeux raliili rcspcre sepmai œconome
733,descriptiondelal00henn_1,5,41,3,41 42 54,False,1684,fre,"Description de la Louisiane, nouvellement decouverte au sud' oüest de la Nouvelle France, par ordre du roy. : Avec la ca",fre,crieme embrasiames iaislans rentaux zenoble
734,aquisecontienevn00casa,5,32,1,32,False,1552,spa,"Aqui se contiene vna disputa, o controuersia: entre el obispo do[n] fray Bartholome de las Casas, o Casaus, obispo q[ue]",spa,alacausagi conuemran culpadostpuee enelio immolaretur ingenum istgo noalpzinctpeni pzouie sattimo sebaiencontra
735,cartaqueelillust00josa,5,13,1,13,False,1788,"spa,sai","Carta que el illustrisimo señor D. Fr. Joseph Antonio de San Alberto, arzobispo de la Plata, escribiò à los indios infie",spa,gueis iesef ietapa misionados tembladeras
736,collectionabrged10unkn,5,298,2,263 298,False,1808,fre,Collection abrégée des voyages anciens et modernes autour du monde; : avec des extraits des autres voyageurs les plus cé,fre,frashnih lesseps onagre presend slorcli
737,diuersvoyagestou00hakl,5,52,2,12 52,False,1582,eng,"Diuers voyages touching the discouerie of America, : and the ilands adiacent vnto the same, made first of all by our Eng",eng,corasoitetsi msience pnomome resteslietsi rlue sdliuesi spirites sttcli
738,drittebuchameric00stad_0,5,238,1,238,False,1593,"ger,lat","Dritte Buch Americae, darinn Brasilia : durch Johann Staden von Homberg auss Hessen, auss eigener erfahrung in Teutsch b",ger,cheasscocniein cheguiencg chepoui chereguic eroutu hotmir ichesug
739,epitomechilenoid00tesi,5,14,3,6 14 19,False,1648,spa,"Epitome chileno, ideas contra la paz. Por el maestro de campo Santiago de Tesillo",spa,amenacan iierpes imxioi insultosiuo inundaron obeliscqsiobe
740,firstbookeofhist00stra,5,23,9,14 23 24 44 47 73 78 84 150,False,1829,"eng,lat,alg",The first booke of the historie of trauaile into Virginia Britania expressing the cosmographie & com[m]odities of the co,por,arouue bleenutde cuglthe demonri eomprebeordedl habctatiom latirc souuupatan teodorid
741,endamuschronicon00sich,5,142,6,36 106 142 203 409 411,False,1529,lat,"En damus chronicon divinum : plane opus eruditissimorum autorum, repetitum ab ipso mundi initio, ad annum usque salutis ",spa,aiiirios apudhebrxos assirris bactria iseac zoroastes
742,fortsetzungdescu00berc,5,7,3,7 68 72,False,1742,ger,"Fortsetzung des Curieusen Antiquarii, : das ist: Allerhand auserlesene geographische und historische Merckwürdigkeiten, ",ger,angesiinderist antastet mausloschlich sitrern speiender srblichkeit uererhreet uerutsachet
743,mapofvirginiavvi00smit,5,1,1,1,True,,,,eng,brasseisiluer hungrie orapaks sbacqnobocan uttekeipeia
744,versucheinernatu00moli,4,181,4,71 80 91 181,False,1786,ger,Versuch einer Naturgeschichte von Chili.,lat,alkernis amfibien boldus cachanlahuen caustiea cbuloss drupa fillus heracleum iammosa ianceolatis insundib lucuma multisloris oualibus oualli pedunc peduncus perennantikun petiolatis peumus quinquesidis rugoss sallıa sassia
745,narrativeoffivey02sted_0,4,247,2,247 248,False,1796,eng,"Narrative, of a five years' expedition, against the revolted Negroes of Surinam, in Guiana, on the wild coast of South A",eng,markooree mattakee maureecee mompee monbiara pasleslee prareepraree prouooss purperheart redbreast rockcod sapadilla seeparee siliba singered sokai uuisee
746,ordenancasqueels00peru,4,0,1,0,False,1594,spa,"Ordenancas que el señor Marques de Cañete visorey, de estos reynos del Piru mando hazer para el remedio de los excessos,",spa,adodize alimcnco dizclc doadc hailare icbciione llorara macriti naertro piaqa planadodizc rcuciacirncs sercilidaddi ultimoringlo
747,continenteameric00rive,4,7,3,6 7 12,False,,spa,"Continente americano, argonauta de las costas de Nueva-España, y Tierra-Firme, : islas, y baxos de esta navegacion, lon",spa,acaiuca aguando bainilla goazacoalco griialba iuntansele siluess
748,geographicalnatu21moli,4,179,1,179,False,1808,eng,"The geographical, natural and civil history of Chili.",eng,calique ehusiataca esiuhuaranca esiun esiuque huaranca iumari mollesiu mollquigne pataca quignelian quignen
749,oostindischevoya00comm,4,29,1,29,False,1648,dut,"Oost-Indische voyagien door dien begin en voortgangh, van de Vereenighde Nederlandtsche Geoctroyeerde Oost-Indische Comp",dut,chineesem deturck krake orcaem schipbreuck tgedeelt uerlolt uroome zeiien
750,travelsinamerica02ashe,4,23,3,15 19 23,False,1808,eng,"Travels in America, performed in 1806, : for the purpose of exploring the rivers Alleghany, Monogahela, Ohio, and Missis",eng,cardcnalis couupen europaeus migratorius poligrottus sialis sieldsare uuagtail
751,lifedeathofrever00math,4,54,2,30 54,False,1694,eng,"The life and death of the reverend Mr. John Eliot, who was the first preacher of the Gospel to the Indians in America. :",eng,aiueri eladli handcsor heother hiacooms midss pastorand
752,nouveauvoyageaut00pag,4,179,2,171 179,False,1797,fre,"Nouveau voyage autour du monde, en Asie, en Amérique et en Afrique, en 1788, 1789 et 1790; : précédé d'un voyage en Ital",fre,doudt reucre tonkoe topoo trembleur tripoh ueoise
753,beschryvingevanh00okot,4,19,1,19,False,1660,dut,"Beschryvinge van het heerlijcke ende gezegende landt Guajana, waer inne gelegen is de seer voorname lant-streke genaemt ",dut,bediaeght doomamentluch eandcn guldeng knechtc noooicli pctlseruterck piocgp piuclpen saemen sestigh tpagcn
754,advertisementsfo00smit_1,4,2,1,2,False,1631,eng,"Advertisements for the unexperienced planters of New-England, or any where. Or, The path-way to experience to erect a pl",eng,britainez elizalcths losea miserablenesie misprisions qucene sirance uuaake
755,desherrnjuandepo00smee,4,17,1,17,False,1748,ger,"Des Herrn Juan de Posos Beschreibung des mächtigen Königreichs Krinke Kesmes, welche eine grosse Insul, nebst vielen dar",eng,allzutrockne berzogene dissillir istarckem mitnimmt remediten saicken schimm uerstegt zusetzt
756,directorioquesed00port,4,13,1,13,False,1758,por,"Directorio, que se deve observar nas povoaçoens dos indios do Pará, e Maranhaõ em quanto Sua Magestade naõ mandar o cont",spa,commerciant comutacao demonilratiua eilimauel gacoens imaginacocns subitancial ueuel
757,hansstadenvanhom00stad_0,4,42,1,42,False,1627,dut,"Hans Staden van Homborgs beschrijvinghe van America, wiens inwoonders, wilt, naeckt, seer godtloos ende wreede menschen-",dut,eorgio eroaimus gebꝛoe ghebzaden naecken uueele
758,virginiaimpartia00bull_0,4,29,1,29,False,1649,eng,"Virginia impartially examined, and left to publick view, to be considered by all iudicious and honest men. : Under which",eng,atches handsauu inuelted ogiattorlei sellingaxes shouells sriii
759,ottokeyenskurtze00okot,4,105,1,105,False,1672,ger,"Otto Keyens kurtzer Entwurff von Neu-Niederland und Guajana einander entgegen gesetzt, umb den Unterscheid zwischen warm",ger,azzou gedeihet gnaiana gusiana mangauis marqulzia
760,vierloblichersta00unkn,4,27,1,27,False,1677,ger,"Vier loblicher Statt Zürich verbürgerter, Reissbeschreibüngen: : geschehen in 1. Das Gelobte-Land. 2. Die Insul Jamaica.",eng,bottschasteren egk gallata geuuelbten itscharen kammeren sodbrunnen
761,goodnewsfromnewe00unse,4,13,1,13,False,1648,eng,Good news from New-England: : with an exact relation of the first planting that country: a description of the profits ac,eng,bisbops brutbs expertence grapling moddel siuistli turnesor uuitbouta
762,araporuaguyeyhab01insa,4,58,2,58 113,False,1759,"grn,spa,lat","Ara poru aguîyey haba: : conico, quatia poromboe ha marangatu.",por,angaipabiia hembiabi iechacabari mburahei mombeu nunga oiaheo oioquai onepihiro teongue terehecha
763,tableaudelagrand03baer,4,110,1,110,False,1799,fre,"Tableau de la Grande-Bretagne, de l'Irlande, et des possessions angloises dans les quatre parties du monde",fre,chambellans dhonoraires enregistremens iemplacer tallicutter talliuuritter
764,historiagenerald06prvo,4,412,1,412,False,1763,SPA,"Historia general de los viages, ó nueva coleccion de todas las relaciones de los que se has hecho por mar, y tierra, y s",spa,codriiose hascael manikabeth marrln recomendando ribaron rmrdia siguientedem sntcrrupcion
765,reizerondsomdewe00walt,4,392,1,392,False,1749,"dut,fre","Reize rondsom de werreld, gedaan in de jaaren 1740 tot 1744, door den heere George Anson, : opperbevelhebber over een es",dut,cntierra gezigten leeuiu uoorkomende
766,jpbrissotswarvil00bris,4,216,1,216,False,1792,ger,"J.P. Brissot's (Warville,) französischen Bürgers, Neue Reise durch die Nordamerikanischen Freistaaten im Jahr 1788.",dut,ariser cbessel inmohne msirt ooops speuu tleberbies ucbertreibung
767,relaamverdadei00andr,4,0,1,0,False,1757,por,"Relaçam verdadeira, em que se dam a ler as victorias dos Portuguezes contra os gentios, e levantados, : alcançadas por G",fre,aqrcelle bobadella diuirtirlhe essria indicies iuilisa precisao sacreditado
768,cartapastoral00cath_1,4,7,2,7 16,False,1724,"spa,lat",Carta pastoral,spa,ceiantem diabulus estuderunr hauise iniluxos insultct lebantar niseniig nitidiorem purgatius seilicee
769,descriptionofnew00smit_0,4,5,2,1 5,False,1616,eng,"A description of New England: or The observations, and discoueries, of Captain Iohn Smith (Admirall of that country) in ",eng,asterdaies eternised ioiin loookes ludgementseies tacensure uadanted
770,fielexpoziododes00unkn,4,5,1,5,False,1826,por,Fiel expozição : do desterro que teve em Africa o major Pimenta. Copiada de varios periodicos,por,banido breieiro consedieko periodico pregoeiro promulgado
771,epitomehistorial00angu_0,4,114,2,95 114,False,1706,spa,"Epitome historial, y conquista espiritual del imperio Abyssino, en Etiopia la alta, o sobre Egypto, a cuyo emperador sve",spa,alamandini alsanto ambondas deuir lusiniano serrabaza tenerable toicana
772,florusanglicusor00bosl,4,18,1,18,False,1658,eng,"Florus Anglicus or An exact history of England, from the reign of William the Conquerour to the death of Charles the I.",dut,eustacbiuu iuathilde mathilde pnsoner randulf selest tthilde
773,esteesvntratadoq00casa,4,5,2,5 13,False,1552,spa,"Este es vn tratado q[ue] el obispo dela ciudad real de Chiapa do[n] fray Bartholome de las Casas, o Casaus compuso, : po",spa,eeltoleoaua ietopo ihicaragua irespondia mismismos oesuenturados secogeenelta tenemosmas tuuieremos uaseoe
774,voyagedesamuelhe00hear,4,87,1,87,False,1799,fre,"Voyage de Samuel Hearne, du Fort du Prince de Galles dans la baie de Hudson, à l'océan nord, : entrepris par ordre de la",dut,estimai keelshies matonabbee sentendait
775,salutariusluxeva00fabr,4,312,2,312 462,False,1731,ger,"Salutarius lux evangelii toti orbi per divinam gratiam exoriens, : sive notitia historico chronologica literaria et geog",eng,abredonensi armacha edimburgen iermim kilkenni lagliniensis ollier osisorienlis sernensis tnhlbernia uolurti
776,historiagenerald14prvo,4,362,1,362,False,1763,SPA,"Historia general de los viages, ó nueva coleccion de todas las relaciones de los que se has hecho por mar, y tierra, y s",spa,caoukciai deseubriamos nombradobankie talaccaou tchainatbourie uariacioa
777,memoirestouchant00paul_0,4,22,3,22 29 38,False,1663,fre,"Memoires touchant l'etablissement d'vne mission chrestienne dans le troisieme monde, autrement appellé, la Terre Austral",fre,deslignent eloimiec fihppes icosla lexxui lournees
778,recueildediversv00unse,4,163,1,163,False,1674,fre,"Recueil de divers voyages faits en Afrique et en l'Amerique, qui n'on t point esté encore publiez; : contenant l'origin",fre,chemisesa ecree nissan sautmettre sommetotale soulietsa
779,historyoflouisia02lepa,4,34,1,34,False,1763,eng,"The history of Louisiana, or of the western parts of Virginia and Carolina: : containing a description of the countries ",eng,draughtbird halcions llsith srigatebird uioletcoloured
780,voyagedanslestat07laro,4,4,1,4,False,1799,fre,"Voyage dans les États-Unis d'Amérique, : fait en 1795, 1796 et 1797.",fre,dhickori manrtouun scheliings springhouse
781,voyageaucanadada00weld_0,4,130,1,130,False,1802,fre,"Voyage au Canada, : dans les années 1795, 1796 et 1797;",fre,chippeuuai descataractes esaudessus puisseauancer taractes
782,newvoyageroundwo01damp,4,192,1,192,False,1699,eng,"A new voyage round the world. : Describing particularly, the isthmus of America, several coasts and islands in the West ",eng,captiin cruisin iohnpernandr sistiermen tbouu uuestuuar
783,lebenundtapffere00bosl,4,577,1,577,False,1681,dut,"Leben und tapffere Thaten der all-berühmtesten See-Helden, Admiralen und Land-Erfinder unserer Zeiten, : angefangen mit ",ger,edissen esquadres nsszeh siebenzeben stucten uleugel
784,voyagedanslespar00bart_1,4,139,1,139,False,1798,fre,"Voyage dans les parties sud de l'Amérique septentrionale; : savoir: les Carolines septentrionale et méridionale, la Geor",spa,alachua hesitent miiiernde quembellissait sauanue
785,treatyheldattown00unse,4,16,1,16,False,1744,eng,"A treaty, held at the town of Lancaster, in Pennsylvania, by the honourable the lieutenant-governor of the province, and",eng,barlead dussle halibarrels halsthicks oopinod
786,viaggiedavventur02chet,4,15,2,15 120,False,1734,ita,"Viaggi ed avventure del capitan Roberto Boyle; : con la relazione del viaggio, naufragio, e maraviglioso salvamento del ",spa,dimandandogli imponibile leraggine piglinolo scellerato speratamente uenuro
787,incasordestructi01marm,4,92,1,92,False,1777,eng,"The Incas: or, The destruction of the empire of Peru.",eng,anchorite bristdi couldst douuncast requesls
788,iournaloftebesch00scho,4,10,1,10,False,1618,dut,"Iournal ofte beschryvinghe van de wonderlicke reyse, : ghedaen door Willem Cornelisz Schouten van Hoorn, inde jaren 1615",dut,discdoste dondenoaernae giietoddige glieliooinde gmglicn petogpen rniibdacrhs snnodaegtis soiiddaeghs supbenaen tioociite toaptmeett
789,prouisionescedul00news,4,185,2,185 429,False,1563,n-mx---,"Prouisio[n]es cedulas instruciones de su Magestad: : ordena[n]ças d[e] difu[n]tos y audie[n]cia, p[ar]a la buena expedic",spa,aionaen auarenla elgradecontoda elsur engue isembiado morioabaroa oeai oelsurse ozel petalcigo zceccistepeque
790,vitavenerabilisp00rodr,4,66,1,66,False,1789,lat,Vita venerabilis patris Emmanuelis Correae e Societate Jesu in Brasilia missionarii : una cum adjectis animadversionibus,lat,diltolueret intermissionem nonnemo patientissimus saltitantem seltiue
791,historianaturaly00acos_0,4,296,1,296,False,1792,spa,"Historia natural y moral de las Indias, : en que se tratan las cosas notables del cielo, elementos ... de ellas; y los r",dut,danasen homaraimi iapaquis kaiquis llouiese
792,naturgeschichtev00banc,4,122,1,122,False,1769,ger,Naturgeschichte von Guiana in Süd-Amerika. : Worinn von der natürlichen Beschaffenheit und den vornehmsten Naturproducte,eng,annimms beitn bsoß crsditungen emetsun erperimcnt gemeinigtieb ipmpsiatiscm ocrsdßingt unsdsablid uuibcrsprteht
793,historiagenerald25prvo,4,395,1,395,False,1763,SPA,"Historia general de los viages, ó nueva coleccion de todas las relaciones de los que se has hecho por mar, y tierra, y s",spa,agradahle detencr duede restabiecer tanulisem ualquie uuinercancias
794,deextremodeiiudi00lumn,4,46,1,46,False,1569,lat,"De extremo dei iudicio, et Indorum vocatione libri II.",lat,adsalu cnormitatem conscssus ihenindignum lucrisecis priushici quehominem remusiubi statuerem telligentiam
795,defenceofscotsse00unse_2,4,2,1,2,False,1699,eng,A defence of the Scots settlement at Darien. : With an answer to the Spanish memorial against it. And arguments to prove,fre,ameries chiespoint consplaint represeat tooin
796,lettersfromislan00kind_0,4,40,1,40,False,1777,eng,"Letters from the island of Teneriffe, Brazil, the Cape of Good Hope, and the East Indies.",eng,benaras channam hindoos puniihments unused
797,historiagenerald02prvo,4,251,1,251,False,1763,SPA,"Historia general de los viages, ó nueva coleccion de todas las relaciones de los que se has hecho por mar, y tierra, y s",spa,apoderarlc arcacion arcnolo boluicndoic contrauandos debtn emkuaoouuun pasleaba rtocdor sbordar tmlmo ttrrei
798,opusculumgeograp00myri_0,4,17,1,17,False,1590,lat,"Opusculum geographicum rarum, : totius eius negotii rationem, mira industria et breuitate complectens, iam recens ex diu",lat,ambttus contmerc maxtmus mtnores mtntmus orgtasex rtorum stadtum tsprouenit tssemishabet ueredariorum
799,admirandanarrati00harr_3,4,29,1,29,False,1590,lat,"Admiranda narratio fida tamen, de commodis et incolarum ritibus Virginiae, nuper admodum ab Anglis, qui à Dn. Richardo G",lat,astdenti deligipotue desuntii insixasunt itandigratia ktisuiignunu moniar qccupantli sqlis tignasculpta
800,kortebeknopteenn00unse,4,160,1,160,False,1687,dut,"Korte, beknopte, en nette beschryving, van de koningrijken Hungarien, Dalmatien, en Morea. : Mitsgaders de vorstendommen",dut,engeuen geuuoel griekze grooteinkomst stamsant striualen tameliike uueereltleeuen zeemagten
801,tratadocomprobat00casa,4,79,1,79,False,1553,spa,Tratado co[m]probatorio del Imperio soberano y principado vniuersal que los Reyes de Castilla y Leon tienen sobre las In,eng,ailargamete completisimo ellainrisdicio elsuso hosolamente losiuristas olutaria otcbosin otepa paraconieguir podertpara poroereepe qualque rolsitarta rolutars
802,theophilispizeli00spit,4,5,3,5 17 36,False,1661,lat,Theophili Spizelii elevatio relationis Montezinianae de repertis in America tribubus Israeliticis; : et discussio argume,lat,abisitnorumim abistt dagm mcllaopercubtm montezini sommum ustubdmtd utsionem
803,tableaudelagrand02baer,4,99,1,99,False,1799,fre,"Tableau de la Grande-Bretagne, de l'Irlande, et des possessions angloises dans les quatre parties du monde",fre,ilinstant ircnt lsous paclemens proroger
804,relationdelestab00bout,4,5,2,5 36,False,1640,fre,"Relation de l'establissement des Francois depuis l'an 1635. En l'isle de la Martinique, l'vne des Antilles de l'Amerique",fre,apcrceusmes attrapperoit chaiserent dunquerquois kinsal
805,travelsofjesuits02jesu,4,237,1,237,False,1743,eng,"Travels of the Jesuits, into various parts of the world: compiled from their letters. : Now first attempted in English. ",eng,boucaet boucbet essii ltltnalbr uuasss
806,noticiasamerican00ullo_1,4,101,1,101,False,1792,spa,"Noticias americanas: : Entretenimientos físico-históricos sobre la América Meridional, y la Septentrional oriental: Comp",spa,chorlitos encorua graznido luisiatta sarapicos undante zanca
807,desherrnadmirals00walt,4,443,1,443,False,1749,ger,"Des Herrn Admirals, Lord Ansons Reise um die Welt, welche er als Oberbefehlshaber über ein Geschwader von Sr. Grossbrita",eng,gepeilt inleo iuliaan niebrigem uanst uitstrtkkende
808,dekleynewonderli00joos,4,5,1,5,False,1649,dut,"De kleyne wonderlijcke werelt, : bestaende in dese keyserrijken, coningrijken en landen, als Turckyen, Hungaryen, Poolen",dut,bediocgt bleepg bmingencnrcb cgitpeti dersdt gcbaclmt getuite magnisiccntie sinchien trooticn
809,descriptiondelaf00laba,4,10,1,10,False,1666,fre,"Description de la France equinoctiale, cy-deuant appellee Guyanne, et par les Espagnols, El Dorado.",fre,corouabo decorouaboqui deluraquc laquelleles manamanori
810,doctrinalisfidei02medi,4,17,1,17,False,1575,cai,"Doctrinalis fidei in Michuacane[n]sium Indorum linguam : [a]editus ab admodum Reuerendo Patre Fratre Joanne Metinensi, B",por,cbulpca cuinchpes indentuhpiibo isienopeti mindangauaca napcan tugquimengacba
811,briefdescription00dent_2,4,8,1,8,False,1670,eng,A brief description of New-York: formerly called New-Netherlands. : With the places thereunto adjoyning. Together with t,eng,aplacecalled asierkall cornland niuualianiia uulork
812,etatpolitiqueact01gene,4,156,1,156,False,1757,fre,"Etat politique actuel de l'Angleterre, ou Lettres sur les écrits publics de la nation angloise relativement aux circonst",fre,eielles iaisieaux iterling pallbient soixanteeinq
