rank_v2,ia,rank_v1,control,date,language,title,chunks,run,max,flagged,frac,v2
1,voyagestravellso00olea,4,True,,,,5 6 7 11 12 13 16 22 137 138 1188 1191,28,18,12,0.01,419.6
2,americabeinglate01mont,18,True,,,,686 904 905 906 907,32,13,5,0.005,376.9
3,ioannisdelaetant00laet_0,3,False,1643,lat,Ioannis de Laet Antwerpiani Notæ ad dissertationem Hugonis Grotii De origine gentium Americanarum : et observationes ali,64 65 66 79 80,38,19,5,0.05,361.0
4,joannisdelaetant00laet,2,False,1643,lat,Joannis de Laet Antwerpiani Notæ ad dissertationem Hugonis Grotii De origine gentium Americanarum : et observationes ali,24 64 65 66 78 79 80,43,20,7,0.07,358.3
5,voyagetowardssou02cook,72,False,1777,eng,"A voyage towards the South Pole, and round the world. : Performed in His Majesty's ships the Resolution and Adventure, i",203 204 205 206 207 208 209 210 211 212 213 215 216 217,77,10,14,0.059,353.8
6,voyagedanslespro02sain_0,1,False,1830,fre,Voyage dans les provinces de Rio de Janeiro et de Minas Geraes;,29 94 131 174 207 208 262 288 297,23,23,9,0.029,336.6
7,rechercheshistor00schr,10,False,1777,fre,Recherches historiques et géographiques sur le Nouveau-Monde.,159 160 161 163 164 166 167 168 169 170 173 174,45,15,12,0.065,293.8
8,zwlfftertheilder00herr,17,False,1623,ger,"Zwölffter Theil der Newen Welt, : das ist: Gründliche volkommene Entdeckung aller der West Indianischen Landtschafften, ",186 187 188,26,13,3,0.011,277.3
9,histoiregnralede05prvo_0,6,False,1746,fre,"Histoire générale des voyages, ou nouvelle collection de toutes les relations de voyages par mer et par terre, qui ont é",52 207,17,17,2,0.002,275.4
10,voyagededentreca01entr,27,False,1807,fre,"Voyage de Dentrecasteaux, envoyé à la recherche de La Pérouse. : Publié par ordre de Sa Majesté l'empereur et roi, sous ",369 370 371 372 375 379 380 381 383,30,12,9,0.019,261.7
11,voyagedanslespar00bart_0,24,False,1800,fre,"Voyage dans les parties sud de l'Amérique septentrionale; : savoir: les Carolines septentrionale et méridionale, la Geor",17 18 19 20 21 22 43 138 178,42,12,9,0.048,256.1
12,nauwkeurigebesch00bosm_1,173,False,1704,dut,"Nauwkeurige beschryving van de Guinese Goud- Tand- en Slave-kust, : nevens alle desselfs landen, koningryken, en gemeneb",108 143 277 360 405 416 417 418 420 421 422 423 424 427 428 429 430 431 432 433 434 435 436 437 438,67,8,25,0.056,253.3
13,voyagedanslespar00bart_2,42,False,1798,fre,"Voyage dans les parties sud de l'Amérique septentrionale; : savoir: les Carolines septentrionale et méridionale, la Geor",17 18 19 20 21 89 139,40,11,7,0.037,252.2
14,monarchiahispani00zeil,23,False,1659,dut,"Monarchia Hispanica ofte Een reys-beschryvinge, aller koninckrijken, vorstendommen, landen ende steden, door de gantsche",1 2 3 4 6 7 9 10 11 12 13 14 15 17 18 19 20 21 22 23 24 25 26 30 31 32 33 36 38 39 41 43 47 48 49 50 51 52 54 55 56 57 58 59 60 63 64 65 66 67 69 70 71 72 73 74 75 76 77 78 79 80 81 82 84 85 86 87 88 89 90 91 92 93 94 95 96 97 98 99 100 101 102 103 104 105 106 107 108 109 111 112 113 114 116 117 118 119 120 121 123 124 125 126 127 128 129 130 131 132 133 134 135 136 137 138 139 140 141 142 143 144 145 146 147 148 149 150 151 152 153 154 155 156 157 158 159 160 161 162 163 164 165 166 167 168 169 170 171 172 173 175 176 177 178 179 180 181 182 183 186 187 188 189 190 192 193 195 196 197 198 199 200 201 202 203 205 212 213 214 215 216 217 219 220 222 223 224 225 226 227 229 232 233 234 235 236 237 238 239 240 241 242 243 244 245 246 247 248 249 250 251 252 253 254 255 256 257 258 259 260 261 262 263 264 265 266 267 268 269 270 271 272 273 274 275 277 278 279 280 281 282 283 284 285 286 287 288 289 298 299 303 306 308 309 311 312,361,12,257,0.818,249.4
15,beschryvingvangu02hart,174,False,1770,dut,"Beschryving van Guiana, of de wildekust, in Zuid-America, : betreffende de aardrykskunde en historie des lands, de zeede",207 220 226 309 310 311 312 313 314 315 316 317 318 321,57,8,14,0.043,245.0
16,ioannisdelaetant00laet,7,False,1643,lat,Ioannis de Laet Antuerpiani Notæ ad dissertationem Hugonis Grotii De origine gentium Americanarum : et obseruationes ali,65 66 79 80 92,30,16,5,0.05,241.2
17,arteenlenguazapo00juan,41,False,1578,"spa,zap","Arte en lengua zapoteca,",7 13 16 34 37 44 65 83 96 97 98 99 100 101 102 103 104 105 106 107 108 112 116 117,100,11,24,0.198,221.5
18,collectionabrged11unkn,9,False,1808,fre,Collection abrégée des voyages anciens et modernes autour du monde; : avec des extraits des autres voyageurs les plus cé,102 112 142,16,16,3,0.011,210.1
19,histoiregnralede14prvo_0,12,False,1746,fre,"Histoire générale des voyages, ou nouvelle collection de toutes les relations de voyages par mer et par terre, qui ont é",542,14,14,1,0.001,192.5
20,nieuvvevvereltan00herr_0,26,False,1622,dut,"Nieuvve VVerelt, anders ghenaempt VVest-Indien",5 6 7 8 9 11 12 16 17 18 19 20 21 22 23 24 25 26 27 28 29 30 31 32 33 35 36 37 38 39 40 41 42 45 46 49 50 51 52 53 54 55 58 59 60 63 64 65 66 67 68 69 70 71 72 73 74 75 76 77 78 79 80 81 82 83 84 85 86 87 88 89 90 91 92 93 94 95 96 97 98 99 101 102 103 105 106 107 111 112 113 114 115 119 123 124 125 126 127 128 129 134 138,245,12,103,0.736,187.1
21,accountofvoyages02unse,11,False,1775,eng,"An Account of the voyages undertaken by the order of His present Majesty, for making discoveries in the Southern hemisph",57 213 326 363 409 410,16,14,6,0.013,177.9
22,veritablerelatio00boye_0,8,False,1654,"fre,sai",Veritable relation de tout ce qui s'est fait et passé au voyage que Monsieur de Bretigny fit à l'Amerique Occidentale. :,5 6 9 10 11 14 15 17 19 22 23 24 25 26 28 31 32 33 34 35 42 43 56 57 59 62 64 65 67 68 69 70 72 76 85 86 88 90 103 106 107 108 109 110 111 112 113 115 116 119,94,16,50,0.403,165.9
23,historyofcaribby00roch,137,True,,,,372 373 374 375 377 378 379,22,9,7,0.018,144.9
24,nieuweontdekking00henn,76,False,1702,dut,"Nieuwe ontdekkinge van een groot land, gelegen in America, tusschen Nieuw Mexico en de ys-zee. : Behelzende de gelegenhe",3 4 59 119 120 184 185 186 187 188 190 191 192 193,31,10,14,0.059,141.8
25,orbeseraficonovo00jabo,48,False,1761,"por,lat","Orbe serafico novo brasilico, descoberto, estabelecido, e cultivado a influxos da nova luz de Italia, estrella brilhante",11 21 274 324 327 329 330 331 332 333 334 335 336 337 339 342 345 350 351 355 357 358 360 361 365 367 369 374 376 377 380 385 388 389 390 396 397 402 404 407 415 416 419 421 422 423 425 426 427 430 432 434 435 447 450 451 457 458 459 463 464 468 473 475 476 481 482 483 484 485 487 491 492 498 499 500 502 507 510 512 513 514 515 516 517 518 519 520 527 528 529 534 535 538 539 541 542 543 545 546 547 550 551 552 555 559 560 561 562 564 565 567 568 569 570 571 572 573 574 575 576 577 583 585 586 588 590 591 593 594 596 597 599 602 605 607 612 613 616 617 618 619 620 621 622 623 624 625 627 628 629 630 633 634 635 640 641 647 648 662,72,11,160,0.23,141.3
26,viaggioalbrasile04wied,35,False,1821,ita,"Viaggio al Brasile negli anni 1815, 1816 e 1817",46 48 66 72 74 77 93 97 100 104 105 106 107 108 110 111,44,12,16,0.14,138.7
27,histoiregnralede13prvo_0,36,False,1746,fre,"Histoire générale des voyages, ou nouvelle collection de toutes les relations de voyages par mer et par terre, qui ont é",424 483,12,12,2,0.002,138.0
28,iohnhuighenvanli00lins_0,47,False,1598,eng,Iohn Huighen van Linschoten. His discours of voyages into ye Easte & West Indies. : Deuided into foure bookes,3 8 12 16 32 34 36 38 43 57 72 75 93 97 109 110 119 120 141 146 156 159 160 162 165 170 172 176 179 180 183 184 190 193 195 196 198 199 200 205 211 212 215 216 221 222 224 230 231 232 233 234 235 236 239 243 246 251 259 266 267 284 287 297 306 307 308 312 315 317 324 326 327 333 335 339 355 356 362 364 365 366 367 368 369 370 371 372 373 374 375 376 377 378 379 381 382 387 388 389 390 393 395 400 404 405 409 411 413 421 422 424 427 430 433 434 435 437 438 439 441 442 443 444 445 450 453 454 455 456 457 460 469 470 472 474 475 477 478 480 481 482 484 485 486 487 493 495 496 500 501 503 506 507 515 517 518 519 520 521 524 525 528 529 531 533 534 535 547 557 568 569 571 580 582 583 587 591 599 601 603 607 617 619 623 629 634 635 637 639 640 641 642 643 646 647 649 650 651 652 653 654 655 656 657 658 659 662 663 664 666 667 668 670 671 672 673 675 677 678 681 683 684 685 686 688 689 690 691 693 694 696 697 698 699 700 701 702 703 706 707 708 713 715 716 718 721 722 723 724 725 726 731 732 733 734 736 737 738 739 740 741 748 757 758 759 760 761 780 783 785 787,92,11,272,0.343,128.6
29,nouveauvoyageaut01pag,86,False,1797,fre,"Nouveau voyage autour du monde, en Asie, en Amérique et en Afrique, en 1788, 1789 et 1790; : précédé d'un voyage en Ital",101 102,15,10,2,0.01,124.4
30,newvoyagedescrip00wafe_3,54,False,1704,"eng,sai","A new voyage and description of the Isthmus of America. : Giving an account of the author's abode there, the form and ma",28 40 42 43 54 55 56 63 73 75 76 84 91 92 93 94 95 96 97 98 99 100 102 103 104 105 109 112 114 116 117 118 119 120 121 122 123 124 137,73,11,39,0.275,123.7
31,embaixadaquefeso00cost,14,False,1694,"por,lat","Embaixada que fes o excellentissimo senhor conde de Villar-Maior (hoje marques de Alegrete) dos conselhos de estado, & g",5 6 7 8 9 10 11 13 14 15 16 17 19 20 22 24 25 27 28 30 36 38 39 40 41 42 45 46 47 48 49 50 51 52 53 55 56 57 58 59 60 61 62 63 64 65 66 67 68 70 71 72 73 75 76 77 78 80 81 82 83 84 85 86 87 89 90 91 92 93 94 95 96 97 103 107 111 112 114 115 116 117 118 119 120 121 122 123 124 125 126 127 128 129 130 133 134 135 137 138 139 140 141 142 143 144 145 146 147 151 152 153 154 155 156 157 158 159 160,136,14,119,0.726,122.7
32,iaiiiapartedelos01torq,51,False,1615,spa,Ia [-IIIa] parte de los Veynte y vn libros rituales y monarchia yndiana : con el origen y guerras de los yndios occident,22 23 27 29 32 35 45 49 54 63 65 67 74 75 82 84 85 86 99 100 101 103 111 115 121 128 129 131 134 140 150 151 162 168 170 171 177 178 179 182 183 187 189 203 204 212 214 219 228 229 230 234 236 243 248 249 252 253 263 273 275 278 283 285 287 289 303 305 308 309 317 324 325 338 348 353 367 372 375 378 379 380 393 394 395 397 398 401 402 408 409 413 414 415 418 422 427 449 451 454 459 461 462 463 467 471 472 473 474 475 476 477 478 480 482 497 499 502 503 506 519 521 522 525 531 533 534 540 542 546 549 550 556 565 566 569 573 578 591 596 608 626 628 637 640 641 655 656 658 668 671 673 680 681 684 688 698 700 702 710 711 719 743 744 746 747 749 753 755 757 758 764 765 778 779 784 788 793 797 801 804 807 822 834 843 861 862 863 864 868 890 891 893 899 901 905 909 916 922 931 932 935 936 943 947 952 958 960 961 963 964 966 973 988 989 990 994 995 998 999 1000 1002 1003 1004 1006 1007 1010 1012 1017 1018 1023 1027 1028 1031 1034 1037 1039 1040 1044 1046 1047 1048 1051 1053 1054 1056 1057 1058 1059 1060 1061 1066 1067 1068 1069 1070 1071 1078 1079 1084 1090 1093 1105 1110,61,11,264,0.235,117.9
33,dewonderlijckeen00zrat,467,False,1563,dut,"De wonderlijcke ende warachtighe historie vant coninckrijck van Peru, : geleghen in Indien, inde welcke verhaelt wordt d",351 354 358 361 362 363 364 365,26,6,8,0.021,110.0
34,relationdecequis00leje_9,34,False,1635,fre,"Relation de ce qui sést passé en la Nouuelle France, en lánnee 1634. Enuoyée au R. pere prouincial de la Compagnie de Ie",2 4 7 8 9 10 12 14 15 17 18 19 21 22 23 25 26 27 31 33 34 35 36 37 38 39 40 41 42 43 44 45 46 47 48 49 50 51 54 55 56 57 59 60 61 62 63 64 65 66 68 69 70 71 72 78 79 81 83 85 86 87 88 90 93 97 98 99 100 101 103 107 108 109 110 112 113 114 115 116 118 119 121 123 124 125 126 127 129 130 131 132 133,130,12,93,0.679,107.0
35,gulielmipisonism00piso,123,False,1658,lat,"Gulielmi Pisonis medici Amstelædamensis De Indiæ utriusque re naturali et medica libri quatuordecim, quorum contenta pag",332 336 337 367 368 381 382 624 625,15,9,9,0.014,104.9
36,historiadeldescu00zrat,53,False,1578,spa,"Historia del descubrimiento y conquista de las prouincias del Peru, : y de los successos que en ella ha auido, desde que",7 11 13 14 15 16 17 18 19 20 23 27 37 41 43 47 54 55 56 57 71 72 80 92 93 101 107 119 122 124 128 139 141 147 151 162 167 168 172 177 178 180 181 186 194 206 208 212 222 224 233 234 242 243 245,48,11,55,0.213,100.3
37,ellibrodelascost00boem,20,False,1556,spa,"El libro de las costumbres de todas las gentes del mundo, y de las Indias.",5 8 9 13 23 29 32 34 38 39 43 46 58 64 65 68 69 72 75 77 79 80 85 86 89 97 99 102 104 106 108 110 112 118 119 124 125 126 128 129 133 137 139 151 156 159 161 164 175 184 186 187 191 200 201 204 214 217 221 227 228 231 234 235 238 240 241 242 243 245 247 248 250 251 254 256 257 259 260 261 262 263 265 267 269 270 271 274 276 277 278 282 283 288 290 291 292 293 294 295 296 297 298 301 302 306 310 312 313 317 319 321 322 324 327 328 330,60,13,117,0.341,99.7
38,reverendipatrisf00vito,180,False,1557,lat,"Reverendi patris F. Francisci de Victoria, ordinis Praedicatoru[m], sacrae theologiae in Salmanticensi Academia quondam ",228 250 251,14,8,3,0.007,99.1
39,relaamannaldas00guer,168,False,1605,por,"Relaçam annal das cousas que fezeram os padres da Companhia de Iesus nas partes da India Oriental, & no Brasil ... nos a",27 28 29 53 60 73 75 126 145 190 224 227 250,20,9,13,0.042,98.2
40,spieghelderaustr00lema,5,False,1622,dut,"Spieghel der Australische navigatie,",14 15 16 17 18 19 21 22 23 24 25 26 27 28 29 30 31 32 34 35 36 37 39 40 41 42 44 45 47 48 49 50 52 53 54 55 56 57 58 59 60 61 62 63 64 65 67 70 71 72 73 74 75 79 80 81 82 83 84 85 86 88 89 90 91 92 93 94 95 97 98 101 105 107 108 109 110 111 112 113 114 115 117,84,17,83,0.68,97.8
41,discoursediscoue00whit_0,44,False,1622,eng,"A discourse and discouery of New-found-land, with many reasons to prooue how worthy and beneficiall a plantation may the",58 59 62,15,11,3,0.035,96.7
42,voyagesautourdum00pag,38,False,1782,fre,"Voyages autour du monde, et vers les deux poles, par terre et par mer, : pendant les années 1767, 1768, 1769, 1770, 1771",38 64 70 132 155 158 172 173 180 192 193 204,17,12,12,0.056,96.6
43,iaiiiapartedelos03torq,156,False,1615,spa,Ia [-IIIa] parte de los Veynte y vn libros rituales y monarchia yndiana : con el origen y guerras de los yndios occident,39 55 80 86 89 103 107 115 127 129 137 138 139 140 141 142 143 153 160 162 168 182 189 192 208 210 229 236 248 250 259 268 292 294 297 310 312 313 315 319 334 340 345 359 367 368 371 373 422 466 471 473 479 492 498 506 509 511 513 524 526 532 537 550 555 564 587 590 591 592 594 597 598 602 612 620 623 628 649 671 679 714 723 726 731 732 735 743 745 749 760 762 764 785 786 801 809 810 842 843 858 861 866 869 871 874 876 894 895 896 905 910 912 915 933,36,9,115,0.119,95.6
44,histoiredelanouv00lesc_3,15,False,1609,fre,"Histoire de la Nouvelle France : contenant les navigations, découvertes, & habitations faites par les François és Indes ",1 4 8 10 11 14 25 26 28 31 32 35 36 37 38 39 41 42 43 44 46 47 48 49 50 51 54 56 57 58 59 61 63 65 66 67 68 70 71 72 73 79 80 81 83 84 85 87 88 90 91 93 94 95 96 97 100 102 103 105 107 108 109 113 114 115 116 117 118 122 125 126 127 128 129 130 132 134 135 136 137 139 140 141 142 143 144 146 147 148 149 150 151 152 153 155 156 157 158 160 161 162 163 165 166 167 168 169 170 172 174 175 176 177 178 183 184 185 186 187 188 189 192 193 194 195 196 197 198 199 200 201 202 203 204 206 207 209 210 211 212 213 215 216 217 218 219 220 224 225 226 227 229 237 244 247 249 250 251 252 253 254 255 256 257 259 261 263 266 268 269 272 273 274 277 279 280 282 284 286 287 288 291 294 295 296 297 298 301 303 304 305 307 309 310 311 312 313 314 316 317 321 322 323 325 326 327 333 334 335 336 337 339 342 346 347 348 349 350 351 353 354 355 356 359 360 361 362 363 365 366 369 371 372 373 377 378 382 389 393 395 396 397 400 407 408 409 410 411 413 415 416 418 419 420 421 422 425 428 429 432 433 434 435 436 439 440,92,13,267,0.584,94.3
45,naturallmoralhis00acos,130,False,1604,eng,"The naturall and moral historie of the East and West Indies. : intreating of the remarkeable things of heaven, of the el",2 3 6 7 8 10 12 13,14,9,8,0.019,90.9
46,historialedescri00alva,19,False,1558,frm,"Historiale description de l'Ethiopie, : contenant vraye relation des terres, & païs du grand roy, & empereur Prete-Ian,",0 2 3 4 5 6 7 8 9 10 12 13 14 15 16 17 18 19 20 21 22 23 24 26 27 28 29 30 31 33 34 38 39 40 41 42 43 47 48 49 50 51 53 55 57 58 59 61 65 66 68 69 71 75 76 78 79 80 83 84 85 86 88 89 90 93 94 95 96 97 100 101 102 103 105 106 107 108 109 110 111 113 114 115 116 117 119 120 121 122 123 124 125 127 128 129 131 132 133 134 135 136 138 139 141 142 143 144 145 146 147 148 149 150 151 152 153 154 155 157 158 159 160 161 163 164 166 168 170 173 174 176 179 180 181 182 183 184 186 187 189 190 191 192 193 194 195 196 198 199 201 205 207 208 210 212 214 215 216 217 218 220 221 222 223 224 226 228 229 230 231 233 234 235 236 237 238 239 240 241 242 243 245 246 247 248 249 250 253 254 256 260 261 262 265 268 271 273 274 275 276 277 278 281 282 284 285 286 287 290 293 294 295 296 297 298 300 301 302 305 306 307 308 309 310 313 316 321 322 324 325,101,13,231,0.681,89.8
47,coronicadelasind00fern,40,False,1547,spa,Coronica delas Indias. La hystoria general de las Indias agora nueuamente impressa corregida y emendada. 1547 : y con la,0 10 13 16 20 22 23 24 27 38 39 41 42 44 45 46 50 51 59 62 70 73 74 76 77 78 79 87 89 90 91 93 94 95 99 101 102 103 104 111 113 121 125 128 133 134 135 136 142 152 153 160 165 167 170 176 182 183 186 187 188 189 190 191 192 194 196 199 203 204 207 212 216 217 218 219 220 221 222 223 224 230 232 233 234 235 241 242 243 244 246 247 249 251 254 255 256 259 260 261 264 268 269 272 274 284 285 288 290 291 292 293 298 299 300 301 302 303 304 305 306 307 308 309 311 312 314 317 318 319 321 322 323 324 328 330 332 333 334 337 338 343 344 345 348 349 353 354 355 356 357 358 359 366 371 375 378 381 385 386 387 390 391 393 395 397 398 399 400 401 402 403 405 406 407 408 409 410 411 414 415 417 418 419 420 421 422 424 425 427 428 429 430 434 437 441 445 454 456 457 461 463 465 466 467 470 473 474 475 476 477 478 479 480 481 482 484 485 486 488 489 490 491 493 494 495 496 499 500 501 502 503 504 505 506 507 511 512 513 514 516 518 519 525 526 527 529 534 535 550 554,72,12,251,0.433,89.5
48,teatromexicanode01veta,25,False,1697,spa,"Teatro mexicano : descripcion breve de los sucessos exemplares, historicos, politicos, militares, y religiosos del nuevo",10 11 15 18 19 21 42 43 44 48 49 50 52 53 54 55 56 57 62 68 69 70 71 73 74 78 81 85 86 88 89 90 91 93 97 98 104 109 110 111 113 127 131 132 134 136 143 145 146 149 150 151 154 161 162 163 165 172 173 174 188 193 199 205 206 209 222 228 231 233 235 236 243 245 262 263 270 271 272 273 279 284 294 298 299 300 301 302 303 305 314 318 320 321 322 323 327 329 333 335 339 342 347 349 350 351 355 358 361 363 365 367 368 371 376 379 382 383 386 387 388 389 393 394 397 398 400 401 404 446 448 449 455,49,12,133,0.279,89.4
49,researchesconcer03humb,104,False,1814,eng,"Researches, concerning the institutions & monuments of the ancient inhabitants of America, : with descriptions and views",16 50 51 54 63 69 140,16,10,7,0.045,84.6
50,vidadoapostolico00barr,29,False,1746,por,"Vida do apostolico padre Antonio Vieyra da Companhia de Jesus, chamado por antonomasia o Grande : acclamado no mundo por",0 12 14 15 17 18 20 23 24 25 26 27 28 29 31 32 33 34 36 38 40 42 43 44 50 51 52 53 54 55 56 58 59 60 61 62 63 64 66 67 68 70 71 73 75 76 77 78 79 81 82 83 85 87 88 89 90 91 92 94 95 97 98 99 101 102 103 104 105 106 111 112 113 114 116 120 121 122 123 124 125 126 127 128 129 131 132 133 134 136 137 138 140 141 142 143 144 145 146 147 149 150 151 152 153 155 156 157 158 159 160 161 162 163 166 167 168 171 172 173 174 175 176 177 179 180 181 182 185 186 187 188 189 191 192 193 196 197 198 199 201 202 204 205 209 211 213 214 215 216 217 218 219 220 221 222 223 224 225 226 227 229 230 231 232 233 236 237 238 239 240 241 243 244 246 248 250 252 253 256 258 260 261 262 263 264 265 266 267 268 269 270 271 273 274 276 277 278 280 281 284 286 289 290 291 293 294 296 297 298 299 300 302 303 305 306 307 308 309 310 311 314 316 318 321 322 323 324 325 330 331 333 336 339 341 342 344 345 346 347 348 349 350 351 354 355 357 358 359 360 362 363 364 365 366 367 369 370 372 373 374 375 380 382 383 384 385 387 389 390 391 393 394 395 396 400 401 403 404 405 406 407,102,12,282,0.675,84.5
51,voyagedanslahaut00stjo_2,331,False,1801,fre,"Voyage, dans la haute Pensylvanie et dans l'état de New-York,",63 64 71 76 77 78 80,18,7,7,0.027,81.6
52,voyagesdefranois01core,119,False,1722,fre,"Voyages de François Coreal aux Indes Occidentales, : contenant ce qu'il y a vû de plus remarquable pendant son séjour de",7 12 14 33 34 36 38 41 45 50 51 62 79 83 87 97 107 116 120 121 125 128 129 147 151 157 158 162 168 171 174 175 176 177 178 179 185 188 190 192,44,9,40,0.193,81.4
53,discoursecontain00whit,73,False,1622,eng,"A discourse containing a louing inuitation both honourable, and profitable to all such as shall be aduenturers, : either",20 21,17,10,2,0.056,80.5
54,histoiregnralede17prvo_0,347,False,1746,fre,"Histoire générale des voyages, ou nouvelle collection de toutes les relations de voyages par mer et par terre, qui ont é",424 425,12,7,2,0.002,80.2
55,historiagenerald07prvo,285,False,1763,SPA,"Historia general de los viages, ó nueva coleccion de todas las relaciones de los que se has hecho por mar, y tierra, y s",195 196 334,13,7,3,0.007,80.0
56,historiagenerald00vega,63,False,1617,spa,"Historia general del Peru trata el descubrimiento del, y como lo ganaron los Españoles. : Las guerras ciuiles que huuo ",7 8 11 14 23 35 49 52 56 75 80 93 97 105 106 108 111 112 142 144 149 157 161 167 169 170 172 174 177 182 191 192 196 197 204 211 221 224 229 231 234 235 236 237 246 252 253 277 278 295 296 303 308 315 320 329 331 341 354 367 373 379 395 396 400 409 413 418 420 421 429 431 446 459 462 464 480 486 493 495 503 516 517 519 520 524 528 540 545 550 554 555 556 557 563 566 576 592 594 605 610 612 616 624 627 628 653 657 658 660 661 662 666 677 684 691 692 695 698 704 709 711 716 725 731 736 738 749 772 773 774 775 776 782 797 798 799 803 819,31,11,139,0.167,78.6
57,accountoftwovoya00joss_0,61,False,1674,eng,"An account of two voyages to New-England. : Wherein you have the setting out of a ship, with the charges; the prices of ",1 2 4 5 6 7 8 9 10 11 12 13 14 15 22 24 26 29 31 34 37 39 40 41 43 45 46 51 52 55 59 60 62 64 66 68 69 70 71 72 74 78 79 80 83 85 87 90 95 96 104,74,11,51,0.472,77.9
58,chronicaapostoli01espi,194,False,1746,"spa,lat","Chronica apostolica, y seraphica de todos los colegios de propaganda fide de esta Nueva-España, de missioneros francisc",123 124 132 133 136 137 141 142 153 187 188 194 213 224 237 281 290 331 340 352 360 362 373 408 410 413 414 422 437 464 466 481 496 499 534 540 548 585 588 595 605 606 608 609 627 628 630 634 637 641 642 643 644 645 648 649 650 651 653 655 660 661 663 665 668 673 689 700 701 704 705 706 707 784 788 799 805 811 823 848 852 867 874 877,28,8,84,0.094,77.9
59,histoiregnralede16prvo_0,50,False,1746,fre,"Histoire générale des voyages, ou nouvelle collection de toutes les relations de voyages par mer et par terre, qui ont é",2 3 4 8 11 17 22 25 30 31 33 35 36 47 49 51 91 92 95 109 110 111 112 114 124 125 126 127 147 151 160 163 167 171 172 173 174 178 179 181 183 189 191 192 195 198 209 211 213 217 221 222 227 234 237 242 249 254 264 265 267 269 270 271 286 288 306 319 321 323 326 327 363 392 398 402 403 406 407 422 430 434 436 437 438 441 443 445 446 454 461 462 463 465 488 489 495 498 504 510 511 517 518 519 521 546 548 549 550 553 555 558 563 567 568 573 574 576 582 587 588 589 591 597 603 605 607 609 613 616 620 649 651 656 659 661 662 665 667 670 671 678 679 685 687 688 690 691 692 696 698 699 709 713 714 715 716 717 718 719 725 728 730 740 741 744 745 746 747 755 757 759 760 761 762 763 766 767 768 770 772 773 775 777 779 780 782 783 784 785 787 788 789 790 791 792 793 795 799 802 803 806 807 810 819 830 833 838 839 849 850 851 856 863 864 865 870 873 874 876 885 889 895 896 906 907 913 932 933 935 939 945 946 964 968 971 981 982 987 1007 1008 1011 1013 1014 1016 1017 1018 1019 1020 1021 1034 1036 1038 1039 1049 1051 1053 1054 1057 1058 1061 1063 1064 1065 1066 1071 1081 1087 1094 1095 1096 1102 1104 1107 1110 1111 1114 1121 1124 1129 1153 1166 1168 1170 1173 1174 1175 1177 1181 1186 1206 1209 1213 1232 1233 1234 1240 1242 1243 1244 1245 1248 1249 1252 1256 1257 1259 1262 1265 1270 1272 1273 1275 1278 1288 1293 1294 1295 1296 1304 1305 1312 1321 1322 1324 1326 1330 1333 1337 1339 1340 1342 1344 1345 1346 1347 1348 1350 1355 1359 1365 1366 1372 1374 1375 1378 1379 1380 1382 1392 1393 1394 1396 1397 1398 1401 1404 1415 1416 1418 1420 1428 1430 1431 1432 1437 1438 1441 1443 1446 1449 1450 1475 1487 1492 1499 1500 1501 1502 1504 1507 1508 1509 1510 1513 1514 1515,42,11,387,0.248,77.6
60,historianaturali00piso,200,False,1648,lat,"Historia naturalis Brasiliae, : auspicio et beneficio illustriss. I. Mauritii Com. Nassau ... adornata : in qua non tant",204 233 251 272 286 290 310 321 323 337 338 377 381 395 397 398 450 477 503 518 524 526 527 528 529 531,19,8,26,0.049,76.9
61,relationdecequis00quen,13,False,1657,fre,"Relation de ce qui s'est passé en la mission des peres de la Compagnie de Iesus, au pays de la Nouuelle France, és année",4 5 7 8 10 11 12 13 14 15 16 18 19 20 21 24 25 26 27 29 32 33 34 35 37 39 40 41 45 46 47 48 50 51 52 53 54 55 56 57 58 59 60,80,14,43,0.683,76.4
62,shortebriefenarr00cart,96,True,1580,"eng,fre",A shorte and briefe narration of the two nauigations and discoueries to the northweast partes called Newe Fraunce:,62,10,10,1,0.016,76.2
63,nouveauvoyageaut00damp_0,103,False,1723,fre,"Nouveau voyage autour du monde. : Où l'on décrit en particulier l'Istme de l'Amerique, plusieurs côtes & isles des Indes",11 12 13 20 24 26 31 32 34 37 38 39 43 68 70 94 98 113 126 179 180 190 212 224,22,10,24,0.094,76.1
64,voyageauxlesdetn02ledr,175,False,1810,fre,"Voyage aux îles de Ténériffe, la Trinité, Saint-Thomas, Sainte-Croix et Porto Ricco, : exécuté par ordre du gouvernement",1 29 40 52 76 77 78 79 80 84 85 86 87 90 97,32,8,15,0.118,76.1
65,ontdekkingvanwes20acos,129,False,1706,dut,"Ontdekking van West-Indien, vlijtig ondersogt, en naauw-keurig aangeteekend, door Joseph d'Acosta, Soc. Jesu. op sijn re",6 9 13 24 35 41 52 73 89 95 96 97 114 122 126 132 143 160 162 163 164 165 166 180 181 185 211 219 220 223 264 270 278 281 289 290 296 304 306 310 311 312 313 315,31,9,44,0.135,75.2
66,historicalaccoun03unse_0,157,False,1773,"eng,fre","An Historical account of all the voyages round the world, performed by English navigators; : including those lately unde",202,9,9,1,0.004,74.7
67,celebresviagensd00damp,75,False,1819,por,"Celebres viagens do capitaõ Dampier, : com huma relacaõ dos buccaneiros, ou piratas da America",0 1 3 4 5 6 7 8 9 10 14 15 16 18 19 20 21 22 23 24 25 26 27 28 29 30 31 32 33 34 35 37 38 39 40 41 43 44 46 47 48 49 50 51 52 53 54 56 57 58 59 60 61 63 66 68 69 70 71,127,10,59,0.808,74.0
68,tableaudelagrand01baer,165,False,1799,fre,"Tableau de la Grande-Bretagne, de l'Irlande, et des possessions angloises dans les quatre parties du monde",62 64 65 71 81 118 131,13,9,7,0.029,73.8
69,lesvoyagesfameux00lebl_0,235,False,1649,fre,"Les voyages fameux du sieur Vincent Le Blanc Marseillois, qu'il a faits depuis l'aage de douze ans iusques à soixante, a",4 10 15 141 228 234 274 344 401 414 415,13,8,11,0.021,73.1
70,liurepremierdess00bouc,31,False,1585,fre,Liure premier des serees,2 4 10 11 15 18 19 20 22 24 25 26 27 28 32 35 36 37 39 40 41 42 43 44 46 49 50 51 53 57 58 59 60 61 62 63 64 65 66 67 69 75 78 79 80 81 85 88 89 90 91 95 97 98 102 103 106 107 109 110 111 113 115 116 119 120 122 124 126 128 129 130 131 132 135 140 141 146 147 148 149 150 151 152 154 155 156 158 160 161 163 164 165 167 168 169 171 172 173 174 178 181 186 187 191 193 194 195 197 199 201 203 209 210 211 212 213 217 218 220 223 226 231 233 235,68,12,125,0.519,71.7
71,histoirememorabl00lryj,30,False,1574,fre,"Histoire memorable de la ville de Sancerre. : Contenant les entreprises, siege, approches, bateries, assaux & autres eff",4 5 6 7 9 10 15 20 24 28 30 31 33 35 36 37 38 40 41 44 45 47 48 49 50 51 52 53 54 55 56 57 60 61 62 63 64 68 69 70 71 72 73 74 75 76 77 80 81 82 83 84 88 89 90 93 95 98 99 100 103 104 106 107 108 109 110 111 112,77,12,69,0.595,71.6
72,voyagedanslespro01sain_0,154,False,1830,fre,Voyage dans les provinces de Rio de Janeiro et de Minas Geraes;,140 263,9,9,2,0.007,71.3
73,extirpaciondelai00arri,167,False,1621,"spa,lat,que",Extirpacion de la idolatria del Piru. : Dirigido al Rey N.S. en su Real Conseio de Indias. Por el padre Pablo Ioseph de ,140,9,9,1,0.007,71.1
74,relationdecequis00lall_4,198,False,1661,fre,"Relation de ce qui s'est passé de plus remarquable aux missions des peres de la Compagnie de Iesus, en la Nouuelle Franc",9 10 13 21 25 27 28 29 30 31 32 33 34 35 36 37 38 42 43 44 47 49 51,79,8,23,0.404,69.7
75,vocabularioenlen00moli,28,False,1571,n-mx---,"Vocabulario en lengua castellana y mexicana,",11 13 14 15 28 29 33 34 36 38 40 45 47 60 62 64 65 70 72 73 75 76 77 80 81 83 85 96 101 102 105 106 108 109 114 118 131 136 137 139 146 149 172 173 177 184 185 186 198 205 206 208 211 212 213 216 218 220 222 227 228 231 234 235 241 242 245 250 251 261 264 265 266 267 269 271 272 274 276 277 284 287 288 295 296 300 303 320 335 336 337 338 339 340 341 345 347 351 354 355 356 357 358 360 361 373 377 382 383 385 388 392 398 406 407 409 411 417 419 420 421 423 425 426 428 429 431 432 434 435 441 442 445 449 451 454 460 461 463 466 468 473 474 475 477 478 486 505 508 509 511 512 513 514 516 517 518 522 524 525 528 532 533 535 542 545 555 580 582 583 584 585 589 602 603 604 606 607 608 609 611 612 618 619 622 623 624 627 628 639 643 644 647 649 656 657 658 664 665 680 684 688 690 693 694 702 705 707 717 718 719 720 725 726 728 734 744 746 785 787 788 790 791 792 793 794 797 799 805 808 810 811 814 815 817 818 819 821 823 824 825 827,39,12,242,0.291,68.6
76,teatromexicanode02veta,139,False,1697,spa,"Teatro mexicano : descripcion breve de los sucessos exemplares, historicos, politicos, militares, y religiosos del nuevo",54 67 71 104 124 125 126 128 133 137 138 140 149 153 154 155 159 161 171 182 183 201 209 210 213 214 216 246 251 257 258 262 263 266 267 280 286 289 293 311 313 327 340 350 372 373 374 375 380 383 395 403 404 407 410 419 430 432 477 478 484 488 502 503 505 506 507 524 539 548 549 550 555 560,27,9,74,0.128,68.2
77,iaiiiapartedelos02torq,78,False,1615,spa,Ia [-IIIa] parte de los Veynte y vn libros rituales y monarchia yndiana : con el origen y guerras de los yndios occident,17 19 27 35 37 40 41 43 44 51 61 62 66 73 80 83 87 89 93 98 105 111 112 113 114 120 121 125 128 138 144 146 155 159 164 166 175 177 181 194 199 200 203 205 206 209 210 211 212 213 242 248 252 256 257 258 292 293 300 303 313 323 324 328 334 349 353 358 369 374 377 378 380 381 383 386 390 392 393 395 396 400 406 407 408 409 410 411 421 424 425 435 441 455 458 469 470 472 479 483 492 500 509 510 513 517 520 529 530 534 540 553 559 560 561 570 575 586 588 593 594 602 603 604 607 609 610 611 613 614 615 616 620 621 622 623 625 626 634 635 636 638 645 646 648 649 656 658 662 663 665 670 671 688 706 710 712 714 715 717 731 744 745 751 753 758 762 772 778 790 796 797 800 801 802 803 804 806 807 812 818 819 825 829 830 832 834 835 837 838 839 840 841,37,10,193,0.222,67.9
78,dienievvevveerel00unkn,74,False,1563,DUT,"Die nievve vveerelt der landtschappen ende eylanden, : die tot hier toe allen ouden weerelt bescrijuere[n] onbekent gewe",7 10 11 13 14 15 16 18 19 21 23 25 26 27 29 31 33 35 36 38 42 43 45 47 50 51 55 56 57 58 62 65 71 73 76 80 81 82 83 87 89 93 95 97 99 100 101 102 103 104 105 106 107 110 115 116 117 121 122 123 125 129 130 132 133 139 140 142 143 144 145 146 149 154 155 170 171 177 182 183 184 187 194 201 203 206 207 208 211 224 225 226 228 229 230 232 233 234 236 240 242 244 245 246 252 258 259 265 266 267 268 270 271 274 275 276 278 279 287 288 289 292 293 294 298 299 301 302 304 306 309 312 313 314 318 323 324 327 328 330 333 334 335 336 337 339 341 343 345 349 350 351 352 353 355 357 360 361 362 364 369 373 375 376 377 378 379 381 382 383 385 388 389 390 392 399 400 401 409 413 418 421 424 425 427 431 434 439 441 446 447 448 450 451 452 454 461 462 463 470 474 476 479 480 481 484 489 490 491 497 504 507 509 510 515 518 530 533 539 541 542 543 548 551 559 560 561 576 581 582 584 589 593 597 602 608 609 611 612 613 614 615 616 618 621 622 623 624 625 627 633 635 657 661 662 663 664 670 673 675 678 681 683 684 687 688 694 702 704 706 707 724 731 732 733 738 744 747 754 755 757 758 761 762 763 764 765 767 770 771 773 780 785 786 788 789 791 795 804 806 812 813 816 817 820 821 826 829 832 834 836 837 838 839 841 842 843 848 849 851 853 854 856 859 860 863 864 866 867 868 869 871 872 877 878 880 881 882 883 887 888 889 890 892 897 899 902 903 905 907 908 910 911 913 917 921 925 929 930 931 934 939 940 941 942 943 944 945 947 949 952 953 954 956 959 963 966 967 969 970 971 976 978 979 980 981 982 984 986 989 991 993 994 999 1002 1005 1011 1015 1017 1019 1020 1025 1031 1033 1039 1040 1041 1044 1045 1051 1060 1068 1069 1070 1072 1073 1077 1079 1084 1090 1091 1093 1094 1101 1103 1104 1107 1110 1111 1114 1115 1116 1117 1119 1121 1127 1131 1135 1136 1147 1148 1149 1150 1151 1152 1154 1155 1158 1160 1161 1162 1163 1164 1165 1168 1169 1173 1176 1177 1178 1179 1181 1182 1184 1185 1187 1188 1191 1192 1194 1198 1199 1207 1208 1209 1216 1218 1219,58,10,478,0.379,67.6
79,huehuetlahtolliq00juan_0,56,False,1601,"nah,spa","Huehuetlahtolli, que contiene las plàticas que los padres y madres hicieron á sus hijos y á sus hijas, y los señores á s",54 56 57 58 62 63 64 65 66,22,11,9,0.13,67.1
80,nouveauvoyageaux00laba,37,False,1724,eng,"Nouveau voyage aux isles de l'Amerique. : Contenant l'histoire naturelle de ces pays, l'origine, les moeurs, la religion",6 13 15 16 17 20 21 27 30 31 33 35 43 45 49 50 52 59 60 61 62 73 75 76 77 87 88 91 110 114 122 129 131 132 136 147 149 152 154 157 159 160 163 168 170 174 178 185 186 193 194 195 198 204 208 213 215 217 218 219 230 237 238 240 254 257 258 263 268 269 270 275 276 279 280 285 295 303 308 314 318 325 331 334 337 344 347 358 361 362 363 365 366 371 372 373 375 378 381 382 383 388 395 400 402 406 407 408 420 422 427 429 432 433 434 443 447 449 452 453 456 459 464 466 467 468 481 486 489 492 495 498 506 508 510 511 513 518 522 528 549 551 561 562 563 571 573 574 585 588 592 594 595 599 620 624 625 626 627 628 631 632 633 643 644 646 648 655 657 658 659 666 671 673 674 675 676 677 680 692 693 698 702 708 709 716 721 726 756,33,12,189,0.248,66.5
81,descripcionbreve00rive_0,135,False,1732,spa,"Descripcion breve de la muy noble, y leal ciudad de Zacatecas. : Su situacion, que la engrandece; signos, que la señore",10 27 28 29 51,21,9,5,0.093,66.3
82,artedelalenguame00moli,106,False,1576,"spa,nah","Arte dela lengua mexicana y castellana,",4 8 17 51 56 57 58 59 60 67 72 75 77,31,9,13,0.16,66.3
83,nouvellerelation03laba,91,False,1728,fre,Nouvelle relation de l'Afrique occidentale: : contenant une description exacte du Senegal & des païs situés entre le C,18 25 28 43 44 45 83 94 105 109 115 118 123 138 139 140 144 153 158 159 160 161,24,10,22,0.132,66.0
84,parteprimeradela00ciez,59,False,1553,spa,Parte primera dela chronica del Peru. : Que tracta la demarcacion de sus prouincias: la descripcion dellas. Las fundacio,17 20 21 22 23 24 26 29 30 33 36 37 38 39 40 43 44 45 46 48 49 50 51 53 54 56 58 59 61 62 63 65 66 68 70 71 74 75 76 77 78 79 80 81 87 88 89 92 94 97 100 101 102 103 104 109 111 113 114 115 117 119 120 125 127 132 133 139 140 141 163 164 174 177 178 181 185 187 197 202 204 209 213 216 221 229 233 234 235 243 245 247 248 253 255 256 263 269 274,48,11,99,0.35,66.0
85,historischebesch00roch,186,False,1668,ger,"Historische Beschreibung der Antillen Inseln in America gelegen : in sich begreiffend deroselben Gelegenheit, darinnen b",40 60 113 115 140 149 150 151 154 166 167 168 170,19,8,13,0.066,65.3
86,relationdecequis00leme_2,55,False,1671,fre,Relation de ce qui s'est passé de plus remarquable aux missions des peres de la Compagnie de Iesus. En la Nouvelle Franc,17 18 19 22 23 24 25 27 34 36 37 41 42 46 48 49 56 58 59 63 64 65 66 67 70 72 81 85 88 89 90 91 95 100 103 108 110 114 126 135 139,39,11,41,0.279,65.2
87,cartasedificante16jesu,151,False,1753,spa,"Cartas edificantes, y curiosas, : escritas de las missiones estrangeras, por algunos missioneros de la Compañia de Jesus",20 22 23 24 25 26 33 49 50 51 52 58 60,31,9,13,0.169,63.7
88,hieronymicardani00card,401,False,1580,lat,"Hieronymi Cardani Mediolanensis, medici, De subtilitate libri XXI",110 154 155 440 586 591 593 594 596 602 603 606 608 609 610 613,16,6,16,0.026,63.5
89,relationduvoyage00laon_0,43,False,1654,fre,"Relation du voyage des Francois fait au Cap de Nord en Amerique, par les soings de la compagnie establie à Paris, & sous",4 8 9 14 15 16 17 21 23 25 26 28 31 33 34 35 37 38 39 40 42 44 45 49 50 51 52 53 54 55 56 58 59,67,11,33,0.532,63.3
90,decadesofnewewor00angh,468,False,1555,"eng,spa,fre","The decades of the Newe Worlde or West India, conteynyng the nauigations and conquestes of the Spanyardes, with the part",418 419,11,6,2,0.003,62.2
91,lavrayeetentiere00lapo,100,False,1572,fre,"La vraye et entiere histoire des troubles et choses memorables, avenues tant en France qu'en Flandres, et pays circonuoi",49 52 57 62 72 76 78 79 108 113 118 133 140 169 172 177 178 198 211 218 219 220 227 234 240 242 255 261 266 278 284 294 298 320 373 374 384 394 418 428 441 442 457 460 489 494 496 513 517 526 527 530 540 547 556 589 593 599 600 610 611 612 624 641 693 698 702 709 713 716 722,18,10,71,0.096,61.7
92,relationdecequis00lall_1,49,False,1648,fre,"Relation de ce qui s'est passé de plus remarquable és missions des peres de la Compagnie de Iesus, en la Nouuelle France",3 6 8 9 10 14 15 17 18 19 20 22 23 24 25 26 27 28 30 34 35 36 37 41 42 43 44 45 46 49 52 53 54 55 56 63 64 65 66 67 70 71 72 75 79 81 83 88 90 96 100 104 105 106 107 108 109 110 111 112 113 115 116 118 119 122 123 124 125 126 127 128,66,11,72,0.541,61.4
93,richardiblomeeng00rbap,93,False,1697,"ger,eng,fre","Richardi Blome Englisches America, : oder Kurtze doch deutliche Beschreibung aller derer jenigen Länder und Inseln so de",4 75 96 118 121 127 136 145 157 175 180 181 195,13,10,13,0.056,61.2
94,predicaciondeleu00garc,57,False,1625,spa,"Predicacion del euangelio en el Nueuo Mundo, viuie[n]do los apostoles.",0 14 15 16 18 29 37 43 45 46 54 56 58 60 64 66 85 86 93 95 101 106 114 115 117 119 120 121 122 123 128 129 130 134 137 140 141 143 144 145 146 147 148 150 151 152 155 156 161 165 166 167 171 178 181 197,36,11,56,0.275,61.0
95,nouusorbisregion00hutt_1,444,False,1532,lat,"Nouus orbis regionum ac insularum ueteribus incognitarum,",27 29 30,11,6,3,0.004,60.6
96,primaziaserafica00apol,45,False,1733,por,"Primazia serafica na regiam da America, : novo descobrimento de santos, e veneraveis religiosos da ordem serafica, que e",1 4 13 24 26 27 29 30 31 32 33 42 45 47 48 49 50 51 54 55 58 59 60 72 73 74 75 76 77 78 79 81 82 84 85 87 88 89 90 91 93 94 95 97 100 101 102 103 108 109 110 112 115 116 118 119 121 123 125 127 128 129 133 137 140 143 144 149 150 152 154 155 157 159 161 164 166 167 168 173 190 192 195 197,50,11,84,0.408,60.1
97,histoiredelameri03bacq_0,215,False,1722,fre,"Histoire de l'Amerique Septentrionale. : Divisée en quatre tomes. Tome premier. Contenant le voyage du fort de Nelson, d",2 20 26 33 39 40 41 42 43 44 48 53 63 74 80 84 91 104 124 134 136 137 138 148 151 152,32,8,26,0.166,59.4
98,navigatioacitine00lins,163,False,1599,"lat,dut",Navigatio ac itinerarium Iohannis Hugonis Linscotani in Orientalem sive Lusitanorum Indiam. : Descriptiones eiusdem terr,3 8 10 15 16 17 19 23 28 64 70 75 79 81 84 85 94 110 111 128 134 136 140 146 151 153 155 156 159 161 168 172 175 176 178 189 213 232 242 247 248 251 256 259 260 270 275 278 279 281 284 289 290 291 292 293 294 296 297 298 300 302 303 312 313 316,33,9,66,0.202,58.8
99,novusorbisidestn00augu,148,False,1616,lat,"Novus orbis. id est, Navigationes primæ in Americam : quibus adjunximus Gasparis Varrerii discursum super Ophyra regione",8 13 21 38 43 50 61 65 70 74 76 83 84 85 105 128 159 223 227 228 248 288,16,9,22,0.072,58.8
100,lawsofjamaicapas00jama,407,False,1716,eng,"The laws of Jamaica, : pass'd by the governours, Council and Assembly, in that island, and confirm'd by the crown. To wh",190 192 196 197 198 201,15,6,6,0.027,58.5
101,histoiredugrandr00gonz_0,108,False,1589,frm,"Histoire du grand royaume de la Chine, situé aux Indes Orientales, : diuisée en deux parties. contenant en la premiere, ",25 28 31 36 37 41 44 61 62 63 64 66 68 70 75 76 84 85 86 105 111 116 121 122 137 141 143 144 145 148 161 166 167 178 181 182 183 187 198 199 215 216 219 220 224 231 243 245 256 278 279 280 283 287 293 302 304 311 325 338 343 357 359 375 383,26,9,65,0.151,58.2
102,americapaintedto00gorg,420,False,1659,eng,"America painted to the life. : The true history of the Spaniards proceedings in the conquests of the Indians, and of the",284 285,11,6,2,0.007,58.1
103,relationsveritab00unkn,60,False,1651,fre,"Relations veritables et curieuses de l'isle de Madagascar, et du Bresil. : Auec l'histoire de la derniere guerre faite a",10 19 26 29 32 33 35 36 37 39 42 43 46 47 51 53 56 57 60 61 66 67 78 80 101 102 103 104 107 108 110 111 113 118 119 121 125 126 127 128 130 134 140 148 187 193 202 206 207 218 220 224 227 229 232 234 235 238 262 286 292 293 296 297 298 299 301 302 303 305 306 307 313 314 321 323 337 339 340 344,29,11,80,0.227,57.7
104,newcollectionofv01unse,243,False,1711,eng,"A new collection of voyages and travels, into several parts of the world, none of them ever before printed in English. :",418 425 438 497,8,8,4,0.006,57.6
105,collecadosbr00pomb,176,False,1759,por,"Collecçaõ dos breves pontificios, e leys regias, que faraõ expedidos, e publicadas desde o anno de 1741., sobre a liberd",29 30 35 37 39 40 41 65 66 102 108 118 127 159 171 176 180,19,8,17,0.082,57.5
106,historianaturaly00acos_2,329,False,1590,spa,"Historia natural y moral delas Indias, : en que se tratan las cosas notables del cielo, y elementos, metales ... y guerr",65 88 89 206 233 269 374,11,7,7,0.017,57.2
107,nouveauvoyageaux01laba,65,False,1724,eng,"Nouveau voyage aux isles de l'Amerique. : Contenant l'histoire naturelle de ces pays, l'origine, les moeurs, la religion",3 4 5 6 7 10 11 16 17 22 27 28 45 46 53 56 61 62 64 66 70 77 79 84 94 96 98 102 103 104 110 118 121 145 149 163 164 170 186 190 191 198 204 211 214 223 224 225 233 235 238 240 241 244 251 258 261 273 274 278 281 287 298 300 304 307 308 309 313 318 321 326 328 332 333 337 338 339 354 362 363 364 368 370 374 377 378 381 384 385 394 395 399 400 401 422 423 424 434 444 446 452 455 460 464 466 476 483 485 486 495 502 505 509 515 519 522 523 525 539 542 544 552 557 560 561 562 563 564 565 567 573 574 578 579 582 584 587 588 593 597 598 600 601 603 607 608 609 611 612 613 616 620 621 627 628 629 631 633 635 637 641 649 650 658 665 669 671 672 673 675 676 677 679 680 683 684 685 695 700 705 706 707 708 710 712 718 721 724 730 732 733 734 736 738 743 745 749 750 751 752 753 754,33,11,203,0.269,57.0
108,vidadovenerauelp00vasc,71,False,1672,por,"Vida do venerauel padre Ioseph de Anchieta da Companhia de Iesu, taumaturgo do Nouo Mundo, na prouincia do Brasil.",2 3 11 12 14 27 37 40 41 43 45 53 54 56 57 58 60 61 65 66 67 69 72 73 75 77 78 82 90 92 96 102 103 107 112 113 115 118 123 124 125 136 137 138 141 142 143 145 160 161 175 176 188 191 195 199 201 203 213 217 218 220 221 223 224 228 231 232 234 235 240 245 248 258 260 269 274 275 276 277 278 280 282 283 284 286 289 291 296 299 301 303 306 310 316 317 318 319 326 327 328 329 330 331 333 334 335 336 337 338 341 342 343 344 345 347 350 362 364 368 371 374 375 376 378 387 394 397 403 410 411 414 415 425 430 436 446 447 448 451 452 453 455 456 458 459 460 463 466 469 472 475 476 477 480 481 483 485 488 491 493 505 509,41,10,163,0.31,57.0
109,lahistoriagenera00fern,33,False,1535,spa,La historia general delas Indias,5 10 12 13 15 18 20 21 22 23 24 25 26 29 30 38 39 40 41 43 44 45 46 47 48 49 53 55 58 61 66 67 71 72 73 74 81 82 84 85 88 90 91 95 106 114 117 119 122 123 124 125 131 133 134 135 136 137 142 145 147 150 153 154 164 165 166 167 168 170 171 172 173 174 178 180 181 182 183 186 188 190 191 192 193 195 196 198 199 200 201 203 204 205 206 209 211 213 214 216 217 218 221 223 224 225 226 229 230 233 234 236 238 239 241 242 243 244 246 248 251 254 255 261 263 265 268 269 270 272 273 274 275 276 277 278 279 281 283 284 285 286 288 289 290 291 292 295 297 298 301 302 305 307 308 309 311 312 314 318 320 321 322 323 325 327 329 330 333 334 335 337 338 340 341 347 348 350 351 352 353 355 356 358 359 363 364 365 367 368 369 370 371 374 375 376 378 379 380 381 382 385 386 387 389 390 391 392 395 399 401 409 411 412 414 418 419 420 422 424 425 426 427 431 432 435 436 438 440 441 442 443 444 445 446 447 449 450 455 456 457 458 459 461 462 464 465 467 469 470 474 475 476 477 479 481 482 485 489 492 493 494 497 498 503 508,53,12,266,0.508,57.0
110,voyagetoislandsm02sloa,317,False,1707,eng,"A voyage to the islands Madera, Barbados, Nieves, S. Christophers and Jamaica, : with the natural history of the herbs a",466 471 473 476 481 482 483 493 503 505 520 521 529 532 533 534 541 543 546 560 561 567 577 588 589 591,15,7,26,0.043,56.7
111,historiagenerald16prvo,495,False,1763,SPA,"Historia general de los viages, ó nueva coleccion de todas las relaciones de los que se has hecho por mar, y tierra, y s",220 380 414 415,11,6,4,0.009,55.9
112,cartasedificante12jesu,296,False,1753,spa,"Cartas edificantes, y curiosas, : escritas de las missiones estrangeras, por algunos missioneros de la Compañia de Jesus",53 57 125 134 145 146 163 166 191 249,14,7,10,0.038,55.5
113,voyagehistorique02ullo,288,False,1752,fre,Voyage historique de l'Amerique meridionale : fait par ordre du roi d'Espagne,157 158 169 174 182 186 188 190 217 218 219 225 226 231 234 331 383 384 398 440 522,14,7,21,0.039,55.3
114,relationdecequis00vimo_0,58,False,1645,fre,"Relation de ce qui s'est passé en la Nouuelle France és années 1643. & 1644. Enuoyée au r.p. Iean Filleau, prouincial de",1 9 10 19 26 33 36 37 40 41 43 47 51 53 58 66 67 70 71 72 73 74 75 76 77 78 80 81 84 87 88 89 92 93 95 97 100 103 104 105 106 107 108 113 114 115 116 117 120 121 123 124 125 126 127 128 129 131 134 135 136 137 138 139 140 141 144 147 148 150 151 154 156 158 159 160 161 162 163 166 167,51,11,81,0.458,55.3
115,historicalaccoun03unse,256,False,1773,eng,"An Historical account of all the voyages round the world, performed by English navigators; : including those lately unde",140 199,8,8,2,0.009,54.6
116,epistolaeindicae00jest,266,False,1566,lat,"Epistolae Indicae de praeclaris, et stupendis rebus, : quas diuina bonitas in India, & variis insulis per Societatem nom",15 16 58 110 146 170 182,11,8,7,0.031,54.4
117,voyagedanslahaut00stjo,227,False,1801,fre,"Voyage, dans la haute Pensylvanie et dans l'état de New-York,",8 64 71 75 76 78 80 215,11,8,8,0.031,54.2
118,arteydictionario00lagu,32,False,1574,n-mx---,"Arte y dictionario: con otras obras, en lengua Michuacana.",5 8 13 15 33 38 43 50 53 54 55 56 57 59 65 66 68 73 74 88 89 90 93 94 96 98 100 101 102 107 108 109 110 112 113 118 120 122 123 124 127 130 134 135 138 141 143 145 148 149 152 154 155 157 160 163 174 181,29,12,58,0.272,54.0
119,premierliuredess00bouc,85,False,1608,fre,Premier liure des serees,4 9 12 16 22 25 26 27 30 31 33 35 40 43 44 45 48 51 52 53 54 57 59 63 67 72 74 75 76 77 78 80 84 86 90 92 93 95 104 105 113 117 119 122 124 125 126 127 133 135 141 142 143 144 146 148 149 150 151 155 156 157 158 159 160 161 162 163 164 167 168 170 171 172 174 178 179 180 185 186 188 189 190 193 194 195 196 200 205 206 208 209 211 212 213 214 215 217 218 220 222 224 225 226 227 229 231 233 236 238 242 243 244 246 251 252 253 257 266 269 271 274 279 281 288 291 296 297 298 300 301 302 303 305 309 311 312 314,51,10,138,0.425,53.7
120,lecommentaireroy00vega,159,False,1633,fre,"Le commentaire royal, ov L'histoire des Yncas, roys dv Perv; contenant leur origine, depuis le premier Ynca Manco Capac,",13 15 17 32 37 59 64 76 78 102 109 116 138 141 156 158 162 166 170 186 194 201 208 209 213 234 236 237 248 253 273 282 286 287 288 304 374,17,9,37,0.093,53.5
121,histoiredelanouv00lesc_2,22,False,1611,fre,"Histoire de la Nouvelle France : contenat les navigations, découvertes, & habitations faites par les Fançois és Indes Oc",6 10 11 27 32 36 38 42 44 51 53 61 62 64 67 68 69 74 78 79 85 91 92 101 105 107 109 111 114 116 118 128 134 136 137 141 143 145 146 149 151 153 154 156 159 160 161 163 167 168 171 173 176 177 178 180 181 182 185 186 189 190 192 196 198 199 201 204 206 207 210 211 214 216 217 219 227 228 229 231 232 233 235 236 237 240 241 242 245 246 248 253 261 275 278 282 284 285 286 290 296 298 302 306 314 315 319 323 326 329 331 332 333 334 337 340 341 342 343 345 349 351 355 356 358 360 363 367 368 369 370 373 380 384 385 386 387 388 389 393 396 407 409 410 411 426 427 428 430 432 433 436 439 441 442 443 445 454 457 460 465 478 489 492 493 496 508 516 519 522,30,13,170,0.316,53.3
122,noticiadelacalif02vene_0,282,False,1757,spa,"Noticia de la California, y de su conquista temporal, y espiritual hasta el tiempo presente.",23 26 40 49 50 51 52 62 70 76 95 100 102 104 110 113 145 156 161 169 172 173 177 179 180 181 182 183 188 192 193 195 226 228 267,26,7,35,0.121,53.2
123,origendelosindio00garc,21,False,1607,spa,"Origen de los Indios de el Nueuo Mundo, e Indias Occidentales.",8 25 28 29 32 36 44 50 59 64 69 82 88 94 96 101 103 105 108 114 122 126 127 133 145 149 160 166 167 169 170 178 181 183 188 195 198 206 213 218 220 257,17,13,42,0.16,52.7
124,historiaeclesias00fern,77,False,1611,spa,"Historia eclesiastica de nuestros tiempos, : que es compendio de los excelentes frutos que en ellos el estado eclesiasti",15 20 21 22 23 25 29 31 32 33 41 42 44 58 60 62 67 69 71 72 75 76 79 82 83 84 86 87 88 89 90 91 92 94 95 99 102 105 106 113 114 115 116 117 119 120 126 127 128 129 135 139 141 142 146 147 151 158 159 165 170 173 175 176 177 178 180 182 190 193 200 202 208 210 212 213 218 219 221 225 229 239 240 246 247 250 252 255 256 257 262 270 272 273 282 284 286 287 288 298 300 301 302 303 306 310 326 327 328 332 336 338 340 341 351 352 353 355 356 357 362 363 365 370 372 373 374 375 381 383 384 385 386 389 391 400 405 406 410 412 414 420 422 423 424 427 438,39,10,147,0.32,52.7
125,narrativeoffivey01sted_0,564,False,1796,eng,"Narrative, of a five years' expedition, against the revolted Negroes of Surinam, in Guiana, on the wild coast of South A",253 254 255,13,5,3,0.012,52.7
126,lavielesavanture01tyss,81,False,1720,fre,"La vie, les avantures, & le voyage de Groenland du révérend Père Cordelier Pierre de Mesange. : Avec une relation bien c",7 8 9 14 20 36 37 40 46 51 52 54 57 61 65 67 70 72 76 80 81 86 87 89 91 92 93 94 95 99 100 101 112 117 120 125 126 127 139 140 141 147 154 159 165,32,10,45,0.257,52.1
127,johannlorenzmosh00mosh_2,352,False,1742,"ger,mul",Johann Lorenz Mosheims Sitten-Lehre der Heiligen Schrift,58 119 262 267 419 478 575 602 706 727 808 839 879 920 947 1043 1046 1054 1124 1125 1151 1201,10,7,22,0.017,51.9
128,tratadovnicoysin00roch,399,False,1681,"spa,lat","Tratado vnico, y singular del origen de los indios occidentales del Piru, Mexico, Santa Fè, y Chile..",15 154 155 156 158,14,6,5,0.031,51.8
129,vozessaudosasdae00viei,39,False,1736,por,"Vozes saudosas, da eloquencia, do espirito, do zelo; e eminente sabedoria",13 15 18 19 20 21 23 25 26 30 32 33 35 36 37 39 41 43 44 46 50 51 53 54 55 56 59 60 61 64 68 75 77 78 79 80 82 83 87 90 95 97 99 108 122,33,12,45,0.333,51.7
130,cartasedificante14jesu,318,False,1753,spa,"Cartas edificantes, y curiosas, : escritas de las missiones estrangeras, por algunos missioneros de la Compañia de Jesus",68 120 121 138 172 175 210,11,7,7,0.025,51.5
131,historianaturaly00acos,301,False,1608,spa,"Historia natural y moral de las Indias, : en que se tratan las cosas notables del cielo, y elementos, metales ... y guer",6 84 85 86 127 150 159 179 187 220 237 256 287 362 365,13,7,15,0.038,51.5
132,elmaranonyamazon00rodr,136,False,1684,spa,"El Marañon, y Amazonas. : Historia de los descubrimientos, entradas, y reduccion de naciones. Trabajos malogrados de al",23 31 36 37 38 45 82 84 86 89 90 91 97 104 113 115 128 131 132 140 146 154 155 158 159 160 163 165 166 169 185 186 190 201 204 209 210 211 219 236 239 252 259 260 262 269 273 298 302 306 307 308 309 310 312 325 345 347 349 350 351 352 355 362 363 365 377 379 385 387 388 395 399 400 410 437 472 477 485 534,22,9,80,0.143,51.3
133,voyagedemarseill00unkn,158,False,1720,fre,"Voyage de Marseille a Lima, et dans les autres lieux des Indes Occidentales. : Avec une exacte description de ce qu'il y",4 5 6 27 31 34 67 78 101 104 128 157 175 189 201 207 212 224 231 236,14,9,20,0.073,51.3
134,relationdecequis00leje_8,52,False,1640,fre,Relation de ce qui s'est passé en la Nouuelle France en l'année 1639. Enuoyée au r. pere prouincial de la Compagnie de I,13 14 16 24 26 29 31 32 33 35 38 41 42 46 47 51 57 61 66 69 71 74 75 82 90 107 115 145 150 153,22,11,30,0.188,50.9
135,cartasedificante07jesu,254,False,1753,spa,"Cartas edificantes, y curiosas, : escritas de las missiones estrangeras, por algunos missioneros de la Compañia de Jesus",25 70 85 90 94 153 157 158 159 175 187 197 205 238 250 255 262 263,14,8,18,0.06,50.7
136,cartasedificante15jesu,232,False,1753,spa,"Cartas edificantes, y curiosas, : escritas de las missiones estrangeras, por algunos missioneros de la Compañia de Jesus",12 19 56 65 80 95 96 131 163 196 223 245 282,12,8,13,0.045,50.5
137,novusorbishocest00unse,125,False,1623,lat,"Novus orbis. Hoc est, Navigationes illustriores, admirandæ et celebriores, fortissimorum heroum, Christophori Columbi. V",16 22 50 61 72 77 79 91 92 126 128 152 186 188 223 234 249 253 256 259 263 278 292,14,9,23,0.075,50.5
138,newfoundvvorldeo00thev,449,False,1568,eng,"The new found vvorlde, or Antarctike, : wherein is contained wo[n]derful and strange things, as well of humaine creature",5 6,10,6,2,0.01,50.1
139,nouveauvoyageaux05laba_1,342,False,1722,fre,"Nouveau voyage aux isles de l'Amerique, : contenant l'histoire naturelle de ces pays, l'origine, les mœurs, la religion ",39 55 56 70 80 152 176 190 253,12,7,9,0.034,49.9
140,tableaudelasitua02pict,213,False,1795,fre,"Tableau de la situation actuelle des États-Unis d'Amérique, : d'après Jedidiah Morse et les meilleurs auteurs américains",27 87,8,8,2,0.014,49.8
141,histoirenaturell00acos,95,False,1617,frm,"Histoire naturelle et morale des Indes, tant Orientales, qu'Occidentales. : où il est traicté des choses remarquables du",0 6 9 15 16 17 18 33 41 53 54 55 59 60 62 64 66 69 72 74 78 80 92 94 99 100 105 113 114 115 117 118 122 125 129 131 139 142 146 149 170 173 185 188 193 196 200 223 240 245 252 256 259 263 267 276 282 284 289 292 295 307 310 311 320 326 340 346 350 352 353 384 390 398 402 403 405 429 446,22,10,79,0.172,49.5
142,nouvellehistoire02dema,145,False,1767,fre,"Nouvelle histoire de l'Afrique françoise, : enrichie de cartes & d'observations astronomiques & géographiques, de rema",19 32 39 74,9,9,4,0.032,49.4
143,historianaturaly00acos_1,16,False,1591,spa,"Historia natural y moral de las Indias. : En que se tratan las cosas notables del cielo, y elementos, metales ... y guer",6 9 13 19 20 24 27 28 35 36 38 41 46 48 52 56 59 60 62 66 67 70 79 83 84 87 88 90 94 95 96 97 102 103 104 105 106 115 119 120 122 124 131 138 140 141 147 149 150 152 154 155 156 157 158 162 163 165 166 168 173 174 178 180 187 196 200 202 204 205 207 211 218 219 220 221 223 228 231 232 233 239 240 242 248 249 253 254 257 262 264 267 269 270 272 280 281 282 283 286 288 292 296 301 302 305 309 310 319 323 332 335 338 342 343 347 350 351 352 353 354 359 363 366 371 373,29,13,126,0.332,49.4
144,relationdecequis00leje_10,46,False,1638,fre,Relation de ce qui s'est passé en la Nouuelle France en l'annee 1637. Enuoyée au r. pere prouincial de la Compagnie de,7 11 15 16 17 18 20 23 24 26 27 29 30 32 35 39 40 41 43 44 45 46 48 54 55 56 59 60 61 69 70 72 75 77 78 79 80 81 82 83 86 87 88 89 90 92 93 95 98 99 101 102 103 104 105 107 111 112 113 114 115 119 125 127 128 130 131 132 134 135 136 138 141 143 145 146 148 149 152 156 158 159 160 161 162 163 164 166 168 169 171 172 173 174 177 178 179 180 181 183 184 186 187 189 190 192 193 196 197 198 199 204 206 207 209 211 212 213 216 217 219 223 224 226 227 232 233 234 238 239 242 244 245 252 253 254 256 257 258 259,51,11,140,0.52,49.2
145,voyagedanslahaut00stjo_1,482,False,1801,fre,"Voyage, dans la haute Pensylvanie et dans l'état de New-York,",64 65 68 225,11,6,4,0.017,49.2
146,vocabularioenlen00juan,84,False,1578,"spa,zap","Vocabulario en lengua çapoteca,",13 19 26 32 39 46 48 49 51 53 54 58 73 76 79 81 84 86 89 97 100 102 104 106 107 109 111 112 114 115 118 123 124 141 144 145 147 148 151 153 154 157 159 160 161 165 166 167 168 169 175 179 202 206 207 210 214 215 224 227 233 238 253 255 270 271 273 281 296 297 311 313 315 321 323 325 328 337 340 341 345 368 383 384 385 387 390 396 398 410 417 418 419 421 428 431 432 435 439 445 446 448 449 455 459 460 461 462 466 470 471 472 479 482 486 487 492 493 495 497 518 526 540 543 560 561 563 573 575 588 591 596 607 611 615 616 617 620 623 625 627 628 629 631 632 636 648 650 651 657 663 664 665 666,26,10,154,0.218,48.5
147,newevnbekanthela00unkn,244,False,1508,ger,Newe vnbekanthe Landte und ein newe Weldte in kurtz verganger Zeythe erfunden,31 45 50 67 79 95 98 100 101 137 146 148 156 161 168 169 170 175,17,8,18,0.092,47.9
148,voyagedanslestat03laro,343,False,1799,fre,"Voyage dans les États-Unis d'Amérique, : fait en 1795, 1796 et 1797.",50 74 150 157 163 168 181 182 188,13,7,9,0.045,47.7
149,nouvellerelation02laba,195,False,1728,fre,Nouvelle relation de l'Afrique occidentale: : contenant une description exacte du Senegal & des païs situés entre le C,1 14 23 50 53 55 61 71 72 80 81 89 105 106 111 115 122 145 146 147 148 150,22,8,22,0.135,47.6
150,accountoftwovoya00joss_1,82,False,1674,eng,"An account of two voyages to New-England. : Wherein you have the setting out of a ship, with the charges; the prices of ",2 3 4 6 7 8 10 11 14 18 19 24 29 30 31 32 33 34 35 37 41 43 45 46 47 48 49 51 61 65 66 70 71 72 75 76 79 82 85 86 89 90 91 93 98 109,43,10,46,0.404,47.4
151,museummuseorumod00vale,293,False,1704,"ger,lat","Museum museorum, oder Vollständige Schau-Bühne aller Materialien und Specereÿen : nebst deren natürlichen Beschreibung, ",26 29 35 42 43 46 54 55 61 82 93 94 105 111 114 118 136 139 143 156 157 163 170 182 189 200 207 224 232 243 267 270 272 330 331 373 376 396 417 418 421 423 442 450 466 469 478 493 494 497 517 532 533 535 543 547 549 550 559 571 592 600 627 631 644 653 654 655 665 671 676 679 680 706 717 739 741 744 759 781 784 792 798 802 804 808 811 816 900 907 926 933 963 982 1004 1009 1017,19,7,97,0.091,47.2
152,hispaniasivedere00laet_0,255,False,1629,lat,"Hispania, sive De regis Hispaniae regnis et opibus commentarius",6 12 17 18 21 44 52 56 57 58 63 92 99 105 130 153,15,8,16,0.078,47.0
153,historiagenerald13prvo,330,False,1763,SPA,"Historia general de los viages, ó nueva coleccion de todas las relaciones de los que se has hecho por mar, y tierra, y s",253,7,7,1,0.002,47.0
154,artedelalenguade00gilb,67,False,1558,spa,Arte de la le[n]gua de Michuaca[n],5 23 36 37 47 48 54 58 59 61 63 64 70 71 72 73 75 81 82 84 85 86 91 92 96,28,10,25,0.25,46.7
155,collectionabrged03unkn,466,False,1808,fre,Collection abrégée des voyages anciens et modernes autour du monde; : avec des extraits des autres voyageurs les plus cé,64 77 82 83 102 298 311,11,6,7,0.021,46.5
156,noticiadelacalif03vene_0,260,False,1757,spa,"Noticia de la California, y de su conquista temporal, y espiritual hasta el tiempo presente.",5 23 38 40 43 45 79 86 87 96 195 209,12,8,12,0.053,46.5
157,nouusorbisregion00hutt_2,303,False,1532,lat,"Nouus orbis regionum ac insularum ueteribus incognitarum,",28 31,7,7,2,0.003,46.3
158,histoiregnralede15prvo_0,394,False,1746,fre,"Histoire générale des voyages, ou nouvelle collection de toutes les relations de voyages par mer et par terre, qui ont é",50 179 463,7,7,3,0.003,46.2
159,histoiregnralede09prvo_0,349,False,1746,fre,"Histoire générale des voyages, ou nouvelle collection de toutes les relations de voyages par mer et par terre, qui ont é",237 660 729,7,7,3,0.003,46.1
160,revpatrisfralpho00alon,240,False,1599,lat,Rev. Patris Fr. Alphonsi a Vera Cruce Hispani ordinis eremitarum S. Augustini. Et in primaria cathedra Mexicanae vniuers,44 171 181 198 201 210 250 262 264 286 425 461 470 538,8,8,14,0.02,46.0
161,examendesrecherc02pern,530,False,1771,fre,"Examen des Recherches philosophiques sur l'Amérique et les Américains, et de la défense de cet ouvrage. Premiere [-Secon",60 97 111 157 166 167 184 189 197 199 200 201,16,6,12,0.054,46.0
162,lesoldatparvenuo00mauv,62,False,1761,fre,"Le soldat parvenu, ou Memoires et avantures de M. de Verval, dit Bellerose.",4 21 59 64 66 100 102 129 131 132 135 142 147,11,11,13,0.082,45.7
163,insignesmissione00xarq,146,False,1687,spa,Insignes missioneros de la Compañia de Jesus en la Provincia del Paraguay. : Estado presente de sus missiones en Tucuma,18 22 30 33 46 55 61 75 77 93 94 96 109 115 117 129 132 135 138 145 148 157 163 175 176 177 178 181 186 201 205 242 255 261 265 281 307 318 326 329 335 338 339 356 360 362 370 379 381 387 388 391 395,18,9,53,0.127,45.7
164,virginiamoreespe00will,271,False,1650,eng,"Virginia: more especially the south part thereof, richly and truly valued: : viz. The fertile Carolana, and no lesse exc",43 75,8,8,2,0.02,45.6
165,historicarelacio00oval_0,79,False,1646,"spa,lat","Historica relacion del reyno de Chile, y de las missiones, y ministerios que exercita en el la Compañia de Iesus. A Nues",9 10 13 14 18 23 24 30 35 40 46 48 51 54 62 63 64 66 69 71 72 73 77 79 84 87 89 91 93 95 108 109 110 111 114 128 130 131 132 151 156 167 170 171 173 175 190 191 192 194 196 209 210 216 218 222 234 240 241 253 259 271 275 301 302 305 306 309 312 314 317 318 325 326 328 330 344 347 355 356 365 366 375 382 383 385 389 404 417 444 457 462 465 475 477 484 496 499 501 504 507 517 518 525 535 542 545 550 551 552 558 560 571 576 580 584 585 598 600 602 615 622 623 627 628 629 630 632 633 635 638 639 643 644 646 647 648 650 652 653 654 657 658 661 662 666 673 674 678 681 682 690 692 694 702 705 707 716 728 734 736,24,10,161,0.213,45.6
166,historicarelatio00oval_0,202,False,1646,"ita,lat,spa","Historica relatione del regno di Cile, : e delle missioni, e ministerij che esercita in quelle la Compagnia di Giesu. A ",8 10 17 19 20 23 24 31 34 39 41 43 44 45 46 47 48 57 65 68 71 72 73 76 78 81 82 86 88 90 92 94 109 110 113 116 127 131 149 150 151 157 168 170 171 173 175 185 186 191 192 201 203 210 215 218 239 241 245 252 253 259 263 301 302 305 311 314 316 318 325 326 327 334 341 343 355 357 362 367 368 375 379 381 382 416 421 425 442 443 446 448 453 454 460 461 465 469 483 484 492 495 499 501 506 508 516 517 524 551 553 554 557 558 564 567 571 575 577 580 593 602 606 614 615 616 618 622 623 628 630 631 633 635 638 639 640 647 648 652 657 659 661 662 666 668 673 678 680 682 689 692 693 704 705 731 734,29,8,157,0.207,45.1
167,levoyageurphilos01vill_0,487,False,1761,fre,Le voyageur philosophe dans un pais inconnu aux habitans de la terre.,58 59 62,11,6,3,0.023,45.0
168,voyagedelaterrea00foig,182,False,1695,fre,Voyage de la terre australe par Mr. Sadeur. : Avec ses avantures dans la découverte de ce pays jusques icy inconnu & les,3 6 9 19 20 23 26 30 31 33 34 35 38 41 46 52 62 70 71 72 73 74 75 77 79 80 84 86 87 88 89 92 93 99 100 101 102 103 104 105 106 107 109 110,49,8,44,0.386,45.0
169,relationdelarivi00acua,322,False,1682,fre,Relation de la riviere des Amazones,12 18 19,11,7,3,0.036,44.9
170,descriptiongeogr00bell_0,295,False,1763,fre,Description geographique de la Guiane,5 69 112 114 115 182 183,11,7,7,0.036,44.5
171,voyagededcouvert04vanc,197,False,1801,fre,"Voyage de découvertes, a l'Océan Pacifique du Nord, et autour du monde, : entrepris par ordre de sa Majesté Britannique;",80 85 114 115,8,8,4,0.022,44.4
172,miscellanies00volt,384,False,1778,eng,Miscellanies,128,7,7,1,0.006,44.1
173,relationdecequis00leme_1,80,False,1671,fre,Relation de ce qui s'est passé de plus remarquable aux missions des peres de la Compagnie de Iesus. En la Nouvelle Franc,0 16 18 19 23 24 25 26 29 32 34 36 37 42 43 47 63 64 66 67 68 70 73 75 77 91 92 93 101 105 115 132 133,24,10,33,0.223,44.0
174,voyagesetavantur00tyss_0,121,False,1734,fre,Voyages et avantures de Jaques Massé,1 24 30 32 36 37 38 47 51 52 66 67 72 89 105 106 124 125 132 150 153 161 168 171 180 188 189 191 210 215,18,9,30,0.135,43.9
175,collectionabrged01unkn,112,False,1808,fre,Collection abrégée des voyages anciens et modernes autour du monde; : avec des extraits des autres voyageurs les plus cé,4 70 73 85 92 110 131 142 150 182 192 253 257,9,9,13,0.043,43.7
176,troisiemeliurede00bouc,142,False,1608,fre,Troisieme liure des serees,1 9 12 16 18 19 23 25 27 31 32 33 38 40 41 42 43 45 48 50 51 52 54 55 57 58 65 68 70 75 77 78 81 82 85 92 93 95 105 106 107 111 120 121 123 126 127 131 132 133 134 135 136 137 139 140 141 145 147 149 153 159 162 163 166 168 170 171 173 174 177 180 181 182 183 186 191 193 209,39,9,79,0.353,43.6
177,historiaorbister00becm,341,False,1692,"lat,eng,fre,ger","Historia orbis terrarum, geographica et civilis, de variis negotiis : nostri potiss. & superioris seculi, aliisve rebus ",54 427 459 615,7,7,4,0.006,43.6
178,thesaurusexotico00happ,457,False,1688,"ger,lat",Thesaurus exoticorum. : Oder eine mit aussländischen Raritäten und Geschichten wohlversehene Schatz-Kammer fürstellend d,337 421 528 553 557 565 773 976 986 989 1042 1048 1077 1089 1107 1108 1132 1140 1155 1160 1200,9,6,21,0.013,43.0
179,keyintolanguageo02will,89,True,,,,0 1 2 3 10 14 21 24 28 30 33 35 38 40 43 51 59 64 66 72 74,28,10,21,0.276,42.9
180,recueildesvoyage00renn_13,107,False,1725,fre,"Recueil des voyages qui ont servi a l'etablissement et aux progrez de la Compagnie des Indes Orientales, : formée dans l",1 24 51 55 86 111 190 199 205 207,9,9,10,0.044,42.9
181,derwunderwrdigej00ross_0,363,False,1701,ger,"Der wunderwürdige Juden- und Heiden-Tempel, : darinn derselben Gottes- und Götzen-Dinst, eröffnet und gezeigt wird.",138 149 181 298 312 488 522 538 539 544 562 611 729,8,7,13,0.015,42.8
182,relaamannaldas01guer,110,False,1609,por,"Relaçam annal das cousas que fezeram os padres da Companhia de Iesus nas partes da India Oriental, & em algu[m]as outras",2 3 4 8 11 15 17 23 24 29 33 40 45 46 50 51 52 53 55 56 58 61 62 68 69 74 75 76 78 79 80 85 86 87 89 91 93 96 97 101 102 103 105 108 110 113 114 116 121 126 127 128 131 136 143 150 151 152 154 156 157 158 163 164 166 169 170 171 172 174 177 180 182 186 188 192 200 204 206 207 210 211 212 213 214 215 216 221 225 226 227 230 232 236 239 246 247 248 249 254 256 259 261 263,41,9,104,0.382,42.7
183,senorpocosminist00pala,181,False,1650,spa,"Senor. : Pocos ministros han ido a la Nueua-España, ni buelto della mas obligados que yo al amparo de los Indios, y soli",13 16 23 25 30 31 32 33 34,32,8,9,0.25,42.7
184,relationdecequis00leje_0,64,False,1640,fre,Relation de ce qui s'est passé en la Nouuelle France en l'année 1639. Enuoyée au r. pere prouincial de la Compagnie de I,8 10 11 13 19 27 28 29 30 36 38 39 40 41 42 47 50 55 59 61 62 64 66 72,28,11,24,0.312,42.6
185,historiagenerald20prvo,478,False,1763,SPA,"Historia general de los viages, ó nueva coleccion de todas las relaciones de los que se has hecho por mar, y tierra, y s",2 244 245,8,6,3,0.007,42.4
186,recueildesvoyage00renn_12,170,False,1725,fre,"Recueil des voyages qui ont servi a l'etablissement et aux progrez de la Compagnie des Indes Orientales, : formée dans l",3 5 6 24 27 28 29 31 37 47 76 97 100 104 105 107 110 113 120 123 126 137 144 150 165 171 172 185 188 200 208 209 213 215 226 228 229 230 247,19,9,39,0.152,42.4
187,historiagenerald28prvo,396,False,1763,SPA,"Historia general de los viages, ó nueva coleccion de todas las relaciones de los que se has hecho por mar, y tierra, y s",183 231 354,7,7,3,0.008,42.4
188,voyagedesamuelhe00hear_0,464,False,1799,fre,"Voyage de Samuel Hearne, du Fort du Prince de Galles dans la baie de Hudson, à l'océan nord, : entrepris par ordre de la",66 67 134,10,6,3,0.021,42.0
189,recueildobservat01lamb,128,False,1749,fre,"Recueil d'observations curieuses, : sur les moeurs, les coutumes, les usages, les différentes langues, le gouvernement, ",12 70 91 109 110 123 124 157,9,9,8,0.047,41.7
190,histoiredesindes00casa,229,False,1642,fre,"Histoire des Indes Occidentales. : Ou l'on reconnoit la bonté de ces païs, & de leurs peuples; & les cruautez tyrannique",18 24 27 35 58 59 62 66,13,8,8,0.075,41.4
191,cartasdopantonio00viei,117,False,1735,por,Cartas do P. Antonio Vieyra da Companhia de Jesu : tomo primeiro[-segundo]. .,0 2 4 5 8 13 28 29 35 43 46 49 50 51 55 57 62 63 64 66 67 71 76 77 83 85 96 97 98 102 106 108 110 117 118 120 123 128 129 130 133 134 136 137 139 140 142 143 144 145 146 147 151 153 154 155 156 160 166 168 177,34,9,61,0.319,41.4
192,lessingularitezd00thev,320,False,1558,frm,"Les singularitez de la France Antarctique, autrement nommée Amerique: & de plusieurs terre & isles decouuerte de nostre ",65 150,7,7,2,0.009,41.3
193,histoirenaturell00acos_3,70,False,1606,frm,"Histoire naturelle et moralle des Indes, tant Orientalles qu'Occidentales. : où il est traitté des choses remarquables d",0 1 4 5 6 7 8 9 13 16 21 25 29 36 43 47 53 54 57 62 64 67 68 69 73 75 79 80 82 84 92 97 99 102 105 106 109 112 113 115 116 117 120 123 126 127 128 129 134 136 138 142 143 144 150 170 182 183 185 186 188 190 191 192 195 203 206 216 220 228 234 237 238 245 247 248 250 252 254 257 259 260 266 269 270 275 276 278 280 281 283 292 296 300 301 302 303 306 309 317 318 319 329 331 332 334 335 339 345 346 348 352 353 356 357 367 368 370 378 379 383 385 388 390 391 394 395 397 399 402 405 406 407 408 414 415 432,29,10,137,0.302,41.2
194,relationdecequis00leje_7,98,False,1640,fre,Relation de ce qui s'est passé en la Nouuelle France en l'année 1639. Enuoyée au r. pere prouincial de la Compagnie de I,8 12 13 16 20 21 29 31 32 33 35 37 44 45 46 47 50 51 56 62 66 67 69 72 74 80 83 96 107 108 143 148 153,21,10,33,0.206,41.0
195,ioannispetrimaff00maff_3,339,False,1593,lat,"Ioan[nis] Petri Maffeii, Bergomatis, e Societate Iesu, Historiarum Indicarum libri XVI. : Selectarum, item, ex Jndia epi",700 705 717 731 740 743 747 758,7,7,8,0.01,40.6
196,voyagedefranoisp00pyra,116,False,1619,fre,"Voyage de François Pyrard, de Laual. : Contenant sa navigation aux Indes orientales, Maldiues, Moluques, Bresil: les diu",17 18 21 23 44 59 63 68 69 70 84 85 86 89 91 94 102 128 132 133 139 156 162 165 170 174 175 183 191 198 204 216 217 220 222 224 227 230 232 242 245 252 257 259 270 275 289 296 297 298 299 307 313 326 329 330 334 335 338 341 342 352 358 360 367 374 375 376 380 382 384 388 390 399 401 402 404 406 411 429 431 432 434 435 439 441 442 443 446 447 450 452 455 456 462 463 464 465 467 470 480 481 485 490 492 500 505 521 531 533 557,22,9,111,0.194,40.6
197,voyageauxlesdetn01ledr,224,False,1810,fre,"Voyage aux îles de Ténériffe, la Trinité, Saint-Thomas, Sainte-Croix et Porto Ricco, : exécuté par ordre du gouvernement",19 21 42 63 85 87 89 90 92 120 122 138,13,8,12,0.079,40.2
198,cartasedificante11jesu,485,False,1753,spa,"Cartas edificantes, y curiosas, : escritas de las missiones estrangeras, por algunos missioneros de la Compañia de Jesus",76 142 143 184 188 194 205 233 239 249 267,12,6,11,0.04,40.1
199,mmoiressurlaloui00unse,315,False,1804,fre,"Mémoires sur la Louisiane et la Nouvelle-Orléans, : accompagnés d'une dissertation sur les avantages que le commerce de ",45,7,7,1,0.011,40.0
200,vidayheroycasvir00fara,248,False,1753,spa,"Vida. Y heroycas virtudes del vble. padre Pedro de Velasco, provincial, que fué, de la compañia de Jesus, de Nueva Españ",7 43 57 81 82 84 87 88,13,8,8,0.08,40.0
201,histoiredelaconq01leon,281,False,1707,fre,"Histoire de la conquête des isles Moluques par les Espagnols, par les Portugais, & par les Hollandois. :",108 136 226,7,7,3,0.011,39.9
202,cartasedificante05jesu,589,False,1753,spa,"Cartas edificantes, y curiosas, : escritas de las missiones estrangeras, por algunos missioneros de la Compañia de Jesus",27 36 37 38 47 52 53 115 129 215 224,15,5,11,0.044,39.8
203,nouveauvoyageaut00damp,150,False,1723,fre,"Nouveau voyage autour du monde. : Où l'on décrit en particulier l'Istme de l'Amerique, plusieurs côtes & isles des Indes",7 25 33 35 50 57 85 91 111 139 155 168 170 176 183 185 187 189 191 193 198 207 208 210 211 224 225,13,9,27,0.098,39.6
204,voyagetoguineabr00atki_0,469,False,1735,eng,"A voyage to Guinea, Brasil, and the West-Indies; in His Majesty's ships, the Swallow and Weymouth. : Describing the seve",20 30 31 32 52 58 77 114 117,16,6,9,0.071,39.5
205,ddionnisdesolorz02solr,373,False,1672,lat,"D.D. Ionnis de Solorzano Pereira, I.V.D. ... De Indiarum iure. siue De iusta Indiarum Occidentalium inquisitione, acquis",24 115 166 210 249 306 568 621 682 796 806 813 832 923 992 1286 1313 1558 1568 1580 1667 1744 1787 1820 1930 2040,7,7,26,0.012,39.4
206,voyagedanslahaut00stjo_0,276,False,1801,fre,"Voyage, dans la haute Pensylvanie et dans l'état de New-York,",33 49 62,7,7,3,0.012,39.2
207,cartasedificante09jesu,389,False,1753,spa,"Cartas edificantes, y curiosas, : escritas de las missiones estrangeras, por algunos missioneros de la Compañia de Jesus",10 33 35 180 206 217 218 232,9,7,8,0.03,39.2
208,mursdessauvagesa02lafi_1,217,False,1724,fre,"Mœurs des sauvages ameriquains, comparées aux mœurs des premiers temps.",65 143 153 155 231 245 255 262 281 284 334,8,8,11,0.032,39.2
209,voyagedanslahaut00stjo_3,279,False,1801,fre,"Voyage, dans la haute Pensylvanie et dans l'état de New-York,",33 50 62,7,7,3,0.012,39.2
210,americaeparsviii00theo,459,False,1625,lat,"Americae pars VIII. : Continens primo, Descriptionem trium itinerum nobilissimi et fortissimi equitis Francisci Draken, ",70 77 89 91 115 142 152 211 212,12,6,9,0.042,39.1
211,voyagedanslestat00stua,336,False,1791,fre,"Voyage dans les États-Unis de l'Amérique, fait en 1784; : contenant une description de sa situation présente, de sa popu",16 19 87 88 98 108 109 134 136 145 160 166 200 201,13,7,14,0.066,39.1
212,historiachronolo02jern,570,False,1789,"por,lat","Historia chronologica da esclarecida ordem da SS. Trindade, redempção de cativos, da provincia de Portugal: : dedicada a",1 229 686 687 754 767,9,5,6,0.008,39.1
213,relationhistoriq01cava,452,False,1732,"fre,por","Relation historique de l'Ethiopie occidentale: : contenant la description des royaumes de Congo, Angolle, & Matamba, tra",2 19 21 48 56 78 83 133 134 140 171 205 206 207,15,6,14,0.065,39.1
214,relationdecequis00leje_6,164,False,1640,fre,Relation de ce qui s'est passé en la Nouuelle France en l'annee 1639. Enuoyée au r. pere prouincial de la Compagnie de I,2 27 28 30 34 37 40 50 56 62 73 74 106 108 140 143,13,9,16,0.1,39.0
215,nouveauxvoyagesd00boss,357,False,1777,fre,"Nouveaux voyages dans l'Amérique septentrionale, : contenant une collection de lettres écrites sur les lieux, par l'aute",31 91 196,7,7,3,0.013,38.9
216,cartasedificante13jesu,369,False,1753,spa,"Cartas edificantes, y curiosas, : escritas de las missiones estrangeras, por algunos missioneros de la Compañia de Jesus",3 4 9 17 90 136 137 142 189 191 195 196 198 213 217 229,12,7,16,0.058,38.7
217,lessingularitezd00thev_0,190,False,1558,frm,"Les singularitez de la France Antarctique, autrement nommée Amerique, & de plusieurs terres & isles decouuertes de nost",2 3 4 7 10 21 29 35 41 63 64 65 68 73 88 93 103 110 116 117 123 124 126 127 132 133 134 135 142 148 149 153 155 160 166 167 173 177 181 184 186,25,8,41,0.21,38.4
218,historiadelaconq00vill,120,False,1701,spa,"Historia de la conquista de la provincia de el Itza, : reduccion, y progressos de la de el Lacandon, y otras naciones de",21 33 97 118 150 154 162 167 176 178 180 190 205 220 233 240 249 261 263 274 280 284 295 312 314 318 340 342 347 348 351 369 372 376 377 418 419 430 442 466 493 523 549 563 566 591 592 598 610,11,9,49,0.079,38.3
219,veillesamricaine02pali,223,False,1795,fre,Veillées américaines,6 7 8 27 28 32 33 34 35 38 41 52 58 62,25,8,14,0.212,38.2
220,sumadegeographia00enci_0,366,False,1519,spa,Suma de geographia q[ue] trata de todas las partidas [y] prouincias del mundo: en especial de las Indias. [Y] trata larg,16 18,7,7,2,0.014,38.2
221,diccionarioprovi00pich,166,False,1836,spa,Diccionario provincial de voces cubanas,0 5 17 18 21 23 32 34 38 42 48 49 53 58 64 66 67 74 81 82 84 86 88 90 91 92 93 95 97 103 105 107 110 112 118 122 123 130 147 149,26,9,40,0.258,38.0
222,neuereisebeschre00henn,506,False,1739,ger,"Neue Reise-Beschreibung nach America, : und derer bisher noch unbekandten Länder und Völcker, vornemlich von der Landsch",81 82 84 113,10,6,4,0.029,37.9
223,thesorospiritual01gilb,697,False,1575,"cai,spa,lat",Thesoro spiritual de pobres en le[n]gua de Michuaca[n]: : dirigida al muy illustre y. R. señor don fray Ioan de Medina R,19 20,9,5,2,0.009,37.9
224,nachrichtvondenn00unkn,208,False,1772,ger,Nachricht von den neuesten Entdeckungen der Engländer in der Süd-See: oder Auszug aus dem Tagebuch des Königl. Schiffs T,1 2 14 15 16 25 26 34 47 53 69 84 92 102,17,8,14,0.131,37.6
225,gedenkwaardigesc00schm,66,False,1706,dut,"Gedenkwaardige scheeps-togten na Rio de la Plata, in 't zuyderdeel van America, en verscheydene andere voorname Americaa",2 6 7 8 9 10 13 19 20 23 35 36 37 38 39 42 45 51 52 53 54 55,29,11,22,0.379,37.2
226,voyagedanslahaut00stjo_4,428,False,1801,fre,"Voyage, dans la haute Pensylvanie et dans l'état de New-York,",39 64 65 69 105 126 162 183 188,11,6,9,0.039,37.2
227,naufrageetaventu00viau_0,270,False,1798,eng,"Naufrage et aventures de M. Pierre Viaud, natif de Bordeaux, capitaine de navire,",10 13 16 17 19 28 29 30 31 32 37 41 56 58 65 66 69 75,25,8,18,0.22,37.1
228,johannlorenzmosh00mosh_1,280,False,1742,"ger,mul",Johann Lorenz Mosheims Sitten-Lehre der Heiligen Schrift,40 112 113 125 135 157 234 247 281 287 290 314 317 378 388 405 411 417 428 431 441 603 608 664 666 678 682 714 761 769 788 792 795 813 824 833 844 874 881 898 920 922 930 934 936 960 992 1011 1020 1021 1029 1066 1071 1081 1097 1104 1120 1124 1128 1129 1137 1140 1160 1176 1179 1180 1193 1206 1210 1236 1243 1267 1286 1297 1335 1337 1340 1352 1414 1415 1442 1471,11,7,82,0.054,37.1
229,voyagesetavantur00tyss_2,433,False,1742,fre,Voyages et avantures de Jaques Massé,12 30 39 40 135 141 173,10,6,7,0.031,37.1
230,johannlorenzmosh00mosh_0,287,False,1742,"ger,mul",Johann Lorenz Mosheims Sitten-Lehre der Heiligen Schrift,18 29 73 92 94 97 114 125 146 181 198 208 222 230 253 255 256 259 272 274 285 293 298 320 334 336 358 365 412 421 442 443 447 471 506 537 549 564 589 622 642 650 657 658 659 667 679 719 771 836 847 849 850 851 892 911 931 937 948 959 975 984 991 994 997 1000 1001 1009 1012 1017 1035 1037 1050 1057 1058 1059 1063 1079 1085 1088 1101 1128 1135 1168 1192 1213 1214 1235 1240 1243 1246 1269 1270 1314 1316 1330 1331 1333 1357 1363 1369 1380 1381 1383 1388 1410 1437 1441 1443 1469,13,7,110,0.073,37.0
231,cartasedificante02jesu,314,False,1753,spa,"Cartas edificantes, y curiosas, : escritas de las missiones estrangeras, por algunos missioneros de la Compañia de Jesus",30 31 63 68 82 116 121 126 149 158,10,7,10,0.045,36.9
232,nouaetsuccinctav00gonz,283,False,1589,lat,"Noua et succincta, vera tamen historia de amplissimo, potentissimoque, nostro quidem orbi hactenus incognito, sed perpau",18 23 45 46 52 76 83 93,13,7,8,0.074,36.7
233,nouveauvoyageaux02laba_1,321,False,1722,fre,"Nouveau voyage aux isles de l'Amerique, : contenant l'histoire naturelle de ces pays, l'origine, les mœurs, la religion ",93 127 168 195 274,7,7,5,0.017,36.6
234,nouvellerelation04laba,141,False,1728,fre,Nouvelle relation de l'Afrique occidentale: : contenant une description exacte du Senegal & des païs situés entre le C,9 11 16 20 21 23 33 37 38 49 68 69 72 73 75 77 87 88 99 100 101 104 111 112 114 123 139,17,9,27,0.16,36.5
235,historiadelascos00alva,126,False,1557,spa,"Historia de las cosas de Etiopia, : en la qual se cuenta muy copiosamente, el estado y pote[n]cia del emperador della, (",1 7 8 9 16 23 25 29 30 32 34 35 38 39 40 42 50 51 52 53 54 55 57 58 60 62 63 64 65 66 67 69 70 71 72 73 75 76 78 83 84 86 88 90 91 93 94 95 96 98 99 100 101 105 113 119 123 124 126 127 133 136 138 145 146 148 150 152 164 166 168 170 171 175 180 181 182 183 185 190 191 194 196 201 204 205,37,9,86,0.406,36.5
236,relationhistoriq05cava,178,False,1732,"fre,por","Relation historique de l'Ethiopie occidentale: : contenant la description des royaumes de Congo, Angolle, & Matamba, tra",3 4 7 9 11 12 18 19 26 34 36 45 56 60 61 75 76 92 96 120 147 163 164 165 167 169 170 171,19,8,28,0.158,36.5
237,histoiredelavirg00beve,346,False,1707,fre,"Histoire de la Virginie; : contenant, ...",19 21 22 37 79 89 99 113 147 153 164 165,11,7,12,0.056,36.5
238,cartasedificante06jesu,225,False,1753,spa,"Cartas edificantes, y curiosas, : escritas de las missiones estrangeras, por algunos missioneros de la Compañia de Jesus",48 53 63 65 110 159 169 178 244 247,8,8,10,0.038,36.4
239,histoiredelameri01bacq,109,False,1722,fre,"Histoire de l'Amerique Septentrionale. : Divisée en quatre tomes. Tome premier. Contenant le voyage du fort de Nelson, d",6 7 8 15 19 21 25 28 33 34 44 53 71 72 74 79 80 81 90 96 97 99 101 105 107 118 123 126 135 136 137 140 143 144 156 162 163,21,9,37,0.21,36.3
240,newenglandsrarit00joss_1,83,False,1672,eng,"New-Englands rarities discovered: : in birds, beasts, fishes, serpents, and plants of that country. Together with the ph",1 9 15 16 17 19 23 30 31 32 33,24,10,11,0.282,36.1
241,nouveauvoyageaux03laba_1,325,False,1722,fre,"Nouveau voyage aux isles de l'Amerique, : contenant l'histoire naturelle de ces pays, l'origine, les mœurs, la religion ",9 88 89 92 99 101 110 112 114 124 141 165 168 171 203 215 216 241,12,7,18,0.067,36.0
242,selectaeantiquit00wald,477,False,1677,lat,"Selectae antiquitatis libri XII. : De gestis primaevis, item de origine gentium nationùmque migrationibus, atqua praeci",387 389 390 401 407 408 412,8,6,7,0.017,36.0
243,tyranniesetcruau00casa_0,397,False,1630,fre,"Tyrannies et cruautez des Espagnols, commises es Indes Occidentales, qu'on dit le nouueau monde.",40 46,7,7,2,0.018,35.9
244,nouusorbisregion00unkn_0,681,False,1555,lat,"Nouus orbis regionum ac insularum veteribus incognitarum, una cum tabula cosmographica, & aliquot alijs consimilis argum",14 15 32 40 54,8,5,5,0.006,35.9
245,diariodelanauega00mora,306,False,1796,spa,Diario de la nauegacion desde el puerto del Callao de Lima al de S[a]n Carlos de la Isla de Chiloé: : en el qual se da ,5 21 62 83 98 107 116 173 174 198 200 201,11,7,12,0.058,35.7
246,histoiredugrandr00gonz,262,False,1588,frm,"Histoire du grand royaume de la Chine, situé aux Indes Orientales, : diuisée en deux parties: contenant en la premiere, ",9 26 62 63 65 67 70 72 85 149 150 153 165 168 182 189 195 203 208 210 215 217 219 225 226 230 236 242 246 249 261 262 272 285 286 295 312 317 319 323 332 337 340 351 375 387 390,14,8,47,0.107,35.7
247,descripcionexact00cisn,134,False,1764,spa,"Descripcion exacta de la provincia de Benezuela,",4 5 6 7 8 10 11 12 13 14 21 24 25 30 32,36,9,15,0.405,35.6
248,nouveauvoyageaux07laba,192,False,1742,fre,"Nouveau voyage aux isles de l'Amerique, : contenant l'histoire naturelle de ces pays, l'origine, les moeurs, la religion",54 56 61 75 80 104 113 147 164 211,8,8,10,0.04,35.6
249,voyageautourdumo02boug_0,269,False,1772,"fre,tah","Voyage autour du monde, par le frégate du roi la Boudeuse, et la flûte l'Étoile; : en 1766, 1767, 1768 & 1769",55 61 80 98 144 146 163,8,8,7,0.04,35.6
250,opusculumdemirab00albe,353,False,1510,lat,Opusculum de mirabilibus nouae [et] ueteris urbis Romae,28 29 33 48 53 55 57,13,7,7,0.078,35.6
251,secondliuredesse00bouc,68,False,1608,fre,Second liure des serees,6 14 20 24 26 32 37 38 40 44 45 46 48 49 50 52 53 57 60 68 72 73 75 78 87 88 89 90 91 93 100 102 104 105 109 112 117 118 121 123 124 125 127 128 129 130 132 133 137 138 139 141 143 145 146 150 151 152 154 155 156 157 164 165 166 169 172 176 177 178 179 180 181 182 186 188 189 190 191 192 197 198 199 201 202 203 204 209 210 211 213 214 216 217 220 222 223 224 226 227 233 234 235 236 237,34,10,105,0.43,35.4
252,voyagesetdescouu00cham_0,88,False,1627,fre,"Voyages et descouuertures faites en la Nouuelle France, depuis l'année 1615. iusques à la fin de l'année 1618.",1 5 7 10 15 18 22 23 26 27 30 32 35 36 37 38 39 42 44 49 51 52 53 56 59 69 72 74,28,10,28,0.346,35.4
253,relationsdediver00thve_0,543,False,1664,fre,"Relations de divers voyages curieux, qui n'ont point esté publiees; : ov qvi ont esté traduites d'Haclvyt; de Purchas, &",1107,6,6,1,0.001,35.4
254,histoirenaturell00acos_2,185,False,1616,fre,"Histoire naturelle et morale des Indes, tant Orientales, qu'Occidentales; : où il est traicté des choses remarquables du",18 19 32 33 34 39 42 70 71 75 76 80 83 91 100 101 102 103 107 108 115 116 121 123 126 129 132 139 141 142 143 146 149 151 154 155 159 162 182 184 186 187 191 194 199 206 218 226 271 275 282 284 295 298 304 311 319 320 324 325 334 342 345 350 360 381 399 401 402 416 421,18,8,71,0.154,35.3
255,voyagecayennedan02pito_0,222,False,1805,fre,"Voyage à Cayenne, dans les deux Amériques, et chez les anthropophages. : Ouvrage orné de gravures, contenant le tableau ",19 20 23 24 39 47 58 84 101 115 123 126 128,10,8,13,0.064,35.1
256,artemexicana00rinc,219,False,1595,"spa,nah",Arte mexicana,7 8 13 18 19 29 31 33 37 38 39 40 41,29,8,13,0.283,34.9
257,historiagenerald03prvo,552,False,1763,SPA,"Historia general de los viages, ó nueva coleccion de todas las relaciones de los que se has hecho por mar, y tierra, y s",490,6,6,1,0.002,34.7
258,derebusiaponicis02hayj,525,False,1605,lat,"De rebus Iaponicis, Indicis, et Pervanis epistolæ recentiores.",896 907,6,6,2,0.002,34.5
259,discoursduvoyage00pyra,250,False,1611,fre,"Discours du voyage des François aux Indes orientales, : ensemble des diuers accidents, aduentures & dangers de l'auteur ",8 11 15 16 17 19 23 25 31 37 43 44 50 51 63 76 77 85 90 98 99 105 115 119 125,21,8,25,0.194,34.5
260,voyagedespayssep00lama,253,False,1676,fre,"Voyage des pays septentrionaux. : Dans lequel se void [sic] les moeurs, maniere de vivre, & superstitions des Norweguien",2 5 25 31 33 37 43 49 55 56 58 62 73 74 75 76 78 81 82 88 90 92 99,23,8,23,0.217,34.5
261,historiagenerald09prvo,491,False,1763,SPA,"Historia general de los viages, ó nueva coleccion de todas las relaciones de los que se has hecho por mar, y tierra, y s",99,6,6,1,0.002,34.5
262,voyagedanslestat04laro,616,False,1799,fre,"Voyage dans les États-Unis d'Amérique, : fait en 1795, 1796 et 1797.",113 119 165 166,10,5,4,0.023,34.4
263,voyagesdanslamer00dalr_1,274,False,1774,fre,"Voyages dans la mer du Sud, : par les Espagnols et les Hollandois.",63 103 123 137,7,7,4,0.021,34.3
264,voyagesetdescouu00cham,264,False,1620,fre,"Voyages et descouuertures faites en la Nouuelle France, depuis l'année 1615. iusques à la fin de l'année 1618.",12 15 22 28 31 38 39 40 48 53 54 70,17,8,12,0.148,34.3
265,nouiorbisparsduo00herr,559,False,1624,lat,"Noui Orbis pars duodecima. Sive Descriptio Indiae Occidentalis,",112,6,6,1,0.003,34.2
266,voyagesdelachine00mear,610,False,1794,fre,"Voyages de la Chine à la côte nord-ouest d'Amérique, faits dans les années 1788 et 1789; : précédés de la relation d'un ",128 131 132,9,5,3,0.016,34.2
267,relationdecequis00leje_3,259,False,1638,fre,Relation de ce qui s'est passé en la Nouuelle France en l'année 1638. Enuoyée au r. pere prouincial de la Compagnie de I,8 12 20 26 29 32 46 47 57 66 67 68 73 75 76 77 82 88,21,8,18,0.196,34.2
268,voyage01leva,460,False,1797,fre,Voyage,34 68 119 154 159 162 179 182 183,11,6,9,0.047,34.2
269,histoiredenedeva00unkn,473,False,1800,fre,Histoire de Ned Evans;,29 47 48 54 139,9,6,5,0.029,34.1
270,histoireetdescri01char_1,479,False,1744,fre,"Histoire et description generale de la Nouvelle France, : avec le journal historique d'un voyage fait par ordre du roi d",619 661,6,6,2,0.003,34.1
271,drittebuchameric00stad,531,False,1593,"ger,lat","Dritte Buch Americae, darinn Brasilia : durch Johann Staden von Homberg auss Hessen, auss eigener erfahrung in Teutsch b",314,6,6,1,0.003,34.1
272,sucesosdelasisla00morg,172,False,1609,spa,Sucesos de las islas Filipinas. ...,24 31 33 50 98 105 113 129 132 142 171 175 185 195 197 224,9,9,16,0.069,34.1
273,histoiregnralede10prvo_0,548,False,1746,fre,"Histoire générale des voyages, ou nouvelle collection de toutes les relations de voyages par mer et par terre, qui ont é",342 584 612,6,6,3,0.003,34.0
274,relationdelarivi00acua_0,374,False,1682,fre,Relation de la riviere des Amazones,3 12 19 25 26 38 59,13,7,7,0.084,33.9
275,nouvellerelation05laba,113,False,1728,fre,Nouvelle relation de l'Afrique occidentale: : contenant une description exacte du Senegal & des païs situés entre le C,2 6 18 21 40 41 48 49 51 52 54 55 60 61 63 66 77 78 92 98 100 144 145 161 162 163,15,9,26,0.149,33.8
276,nouveauvoyageaut00damp_3,247,False,1723,fre,"Nouveau voyage autour du monde. : Où l'on décrit en particulier l'Istme de l'Amerique, plusieurs côtes & isles des Indes",10 18 39 41 42 47 64 71 74 81 85 91 93 99 100 114 120 127 175 197 205 214,12,8,22,0.092,33.8
277,recueildesvoyage00renn_15,216,False,1725,fre,"Recueil des voyages qui ont servi a l'etablissement et aux progrez de la Compagnie des Indes Orientales, : formée dans l",10 12 25 67 69 74 78 82 84 94 95 105 111 125 143 147 163 164 183 198 209 210 212 213,13,8,24,0.104,33.7
278,arabiaseuarabumv00unse,69,False,1633,lat,"Arabia, seu, Arabum vicinarumq[ue] gentium Orientalium leges, ritus, sacri et profani mores, instituta et historia : acc",10 13 18 37 48 70 74 93 98 114 119 129 130,10,10,13,0.098,33.7
279,relationsofmostf00bote,451,False,1608,eng,"Relations, of the most famous kingdoms and common-weales thorough the world. : Discoursing of their scituations, manners",113,6,6,1,0.003,33.6
280,historiaindiorie00arth,364,False,1608,lat,"Historia Indiæ Orientalis, : ex variis auctoribus collecta, et iuxta seriem topographicam regnorum, prouinciarum & insul",29 33 48 128 206 208 216 260,7,7,8,0.023,33.6
281,histoiredelaconq02leon,411,False,1707,fre,"Histoire de la conquête des isles Moluques par les Espagnols, par les Portugais, & par les Hollandois. :",18 71 90 112 113 116 131 151 161 168 199 200 259,11,6,13,0.048,33.6
282,descriptiondelal00henn_1,733,False,1684,fre,"Description de la Louisiane, nouvellement decouverte au sud' oüest de la Nouvelle France, par ordre du roy. : Avec la ca",41 42 54,10,5,3,0.025,33.5
283,historiadelascos00gonz,375,False,1585,spa,"Historia de las cosas mas notables, ritos y costumbres, del gran reyno dela china, : sabidas assi por los libros delos m",22 32 58 144 155 238 289,7,7,7,0.023,33.4
284,recueildesvoyage00renn_14,385,False,1725,fre,"Recueil des voyages qui ont servi a l'etablissement et aux progrez de la Compagnie des Indes Orientales, : formée dans l",5 6 12 13 17 37 60 67 75 77 80 99 107 169 194,11,7,15,0.065,33.4
285,nouveauvoyagedan00adam,443,False,1817,fre,"Nouveau voyage dans l'intérieur de l'Afrique, fait en 1810, 1811, 1812, 1813 et 1814, ou Relation de Robert Adams, Amé",117 136 137 152,8,6,4,0.022,33.3
286,nouveauvoyageaut00damp_1,233,False,1723,fre,"Nouveau voyage autour du monde. : Où l'on décrit en particulier l'Istme de l'Amerique, plusieurs côtes & isles des Indes",5 16 21 24 37 48 60 100 109 115 133 149 163 165 167 172 173 187 192 197 198 221 242 246 247 254 255 257 258 270,13,8,30,0.107,33.2
287,nouveauvoyageaut00damp_2,132,False,1723,fre,"Nouveau voyage autour du monde. : Où l'on décrit en particulier l'Istme de l'Amerique, plusieurs côtes & isles des Indes",4 10 14 51 82 84 92 121 146 147 162 174 188 190 194 208 221 236,9,9,18,0.072,33.2
288,cartasedificante03jesu,391,False,1753,spa,"Cartas edificantes, y curiosas, : escritas de las missiones estrangeras, por algunos missioneros de la Compañia de Jesus",54 71 89 198 201,7,7,5,0.024,33.1
289,delarochefaucaul01laro,294,False,1799,ger,"De la Rochefaucauld Liancourt Reisen in den Jahren 1795, 1796 und 1797 durch alle an der See belegenen Staaten der Norda",19 24 50 51 59 73 101 115 132 160 175 176 194 196 198 249 266 270 274 275 278 279 280 286 300,12,7,25,0.077,33.0
290,historyoftrauayl00unkn,400,False,1577,eng,"The history of trauayle in the VVest and East Indies, and other countreys lying eyther way, towardes the fruitfull and r",6 455 605 621,6,6,4,0.005,33.0
291,historiagenerald21prvo,504,False,1763,SPA,"Historia general de los viages, ó nueva coleccion de todas las relaciones de los que se has hecho por mar, y tierra, y s",76 402,6,6,2,0.005,32.9
292,relationdecequis00ragu_2,311,False,1650,fre,"Relation de ce qui s'est passé en la mission des peres de la Compagnie de Iesus aux Hurons, pays de la Nouuelle France, ",1 2 14 18 19 20 21 22 28 30 36 37 38,28,7,13,0.25,32.7
293,voyage02leva,538,False,1797,fre,Voyage,101,6,6,1,0.005,32.7
294,historiagenerald26prvo,546,False,1763,SPA,"Historia general de los viages, ó nueva coleccion de todas las relaciones de los que se has hecho por mar, y tierra, y s",252 387,6,6,2,0.005,32.7
295,lesolitaireanglo00long,203,False,1729,eng,"Le solitaire anglois, ou, Avantures merveilleuses de Philippe Quarll.",1 14 17 21 27 37 41 42 46 47 48 54 55 56 60 68 70 71 73 77 79 85 86 94 97 98 99 100 101 107 109 114 115 122 126 130 131 137 138 141 142 143 145 150 169,25,8,45,0.257,32.6
296,relationdecequis00lall_2,94,False,1647,fre,"Relation de ce qui s'est passé de plus remarquable és missions des peres de la Compagnie de Iesus, en la Nouuelle France",4 5 10 11 12 14 17 18 21 23 26 29 35 39 40 42 43 47 51 52 57 59 61 62 63 64 66 68 72 89 90 91 95 96 97 98 106 109 111 115 116 118 120 121 123 127 129 130,25,10,48,0.333,32.6
297,histoirenaturell00acos_0,111,False,1598,frm,"Histoire naturelle et moralle des Indes, tant Orientalles qu'Occidentalles. Où il est traicté des choses remarquables du",0 1 5 6 8 9 15 16 17 19 29 31 32 34 36 39 41 44 46 48 55 56 69 70 72 74 75 94 99 103 106 107 108 113 115 116 117 120 122 124 125 132 133 138 144 148 149 151 166 184 185 188 191 217 231 234 248 252 253 262 263 265 268 269 272 275 278 282 284 285 287 292 294 306 322 333 345 350 367 374 375 376 377 379 385 394 395 397 399 401 404 407 409 415 419 425 427 449,19,9,98,0.212,32.6
298,vuedelacoloniees00berq_1,447,False,1803,fre,"Vue de la colonie Espagnole du Mississipi, : ou des provinces de Louisiane et Floride Occidentale, en l'année 1802,",73,6,6,1,0.005,32.5
299,voyagedanslesdeu00perr_0,481,False,1805,eng,"Voyage dans les deux Louisianes, et chez les nations sauvages du Missouri, par les Etats-Unis, l'Ohio et les provinces q",35 111 127 129 130 134 152 169 216 226,10,6,10,0.043,32.4
300,nouveauvoyageaux05laba,388,False,1742,fre,"Nouveau voyage aux isles de l'Amerique, : contenant l'histoire naturelle de ces pays, l'origine, les moeurs, la religion",8 21 62 91 93,7,7,5,0.026,32.3
301,nouveauvoyageaux04laba,360,False,1742,fre,"Nouveau voyage aux isles de l'Amerique, : contenant l'histoire naturelle de ces pays, l'origine, les moeurs, la religion",3 14 18 19 53 58 70 84 85 96 99 122 149 158 159 165 181 218 231 243 244,12,7,21,0.08,32.3
302,dethesaurisdoced00casa,393,False,1566,"lat,spa","[De thesauris, Doce dudas, Casas' last memorial to the Consejo de Indias, and Selections of Casas' last will and testame",26 30 33 45 65 124 161 173,7,7,8,0.026,32.3
303,ildeuotissimovia00zual,300,False,1587,ita,Il deuotissimo viaggio di Gerusalemme.,9 59 62 68 77 92 100 105 122 127 128 143 149 154 162 220,11,7,16,0.07,32.2
304,nouusorbisregion00hutt,441,False,1532,lat,"Nouus orbis regionum ac insularum ueteribus incognitarum,",8 16 29 545,6,6,4,0.006,32.1
305,vidaapostolicade00jarq,440,False,1664,spa,"Vida apostolica del venerable padre Iosef Cataldino, : vno de los primeros, y mas insignes conquistadores de las dilatad",2 7 10 15 23 28 44 63 80 90 121 130 131 132 144,16,6,15,0.1,32.0
306,relationdecequis00leje_1,241,False,1634,fre,Relation de ce qui s'est passe en la Nouuelle France en l'annee 1633. Enuoyée au r.p. Barth. Iacquinot prouincial de la ,2 3 6 8 9 10 13 26 27 28 29 35 41 43 49 51 53 54 56 59 64 68,27,8,22,0.289,31.8
307,historiagenerald27prvo,549,False,1763,SPA,"Historia general de los viages, ó nueva coleccion de todas las relaciones de los que se has hecho por mar, y tierra, y s",164 413 418,6,6,3,0.007,31.8
308,nouvellehistoire01dema,246,False,1767,fre,"Nouvelle histoire de l'Afrique françoise, : enrichie de cartes & d'observations astronomiques & géographiques, de rema",32 34 44 54 56 67 68 77 84,11,8,9,0.088,31.8
309,essaisurlhistoir00nico,371,False,1776,"fre,lat","Essai sur l'histoire naturelle de l'isle de Saint-Domingue, : avec des figures en taille-douce",55 59 62 77 79 87 104 115 121 124 130 133 137 138 140 150 155 170 172 191 192 194 196 201 202 210 213 214 219 220 221 223 226,17,7,33,0.138,31.7
310,cartasedificante04jesu,383,False,1753,spa,"Cartas edificantes, y curiosas, : escritas de las missiones estrangeras, por algunos missioneros de la Compañia de Jesus",4 10 23 35 76 128 138 139 168 215 223 240 252,9,7,13,0.05,31.6
311,almanachamricain00ponc_1,333,False,1785,fre,"Almanach américain, asiatique et africain, ou État physique, politique, ecclésiastique & militaire des colonies d'Europe",31 40 64 74 117 165 183,7,7,7,0.028,31.5
312,historienaturael00acos,408,False,1624,dut,Historie naturael en morael van de Westersche Indien. : Waer inne ghehandelt wort van de merckelijckste dinghen des heme,45 348 399,6,6,3,0.007,31.5
313,voyagelamerdusud00unkn_1,490,False,1756,fre,"Voyage a la mer du Sud,",94,6,6,1,0.007,31.5
314,histoiredelouisi03lepa,350,False,1758,fre,"Histoire de Louisiane, : contenant la découverte de ce vaste pays; sa déscription géographique; un voyage dans les terre",19 20 57 61 71 72 73 75 77 80 81 83 87 103 125 126 137 169 179 182 196 197,14,7,22,0.106,31.4
315,lecommentaireroy00vega_0,210,False,1633,fre,"Le commentaire royal, ov L'histoire des Yncas, roys dv Perv; contenant leur origine, depuis le premier Ynca Manco Capac,",0 15 16 18 25 26 43 46 54 69 73 75 83 84 86 107 108 125 128 139 147 148 151 153 180 189 205 207 214 226 264 268 271 287 288 291 292 300 323 327 328 343 345 347 349 356 365 372 373 377 381,14,8,51,0.128,31.4
316,relationdecequis00leje_11,155,False,1662,fre,"Relation de ce qui s'est passé de plus remarquable aux missions des peres de la Compagnie de Iesus, en la Nouuelle Franc",0 2 5 9 17 22 23 24 32 34 36 37 38 39 42 48 56 58,24,9,18,0.295,31.3
317,historiaorbister00becm_0,458,False,1680,"lat,eng,fre,ger","Historia orbis terrarum, geographica et civilis, de variis negotiis : nostri potiss. & superioris seculi, aliisve rebus ",3 24 351 445 480,6,6,5,0.007,31.3
318,voyagedanslhmisp04cook,516,False,1778,fre,"Voyage dans l'hémisphère austral, et autour du monde, : fait sur les vaisseaux de roi, l'Aventure, et la Résolution, en ",156 162,6,6,2,0.008,31.2
319,propagationofgos00zieg,545,False,1718,eng,"Propagation of the Gospel in the east: : being an account of the success of two Danish missionaries, lately sent to the ",45 147,6,6,2,0.008,31.1
320,voyagecayennedan01pito,483,False,1805,fre,"Voyage à Cayenne, dans les deux Amériques, et chez les anthropophages. : Ouvrage orné de gravures, contenant le tableau ",13 29 55 58 69 70 75 76 77 125 136 144 157,13,6,13,0.076,31.1
321,ioannisleonisafr00leoa,475,False,1556,lat,"Ioannis Leonis Africani, De totius Africae descriptione, libri. IX. : Quibus non solúm Africæ regionum, insularum, [et]",7 39 60 118 137 206 222 252 258 262 287 288 300 301 310,10,6,15,0.047,31.1
322,keyintolanguageo00will_0,204,False,1643,"eng,alg","A key into the language of America: or, An help to the language of the natives in that part of America, called New-Engla",0 11 13 16 31 34 43 44 45 50 58 65 66 71 76,19,8,15,0.195,31.0
323,histoirenaturell00acos_1,122,False,1600,frm,"Histoire naturelle et moralle des Indes, tant Orientalles qu'Occidentalles : où, il est traicté des choses remarquables ",5 16 25 29 44 46 47 56 57 58 66 68 69 70 72 74 75 80 81 85 86 92 97 99 103 105 109 114 115 117 120 123 124 125 128 129 133 136 138 143 144 161 167 170 171 173 181 182 186 187 188 189 193 195 199 202 218 220 221 237 239 242 245 250 251 256 259 262 264 268 270 274 277 284 289 290 292 293 302 305 306 309 310 312 315 320 321 324 334 335 338 340 343 344 349 351 356 365 372 375 377 382 383 390 394 395 400 401 407 413 414 415 416 422 428 444 448 449,21,9,118,0.255,30.9
324,cartasedificante01jesu,526,False,1753,spa,"Cartas edificantes, y curiosas, : escritas de las missiones estrangeras, por algunos missioneros de la Compañia de Jesus",63 103 131 135 149 156 163 164 178 181 187 189 190 226,11,6,14,0.057,30.9
325,recueildesvoyage00renn_10,474,False,1725,fre,"Recueil des voyages qui ont servi a l'etablissement et aux progrez de la Compagnie des Indes Orientales, : formée dans l",0 3 11 25 89 110 138 146 155 156 212 219 220,11,6,13,0.057,30.8
326,geschichtederynk00vega,574,False,1798,ger,"Geschichte der Ynkas, Könige von Peru. : Von der Entstehung dieses Reichs bis zu der Regierung seines letzten Königes At",25 26 35,9,5,3,0.023,30.8
327,recueildesvoyage00renn_16,335,False,1725,fre,"Recueil des voyages qui ont servi a l'etablissement et aux progrez de la Compagnie des Indes Orientales, : formée dans l",3 5 28 42 65 91 95 106 138 145 176 184 189 190 201 202 204 222 231 234 241 271 279 299,11,7,24,0.075,30.7
328,abrgchronologiqu00barr,286,False,1766,fre,"Abrégé chronologique ou histoire des découvertes faites par les Européens dans les différentes parties du monde, : extra",4 10 49 63 81 82 103 121 122 125 132 149 182,10,7,13,0.064,30.7
329,annuaelitteraeso00jesu_0,257,False,1591,lat,Annuae litterae Societatis Iesu anni. M. D. LXXXIX. : Ad. patres. et. fratres eiusdem societatis,4 5 15 23 30 34 68 69 112 114 117 133 137 142 153 159 161 163 167 180 207 222 223 229 230,12,8,25,0.106,30.7
330,lesvoyagesdusieu00cham,144,False,1613,fre,"Les voyages du sieur de Champlain Xaintongeois, capitaine ordinaire pour le roy, en la marine. : diuisez en deux liures.",1 3 9 12 13 16 19 20 21 25 26 33 34 35 37 38 43 50 62 72 81 85 88 92 94 97 100 105 111 113 119 123 124 125 129 130 131 133 135 136 139 140 144 146 154 157 181 187,20,9,48,0.244,30.6
331,voyagesenafrique00mocq_0,101,False,1645,fre,"Voyages en Afrique, Asie, Indes orientales et occidentales.",0 4 8 10 14 23 24 27 29 30 36 38 39 40 42 46 49 52 53 55 56 57 58 59 62 63 65 66 68 69 70 73 74 77 78 81 84 85 86 88 89 90 91 93 95 96 97 100 103 105 106 109 113 115 116 118 119 120 121 122 124 125 126 134 139 143 144 152 154 155 156 158 159 161 163 164 168 169 176 177 185,28,10,81,0.409,30.5
332,letterswrittenfr00hall,421,False,1824,eng,"Letters written from Colombia, during a journey from Caracas to Bogotá, and thence to Santa Martha, in 1823",2,6,6,1,0.009,30.5
333,recueildesvoyage00renn_17,92,False,1725,fre,"Recueil des voyages qui ont servi a l'etablissement et aux progrez de la Compagnie des Indes Orientales, : formée dans l",0 11 15 16 18 22 23 24 44 51 52 55 58 59 61 62 66 68 72 73 78 83 85 90 91 96 97 105 106 110 111 113 115 116 126 127 128 131 133 137 139 143 144 150 156 157 158 160 167 168 170 175 176 178 183 192 199 200 206 209,20,10,60,0.278,30.5
334,cartasedificante08jesu,522,False,1753,spa,"Cartas edificantes, y curiosas, : escritas de las missiones estrangeras, por algunos missioneros de la Compañia de Jesus",10 37 68 90 91 125 162 166 174 208 231,9,6,11,0.039,30.4
335,recueildesvoyage00renn_18,291,False,1725,fre,"Recueil des voyages qui ont servi a l'etablissement et aux progrez de la Compagnie des Indes Orientales, : formée dans l",0 56 62 89 102 163 168 174 177 180 184 191 202 203 209 215 219 237 242 252,11,7,20,0.077,30.4
336,itinerarijterres00sali,252,False,1525,lat,Itinerarij terre sancte: inibiq[ue] sacrorum locoru[m]: ac rerum clarissima descriptio: omnibus sacre scripture tractato,11 14 15 16 21 22 23 32 44 51 60 63 65 66 77 78 79,18,8,17,0.187,30.4
337,viaggioalbrasile01wied,377,False,1821,ita,"Viaggio al Brasile negli anni 1815, 1816 e 1817",9 12 19 26 41 42 63 69 74 75 77 84,13,7,12,0.101,30.2
338,nyevnbekandeland00unkn,278,False,1508,gem,Nye vnbekande Lande Unde eine nye Werldt in korter vorgangener Tyd gefunden,13 66 68 79 92 93 97 118 123 133 142 159 160 187,10,7,14,0.066,30.2
339,earlyhistoryofne00math_1,499,False,1864,eng,Early history of New England : being a relation of hostile passages between the Indians and European voyagers and first ,58 61,6,6,2,0.01,30.2
340,histoiresdesinde00maff,149,False,1604,fre,"Histoires des Indes,",7 14 42 51 59 63 65 67 85 88 90 92 93 95 96 101 108 111 112 126 127 141 142 154 160 163 178 179 184 186 187 191 200 203 214 227 229 232 233 238 243 255 260 267 268 278 293 308 316 322 325 327 329 332 333 334 336 337 341 344 351 356 358 360 367 369 370 374 377 382 384 390 391 392 395 399 405 416 421 422 424 426 427 435 437 440 447 448 451 466 467 470 474 485 486 487 496 497 500 505 511 517 527 528 531 534 538 541 543 545 550 556 558 559 561 566 570 571 578 579 581 584 590 594 596 599 600 601 610 621 622,17,9,131,0.204,30.1
341,anecdotesamerica00horn,588,False,1776,fre,"Anecdotes américaines, ou Histoire abrégée des principaux événements arrivés dans le Nouveau Monde, : depuis sa de",15 52 66 81 82 96 152 165 208 210 312 324,10,5,12,0.033,30.0
342,briefeberherrnhu00froh,528,False,1797,ger,Briefe über Herrnhut und die evangelische Brüdergemeine; : nebst einem Anhange.,105 109 258,6,6,3,0.01,29.9
343,pmartyrisanglime00angh,553,False,1511,lat,P. Martyris Angli Mediolanensis Opera : Legatio Babylonica ; Occeani decas ; Poemata ; Epigrammata,161 169,6,6,2,0.01,29.8
344,johannlorenzmosh00mosh_3,462,False,1742,"ger,mul",Johann Lorenz Mosheims Sitten-Lehre der Heiligen Schrift,73 126 130 259 375 448 596,6,6,7,0.011,29.7
345,regulaeseuconsti00vinc,431,False,1743,lat,Regulae seu constitutiones Communes Congregationis Missionis,29,6,6,1,0.011,29.7
346,dienewweltderlan00unkn,367,False,1534,ger,"Die new Welt, der Landschaften vnnd Insulen, so bis hie her allen Altweltbeschrybern vnbekant, jungst aber von den Portu",11 12 42 70 84 88 124 137 140 144 156 173 181 184 194 201 211 227 245 253 257 267 276 287 294 300 314 319 329 335 336 338 339 340 346 348 352 354 371 372 373 383 393 408 415 418 420 433 444 450 461 462 478 491 496 514 541 543 554 562 585 587 601 604 609 622 638 639 650 651 652 680 686 694 700 705 725 727 742 758 761 762 763 769 783 785 797 820 833 839 847 859 860 885 890 921 933 935,13,7,98,0.103,29.7
347,journalhistoriqu01pern,500,False,1769,fre,"Journal historique d'un voyage fait aux iles Malouïnes en 1763 & 1764, : pour les reconno₆itre, & y former un établissem",45 103,6,6,2,0.011,29.7
348,viagedelmundo00orde,209,False,1614,spa,Viage del mundo.,11 15 21 39 45 46 48 69 77 81 84 91 113 123 125 126 146 180 186 189 196 198 199 202 211 213 222 229 231 245 246 251 253 262 264 265 270 276 277 280 283 285 294 296 299 303 316 317 318 327 329 359 364 370 383,14,8,55,0.14,29.5
349,cartasdopantonio01viei,102,False,1735,por,Cartas do P. Antonio Vieyra da Companhia de Jesu : tomo primeiro[-segundo]. .,1 4 5 8 11 12 14 15 19 20 21 24 28 29 32 36 37 38 39 42 49 52 61 64 65 79 80 84 89 92 93 98 100 102 103 104 105 110 115 117 120 122 123 125 128 130 134 135 136 138 145 146 148 151 152 153 154 156 161 164 165 166 168 169 171 174 176 180 182 183 185,25,10,71,0.374,29.5
350,voyageaujardinde00jauf,418,False,1797,fre,"Voyage au jardin des plantes, : contenant la description des galeries d'histoire naturelle, des serres où sont renfermés",39,6,6,1,0.011,29.4
351,ddionnisdesolorz01solr,523,False,1672,lat,"D.D. Ionnis de Solorzano Pereira, I.V.D. ... De Indiarum iure. siue De iusta Indiarum Occidentalium inquisitione, acquis",29 42 56 76 98 146 176 234 332 417 1089 1126 1141 1201,6,6,14,0.011,29.4
352,cartasedificante10jesu,498,False,1753,spa,"Cartas edificantes, y curiosas, : escritas de las missiones estrangeras, por algunos missioneros de la Compañia de Jesus",43 182 228,6,6,3,0.011,29.4
353,examendesrecherc01pern,267,False,1771,fre,"Examen des Recherches philosophiques sur l'Amérique et les Américains, et de la défense de cet ouvrage. Premiere [-Secon",15 17 24 30 32 37 74,8,8,7,0.059,29.3
354,noticiasamerican00ullo_0,596,False,1772,spa,"Noticias americanas: : Entretenimientos phisicos-historicos, sobre la América Meridional, y la Septentrianal [sic] orien",62 89 102 107 119 183 184,9,5,7,0.027,29.3
355,recueildesvoyage00renn_19,593,False,1725,fre,"Recueil des voyages qui ont servi a l'etablissement et aux progrez de la Compagnie des Indes Orientales, : formée dans l",84 85 98 127 136 165 179,10,5,7,0.036,29.2
356,voyagedanslestat05laro,298,False,1799,fre,"Voyage dans les États-Unis d'Amérique, : fait en 1795, 1796 et 1797.",64 145 152 162 166 171 187,7,7,7,0.034,29.2
357,derreiseumdiewel00damp,368,False,1703,ger,"Der Reise um die Wel[t] anderer Theil, : in sich haltende einen dreyfachen Anhang, als I. Eine Reise nach Achin auf S[u]",14 22 73 77 99 155 212 224 266 269 300,7,7,11,0.034,29.1
358,recueildobservat02lamb,251,False,1749,fre,"Recueil d'observations curieuses, : sur les moeurs, les coutumes, les usages, les différentes langues, le gouvernement, ",8 26 29 33 49 50 51 54 58 62 63 69 73 94 98 99 106 109 111 114 129 134,14,8,22,0.143,29.0
359,histoiredelexpdi00behr,497,False,1739,fre,"Histoire de l'expédition de trois vaisseaux, : envoyés par la Compagnie des Indes Occidentales des Provinces-Unies, aux ",105 156,6,6,2,0.012,29.0
360,abrgchronologiqu00barr_0,445,False,1766,fre,"Abrégé chronologique ou histoire des découvertes faites par les Européens dans les différentes parties du monde, : extra",16 52 55 59 66 68 72 79 95 97 99 100 101 110 117 122 131 135 148 160 166 193,15,6,22,0.106,28.9
361,levoyagecurieuxf00unkn,99,False,1641,fre,"Le voyage curieux, faict autour du monde, par François Drach, admiral d'Angleterre",2 4 5 6 7 9 10 11 13 15 17 19 21 24 25 27 30 31 34 37 38 41 43 44 47 55 59 61 62 67,26,10,30,0.4,28.9
362,poblaciondebaldi00agui,340,False,1647,"spa,lat","Poblacion de Baldivia. : Motivos, y medios para aquella fundacion. Defensas del Reyno del Peru; para resistir las inuasi",62 69 81,7,7,3,0.035,28.9
363,relationhistoriq03cava,97,False,1732,"fre,por","Relation historique de l'Ethiopie occidentale: : contenant la description des royaumes de Congo, Angolle, & Matamba, tra",30 48 53 54 59 60 70 72 76 85 98 103 111 118 127 132 138 142 144 145 159 161 192 195 200 202,10,10,26,0.124,28.8
364,relaciondeunpais00henn,187,False,1699,spa,Relacion de un pais que nuevamente se ha descubierto en la America septentrional de mas estendido que es la Europa. : Y ,3 10 11 14 19 21 27 29 30 31 32,25,8,11,0.297,28.8
365,diuersiauisipart00jesu,532,False,1559,ita,"Diuersi auisi particolari dall' Indie di Portogallo riceuuti, dall' anno 1551. sino al 1558. dalli reuerendi padri della",11 18 52 63 75 90 111 112 121 126 144 152 153 154 158 182 189 248 250 273 279 280 281 283 287 298,13,6,26,0.086,28.7
366,moeursdessauvage00lafi_5,359,False,1724,fre,Moeurs des sauvages ameriquain. Comparées aux moeurs des premiers temps.,87 89 110 123 140 143,7,7,6,0.036,28.5
367,odrahihistoiream00unkn,211,False,1802,fre,"Odérahi, histoire américaine; : contenant une peinture fidelle des moeurs des habitans de l'intérieur de l'Amérique Sept",8 9 10 12 14 15 16 19 21 22 28 33 39 43 50 54 57 67 71 74 76 79 85 87 89 90 91 92 94 97,24,8,30,0.288,28.4
368,histoireetdescri03char_0,547,False,1744,fre,"Histoire et description generale de la Nouvelle France, : avec le journal historique d'un voyage fait par ordre du roi d",127 135 138 150 194 496 498,6,6,7,0.013,28.4
369,voyagelouestdesm00mich,489,False,1804,fre,"Voyage a l'ouest des monts Alléghanys, dans les états de l'Ohio, du Kentucky et du Tennessee, et retour a Charleston par",113 126,6,6,2,0.013,28.4
370,geschichtedesher00lebe,308,False,1752,ger,"Geschichte des Herrn C. Le Beau, Advocat im Parlament. Oder Merckwürdige und neue Reise zu denen Wilden des nordlichen T",0 1 12 17 18 22 28 53 76 77 79 89 92 102 153 174 193 214 218 236 245 263 264 289 297 316 321 325 326 335 337 340,11,7,32,0.086,28.3
371,hodporiconindior00vart,456,False,1608,ger,"Hodæporicon Indiæ Orientalis; Das ist: Warhafftige Beschreibung der ansehlich lobwürdigen Reyss, welche der edel, gestre",11 23 24 33 55 80 101 118,10,6,8,0.056,28.3
372,voyagesetdecouve00houg,179,False,1797,fre,Voyages et découvertes dans l'intérieur de l'Afrique;,25 30 41 53,8,8,4,0.063,28.2
373,relationhistoriq02cava,239,False,1732,"fre,por","Relation historique de l'Ethiopie occidentale: : contenant la description des royaumes de Congo, Angolle, & Matamba, tra",41 44 48 49 60 64 77 81 94 101 105 108 110 115 123 145 149 176 189 190 194 195 196 200 203 204,12,8,26,0.121,28.0
374,postofworldvvher00vers,114,False,1576,eng,The post of the world. : VVherin is contayned the antiquities and originall of the most famous cities in Europe. With th,3 5 34 37,9,9,4,0.095,27.9
375,ideadelvalordela00snch,419,False,1785,spa,"Idea del valor de la isla Española, y utilidades, que de ella puede sacar su monarquia.",5 41,6,6,2,0.014,27.9
376,voyagesautourdum01pag,426,False,1782,fre,"Voyages autour du monde, et vers les deux poles, par terre et par mer, : pendant les années 1767, 1768, 1769, 1770, 1771",12 28 29 31 80 101 102 104 113,11,6,9,0.068,27.9
377,deranderpostreut00unkn,535,False,1620,"ger,lat","Der ander PostReutter, an Bäpstliche Heyligkeit, Bapst Paulum V. durch einen Fürnemen geistlichen Praelaten in Italianis",0,6,6,1,0.015,27.8
378,compendiohistori00alse,502,False,1741,"spa,lat","Compendio historico de la provincia, partidos, ciudades, astilleros, rios, y puerto de Guayaquil en las costas de la Mar",17 25 26 44,10,6,4,0.058,27.8
379,noticiadelacalif01vene_0,304,False,1757,spa,"Noticia de la California, y de su conquista temporal, y espiritual hasta el tiempo presente.",15 19 22 54 61 74 97 122 124 125,10,7,10,0.076,27.8
380,lettresdunepruvi00graf_1,539,False,1797,"ita,fre","Lettres d'une Péruvienne,",40 65 114,6,6,3,0.015,27.7
381,ovapaschaliasacr00sten,381,False,1635,lat,Ova paschalia sacro emblemate,13 25 44 46 77 82 115 142 233 251 258,7,7,11,0.038,27.7
382,descriptionofnew00gard,390,False,1651,eng,"A description of the new world. : Or, America islands and continent: and by what people those regions are now inhabited.",11 23 26 33 40 54 56 62 65 67 69 70 71,18,7,13,0.178,27.6
383,narrativeoffivey02sted_0,745,False,1796,eng,"Narrative, of a five years' expedition, against the revolted Negroes of Surinam, in Guiana, on the wild coast of South A",247 248,8,4,2,0.008,27.6
384,abrgchronologiqu00barr_2,196,False,1766,fre,"Abrégé chronologique ou histoire des découvertes faites par les Européens dans les différentes parties du monde, : extra",37 39 52 54 61 63 67 84 86 89 92 96 104 106 108 110 113 115 116 119 120 123 124 129 131 132 133 136 138 147 148 149 153 156 162 165,16,8,36,0.183,27.5
385,histoiredumassac00jesu,90,False,1620,fre,"Histoire du massacre de plusieurs religieux de S. Dominique, de S. Francois, et de la compagnie de Iesus, et d'autres ch",3 5 6 7 10 13 16 20 21 22 27 30 31 34 39 40 50 51 54 55 60 61 62 65 67 68 71 72 76 78 81 82 84 86 88 89 90 93 94 95 98 99 100 101 103,26,10,45,0.425,27.4
386,journalhistoriqu02pern,554,False,1769,fre,"Journal historique d'un voyage fait aux iles Malouïnes en 1763 & 1764, : pour les reconno₆itre, & y former un établissem",58 62 129 130 134 150,8,6,6,0.037,27.4
387,prologoyrelacion00jimn,344,False,1712,spa,"Prologo, y relacion de la vida de la Venerable Madre Sor Maria de Jesus de Agreda",32 33 50 110 111 134 138 139 163 166 185 195 226 245 248 252 259 273 284 304 313,9,7,21,0.065,27.3
388,elsolenelmediodi00terr,540,False,1790,spa,"El sol en el medio dia: año feliz, jubilo particular con que la nacion indica de esta muy noble ciudad de Lima solemnisó",16 17 28 32 38,10,6,5,0.06,27.2
389,mondoelementaree00rosa,409,False,1604,ita,"Mondo elementare, et celeste",1 3 4 25 55 59 75 77 120 125 126 128 131 144 172 181 183 185 197 198 205 209 210 211 221,14,6,25,0.104,27.2
390,treatyseofnewein00mnst,193,False,1553,eng,"A treatyse of the newe India, with other new founde landes and ilandes, aswell eastwarde as westwarde, as they are knowe",0 1 2 7 13 16 17 18 19 20 21 22 24 25 26 27 28 29 30 33 34 36 39 41 43 45 46 47 49 50 52 53 54 55 58 59 61 63,42,8,38,0.567,27.2
391,moeursdessauvage00lafi_2,387,False,1724,fre,Moeurs des sauvages ameriquain. Comparées aux moeurs des premiers temps.,27 49 80 84 92 117 119,7,7,7,0.04,27.2
392,hrnfrezierkniglf00frzi_0,470,False,1745,ger,"Hrn. Frezier, Königl. französis. Ingenieurs, Reise nach der Süd-See, und denen Küsten von Chili, Peru und Brasilien.",50 122 143 164 168 321,6,6,6,0.017,27.0
393,tratadoverdadero00vzqu,275,False,1623,spa,"Tratado verdadero del viage y nauegacion deste año de seiscientos y veinte y dos, que hizo la flota de Nueua España, y H",2 5 7 11 13 16 18 19 23 26 29 32 33 34 35 36 37 40 42 43 47 48 49 50 58,35,7,25,0.403,27.0
394,joannisbisseliis00gobe,512,False,1647,lat,"Joannis Bisselii, è Societate Jesu, Argonauticon Americanorum, sive, historiæ periculorum Petri de Victoria, ac Sociorum",38 109 130 211 267,6,6,5,0.017,26.9
395,abrgchronologiqu00barr_4,249,False,1766,fre,"Abrégé chronologique ou histoire des découvertes faites par les Européens dans les différentes parties du monde, : extra",6 50 59 62 81 97 111 124 130 138 140 145 180,8,8,13,0.069,26.9
396,septentrionovant00megi,169,False,1613,ger,"Septentrio novantiquus, oder die newe Nortwelt. : Das ist: gründliche vnd warhaffte Beschreibung aller der mitternächtig",5 12 15 20 34 39 47 61 62 115 117 136 139 140 146 148 158,9,9,17,0.101,26.9
397,mmoiresducapitai01land,307,False,1823,fre,"Mémoires du capitaine Landolphe, : contenant l'histoire de ses voyages pendant trente-six ans, aux côtes d'Afrique et au",33 47 68 89 93 136,7,7,6,0.041,26.8
398,proyectoquesobre00esco,221,False,1784,spa,"Proyecto que sobre la extincion de repartos, y modo de verificar los piadosos socorros, : que la generosa bondad del Rey",10 23,8,8,2,0.071,26.4
399,newenglandsrarit00joss_2,236,False,1672,eng,"New-Englands rarities discovered: : in birds, beasts, fishes, serpents, and plants of that country. Together with the ph",2 4 5 8 10 11 15 16 17 18 19 22 26 28,29,8,14,0.389,26.4
400,viaggioalbrasile02wied,345,False,1821,ita,"Viaggio al Brasile negli anni 1815, 1816 e 1817",8 9 21 24 30 36 44 57 58 64 65 66 70 82 85 88 92 94 100 107 114,16,7,21,0.163,26.3
401,abrgchronologiqu00barr_1,337,False,1766,fre,"Abrégé chronologique ou histoire des découvertes faites par les Européens dans les différentes parties du monde, : extra",66 98 101 105 132 137 143 156 160,7,7,9,0.044,26.2
402,travelsthroughth00boss,316,False,1771,"eng,lat",Travels through that part of North America formerly called Louisiana.,11 14 15 20 28 54 56 61 63 72 84 85 86 87 91 95 97 98 105 108 111 114 116 118 124 125 128 130 132 133 140 141 149 150 151 152 155,21,7,37,0.231,26.1
403,histoiredelameri04bacq_0,228,False,1722,fre,"Histoire de l'Amerique Septentrionale. : Divisée en quatre tomes. Tome premier. Contenant le voyage du fort de Nelson, d",2 3 16 19 22 27 30 33 50 54 55 56 64 65 66 70 72 73 75 77 80 87 88 90 91 92 103 112 114 120 122 125,19,8,32,0.242,26.0
404,eyghentlijckebes00orde,115,False,1621,dut,Eyghentlijcke beschryvinghe van West-Indien : hoe die landen en provintien gehleghen zijn ...,2 4 5 7 9 11 12 13 14 15 17 18 20 21 24 27 29 30 33,34,9,19,0.543,25.8
405,abrgchronologiqu00barr_9,518,False,1766,fre,"Abrégé chronologique ou histoire des découvertes faites par les Européens dans les différentes parties du monde, : extra",65 95 112 145,6,6,4,0.02,25.7
406,moeursdessauvage00lafi_4,434,False,1724,fre,Moeurs des sauvages ameriquain. Comparées aux moeurs des premiers temps.,0 26 63 158,6,6,4,0.02,25.7
407,historischeundge00unkn,338,False,1750,ger,"Historische und geographische Beschreibung von Neu-Schottland, : darinnen von der Lage, Grösse, Beschaffenheit, Fruchtba",37 49 53,7,7,3,0.045,25.7
408,newenglishcanaan00mort_1,510,False,1637,eng,"New English Canaan or New Canaan. : Containing an abstract of New England, composed in three bookes. The first booke set",68 85,6,6,2,0.02,25.6
409,voyagedeguineeco00bosm,437,False,1705,fre,"Voyage de Guinée, : contenant une description nouvelle & très-exacte de cette côte où l'on trouve & où l'on trafiqu",136 180 214 264 272 322 324,6,6,7,0.021,25.5
410,deshrnclaudiileb00lebe,405,False,1752,ger,Des Hrn. Claudii Le Beau Parlements-Advocaten zu Paris Neue Reise unter die Wilden in Nord-America; oder merkwürdige Nac,0 5 17 77 82 97 104 118 119 131 154 170 171 183 186 194 195 198 214 221 246 247 250 253 257 258 266 269 271 310 334 357 386 400,11,6,34,0.08,25.5
411,saggiosullastori00moli,515,False,1787,ita,Saggio sulla storia civile del Chili,8 54 171 174,6,6,4,0.021,25.5
412,levoyageurcurieu00unkn,263,False,1664,fre,Le voyageur curieux qui fait le tour du monde. : Auec ses matières d'entretien qui composent l'histoire curieuse.,21 26 40 56 67 68 91 92 100 103 105 108 111 113 115 117 121 130 133 168 171 188 204 206 213 223 227 284 287 291 299 316 331 345 347 374 380 381 389 391 392 394 395 402 404 410,10,8,46,0.107,25.5
413,relationduvoyage00dire_1,245,False,1708,fre,"Relation du voyage du Port Royal de l'Acadie, ou de la Nouvelle France, : dans laquelle on voit un détail des divers mou",13 14 16 18 41 63 84,8,8,7,0.076,25.4
414,voyageroundworld00funn,231,False,1707,eng,A voyage round the world. : Containing an account of Captain Dampier's expedition into the south-seas in the ship St. Ge,2 32 50 53 58 59 64 79 89 94 97 98 113 125 143 145,10,8,16,0.107,25.4
415,relationdecequis00ragu_5,284,False,1653,fre,"Relation de ce qui s'est passé en la mission des peres de la Compagnie de Iesus, au pays de la Nouuelle France, depuis l",7 8 9 12 13 14 15 20 23 24 25 27 28 29 30 31 37 40 45 46 49 54 60 62 63 69 70 71 76 77 78 82 83,29,7,33,0.351,25.3
416,voyagedanslesdeu00perr_1,436,False,1805,fre,"Voyage dans les deux Louisianes, et chez les nations sauvages du Missouri, par les États-Unis, l'Ohio et les provinces q",102 119 127 204 224,6,6,5,0.021,25.3
417,historiadellindi00thev_1,544,False,1584,ita,"Historia dell' India America detta altramente Francia Antartica,",0 15 16 51 57 74 93 121 126 128 147 182 186,10,6,13,0.068,25.3
418,levoyagedelillus00unkn_0,362,False,1627,fre,"Le voyage de l'illustre seigneur et cheualier François Drach, admiral d'Angleterre, à l'entour du monde",6 13 24 30 33 34 37 60 63 66 67 68,15,7,12,0.158,25.3
419,voyagededcouvert03vanc,542,False,1801,fre,"Voyage de découvertes, a l'Océan Pacifique du Nord, et autour du monde, : entrepris par ordre de sa Majesté Britannique;",63 75 94 137,6,6,4,0.022,25.2
420,nouveauvoyageaut02pag,509,False,1797,fre,"Nouveau voyage autour du monde, en Asie, en Amérique et en Afrique, en 1788, 1789 et 1790; : précédé d'un voyage en Ital",39 61 70 120 135,6,6,5,0.022,25.2
421,guineischeundwes00hemm,716,False,1669,ger,"Guineische und West-indianische Reissbeschreibung, de An. 1639. biss 1645. von Ambsterdam nach St. Joris de Mina, ein Ca",4 49 50,10,5,3,0.05,25.0
422,compendionarrati01pere,124,False,1760,por,"Compendio narrativo do peregrino da America, : em que se tratam varios discursos espirituaes, e moraes, com muitas adver",0 1 7 9 11 15 18 23 28 32 40 41 47 52 53 56 61 62 63 69 71 77 80 86 88 89 93 94 99 106 108 117 122 124 131 133 137 138 140 141 145 148 150 152 157 167 172 176 177 178 181 182 183 185 186 187 188 192 193 195 196 198 207 209 210 211 214 215 219 222 229 231 232 238 241 244 259 260 261 263 265 267 273 274 278 280 281 284 289 291 297 308 309,19,9,93,0.292,25.0
423,iournalenvandrie00unkn,555,False,1643,dut,"Iournalen van drie voyagien, : te weten: 1. Van Mr. Thomas Candish, met drie schepen door de Magallaensche Straet rondom",2 35,6,6,2,0.022,25.0
424,relationdecequis00leje_5,206,False,1640,fre,Relation de ce qui s'est passé en la Nouuelle France en l'annee 1639. Enuoyée au r. pere prouincial de la Compagnie de I,4 18 28 29 31 32 37 38 40 45 46 48 52 58 62 63 68 72 75 91 92 108 109 142 143 144 154 155,14,8,28,0.174,25.0
425,moeursdessauvage00lafi,496,False,1724,fre,Moeurs des sauvages ameriquain. Comparées aux moeurs des premiers temps.,49 88 99 148,6,6,4,0.022,25.0
426,nouveauvoyageaux03laba,356,False,1742,fre,"Nouveau voyage aux isles de l'Amerique, : contenant l'histoire naturelle de ces pays, l'origine, les moeurs, la religion",16 17 22 24 30 31 33 37 42 53 82 100 133 141 144 148 156 174 190 193 194 198 208 214 221 222 224 229,12,7,28,0.119,24.9
427,defenceofscotsse00unse_1,541,False,1699,eng,A defence of the Scots settlement at Darien. : With an answer to the Spanish memorial against it. And arguments to prove,36,6,6,1,0.022,24.9
428,opusculumgeograp00myri,446,False,1590,lat,"Opusculum geographicum rarum, : totius eius negotii rationem, mira industria et breuitate complectens, iam recens ex diu",15 18,6,6,2,0.022,24.8
429,newesfromamerica00unde,226,False,1638,eng,"Newes from America; or, A new and experimentall discoverie of New England; : containing, a true relation of their war-li",2 3 4 7 9 17,20,8,6,0.273,24.8
430,relationduvoyage00laon,199,False,1654,fre,"Relation du voyage des Francois fait au Cap de Nord en Amerique, par les soings de la compagnie establie à Paris, & sous",3 4 9 14 16 17 19 24 34 39 40 46 50 51 52 54 55 56 57 60,23,8,20,0.323,24.7
431,drittertheilderr00damp,527,False,1707,ger,"Dritter Theil der Reisen Herrn Wilhelm Dampier, : englischen Capitains zur See nach der südlichen Ländern, Neu-Holland s",14 44,6,6,2,0.023,24.7
432,deorigineseraphi00gonz,578,False,1587,lat,"De origine seraphicae religionis Fra[n]ciscanae eiusq[ue] progressibus, : de Regularis Obserua[n]ciae institutione, form",64,5,5,1,0.001,24.7
433,korteenklarebesc00blef,143,False,1692,dut,"Korte en klare beschryvingh van Yslandt en Groenlandt. : Daer in naecktelijck d'ontdeckingh van Yslandt en Groenlandt, d",0 1 2 3 5 7 8 9 10 11 15 21,29,9,12,0.48,24.6
434,ragionamenti00carl,517,False,1701,ita,Ragionamenti,11 13 25 30 32 50 59 65 82 94 118 146 147 151 152 159 164 176 206 220,11,6,20,0.085,24.5
435,histoiregnralede07prvo_0,577,False,1746,fre,"Histoire générale des voyages, ou nouvelle collection de toutes les relations de voyages par mer et par terre, qui ont é",305,5,5,1,0.001,24.5
436,histoiregnralede08prvo_0,602,False,1746,fre,"Histoire générale des voyages, ou nouvelle collection de toutes les relations de voyages par mer et par terre, qui ont é",890,5,5,1,0.001,24.5
437,historiachronolo01jern,702,False,1789,"por,lat","Historia chronologica da esclarecida ordem da SS. Trindade, redempção de cativos, da provincia de Portugal: : dedicada a",288,5,5,1,0.001,24.4
438,nuouiauisidellin00jesu_1,326,False,1562,ita,"Nuoui auisi dell'Indie di Portogallo, riceuuti dalli reuerendi padri della Compagnia di Giesu,",5 6 17 21 23 25 35 37 38 40 44 45 61 69 72 80 82 90 91 93 94 95 96 98 101 103 105 116 117 133 143 152 154 160 162 164 165 168 178 200 201 211 225 226 232 234 236 242 243 246 250 279,16,7,52,0.179,24.4
439,histoiregnralede01prvo_0,701,False,1746,fre,"Histoire générale des voyages, ou nouvelle collection de toutes les relations de voyages par mer et par terre, qui ont é",318,5,5,1,0.001,24.4
440,nouusorbisregion00unkn,657,False,1537,lat,"Nouus orbis regionum ac insularum ueteribus incognitarum : unà cum tabula cosmographica, & aliquot alijs consimilis argu",73,5,5,1,0.002,24.3
441,ersterthaildercr03marc,642,False,1620,ger,"Erster Thail der Cronicken der eingesetzten Orden dess heiligen Vatters Francisci: : darinn sein Leben, Werck, Todt, vnd",676,5,5,1,0.001,24.3
442,wunderbarejedoch00mocq,671,False,1688,ger,"Wunderbare jedoch gründlich- und warhaffte Geschichte und Reise Begebnisse in Africa, Asia, Ost- und West-Indien",40,5,5,1,0.001,24.3
443,relationdecequis00vimo_1,138,False,1646,fre,"Relation de ce qui s'est passé en la Nouuelle France, és années 1644. & 1645. Enuoyee au r. pere prouincial de la Compag",4 6 9 12 16 20 22 23 24 27 29 31 32 34 36 37 38 40 41 42 44 48 53 60 74 75 77 81,20,9,28,0.322,24.2
444,indiaeoccidental00ensg,402,False,1612,lat,"Indiae Occidentalis historia : in qua prima regionum istarum detectio, situs, incolarum mores, aliaque eò pertinentia, b",30 85 120 122 124 147 152 153 155 160 163 186 189 197 198,10,6,15,0.074,24.2
445,essayofmeaneshov00palm,529,False,1606,eng,"An essay of the meanes hovv to make our trauailes, into forraine countries, the more profitable and honourable",0 57,6,6,2,0.024,24.2
446,lelevedelanature03beau,351,False,1793,fre,L'eleve de la nature,21 22 29 34 36 39 44,11,7,7,0.109,24.2
447,ceremoniesfunebr00mure,410,False,1679,fre,Ceremonies funebres de toutes les nations.,27 37 44 48 55 84 95 96,10,6,8,0.074,24.2
448,voyagelanouvelle00whit,413,False,1795,fre,"Voyage à la Nouvelle Galles du Sud : a Botany-Bay, au Port Jackson, en 1787, 1788, 1789;",30 118 140 218 223 234,6,6,6,0.025,24.1
449,histoiredelameri02bacq_0,242,False,1722,fre,"Histoire de l'Amerique Septentrionale. : Divisée en quatre tomes. Tome premier. Contenant le voyage du fort de Nelson, d",5 9 10 17 45 47 60 63 66 67 69 82 84 88 103 112 114 121 128 132 138 146 148 151 152 167,12,8,26,0.15,24.0
450,veillesamricaine03pali,191,False,1795,fre,Veillées américaines,5 20 28 29 33 36 39 40 42 46 47 48 51 52 56 59,18,8,16,0.25,24.0
451,travelsinamerica03ashe,328,False,1808,eng,"Travels in America, performed in 1806, : for the purpose of exploring the rivers Alleghany, Monogahela, Ohio, and Missis",18 31 36 51 72 114,7,7,6,0.052,24.0
452,nouveauvoyageaux09laba,334,False,1742,fre,"Nouveau voyage aux isles de l'Amerique, : contenant l'histoire naturelle de ces pays, l'origine, les moeurs, la religion",27 37 41 52 92 94 95 97 100 117 120 122 125 126 131 132 145 169 176 182 185 187 197 210 212 220 227,11,7,27,0.11,24.0
453,gwybodaethacymar00wils,398,False,1774,wel,"Gwybodaeth ac ymarfer o'r grefydd Grist'nogol, wedi ei gymhwyso at ddealldwriaeth pobl annysgedig: neu Gynhygiad i athra",5 9 10 11 14 15 16 17 18 19 20 21 24 26 28 31 34 36 39 40 41 50 53 54 55 56 64 66 69 73 74 75 76 77 78 79 81 82 84 88 89 90 92 93 95 97 100 101 104 105 107 108 109 110 114 121 123 124 125 126 127 133 136 139 140 148 158 159 160,37,6,69,0.413,24.0
454,historiagenerald24prvo,712,False,1763,SPA,"Historia general de los viages, ó nueva coleccion de todas las relaciones de los que se has hecho por mar, y tierra, y s",196,5,5,1,0.002,23.9
455,historiagenerald18prvo,689,False,1763,SPA,"Historia general de los viages, ó nueva coleccion de todas las relaciones de los que se has hecho por mar, y tierra, y s",263,5,5,1,0.002,23.9
456,warachtigehistor00stad,273,False,1558,dut,"Warachtige historie ende beschriuinge eens lants in America ghelegen, vviens invvoonders vvilt, naeckt, seer godloos, en",0 10 16 22 29 43 46 53 54 55 56 57 62 63 66 68 70 73 75 76 80 82 83 84,22,7,24,0.273,23.9
457,historiagenerald23prvo,680,False,1763,SPA,"Historia general de los viages, ó nueva coleccion de todas las relaciones de los que se has hecho por mar, y tierra, y s",170,5,5,1,0.002,23.9
458,rhetoricachristi00vala_0,718,False,1579,lat,"Rhetorica christiana ad concionandi, et orandi vsum accommodata, : utriusq[ue] facultatis exemplis suo loco insertis; qu",2,5,5,1,0.002,23.8
459,histoiregenerale00dute_3,625,False,1667,fre,"Histoire generale des Antilles habitées par les François. : Divisée en deux tomes, et enrichie de cartes & de figures. T",172,5,5,1,0.002,23.8
460,beschryvingvangu01hart,661,False,1770,dut,"Beschryving van Guiana, of de wildekust, in Zuid-America, : betreffende de aardrykskunde en historie des lands, de zeede",392,5,5,1,0.003,23.8
461,mandqueseimpri00le,558,False,1661,spa,"Mandó que se imprimiesse este escrito el Excelentmo. senor Conde de Alva de Aliste, y de Villaflor, grande de Castilla: ",37 66 110,6,6,3,0.026,23.8
462,histoiregnralede18prvo_0,629,False,1746,fre,"Histoire générale des voyages, ou nouvelle collection de toutes les relations de voyages par mer et par terre, qui ont é",145 169,5,5,2,0.002,23.8
463,essaipolitiquesu02humb_0,563,False,1826,fre,Essai politique sur l'ile de Cuba;,65 89 136 140 142,6,6,5,0.026,23.8
464,descrittioneditu00albe_1,641,False,1581,"ita,lat",Descrittione di tutta l'Italia & isole pertinenti ad essa.,22 599 914 1347,5,5,4,0.003,23.7
465,histoiredelanouu00lesc_0,152,False,1618,fre,"Histoire de la Nouuelle France : contenat les navigations, dećouvertes, & habitations faites par les François és Indes O",1 2 5 6 14 26 27 28 31,17,9,9,0.273,23.7
466,nouusorbisregion00hutt_0,721,False,1532,lat,"Nouus orbis regionum ac insularum ueteribus incognitarum,",23 29,5,5,2,0.003,23.6
467,accountofspanish00camp,677,False,1762,eng,An account of the Spanish settlements in America. : In four parts. I. ... Each part contains an accurate description of ,263,5,5,1,0.003,23.6
468,histoiregnralede11prvo_0,591,False,1746,fre,"Histoire générale des voyages, ou nouvelle collection de toutes les relations de voyages par mer et par terre, qui ont é",169 307 649,5,5,3,0.003,23.6
469,deorigineseraphi01gonz,576,False,1587,lat,"De origine seraphicae religionis Fra[n]ciscanae eiusq[ue] progressibus, : de Regularis Obserua[n]ciae institutione, form",0 64,5,5,2,0.003,23.6
470,lesmusesdelanouv00lesc_0,147,False,1612,fre,Les Muses de la Nouvelle France,2 4 10 14 24 25 26 29 30 32,18,9,10,0.294,23.5
471,drittebuchameric00stad_2,640,False,1606,"ger,lat","Dritte Buch Americae, darinn Brasilia : durch Johann Staden von Homberg auss Hessen, auss eigener erfahrung in Teutsch b",266,5,5,1,0.003,23.5
472,voyagetocaliforn00chap,453,False,1778,eng,"A voyage to California, to observe the transit of Venus.",13 29,6,6,2,0.027,23.5
473,statisticalcomme00daux,687,False,1820,eng,"A statistical, commercial, and political description of Venezuela, Trinidad, Margarita, and Tobago: : containing various",136,5,5,1,0.003,23.5
474,josephiemmanueli00pera,723,False,1793,lat,Josephi Emmanuelis Peramas De vita et moribus tredecim virorum paraguaycorum,228,5,5,1,0.003,23.5
475,johannishoornbee00hoor,707,False,1669,"lat,gre,heb","Johannis Hoornbeek, S. literarum in ecclesia & academia, primum Trajectina, deinde Lugduno-Batava, doctoris & professori",271,5,5,1,0.003,23.4
476,travelsthroughas00lamb,686,False,1755,eng,"Travels through Asia, Africa, and America. : Containing a curious account of the manners, customs, usages, different lan",179,5,5,1,0.004,23.4
477,descriptiondelal00henn_0,524,False,1688,fre,"Description de la Louisiane, : nouvellement decouverte au sud'oüest de la Nouvelle France, par ordre du roy. Avec la car",7 8 31 33 38 44 48 54 56 76 77,11,6,11,0.091,23.4
478,selectarumepisto00maff,646,False,1588,lat,Selectarum epistolarum ex India libri quatuor.,182,5,5,1,0.003,23.4
479,viaggioalbrasile03wied,403,False,1821,ita,"Viaggio al Brasile negli anni 1815, 1816 e 1817",1 16 47 61 62 66 67,9,6,7,0.065,23.4
480,aufsatzezurkunde00unse,562,False,1789,ger,Aufsätze zur Kunde ungebildeter Völker,6 13 66,6,6,3,0.027,23.3
481,horatiitursellin00tors_0,703,False,1596,lat,Horatii Tursellini e Societate Iesu De vita Francisci Xauerii qui primus e Societate Iesu in Indiam & Iaponiam euangeliu,267,5,5,1,0.004,23.3
482,entrelosremedios00casa,561,False,1552,spa,Entre los remedios q[ue] do[n] fray Bartolome de las Casas: obispo d[e] la ciudad real de Chiapa: refirio por mandado de,7 69,6,6,2,0.027,23.3
483,drittebuchameric00stad_0,738,False,1593,"ger,lat","Dritte Buch Americae, darinn Brasilia : durch Johann Staden von Homberg auss Hessen, auss eigener erfahrung in Teutsch b",238,5,5,1,0.004,23.3
484,travelsthroughas01lamb,729,False,1755,eng,"Travels through Asia, Africa, and America. : Containing a curious account of the manners, customs, usages, different lan",154,5,5,1,0.004,23.3
485,histoireetdescri03char_1,669,False,1744,fre,"Histoire et description generale de la Nouvelle France, : avec le journal historique d'un voyage fait par ordre du roi d",531 540,5,5,2,0.004,23.3
486,discoveriesofjoh00lede_0,536,False,1672,eng,"The discoveries of John Lederer, in three several marches from Virginia, to the west of Carolina, and other parts of the",0 1,12,6,2,0.105,23.2
487,travelsofjesuits00alme,660,False,1710,eg,"The travels of the Jesuits in Ethiopia: : containing I. The geographical description of all the kingdoms, and provinces ",256,5,5,1,0.004,23.2
488,relazioneistoric00vand,566,False,1729,ita,Relazione istorica della nuova christianità degl'Indiani detti Cichiti,249,5,5,1,0.004,23.2
489,georgihornideori00horn_1,461,False,1652,lat,Georgi Horni De originibus Americanis libri quatuor,4 56 94 106,6,6,4,0.028,23.2
490,histoiregnralede12prvo_0,565,False,1746,fre,"Histoire générale des voyages, ou nouvelle collection de toutes les relations de voyages par mer et par terre, qui ont é",478 665 710 712,5,5,4,0.004,23.1
491,relacionvniversa00cepe,692,False,1637,spa,"Relacion vniversal legitima, y verdadera del sitio en que esta fundada la muy noble, insigne, y muy leal ciudad de Mexic",174,5,5,1,0.004,23.1
492,lelevedelanature02beau,238,False,1793,fre,L'eleve de la nature,0 2 3 4 9 11 16 19 23 24 28 32 34 36 39 40,18,8,16,0.262,23.1
493,journaldelacampa00gaut,488,False,1709,fre,Journal de la campagne des isles de l'Amerique qu'à fait Monsieur D*** : La prise & possession de l'isle Saint Christoph,12 20 21 75 83 85,9,6,6,0.067,23.1
494,firstbookeofhist00stra,740,False,1829,"eng,lat,alg",The first booke of the historie of trauaile into Virginia Britania expressing the cosmographie & com[m]odities of the co,14 23 24 44 47 73 78 84 150,10,5,9,0.058,23.1
495,huehuetlahtolliq00juan,361,False,1601,"nah,spa","Huehuetlahtolli, que contiene las plàticas que los padres y madres hicieron á sus hijos y á sus hijas, y los señores á s",56 61 63 68,7,7,4,0.056,23.0
496,relationhistoriq04cava,140,False,1732,"fre,por","Relation historique de l'Ethiopie occidentale: : contenant la description des royaumes de Congo, Angolle, & Matamba, tra",11 16 19 22 27 29 30 32 38 39 43 47 48 50 51 52 57 69 70 81 83 84 87 92 94 100 103 104 105 115 120 129 142 145 150 151 154 159 160 161 167 169 170 171 178 182 183 185 187 195 199 200 203 205 206 207 211 215 216 217,16,9,60,0.264,22.9
497,histoiredesnouve02frvi,667,False,1774,fre,"Histoire des nouvelles découvertes faites dans la Mer du Sud en 1767, 1768, 1769 & 1770.",204,5,5,1,0.005,22.9
498,northvvestfoxorf00foxe_0,647,False,1635,eng,"North-vvest fox, or, Fox from the North-west passage. : Beginning with King Arthur, Malga, Octhur, the two Zenis of Isel",135,5,5,1,0.005,22.9
499,journaloudescrip00scho,378,False,1619,fre,"Journal ou description du merveilleux voyage de Guillaume Schouten : Hollandois natif de Hoorn, fait es années 1615, 161",3 4 10 12 18 19 27 30 48,12,7,9,0.134,22.8
500,lusiadorportugal00came,189,False,1655,eng,"The Lusiad, or Portugals historicall poem:",11 35 38 39 43 46 47 59 70 71 74 76 77 79 98 103 107 125 138 140 145 150,11,8,22,0.143,22.8
501,historiagenerald08prvo,688,False,1763,SPA,"Historia general de los viages, ó nueva coleccion de todas las relaciones de los que se has hecho por mar, y tierra, y s",148 153,5,5,2,0.005,22.8
502,dotrinachristian00crdo,265,False,1544,spa,Dotrina [christ]iana p[ar]a instrucion [et] informacio[n] de los indios: : por manera de hystoria.,18 27 37 39,8,8,4,0.091,22.7
503,ladcouvertedesin00casa,679,False,1701,fre,"La découverte des Indes Occidentales, par les Espagnols, : et des moyens dont ils se sont servis pour s'en rendre maître",10,5,5,1,0.005,22.6
504,johannlorenzmosh00mosh,586,False,1742,"ger,mul",Johann Lorenz Mosheims Sitten-Lehre der Heiligen Schrift,169 265 412 568 619 971 1069 1157,5,5,8,0.005,22.6
505,geographicalnatu11moli,713,False,1808,eng,"The geographical, natural and civil history of Chili.",189,5,5,1,0.005,22.6
506,vieducapitaineco00kipp,656,False,1789,fre,"Vie du Capitaine Cook,",10,5,5,1,0.005,22.6
507,voyagesdelachine00mear_0,632,False,1794,fre,"Voyages de la Chine à la côte nord-ouest d'Amérique, faits dans les années 1788 et 1789; : précédés de la relation d'un ",21,5,5,1,0.006,22.5
508,voyagelapartieor03pons,653,False,1806,fre,"Voyage à la partie orientale de la Terre-Ferme, dans l'Amérique Méridionale, fait pendant les années 1801, 1802, 1803 et",25,5,5,1,0.006,22.5
509,voyagedanslestat06laro,682,False,1799,fre,"Voyage dans les États-Unis d'Amérique, : fait en 1795, 1796 et 1797.",94,5,5,1,0.006,22.4
510,voyagededcouvert01vanc,584,False,1801,fre,"Voyage de découvertes, a l'Océan Pacifique du Nord, et autour du monde, : entrepris par ordre de sa Majesté Britannique;",100,5,5,1,0.006,22.4
511,histoireetdescri02char_0,603,False,1744,fre,"Histoire et description generale de la Nouvelle France, : avec le journal historique d'un voyage fait par ordre du roi d",234 246 415 558,5,5,4,0.006,22.4
512,neuereisebeschre00henn_0,668,False,1698,ger,"Neue Reise-Beschreibung durch viele Länder, weit grösser, als gantz Europa, : die neulichst zwischen Neu-Mexico und dem ",52,5,5,1,0.006,22.3
513,cartapastoralque00cath_3,696,False,1791,"spa,lat","Carta pastoral que el ilustrisimo señor don fray Joseph Antonio de San Alberto, arzobispo de la Plata, dirige a todos lo",93,5,5,1,0.006,22.3
514,voyagesenafrique00mocq,118,False,1665,fre,"Voyages en Afrique, Asie, Indes orientales et occidentales.",0 4 5 8 10 13 17 18 24 27 29 33 49 52 54 55 59 60 62 68 70 71 72 74 76 78 79 82 85 88 91 93 94 96 106 107 110 113 114 117 120 121 126 133 134 146 147 154 156 159 163 164 168 170 175 176 177 190,17,9,58,0.293,22.3
515,iournaloudescrip00scho,312,False,1618,fre,"Iournal ou description du merveilleux voyage de Guilliaume Schouten, Hollandois natif de Hoorn, : fait es années 1615, 1",2 16 18 50 51,8,7,5,0.076,22.3
516,veyntediscursoss00sala,417,False,1577,spa,"Veynte discursos sobre el credo, en declaracion de nuestra sancta fe catholica, y doctrina christiana muy necessarios a ",44 90 103 124 128 142 148 151 186 291,6,6,10,0.031,22.3
517,voyagesdefranois02core,220,False,1722,fre,"Voyages de François Coreal aux Indes Occidentales, : contenant ce qu'il y a vû de plus remarquable pendant son séjour de",1 5 6 8 18 19 26 27 29 31 36 40 44 49 55 66 68 69 70 74 76 77 83 85 90 92 93 97 98 100 101 112 113 119 128 132 134 138 147 158 166 167 170,16,8,43,0.238,22.3
518,iosephiacostasoc00acos,727,False,1596,lat,"Iosephi Acosta, Societatis Iesu, De natura Noui Orbis libri duo. ; et De promulgatione euangelii apud barbaros, siue De ",54 110,5,5,2,0.006,22.2
519,nouveauvoyageaux02laba,476,False,1742,fre,"Nouveau voyage aux isles de l'Amerique, : contenant l'histoire naturelle de ces pays, l'origine, les moeurs, la religion",3 14 52 54 128 158 176,6,6,7,0.031,22.2
520,collectionabrged10unkn,736,False,1808,fre,Collection abrégée des voyages anciens et modernes autour du monde; : avec des extraits des autres voyageurs les plus cé,263 298,5,5,2,0.006,22.2
521,rerumsocietateie00jesu,605,False,1574,lat,"Rerum a Societate Iesu in oriente gestarum volumen, : continens historiam iucundam lectu omnibus Christianis, praesertim",80 97,5,5,2,0.007,22.1
522,beytrgezurgeheim12wiel,370,False,1770,ger,Beyträge zur geheimen Geschichte des menschlichen Verstandes und Herzens. : Aus den Archiven der Naturgezogen. ... Erste,6 38 46 50 69 79 103 120 143 154,7,7,10,0.061,22.1
523,ellazarillodecie00conc,183,False,1775,spa,"El Lazarillo de ciegos caminantes desde Buenos-Ayres, hasta Lima : con sus itinerarios segun las mas puntual observacion",0 5 6 10 16 19 20 25 26 33 34 37 41 47 51 52 62 65 67 68 73 74 75 87 89 98 99 104 110 111 113 116 126 142 146 155 156 160 164 172 173 174 180 182 185 188 191 195 196 205 207,16,8,51,0.239,22.1
524,planctusindorumc00cala,501,False,,lat,"Planctus Indorum Christianorum in America Peruntina. : Seuvae lacrimabile, lamentabilis Luctus, atque vlutatus, multus q",22 82 90,6,6,3,0.032,22.1
525,voyageautourdumo01boug_0,676,False,1772,"fre,tah","Voyage autour du monde, par le frégate du roi la Boudeuse, et la flûte l'Étoile; : en 1766, 1767, 1768 & 1769",133,5,5,1,0.007,22.0
526,larelacionquedio00nezc,161,False,1542,spa,La relacion que dio Aluar Nuñez Cabeça de Vaca de lo acaescido en las Indias en la armada donde yua por gouernador Pa[m],13 17 34 36 38 41 42 43 47 52 57 58 60 62 64 65,13,9,16,0.216,22.0
527,nouveauvoyageaux01laba_1,302,False,1722,fre,"Nouveau voyage aux isles de l'Amerique, : contenant l'histoire naturelle de ces pays, l'origine, les mœurs, la religion ",30 41 47 49 67 70 108 120 124 128 131 169 178 182 238 261 263,7,7,17,0.062,22.0
528,historienaturael00acos_0,571,False,1624,dut,Historie naturael en morael van de Westersche Indien. : Waer inne ghehandelt wort van de merckelijckste dinghen des heme,68 179 424,5,5,3,0.007,22.0
529,historicalaccoun01unse,621,False,1773,eng,"An Historical account of all the voyages round the world, performed by English navigators; : including those lately unde",34 134,5,5,2,0.007,21.9
530,relationdecequis00leme,511,False,1669,fre,"Relation de ce qui s'est passé de plus remarquable aux missions des peres de la Compagnie de Iesus, en la Nouvelle Franc",13 14 17 39 51 59,10,6,6,0.087,21.9
531,memoirsofamerica02gran_1,694,False,1809,eng,"Memoirs of an American lady; : with sketches of manners and scenery in America, as they existed previous to the revoluti",105,5,5,1,0.007,21.8
532,abrgchronologiqu00barr_6,289,False,1766,fre,"Abrégé chronologique ou histoire des découvertes faites par les Européens dans les différentes parties du monde, : extra",94 102 107 112 120 127 138 146 153 159 165 181,7,7,12,0.062,21.8
533,apercustatistiqu00hube,685,False,1826,"fre,ger","Aperçu statistique de l'ile de Cuba, : précédé de quelques lettres sur la Havane, et suivi de tableaux synoptiques, ",46,5,5,1,0.007,21.8
534,voyagedanslestat08laro,607,False,1799,fre,"Voyage dans les États-Unis d'Amérique, : fait en 1795, 1796 et 1797.",127,5,5,1,0.007,21.8
535,relationofinvasi00unse,604,False,1686,eng,"A relation of the invasion and conquest of Florida by the Spaniards, under the command of Fernando de Soto.",106,5,5,1,0.008,21.7
536,supplmentauvoyag00unkn,587,False,1772,fre,"Supplément au voyage de M. de Bougainville; : ou Journal d'un voyage autour du monde, fait par MM. Banks & Solander, ang",104,5,5,1,0.008,21.7
537,neuereisedurchdi02bris_0,573,False,1796,ger,Neue Reise durch die Vereinigten Staaten von Nord-Amerika im Jahre 1788.,87 139,5,5,2,0.008,21.6
538,recueildobservat03lamb,424,False,1749,fre,"Recueil d'observations curieuses, : sur les moeurs, les coutumes, les usages, les différentes langues, le gouvernement, ",9 16 25 47 48 65 66 70 72 73 98 103 118 130,11,6,14,0.103,21.6
539,nouveauvoyageaux06laba,442,False,1742,fre,"Nouveau voyage aux isles de l'Amerique, : contenant l'histoire naturelle de ces pays, l'origine, les moeurs, la religion",2 13 17 21 66 100 143 146,6,6,8,0.033,21.6
540,voyagesaintdomin00wimp,654,False,1797,fre,"Voyage a Saint-Domingue, pendant les années 1788, 1789 et 1790;",23,5,5,1,0.008,21.5
541,nouveauvoyageaux06laba_1,486,False,1722,fre,"Nouveau voyage aux isles de l'Amerique, : contenant l'histoire naturelle de ces pays, l'origine, les mœurs, la religion ",79 132 142 145 176 199 208 253 256,6,6,9,0.034,21.5
542,histoiredenedeva00unkn_0,493,False,1800,fre,Histoire de Ned Evans;,6 34 52 54 71 141,6,6,6,0.034,21.5
543,ladonnachenonsit02chia_0,673,False,1768,ita,La donna che non si trova. O sia Le avventure di Madama Delingh,52,5,5,1,0.008,21.5
544,staatvonamerica00gott,627,False,1713,ger,Staat von America,44,5,5,1,0.008,21.5
545,derenglischeheld00rb16,406,False,1726,ger,"Der englische Held und Ritter Franciscus Dracke, : in einer ausführlichen Beschreibung von dessen Leben, Thaten und See-",64 136 148 154 166 184 193 197,6,6,8,0.034,21.4
546,descriptioterrae00burc_0,268,False,1536,lat,"Descriptio terrae sanctae exactissima,",4 6 16 27 33 39 42 44 45 52 53,13,8,11,0.193,21.4
547,collectionabrged02unkn,731,False,1808,fre,Collection abrégée des voyages anciens et modernes autour du monde; : avec des extraits des autres voyageurs les plus cé,2 20,5,5,2,0.008,21.4
548,cgaoldendorpsges12olde,615,False,1777,ger,"C.G.A. Oldendorps Geschichte der Mission der Evangelischen Brüder auf den caraibischen Inseln S. Thomas, S. Croix und S.",10 102 164 515 630 632,5,5,6,0.008,21.4
549,laconversiondess00lesc,133,False,1610,fre,"La conversion des sauvages qui ont esté baptizés en la Nouvelle France, cette annee 1610. : avec vn bref recit du voyage",2 3 4 11 14 16 18,19,9,7,0.35,21.4
550,abrgchronologiqu00barr_8,463,False,1766,fre,"Abrégé chronologique ou histoire des découvertes faites par les Européens dans les différentes parties du monde, : extra",51 52 68 81 87 93 101 104 112 120 123 132 136 149 153,9,6,15,0.076,21.4
551,estatutosdorecol00cath,319,False,1798,por,Estatutos do recolhimento de N[ossa] Senhora da Gloria do lugar da Boa-Vista de Parnambuco: :,0 3 4 5 6 13 14 30 35 36 42 50 51 52 54 55 58,20,7,17,0.279,21.3
552,travelsofseveral00jesu,612,False,1714,eng,"The travels of several learned missioners of the Society of Jesus, into divers parts of the archipelago, India, China, a",96 221,5,5,2,0.009,21.3
553,dithmariblefkeni00blef,290,False,1607,lat,"Dithmari Blefkenii Islandia, sive populorum & mirabilium quæ in ea insula reperiuntur accuratior descriptio : cui de Gro",10 11 20,11,7,3,0.13,21.3
554,annuaelitteraeso00jesu_1,230,False,1586,lat,"Annuae litterae Societatis Iesu anni. M.D.LXXXIV. Ad patres, et fratres eiusdem societatis",1 4 12 24 34 41 58 63 66 69 82 89 90 100 104 105 109 120 124 136,9,8,20,0.12,21.2
555,relacionsummaria00orel,201,False,1704,spa,"Relacion summaria de la vida, y dichosa muerte del U.P. Cypriano Baraze de la Compañia de Iesus, : muerto á manos de bar",5 9 10 18 22 24 25 26 30 32 35 41 43 44 48 50 55 57 58 59 63,19,8,21,0.309,21.2
556,historiagenerald19prvo,592,False,1763,SPA,"Historia general de los viages, ó nueva coleccion de todas las relaciones de los que se has hecho por mar, y tierra, y s",34 73 136 408,5,5,4,0.009,21.1
557,historiagenerald17prvo,670,False,1763,SPA,"Historia general de los viages, ó nueva coleccion de todas las relaciones de los que se has hecho por mar, y tierra, y s",32 88 182 368,5,5,4,0.009,21.1
558,neuentdecktesnor00megi,710,False,1728,ger,"Neu-entdecktes Norden, oder, Gründliche und wahrhaffte Reise-Beschreibung, aller mitternächtigen und nordwärts-gelegenen",28,5,5,1,0.009,21.1
559,histoiredesnouve01frvi,622,False,1774,fre,"Histoire des nouvelles découvertes faites dans la Mer du Sud en 1767, 1768, 1769 & 1770.",130 181,5,5,2,0.009,21.0
560,voyagedanslestat01laro,439,False,1799,fre,"Voyage dans les États-Unis d'Amérique, : fait en 1795, 1796 et 1797.",16 22 91 109 118 142 153,6,6,7,0.036,21.0
561,voyagedanslespar00bart,672,False,1800,fre,"Voyage dans les parties sud de l'Amérique septentrionale; : savoir: les Carolines septentrionale et méridionale, la Geor",116 138,5,5,2,0.01,20.9
562,relationdecequis00ragu_1,258,False,1650,fre,"Relation de ce qui s'est passé en la mission des peres de la Compagnie de Iesus aux Hurons, pays de la Nouuelle France, ",7 11 15 16 17 19 21 22 23 25 27 29 31 37 38 42,20,8,16,0.333,20.9
563,journaeloftegede00bont,704,False,1650,dut,Journael ofte Gedenckwaerdige beschrijvinge van de Ost[sic]-Indische reyse van Willem Ysbrantsz Bonte-koe van Hoorn. : B,1,5,5,1,0.01,20.9
564,linoculationpoem00roma,513,False,1773,fre,"L'inoculation, : poeme en quatre chants,",2 18 48 78,6,6,4,0.036,20.8
565,mapofvirginiavvi00smit,743,True,,,,1,5,5,1,0.01,20.8
566,relationdecequis00leje_2,162,False,1636,fre,Relation de ce qui s'est passé en la Nouuelle France en l'année 1635. Enuoyée au r. pere prouincial de la Compagnie de I,1 10 15 23 32 33 35 37 41 43 44 46 47 48 51 53 54 60 62 63 68 73 78,15,9,23,0.274,20.8
567,richardfalconers00chet,709,False,1743,ger,"Richard Falconers Erstaunliche Seefahrten, seltsame Begebenheiten und wunderbare Errettung, : deme beygefüget Thomas Ran",41 78,5,5,2,0.011,20.7
568,mursdessauvagesa01lafi_0,631,False,1724,fre,"Mœurs des sauvages ameriquains, comparées aux mœurs des premiers temps.",162 180 214 358,5,5,4,0.01,20.7
569,tyranniesetcruau00casa,310,False,1582,frm,"Tyrannies et cruautez des Espagnols perpetrees es Indes Occidentales, qu'on dit le nouueau monde:",4 6 10 15 22 73 97 100,7,7,8,0.069,20.6
570,vieducapitaineco00kipp_0,725,False,1789,fre,"Vie du Capitaine Cook,",131 140,5,5,2,0.011,20.6
571,lesindiensdelaba00kane,551,False,1861,fre,"Les Indiens de la Baie d'Hudson : promenades d'un artiste parmi les Indiens de l'Amérique du Nord, depuis le Canada jusq",2 13 48 54 70 166 175,6,6,7,0.037,20.6
572,voyagesetdescouu00cham_1,416,False,1619,fre,"Voyages et descouuertures faites en la Nouuelle France, depuis l'année 1615. iusques à la fin de l'année 1618.",2 14 30 31 33 47 52 59 71,11,6,9,0.111,20.5
573,recueildobservat04lamb,412,False,1749,fre,"Recueil d'observations curieuses, : sur les moeurs, les coutumes, les usages, les différentes langues, le gouvernement, ",61 66 73 77 79 98,6,6,6,0.038,20.5
574,historienaturael00acos_1,414,False,1598,dut,Historie naturael ende morael van de Westersche Indien : waer inne ghehandelt wordt van de merckelijckste dinghen des he,23 26 49 60 65 70 80 119 131 135 136 148 155 183 188 190 193 196 204 211 223 244 248 263 271 275 283 284 288 306 329 337 339 342 369 370 377 394 398 399 404 416 419,10,6,43,0.096,20.5
575,iournalourelatio00scho,207,False,1619,fre,"Iournal ou relation exacte du voyage de Guill. Schouten, dans les Indes: : par vn nouueau destroit, & par les grandes me",4 5 8 9 10 12 13 14 15 19 23 25 26 28 29 30 31 32 35 37 39 40 43 45 46 48 49 51 52 57 58 59 61 63 65,29,8,35,0.515,20.5
576,histoirenaturell00gumi_0,358,False,1758,fre,"Histoire naturelle, civile et geographique de l'Orenoque. : Et des principales riviéres qui s'y jettent. Dans laquelle o",3 10 45 52 62 66 75 76 94 97 105 107 117 119,9,7,14,0.104,20.5
577,historiagenerald10prvo,700,False,1763,SPA,"Historia general de los viages, ó nueva coleccion de todas las relaciones de los que se has hecho por mar, y tierra, y s",61 289 326 336 347,5,5,5,0.011,20.4
578,neuerweltbotmits00vand,448,False,1733,ger,"Neuer Welt-Bot, : mit sich bringend eine wahrhaffte Historie einiger von denen Patribus der Gesellschafft Jesu in Paraqu",2 4 88 118 131 134 139 175 189 243 264 289 310 314 389 403 428,6,6,17,0.038,20.4
579,mmoiresducapitai02land,503,False,1823,fre,"Mémoires du capitaine Landolphe, : contenant l'histoire de ses voyages pendant trente-six ans, aux côtes d'Afrique et au",14 30 43 99 108 135 158 195,6,6,8,0.038,20.4
580,dessauuagesouvoy00cham,105,False,1603,fre,"Des sauuages, ou, Voyage de Samuel Champlain, de Brouage, fait en la France nouuelle, l'an mil six cens trois: .",3 4 5 6 8 9 10 11 12 14 15 17 18 20 22 24 25 26 28 30 31 34,27,10,22,0.611,20.4
581,hnwilhelmdampier00damp,494,False,1714,ger,"Hn. Wilhelm Dampier Reise nach den Sudländern Neu-Holland, u. a. : Welcher beygefüget 1. Des Capitain Wood Reise durch d",28 35 66 89 107 112 129 187 198 223,6,6,10,0.038,20.4
582,voyagelapartieor01pons,655,False,1806,fre,"Voyage à la partie orientale de la Terre-Ferme, dans l'Amérique Méridionale, fait pendant les années 1801, 1802, 1803 et",42 65,5,5,2,0.012,20.3
583,voyagedanslestat02laro,663,False,1799,fre,"Voyage dans les États-Unis d'Amérique, : fait en 1795, 1796 et 1797.",78 165,5,5,2,0.011,20.3
584,viaggiedavventur01chet,599,False,1734,ita,"Viaggi ed avventure del capitan Roberto Boyle; : con la relazione del viaggio, naufragio, e maraviglioso salvamento del ",60 164,5,5,2,0.011,20.3
585,sailorsletterswr00thom,514,False,1770,eng,"Sailor's letters. : Written to his select friends in England, during his voyages and travels in Europe, Asia, Africa, an",41 68 71,6,6,3,0.038,20.3
586,moeursdessauvage00lafi_6,683,False,1724,fre,Moeurs des sauvages ameriquain. Comparées aux moeurs des premiers temps.,27 81,5,5,2,0.011,20.3
587,reflexescriticas00varn,313,False,1839,por,Reflexões criticas : sobre o escripto do seculo XIV [that is XVI] impresso com o titulo de Noticia do Brasil no tomo 3o.,9 11 14 15 16 25 27 29 31 34 44 57,13,7,12,0.174,20.3
588,delarochefaucaul02laro,425,False,1799,ger,"De la Rochefaucauld Liancourt Reisen in den Jahren 1795, 1796 und 1797 durch alle an der See belegenen Staaten der Norda",11 46 49 55 79 98 113 115 121 122 124 145 159 162 176 183 185 197 202 209 228 229 248 256,9,6,24,0.084,20.2
589,compendiodelarte00caro_2,392,False,1759,spa,Compendio del arte de la lengua mexicana,14 19 21 65 78 84 112 114 129 136,7,7,10,0.071,20.2
590,epitomehistorial00angu,598,False,1706,spa,"Epitome historial, y conquista espiritual del imperio Abyssino, en Etiopia la alta, o sobre Egypto, a cuyo emperador sve",88 111,5,5,2,0.012,20.1
591,viagedeamericaro00cast_0,435,False,1689,"spa,lat","Viage de America a Roma,",19 37,6,6,2,0.04,20.0
592,aquisecontienevn00casa,734,False,1552,spa,"Aqui se contiene vna disputa, o controuersia: entre el obispo do[n] fray Bartholome de las Casas, o Casaus, obispo q[ue]",32,5,5,1,0.012,20.0
593,voyagelapartieor02pons,644,False,1806,fre,"Voyage à la partie orientale de la Terre-Ferme, dans l'Amérique Méridionale, fait pendant les années 1801, 1802, 1803 et",130 200 215,5,5,3,0.013,19.9
594,cestladeductiond00unkn,395,False,1551,fre,"Cest la deduction du sumptueux ordre, plaisantz spectacles et magnifiques theatres dresses, et exhibes par les citoiens ",14 30 44 51 75 78,7,7,6,0.073,19.9
595,triumphsofreform00math,556,False,1691,eng,"The triumphs of the reformed religion, in America. : The life of the renowned John Eliot; a person justly famous in the ",23 41 59,6,6,3,0.041,19.8
596,vierteschiffartw00schm_0,652,False,1602,ger,"Vierte Schiffart. Warhafftige Historien. Einer wunderbaren Schiffart, welche Ulrich Schmidel von Straubing, von Anno 153",4,5,5,1,0.013,19.8
597,histoireetvoyage00copp,261,False,1645,fre,"Histoire et voyage des Indes Occidentales, et de plusieurs autres regions maritimes, & esloignées/ : Diuisé en deux liur",5 7 10 11 16 17 20 24 35 74 76 79 83 84 88 95 98 100 104 106 107 109 118 124 126,12,8,25,0.192,19.8
598,relationdunvoyag00frog,658,False,1698,fre,"Relation d'un voyage fait en 1695. 1696. & 1697. aux côtes d'Afrique, détroit de Magellan, Brezil, Cayenne & isles Antil",55,5,5,1,0.013,19.7
599,voyagedanslarpub02moll,613,False,1825,fre,"Voyage dans la République de Colombia, en 1823.",15 138,5,5,2,0.013,19.7
600,seamansnarrative00spav,624,False,1796,eng,The seaman's narrative; : containing an account of a great variety of such incidents as the author met with in the sea s,48 63,5,5,2,0.013,19.7
601,abrgchronologiqu00barr_10,455,False,1766,fre,"Abrégé chronologique ou histoire des découvertes faites par les Européens dans les différentes parties du monde, : extra",28 42 52 72 78 80 89 101 102 104 125 140 142 146 151 154 165 176 180 181,10,6,20,0.102,19.7
602,relationdunvoyag00frog_0,651,False,1700,fre,"Relation d'un voyage fait en 1695. 1696. & 1697. aux côtes d'Afrique, détroit de Magellan, Brezil, Cayenne & isles Antil",16,5,5,1,0.013,19.7
603,endamuschronicon00sich,741,False,1529,lat,"En damus chronicon divinum : plane opus eruditissimorum autorum, repetitum ab ipso mundi initio, ad annum usque salutis ",36 106 142 203 409 411,5,5,6,0.014,19.6
604,geschichtederynk00vega_0,472,False,1798,ger,"Geschichte der Ynkas, Könige von Peru. : Von der Entstehung dieses Reichs bis zu der Regierung seines letzten Königes At",2 26 36 79 103 122,6,6,6,0.042,19.6
605,abrgchronologiqu00barr_5,484,False,1766,fre,"Abrégé chronologique ou histoire des découvertes faites par les Européens dans les différentes parties du monde, : extra",4 65 82 86 108 131 143 168,6,6,8,0.042,19.5
606,fortsetzungdescu00berc,742,False,1742,ger,"Fortsetzung des Curieusen Antiquarii, : das ist: Allerhand auserlesene geographische und historische Merckwürdigkeiten, ",7 68 72,5,5,3,0.014,19.5
607,iournaeloftebesc00scho_1,575,False,1648,dut,"Iournael ofte Beschrijvinghe van de wonderlijcke reyse, gedaen door Willem Cornelisz. Schouten van Hoorn, in de jaren 16",67,5,5,1,0.014,19.4
608,voyagelactedegui00laba,678,False,1803,fre,"Voyage a la côte de Guinée, ou Description des côtes d'Afrique, depuis le Cap Tagrin jusqu'au Cap de Lopez-Gonzalves. : ",72 104,5,5,2,0.015,19.4
609,levoyageurphilos02vill_0,691,False,1761,fre,Le voyageur philosophe dans un pais inconnu aux habitans de la terre.,19 79,5,5,2,0.014,19.4
610,essayonnaturalhi00banc_0,533,False,1769,eng,"An essay on the natural history of Guiana, in South America : Containing a description of many curious productions in th",12 22 33 51 56 105,6,6,6,0.043,19.3
611,paesinouamentere00unse_0,717,False,1507,ita,Paesi nouamente retrouati. et Nouo Mondo da Alberico Vesputio Florentino intitulato,2 130,5,5,2,0.015,19.3
612,historiadellindi00thev,380,False,1561,ita,"Historia dell'India America detta altramente Francia Antartica,",0 5 9 14 15 31 32 51 56 57 63 68 86 91 95 102 118 119 121 126 133 144 151 156 172 178 182 183,11,7,28,0.15,19.3
613,moeursdessauvage00lafi_3,507,False,1724,fre,Moeurs des sauvages ameriquain. Comparées aux moeurs des premiers temps.,0 6 89 100 107 128 144 155,6,6,8,0.043,19.3
614,verahistoriaadmi00schm,643,False,1599,lat,"Vera historia, admirandae cuiusdam nauigationis, quam Huldericus Schmidel, Straubingensis, ab anno 1534. usque ad annum ",62,5,5,1,0.015,19.3
615,historicalaccoun00smit_1,567,False,1765,eng,"An historical account of the expedition against the Ohio Indians, in the year 1764. : Under the command of Henry Bouquet",63,5,5,1,0.015,19.2
616,researchesconcer01humb,590,False,1814,eng,"Researches, concerning the institutions & monuments of the ancient inhabitants of America, : with descriptions and views",168 191 193,5,5,3,0.015,19.2
617,ellazarillodecie02conc,297,False,1775,spa,"El Lazarillo de ciegos caminantes desde Buenos-Ayres, hasta Lima : con sus itinerarios segun las mas puntual observacion",0 5 10 18 19 32 39 42 44 45 52 53 55 61 63 64 77 91 103 104 117 122 124 127 129 131 149 163 164 168 185 190 191 198 204 205 215 216,12,7,38,0.17,19.1
618,relationhistoriq00paga,354,False,1655,fre,"Relation historique et geographique, de la grande riuiere des Amazones dans l'Amerique",1 2 8 9 10 17 19 25 28 29 34 36 37 38 41 61 62,17,7,17,0.262,19.1
619,tableaudelagrand04baer,633,False,1799,fre,"Tableau de la Grande-Bretagne, de l'Irlande, et des possessions angloises dans les quatre parties du monde",52 88 111 161,5,5,4,0.015,19.1
620,churchhistoryofg00leme,465,False,1732,eng,"The church history of Geneva, in five books. : As also a political and geographical account of that republick.",18 20 35 73 92,6,6,5,0.045,19.0
621,viaggidallachina02mear,427,False,1796,ita,Viaggi dalla China alla costa nord-ovest d'America fatti negli anni 1788 e 1789,19 21 30 56,6,6,4,0.045,18.9
622,iournaeloftebesc00scho_2,690,False,1649,dut,"Iournael ofte beschryving vande wonderlijcke voyagie, : ghedaen door VVillem Cornelisz Schouten, van Hoorn, in den Iaere",6,5,5,1,0.016,18.8
623,nouveauvoyageaux04laba_1,508,False,1722,fre,"Nouveau voyage aux isles de l'Amerique, : contenant l'histoire naturelle de ces pays, l'origine, les mœurs, la religion ",2 8 45 47 95 106 129 152 168 177 245 249 251,6,6,13,0.046,18.8
624,demultiplicihret00lava,614,False,1560,lat,"De multiplici hæreticorum tentatione,",27 34 35 52,9,5,4,0.07,18.7
625,voyagesdelachine00mear_1,617,False,1794,fre,"Voyages de la Chine à la côte nord-ouest d'Amérique, faits dans les années 1788 et 1789; : précédés de la relation d'un ",56 146 171,5,5,3,0.017,18.7
626,relatioquamphili00bena,376,False,1634,lat,"Relatio quam Philippo IV. catholico Hispaniarum, &c. regi, per modum memorialis, sive libelli supplicis exhibuit Reveren",10 19 28,7,7,3,0.081,18.7
627,characterofprovi00also_0,327,False,1666,eng,"A character of the province of Mary-land, : wherein is described in four distinct parts, (viz.) I. The scituation, and p",1 3 11 19 26 31 32,11,7,7,0.156,18.7
628,histoireduperupa00cala,432,False,1670,spa,Historia de la conquista de la China por el Tartaro.,18 44 89 103 110 131 139 141 143 145 150 151 155,8,6,13,0.079,18.6
629,relationdecequis00leje_4,153,False,1638,fre,Relation de ce qui s'est passé en la Nouuelle France en l'année 1638. Enuoyée au r. pere prouincial de la Compagnie de I,5 8 11 12 16 18 20 24 32 35 47 65 66 68 73 74 79 84 86 88,11,9,20,0.217,18.5
630,histoirenaturell00gumi,626,False,1758,fre,"Histoire naturelle, civile et geographique de l'Orenoque. : Et des principales riviéres qui s'y jettent. Dans laquelle o",30 36 101,5,5,3,0.018,18.4
631,itinerarioycompe00gonz,299,False,1586,spa,"Itinerario y compendio de las cosas notables que ay desde España, hasta el reyno dela China, y dela china à España, bolu",1 2 4 7 8 9 14 20 23 24 27 28 31 32 37 44 46 54 56 58 61 64 65 72 78 82 85 86 88 89 90,20,7,31,0.33,18.4
632,veillesamricaine01pali,480,False,1795,fre,Veillées américaines,3 16 36 37 39 47,9,6,6,0.097,18.4
633,histoiredelouisi01lepa,666,False,1758,fre,"Histoire de Louisiane, : contenant la découverte de ce vaste pays; sa déscription géographique; un voyage dans les terre",68 136 149,5,5,3,0.018,18.4
634,auisiparticolari00jesu,205,False,1552,ita,Auisi particolari delle Indie di Portugallo riceuuti in questi doi anni del .1551. & 1552. da li reuere[n]di padri de la,2 5 6 7 8 15 16 17 27 28 29 30 32 34 35 36 37 42 44 46 48 51 52 56 58 59 60 62 63 65 68 70 74 78 81 82 83 84 85 88 91 93 96 97 98,23,8,45,0.45,18.4
635,breuissimarelaci00casa,534,False,1552,spa,Breuissima relacion de la destruycion de las Indias:,6 15 22 26 31 41 42 45 64,11,6,9,0.13,18.3
636,ioannisdelaetant00laet_2,728,False,1644,lat,"Ioannis de Laet Antwerpiani Responsio ad dissertationem secundam Hugonis Grotii, De origine gentium Americanarum. : Cum ",30,5,5,1,0.018,18.3
637,ioannisdelaetant00laet_1,699,False,1644,lat,"Ioannis de Laet Antwerpiani Responsio ad dissertationem secundam Hugonis Grotii, De origine gentium Americanarum. : Cum ",30,5,5,1,0.018,18.3
638,neuereisebeschre00dell,430,False,1700,ger,"Neue Reise-Beschreibung nach Ost-Indien, : darinnen die Insul Bourbon oder Madagascar, Suratte, die Küste von Malabar, C",3 8 33 34 42 61 63 68 76 95 100 108 118 120 130,9,6,15,0.098,18.2
639,relationofmaryla00unse,272,False,1635,eng,"A relation of Maryland; : together, vvith a map of the countrey, the conditions of plantation, His Majesties charter to ",0 19 22,7,7,3,0.086,18.1
640,voyages00thve,582,False,1684,fre,Voyages,10 30 51 163,5,5,4,0.02,18.0
641,historicalgeogra01thom,537,True,,,,4,6,6,1,0.05,18.0
642,memoriageografic00mene,171,False,1834,por,"Memoria geografica, e politica das possessões portuguezas n'Affrica occidental, que diz respeito aos reinos de Angola, B",2 3 4 6 9 11 12 13 16 18 21,22,9,11,0.5,18.0
643,regimentoleyssob00port,292,False,1724,por,"Regimento, & leys sobre as missoens do estado do Maranhaõ, & Parà, & sobre a liberdade dos Indios. Impresso por ordem de",10 11 13 16 23 25 26 33 36 37 40 53,13,7,12,0.203,18.0
644,narratiohistoric00ragu,684,False,1650,lat,"Narratio historica eorum, quæ Societas Iesu in Noua Francia fortiter egit, & passa est, annis M.DC.XLIIX. & XLIX.",24,5,5,1,0.02,17.9
645,historiadellindi00thev_0,568,False,1561,ita,"Historia dell'India America detta altramente Francia Antartica,",0 3 13 15 31 33 53 55 86 120 145 158 159 173 175 182 186,10,5,17,0.089,17.9
646,tovarcodex00tova,726,False,1582,"spa,nah",[Tovar Codex],38,5,5,1,0.02,17.8
647,deswestindianisc00firs,649,False,1757,ger,Des westindianischen kleinen Albertus eines Pensylvaniers aus Philadelphia und der schönen Europäerin Adolphäa von Tanoy,9 15 58,5,5,3,0.02,17.8
648,beschreibungderl00henn,715,False,1689,ger,"Beschreibung der Landschafft Louisiana : welche, auf befehl des Königs in Frankreich, neulich gegen sudwesten Neu-Frankr",30 49 100,5,5,3,0.021,17.7
649,georgihornideori00horn_0,664,False,1669,lat,Georgi Horni De originibus Americanis. Libri quatuor,19 59 97,5,5,3,0.021,17.6
650,essaipolitiquesu01humb_1,638,False,1826,fre,Essai politique sur l'ile de Cuba;,37 48 172 174,5,5,4,0.021,17.6
651,doctrinachristia00domi,218,False,1565,"spa,nah","Doctrina [Christ]iana breue y co[m]pendiosa por via de dialogo entre vn maestro y vn discipulo, : sacada en le[n]gua cas",7 9 25 31 36 39 42 52 55 59 85 87 90,8,8,13,0.133,17.5
652,tafereelenvanbra00fisc_0,386,False,1819,dut,Tafereelen van Brazilië,10 11 22 23 27 31 32 40 41 43 46 63 69 72 108 112 117 118 121 125 130 133 139 143 147 149,11,7,26,0.17,17.5
653,historieschverha00brai,623,False,1756,dut,"Historiesch verhaal, van het godvruchtig leven en den zaligen doodt, van den eerwaarden heer David Brainerd; : onlangs b",2 7 31 80 89 195 201 284 296,5,5,9,0.023,17.0
654,candideangloisou00bick_0,454,False,1771,fre,"Candide anglois, ou Aventures tragi-comiques d'Amb. Gwinett avant et dans ses voyages aux deux Indes. Premiere [-Seconde",1 5 11 16 18 19 50 51 57 69 72 93 96 103 106 108 113 120 129 134 150,10,6,21,0.128,16.8
655,memorialquefrayi00bena,372,False,1630,spa,"Memorial que fray Iuan de Santander de la Orden de San Francisco, comissario general de Indias, presenta a la magestad c",6 8 12 21 22 23 28 31 35 38 39,15,7,11,0.262,16.8
656,lettresdunepruvi00graf_0,635,False,1797,"ita,fre","Lettres d'une Péruvienne,",40 63 67 115 138,5,5,5,0.025,16.7
657,goodnewesfromvir00whit,620,False,1613,eng,"Good newes from Virginia. : Sent to the Counsell and Company of Virginia, resident in England. From Alexander Whitaker, ",30,5,5,1,0.025,16.7
658,tabacologiahoces00nean_1,619,False,1626,"lat,gre,dut","Tabacologia: hoc est tabaci, seu Nicotianae descriptio medico-chirurgico-pharmaceutica vel ejus praeparatio et usus in o",17 51 81,5,5,3,0.025,16.6
659,atalaoulesamours00chat_0,519,False,1801,fre,"Atala, ou, Les amours de deux sauvages dans le désert;",11 18 21 48,6,6,4,0.059,16.5
660,relationdecequis00unse_17,127,False,1659,fre,"Relation de ce qui s'est passé de plus remarquable aux missions des pp. de la Compagnie de Iesus en la Nouuelle France, ",0 5 7 10 12 14 15 17 18 21 22 23 28 29 30 34 36 37 40 42 44 46 48,18,9,23,0.451,16.2
661,kanortaletransla00fagn,634,False,1750,eng,"Kanor, : a tale translated from the savage",5 15 16 21,9,5,4,0.089,16.2
662,hansstadenvanhom00stad,569,False,1634,dut,"Hans Staden van Homborgs beschrijvinghe van America, wiens inwoonders, wildt, naeckt, seer godloos, ende wreede menschen",7 41,5,5,2,0.028,16.1
663,essaisurlecommer00marb_0,600,False,1777,fre,"Essai sur le commerce de Russie, : avec l'histoire de ses découvertes.",1 27 103,5,5,3,0.028,16.0
664,deindiaejsqueglo00hoel,560,False,1726,lat,"De India, : ejúsque gloriosa juventute; sermones habiti a rhetoribus viennensibus et honori illustrissimorum, perillusat",28 47 50 58,6,6,4,0.062,16.0
665,voyagesaintdomin01wimp,601,False,1797,fre,"Voyage a Saint-Domingue, pendant les années 1788, 1789 et 1790; par le baron de Wimpffen. ; Tome premier [-second]",45 73 77,5,5,3,0.029,15.9
666,neuereiseumdiewe00damp,609,False,1708,ger,"Neue Reise um die Welt worinnen umständlich beschrieben wird: : die Erd-Enge oder Isthmus von Americâ, vielerley Küsten ",26 129 164 169 225 236 254 257 267 325 339 374 410 443,5,5,14,0.029,15.8
667,diariodaviagemqu00samp,323,False,1825,por,"Diario da viagem que em visita, e correição das povoações da Capitania de S. Joze do Rio Negro fez o ouvidor, e intenden",1 2 7 10 12 18 21 29 31 46 48 49 51 62 63 70 72 80 81 86 89 93 95 97,13,7,24,0.24,15.7
668,lebenundtapffere00bosl,783,False,1681,dut,"Leben und tapffere Thaten der all-berühmtesten See-Helden, Admiralen und Land-Erfinder unserer Zeiten, : angefangen mit ",577,4,4,1,0.001,15.6
669,memoirestouchant00paul,595,False,1664,fre,"Memoires touchant l'etablissement d'une mission chrestienne dans le troisieme monde, autrement appellé, la Terre Austral",12 16 75,5,5,3,0.03,15.6
670,moeursdessauvage00lafi_0,594,False,1724,fre,Moeurs des sauvages ameriquain. Comparées aux moeurs des premiers temps.,12 14 128 143 156 176,5,5,6,0.03,15.6
671,fullimpartialacc00lawj,597,False,1720,"eng,fre","A full and impartial account of the Company of Mississipi [sic], : otherwise call'd the French East-India-Company, proje",19,5,5,1,0.031,15.4
672,historiagenerald06prvo,764,False,1763,SPA,"Historia general de los viages, ó nueva coleccion de todas las relaciones de los que se has hecho por mar, y tierra, y s",412,4,4,1,0.002,15.4
673,historiagenerald02prvo,797,False,1763,SPA,"Historia general de los viages, ó nueva coleccion de todas las relaciones de los que se has hecho por mar, y tierra, y s",251,4,4,1,0.002,15.4
674,historianaturaly00acos_0,791,False,1792,spa,"Historia natural y moral de las Indias, : en que se tratan las cosas notables del cielo, elementos ... de ellas; y los r",296,4,4,1,0.002,15.3
675,desherrnadmirals00walt,807,False,1749,ger,"Des Herrn Admirals, Lord Ansons Reise um die Welt, welche er als Oberbefehlshaber über ein Geschwader von Sr. Grossbrita",443,4,4,1,0.002,15.3
676,historiagenerald25prvo,793,False,1763,SPA,"Historia general de los viages, ó nueva coleccion de todas las relaciones de los que se has hecho por mar, y tierra, y s",395,4,4,1,0.002,15.3
677,theophilispizeli00spit_0,711,False,1661,lat,Theophili Spizelii elevatio relationis Montezinianae de repertis in America tribubus Israeliticis; : et discussio argume,36 47,5,5,2,0.032,15.3
678,historiagenerald14prvo,776,False,1763,SPA,"Historia general de los viages, ó nueva coleccion de todas las relaciones de los que se has hecho por mar, y tierra, y s",362,4,4,1,0.002,15.3
679,travelsofjesuits02jesu,805,False,1743,eng,"Travels of the Jesuits, into various parts of the world: compiled from their letters. : Now first attempted in English. ",237,4,4,1,0.002,15.3
680,salutariusluxeva00fabr,775,False,1731,ger,"Salutarius lux evangelii toti orbi per divinam gratiam exoriens, : sive notitia historico chronologica literaria et geog",312 462,4,4,2,0.002,15.3
681,nuouiauisidellin00jesu,348,False,1568,ita,"Nuoui auisi dell'Indie di Portogallo, riceuuti dalli reuerendi padri della Compagnia di Giesu,",6 8 16 18 19 22 42 49 51,9,7,9,0.158,15.2
682,newvoyageroundwo01damp,782,False,1699,eng,"A new voyage round the world. : Describing particularly, the isthmus of America, several coasts and islands in the West ",192,4,4,1,0.003,15.2
683,reizerondsomdewe00walt,765,False,1749,"dut,fre","Reize rondsom de werreld, gedaan in de jaaren 1740 tot 1744, door den heere George Anson, : opperbevelhebber over een es",392,4,4,1,0.003,15.2
684,lesfruictsdelami00clau,550,False,1614,fre,"Les fruicts de la mission des reuerends peres capucins en l'isle de Maragnan. : Comment la croix fut plantée, & la terre",0 5 18 19,11,6,4,0.167,15.2
685,verbesserterneer00sorg,438,False,1726,ger,"Verbesserter, neüer und vollkommener Staats-Calender genandt der Hinckende Bott. : Darinnen die zwölf Monat, Natur und E",1 6 11 13 44 71,6,6,6,0.069,15.1
686,recueildediversv00unse,778,False,1674,fre,"Recueil de divers voyages faits en Afrique et en l'Amerique, qui n'on t point esté encore publiez; : contenant l'origin",163,4,4,1,0.003,15.1
687,gulliverrevivedo00unkn,665,False,1792,eng,"Gulliver revived:, or The vice of lying properly exposed. : Containing singular travels, campaigns, voyages and adventur",2 7,5,5,2,0.033,15.1
688,doctrinalisfidei02medi,810,False,1575,cai,"Doctrinalis fidei in Michuacane[n]sium Indorum linguam : [a]editus ab admodum Reuerendo Patre Fratre Joanne Metinensi, B",17,4,4,1,0.003,15.0
689,noticiasamerican00ullo_1,806,False,1792,spa,"Noticias americanas: : Entretenimientos físico-históricos sobre la América Meridional, y la Septentrional oriental: Comp",101,4,4,1,0.004,14.9
690,friendlyadviceto00tryo,188,False,1684,eng,Friendly advice to the gentlemen-planters of the East and West Indies. : In three parts. I. A brief treatise of the most,7 9 15 18 22 24 29 30 42 47 49 51 53 54 60 69,10,8,16,0.219,14.9
691,diuersvoyagestou00hakl,737,False,1582,eng,"Diuers voyages touching the discouerie of America, : and the ilands adiacent vnto the same, made first of all by our Eng",12 52,5,5,2,0.034,14.9
692,tableaudelagrand02baer,803,False,1799,fre,"Tableau de la Grande-Bretagne, de l'Irlande, et des possessions angloises dans les quatre parties du monde",99,4,4,1,0.004,14.9
693,relationofmaryla00unse_0,277,False,1635,eng,"A relation of Maryland; : together, vvith a map of the countrey, the conditions of plantation, His Majesties charter to ",9 15 19 22,7,7,4,0.114,14.9
694,jpbrissotswarvil00bris,766,False,1792,ger,"J.P. Brissot's (Warville,) französischen Bürgers, Neue Reise durch die Nordamerikanischen Freistaaten im Jahr 1788.",216,4,4,1,0.004,14.8
695,tableaudelagrand03baer,763,False,1799,fre,"Tableau de la Grande-Bretagne, de l'Irlande, et des possessions angloises dans les quatre parties du monde",110,4,4,1,0.004,14.8
696,prouisionescedul00news,789,False,1563,n-mx---,"Prouisio[n]es cedulas instruciones de su Magestad: : ordena[n]ças d[e] difu[n]tos y audie[n]cia, p[ar]a la buena expedic",185 429,4,4,2,0.005,14.7
697,discoursetcongra00clau,160,False,1613,fre,Discours et congratulation a la France. Sur l'arriuée des peres capucins en l'Inde nouuelle de l'Americque meridionale e,1 3 4 5 7 8 10,18,9,7,0.5,14.7
698,geographicalnatu21moli,748,False,1808,eng,"The geographical, natural and civil history of Chili.",179,4,4,1,0.004,14.7
699,voyagedanslespar00bart_1,784,False,1798,fre,"Voyage dans les parties sud de l'Amérique septentrionale; : savoir: les Carolines septentrionale et méridionale, la Geor",139,4,4,1,0.005,14.6
700,diariumveldescri00scho,637,False,1619,lat,"Diarium vel descriptio laboriosissimi, & molestissimi itineris,",5 34,5,5,2,0.036,14.6
701,doctrinachristia00juan,580,False,1571,n-mx---,"Doctrina christiana en la lengua guasteca co[n] la lengua castellana, : la guasteca correspondiente acada palabra: de gu",1 2 19 29,10,5,4,0.121,14.6
702,etatpolitiqueact01gene,812,False,1757,fre,"Etat politique actuel de l'Angleterre, ou Lettres sur les écrits publics de la nation angloise relativement aux circonst",156,4,4,1,0.005,14.6
703,relationdecequis00lall,184,False,1649,fre,"Relation de ce qui s'est passé de plus remarquable és missions des peres de la Compagnie de Iesus, en la Nouuelle France",3 6 12 17 22 26 29 30 33 34 35 37 39 42 43 46 47 49 51 54 55 60 61 64 66 69,15,8,26,0.361,14.6
704,brieverelationde00guel,628,False,1640,fre,Brieve relation de l'estat de Phernambucq. ...,3,5,5,1,0.036,14.6
705,relationdecequis00ragu_0,324,False,1649,fre,"Relation de ce qui s'est passé dans le pays des Hurons, pays de la Nouuelle France, és années 1647. & 1648",1 2 5 7 8 10 11 22 30 32 36 44 50,11,7,13,0.217,14.4
706,descommodorejoha00byro,639,False,1769,ger,"Des Commodore Johann Byron Erzählung der grossen Unglücksfälle die er nebst seiner Gesellschaft von dem Jahre 1740. an, ",23 50 86 88,5,5,4,0.037,14.4
707,voyagedanslestat07laro,780,False,1799,fre,"Voyage dans les États-Unis d'Amérique, : fait en 1795, 1796 et 1797.",4,4,4,1,0.006,14.4
708,relationhistoriq00paga_0,422,False,1656,fre,"Relation historique et geographique, de la grande riuiere des Amazones dans l'Amerique",2 8 13 16 17 19 20 24 28 34 35 36 38 41 53 54 61,15,6,17,0.262,14.4
709,kortebeknopteenn00unse,800,False,1687,dut,"Korte, beknopte, en nette beschryving, van de koningrijken Hungarien, Dalmatien, en Morea. : Mitsgaders de vorstendommen",160,4,4,1,0.005,14.4
710,gloriousprogress00unse,693,False,1649,eng,"The glorious progress of the gospel, amongst the Indians in New England. : Manifested by three letters, under the hand o",2,5,5,1,0.037,14.4
711,descriptiongeogr00deny,650,False,1672,fre,Description geographique et historique des costes de l'Amerique Septentrionale. : Avec l'histoire naturelle du païs.,14 27 32 55 134 153 155 164,5,5,8,0.037,14.4
712,voyageaucanadada00weld_0,781,False,1802,fre,"Voyage au Canada, : dans les années 1795, 1796 et 1797;",130,4,4,1,0.006,14.3
713,voyagedesamuelhe00hear,774,False,1799,fre,"Voyage de Samuel Hearne, du Fort du Prince de Galles dans la baie de Hudson, à l'océan nord, : entrepris par ordre de la",87,4,4,1,0.006,14.3
714,naturgeschichtev00banc,792,False,1769,ger,Naturgeschichte von Guiana in Süd-Amerika. : Worinn von der natürlichen Beschaffenheit und den vornehmsten Naturproducte,122,4,4,1,0.006,14.3
715,nouveauvoyageaux08laba,706,False,1742,fre,"Nouveau voyage aux isles de l'Amerique, : contenant l'histoire naturelle de ces pays, l'origine, les moeurs, la religion",5 36 38 99 144 166 178 202,5,5,8,0.037,14.3
716,incasordestructi01marm,787,False,1777,eng,"The Incas: or, The destruction of the empire of Peru.",92,4,4,1,0.007,14.2
717,perfectdescripti00unse,557,False,1649,eng,"A perfect description of Virginia: : being full and true relation of the present state of the plantation, their health, ",12,6,6,1,0.077,14.2
718,aranzeldelosjorn00peru,521,False,1687,spa,"Aranzel de los jornales, que se han de pagar a los indios : assi voluntarios, mingados, alquilas, y agregados à las hazi",2,6,6,1,0.077,14.2
719,beschryvingevanh00okot,753,False,1660,dut,"Beschryvinge van het heerlijcke ende gezegende landt Guajana, waer inne gelegen is de seer voorname lant-streke genaemt ",19,4,4,1,0.007,14.1
720,vitavenerabilisp00rodr,790,False,1789,lat,Vita venerabilis patris Emmanuelis Correae e Societate Jesu in Brasilia missionarii : una cum adjectis animadversionibus,66,4,4,1,0.007,14.1
721,florusanglicusor00bosl,772,False,1658,eng,"Florus Anglicus or An exact history of England, from the reign of William the Conquerour to the death of Charles the I.",18,4,4,1,0.007,14.0
722,desherrnjuandepo00smee,755,False,1748,ger,"Des Herrn Juan de Posos Beschreibung des mächtigen Königreichs Krinke Kesmes, welche eine grosse Insul, nebst vielen dar",17,4,4,1,0.007,14.0
723,deextremodeiiudi00lumn,794,False,1569,lat,"De extremo dei iudicio, et Indorum vocatione libri II.",46,4,4,1,0.007,13.9
724,ladefaitedessauv00lesc,237,False,1608,fre,"La defaite des sauvages Armouchiquois par le Sagamos Membertou & ses alliez sauvages, en la Nouvelle France, au mois de ",7 10,8,8,2,0.182,13.8
725,descriptiondelal00henn_2,579,False,1683,fre,"Description de la Louisiane, : nouvellement decouverte au sud' oüest de la Nouvelle France, par ordre du roy. Avec la ca",8 26 54 100 105,5,5,5,0.041,13.7
726,infantedpedroliv00sant,212,False,1644,por,"Infante D. Pedro. Livro do infante D. Pedro de Portugal, : o qual andou as sete partidas do mundo.",0 1 6 7 10 12 13,15,8,7,0.389,13.7
727,confessionariobr00moli,365,False,1565,"spa,nah","Confessionario breue, en lengua mexicana y castellana:",7 10 18,7,7,3,0.13,13.6
728,historyoflouisia02lepa,779,False,1763,eng,"The history of Louisiana, or of the western parts of Virginia and Carolina: : containing a description of the countries ",34,4,4,1,0.009,13.6
729,ottokeyenskurtze00okot,759,False,1672,ger,"Otto Keyens kurtzer Entwurff von Neu-Niederland und Guajana einander entgegen gesetzt, umb den Unterscheid zwischen warm",105,4,4,1,0.009,13.6
730,messisparaquarie00schi,724,False,1649,lat,"Messis Paraquariensis a patribus Societatis Jesu per sexennium in Paraquaria collecta, annis videlicet M.DC.XXXVIII. XXX",35 74 81 88 101,5,5,5,0.042,13.6
731,leslouangesdelaf00unkn,309,False,1566,fre,"Les loua[n]ges de la folie, : traicté fort plaisant en forme de paradoxe,",0 2 6 17 21 23 24 28 33 35 38 39,13,7,12,0.286,13.6
732,tratadocomprobat00casa,801,False,1553,spa,Tratado co[m]probatorio del Imperio soberano y principado vniuersal que los Reyes de Castilla y Leon tienen sobre las In,79,4,4,1,0.009,13.5
733,lettersfromislan00kind_0,796,False,1777,eng,"Letters from the island of Teneriffe, Brazil, the Cape of Good Hope, and the East Indies.",40,4,4,1,0.01,13.4
734,vierloblichersta00unkn,760,False,1677,ger,"Vier loblicher Statt Zürich verbürgerter, Reissbeschreibüngen: : geschehen in 1. Das Gelobte-Land. 2. Die Insul Jamaica.",27,4,4,1,0.01,13.3
735,eencorteendewara00blef,177,False,1608,dut,"Een corte ende warachtige beschrijvinge der twee eylanden, Ijslandt ende Groen-lant.",1 2 4 5 7 8 10 11 12 15 17 18 19 20,21,8,14,0.583,13.3
736,nouvellerelation01laba,585,False,1728,fre,Nouvelle relation de l'Afrique occidentale: : contenant une description exacte du Senegal & des païs situés entre le C,31 69 72 78 97 112 151,5,5,7,0.045,13.2
737,lesdeuxamisconte00sain,674,False,1770,fre,"Les deux amis, : conte iroquois",4 8 9,9,5,3,0.12,13.2
738,opusculumgeograp00myri_0,798,False,1590,lat,"Opusculum geographicum rarum, : totius eius negotii rationem, mira industria et breuitate complectens, iam recens ex diu",17,4,4,1,0.01,13.2
739,nouveauvoyageaut00pag,752,False,1797,fre,"Nouveau voyage autour du monde, en Asie, en Amérique et en Afrique, en 1788, 1789 et 1790; : précédé d'un voyage en Ital",171 179,4,4,2,0.011,13.2
740,truediscourseofp00hamo_0,415,False,1615,eng,"A true discourse of the present estate of Virginia, and the successe of the affaires there till the 18 of Iune 1614. : T",15 17 29 41,6,6,4,0.087,13.1
741,godspowerprovide00pell,645,False,1631,eng,"Gods power and providence: shewed in the miraculous preservation and deliverance of eight Englishmen, left by mischance ",20,5,5,1,0.045,13.1
742,summaryaccountof00fowl,659,False,1774,eng,"A summary account of the present flourishing state of the respectable colony of Tobago, in the British West Indies. : Il",13,5,5,1,0.045,13.1
743,dekleynewonderli00joos,808,False,1649,dut,"De kleyne wonderlijcke werelt, : bestaende in dese keyserrijken, coningrijken en landen, als Turckyen, Hungaryen, Poolen",5,4,4,1,0.012,13.0
744,epitomehistorial00angu_0,771,False,1706,spa,"Epitome historial, y conquista espiritual del imperio Abyssino, en Etiopia la alta, o sobre Egypto, a cuyo emperador sve",95 114,4,4,2,0.012,13.0
745,truerelationofla00vinc_1,214,False,1638,eng,"A true relation of the late battell fought in New England, between the English, and the Pequet salvages: : in which was ",2 9,8,8,2,0.2,12.8
746,araporuaguyeyhab01insa,762,False,1759,"grn,spa,lat","Ara poru aguîyey haba: : conico, quatia poromboe ha marangatu.",58 113,4,4,2,0.013,12.8
747,viaggiedavventur02chet,786,False,1734,ita,"Viaggi ed avventure del capitan Roberto Boyle; : con la relazione del viaggio, naufragio, e maraviglioso salvamento del ",15 120,4,4,2,0.013,12.6
748,vidaadmirableymu00flor,675,False,1689,spa,"Vida admirable, y muerte dichosa del religioso P. Geronimo de Figueroa. : Professo de la Compañia de Jesus en la Provinc",6 46 59,5,5,3,0.049,12.6
749,hansstadenvanhom00stad_0,757,False,1627,dut,"Hans Staden van Homborgs beschrijvinghe van America, wiens inwoonders, wilt, naeckt, seer godtloos ende wreede menschen-",42,4,4,1,0.014,12.5
750,historiadaprouin00gand,382,False,1576,por,Historia da prouincia sa[n]cta Cruz a qui vulgarme[n]te chamamos Brasil: feita por Pero de Magalhães de Gandauo.,0 1 6 9 11 13 20 21 26 28 31 32 44 47,11,7,14,0.264,12.3
751,iournaloftebesch00scho,788,False,1618,dut,"Iournal ofte beschryvinghe van de wonderlicke reyse, : ghedaen door Willem Cornelisz Schouten van Hoorn, inde jaren 1615",10,4,4,1,0.015,12.2
752,importanceofgain00kenn,722,False,1752,eng,The importance of gaining and preserving the friendship of the Indians to the British interest considered,14,5,5,1,0.053,12.2
753,trapuereinedesto00desb,520,False,1771,fre,"Trapue, reine des Topinamboux, ou La maitresse femme. : Conte, pour servir de suite aux contes du même auteur",6 14 17 19 36 56 64,6,6,7,0.099,12.1
754,truerelationofla00vinc_0,332,False,1637,eng,"A true relation of the late battell fought in New England, between the English, and the salvages. : VVith the present st",3 10,7,7,2,0.154,12.0
755,gulliverrevivedc00unkn,379,False,1798,eng,"Gulliver revived; : containing singular travels, campaigns, voyages and adventures in Russia, Iceland, Turkey, Egypt, Gi",7 13 17 23 32 36,7,7,6,0.154,12.0
756,aanmerkelykverha00brai,636,False,1756,dut,Aanmerkelyk verhaal van de opkomst en voortgang van een zonderling werk van Gods genade onder een groote meenigte Indian,10 42 48 70,5,5,4,0.054,12.0
757,wunderbarlichevn00gobe,611,False,1622,ger,Wunderbarliche vnd seltzame Raiss dess jungen vnd edlen Herrn Petri de Victoria auss Hispanien in das Königreich Peru.,3 15,5,5,2,0.056,11.8
758,lelevedelanature01beau,355,False,1793,fre,L'eleve de la nature,14 18 24 30 39 42 50 52 54,7,7,9,0.158,11.8
759,johannpaulaugspu00augs,492,False,1644,ger,Johann Paul Augspurgers kurtze und warhaffte Beschreibung der See-Reisen von Amsterdam in Holland nacher Brasilien in Am,2 17,6,6,2,0.105,11.6
760,relaciondelavida00mayo,648,False,1758,spa,"Relacion de la vida, y virtudes del P. Antonio Herdoñana de la Compañia de Jesus, zeloso missionero por espacio de veint",0 15 24,5,5,3,0.058,11.6
761,nuouiauisidellin00jesu_0,429,False,1559,ita,"Nuoui auisi dell'Indie di Portogallo, riceuuti dalli reuerendi padri della Compagnia di Giesu,",0 2 5 17 19 50,6,6,6,0.107,11.5
762,virginiaimpartia00bull_0,758,False,1649,eng,"Virginia impartially examined, and left to publick view, to be considered by all iudicious and honest men. : Under which",29,4,4,1,0.02,11.5
763,virginiaimpartia00bull,572,False,1649,eng,"Virginia impartially examined, and left to publick view, to be considered by all iudicious and honest men. : Under which",5 8 27,5,5,3,0.06,11.4
764,continenteameric00rive,747,False,,spa,"Continente americano, argonauta de las costas de Nueva-España, y Tierra-Firme, : islas, y baxos de esta navegacion, lon",6 7 12,8,4,3,0.091,11.4
765,aanmerkingenwege00ache,730,False,1778,dut,"Aanmerkingen wegens Noord-America, en de Engelsche volkplantingen aldaar:",8 23 36,5,5,3,0.06,11.4
766,certaineerrorsin00wrig,662,False,1599,eng,"Certaine errors in nauigation, : arising either of the ordinarie erroneous making or vsing of the sea chart, compasse, c",18 38 48 70 77 79 89,5,5,7,0.061,11.3
767,versucheinernatu00moli,744,False,1786,ger,Versuch einer Naturgeschichte von Chili.,71 80 91 181,4,4,4,0.021,11.3
768,novifretiparteme00scho,714,False,1619,lat,"Novi freti, a parte meridionali freti Magellanici, in Magnum Mare Australe detectio. : Facta laboriosissimo & periculosi",12 19 28 58,5,5,4,0.062,11.1
769,advertissementce00unkn,450,False,1588,frm,"Advertissement certain contenant les pertes aduenues en l'armee d'Espagne, vers le noest, de la coste d'Irlande, en leur",2 3 4 11 12,14,6,5,0.333,11.0
770,defenceofscotsse00unse_2,795,False,1699,eng,A defence of the Scots settlement at Darien. : With an answer to the Spanish memorial against it. And arguments to prove,2,4,4,1,0.023,11.0
771,relatiowelchephi00bena,581,False,1634,ger,"Relatio. Welche Philippo. IV. König in Hispanien, & c. R.P.F. Ioannes de Santander ... durch R.P.F. Alphonsum de Benavid",3 16 33,5,5,3,0.065,10.8
772,historyofcaledon00unse,695,False,1699,eng,"The history of Caledonia: or, The Scots Colony in Darien in the West Indies. : With an account of the manners of the inh",8,5,5,1,0.067,10.7
773,lifedeathofrever00math,751,False,1694,eng,"The life and death of the reverend Mr. John Eliot, who was the first preacher of the Gospel to the Indians in America. :",30 54,4,4,2,0.026,10.6
774,newenglandsplant00higg_0,618,False,1630,eng,New-Englands plantation. Or A short and true description of the commodities and discommodities of that countrey.,7,5,5,1,0.071,10.3
775,cartaqueelillust00josa,735,False,1788,"spa,sai","Carta que el illustrisimo señor D. Fr. Joseph Antonio de San Alberto, arzobispo de la Plata, escribiò à los indios infie",13,5,5,1,0.071,10.3
776,treatyheldattown00unse,785,False,1744,eng,"A treaty, held at the town of Lancaster, in Pennsylvania, by the honourable the lieutenant-governor of the province, and",16,4,4,1,0.028,10.3
777,advertisementsfo00smit_1,754,False,1631,eng,"Advertisements for the unexperienced planters of New-England, or any where. Or, The path-way to experience to erect a pl",2,4,4,1,0.028,10.3
778,admirandanarrati00harr_3,799,False,1590,lat,"Admiranda narratio fida tamen, de commodis et incolarum ritibus Virginiae, nuper admodum ab Anglis, qui à Dn. Richardo G",29,4,4,1,0.029,10.2
779,directorioquesed00port,756,False,1758,por,"Directorio, que se deve observar nas povoaçoens dos indios do Pará, e Maranhaõ em quanto Sua Magestade naõ mandar o cont",13,4,4,1,0.029,10.2
780,travelsinamerica02ashe,750,False,1808,eng,"Travels in America, performed in 1806, : for the purpose of exploring the rivers Alleghany, Monogahela, Ohio, and Missis",15 19 23,4,4,3,0.029,10.1
781,relaamdoqueaco00fons,87,False,1753,por,"Relaçam do que aconteceo aos demarcadores portuguezes, e castelhanos, no certam das terras da collonia; : opoziçam que o",1 2,14,10,2,0.667,9.8
782,oostindischevoya00comm,749,False,1648,dut,"Oost-Indische voyagien door dien begin en voortgangh, van de Vereenighde Nederlandtsche Geoctroyeerde Oost-Indische Comp",29,4,4,1,0.032,9.7
783,memoirestouchant00paul_0,777,False,1663,fre,"Memoires touchant l'etablissement d'vne mission chrestienne dans le troisieme monde, autrement appellé, la Terre Austral",22 29 38,4,4,3,0.033,9.6
784,descriptiondelaf00laba,809,False,1666,fre,"Description de la France equinoctiale, cy-deuant appellee Guyanne, et par les Espagnols, El Dorado.",10,4,4,1,0.036,9.3
785,aquisecontienent00casa,719,False,1552,spa,Aqui se co[n]tiene[n] treynta proposiciones muy juridicas: : en las quales sumaria y succintamente se toca[n] muchas cos,9,5,5,1,0.091,8.9
786,esteesvntratadoq00casa,773,False,1552,spa,"Este es vn tratado q[ue] el obispo dela ciudad real de Chiapa do[n] fray Bartholome de las Casas, o Casaus compuso, : po",5 13,4,4,2,0.042,8.7
787,descriptionofnew00smit_0,769,False,1616,eng,"A description of New England: or The observations, and discoueries, of Captain Iohn Smith (Admirall of that country) in ",1 5,4,4,2,0.045,8.4
788,briefrecueildesp00pezi,732,False,1613,fre,"Brief recueil des particularitez contenues aux lettres enuoyeés, par Monsieur de Pezieu, a messieurs ses parents & amis ",7,5,5,1,0.1,8.3
789,puntualveridicat00barr,583,False,1747,spa,"Puntual, veridica, topographica descripcion, del famoso puerto, y ciudad de San Christoval de la Habana, en la isla de C",4 5,10,5,2,0.25,8.3
790,coppiedelalettre00jame,234,False,1620,fre,Coppie de la lettre,1,8,8,1,0.333,8.3
791,larriueedesperes00clau,471,False,1613,fre,"L'arriuee des peres capucins, & la conuersion des sauuages à nostre saincte foy.",3,6,6,1,0.167,8.3
792,theophilispizeli00spit,802,False,1661,lat,Theophili Spizelii elevatio relationis Montezinianae de repertis in America tribubus Israeliticis; : et discussio argume,5 17 36,4,4,3,0.048,8.2
793,relationdelestab00bout,804,False,1640,fre,"Relation de l'establissement des Francois depuis l'an 1635. En l'isle de la Martinique, l'vne des Antilles de l'Amerique",5 36,4,4,2,0.049,8.1
794,goodnewsfromnewe00unse,761,False,1648,eng,Good news from New-England: : with an exact relation of the first planting that country: a description of the profits ac,13,4,4,1,0.05,8.0
795,levoyagedelillus00unkn,705,False,1613,fre,"Le voyage de l'illustre seigneur et cheualier François Drach admiral d'Angleterre, alentour du monde",10 15 22,5,5,3,0.111,7.8
796,nuouiauisidellei00jesu,404,False,1553,ita,Nuoui auisi delle Indie di Portugallo riceuuti questo anno del .1553. : doue si tratta della co[n]uersione di molte pers,0 6 7 10 15 16,10,6,6,0.333,7.8
797,geschichtenicola00unkn,423,False,1756,ger,"Geschichte Nicolai des Ersten, Königs von Paraguai, und Kaysers der Mameluken",7 10 13 18 21,6,6,5,0.2,7.2
798,viagedeamericaro00cast,606,False,1745,"spa,lat","Viage de America a Roma,",2 7 28 38 42 44 52,5,5,7,0.13,7.0
799,cartaqueescriui00garc,305,False,1671,spa,Carta que escriuiò,1 2,14,7,2,0.667,6.8
800,voyagesfaictpart00feyn,630,False,1630,fre,Voyages faict par terre depuis Paris jusques a la Chine. Par le Sr. de Feynes ... avec son retour par mer,2 16 20 26 36 38 43,5,5,7,0.137,6.7
801,epitomechilenoid00tesi,739,False,1648,spa,"Epitome chileno, ideas contra la paz. Por el maestro de campo Santiago de Tesillo",6 14 19,5,5,3,0.136,6.7
802,cartapastoral00cath_1,768,False,1724,"spa,lat",Carta pastoral,7 16,4,4,2,0.071,6.6
803,relationderniere00lesc,608,False,1612,fre,Relation derniere dece qui s'est passé au voyage du sieur de Poutrincourt en la Nouvelle-France depuis 20. mois ença.,11 14 18,5,5,3,0.143,6.5
804,briefdescription00dent_2,811,False,1670,eng,A brief description of New-York: formerly called New-Netherlands. : With the places thereunto adjoyning. Together with t,8,4,4,1,0.077,6.3
805,relaadodesti00lisb,131,False,1753,por,"Relaçaõ do destino, que aconteceu ao navio N. Senhora do Bom Conselho, S. Anna, e Almas. : Que sahindo deste porto de Li",0 2,9,9,2,0.667,5.7
806,manifestocolqual00unse,698,False,1756,ita,"Manifesto col quale vengono esposti li fatti positivi con le loro giustificazioni, in risposta delle observationi inviat",2 7,5,5,2,0.2,5.0
807,resumendederecho00unse,720,False,,spa,"Resumen de d[e]r[ech]os tocantes a los Yndios, sobre su reduccion.",1,5,5,1,0.2,5.0
808,relaadaviagemeen00leon,708,False,1749,por,"Relaçaõ da viagem, e entrada, que fez o excellentissimo, e reverendissimo senhor D. Fr. Miguel de Bulhoens e Sousa, sagr",0,5,5,1,0.2,5.0
809,larriveedesperes00clau,505,False,1613,fre,"L'arrivee des peres Capucins en l'Inde nouuelle, appellée Maraguon, : auec la reception que leur ont faict les sauuages ",0 3,6,6,2,0.333,4.7
810,ordenancasqueels00peru,746,False,1594,spa,"Ordenancas que el señor Marques de Cañete visorey, de estos reynos del Piru mando hazer para el remedio de los excessos,",0,4,4,1,0.143,4.1
811,fielexpoziododes00unkn,770,False,1826,por,Fiel expozição : do desterro que teve em Africa o major Pimenta. Copiada de varios periodicos,5,4,4,1,0.2,3.2
812,relaamverdadei00andr,767,False,1757,por,"Relaçam verdadeira, em que se dam a ler as victorias dos Portuguezes contra os gentios, e levantados, : alcançadas por G",0,4,4,1,0.25,2.7
